id_departamento,departamento,id_municipio,municipio,id_localidad,localidad,año_servicio,mes_servicio,energía_activa_kWh,energía_reactiva_kVArh,potencia_máxima_kW,día_de_demanda_máxima_kW,fecha_de_demanda_máxima,promedio_diario_en_horas
91,AMAZONAS,91001,LETICIA,91001000,LETICIA (LETICIA - AMAZONAS),2020,1,7576.0,4650.0,776876.0,lunes,2020-01-27 14:15:00,24.0
91,AMAZONAS,91540,PUERTO NARIÑO,91540000,PUERTO NARIÑO (PUERTO NARIÑO - AMAZONAS),2020,1,103897.0,36304.0,227040.0,miércoles,2020-01-22 19:15:00,24.0
91,AMAZONAS,91798,TARAPACÁ (ANM),91798000,TARAPACÁ (TARAPACÁ (ANM) - AMAZONAS),2020,1,22864.0,9277.0,88960.0,jueves,2020-01-30 19:30:00,1019.0
5,ANTIOQUIA,5873,VIGÍA DEL FUERTE,5873001,SAN ANTONIO DE PADUA (VIGÍA DEL FUERTE - ANTIOQUIA),2020,1,5617.0,1381.0,53660.0,jueves,2020-01-23 19:45:00,413.0
5,ANTIOQUIA,5873,VIGÍA DEL FUERTE,5873002,VEGÁEZ (VIGÍA DEL FUERTE - ANTIOQUIA),2020,1,2217.0,5390.0,39070.0,miércoles,2020-01-29 19:45:00,317.0
5,ANTIOQUIA,5873,VIGÍA DEL FUERTE,5873000,VIGÍA DEL FUERTE (VIGÍA DEL FUERTE - ANTIOQUIA),2020,1,64137.0,28058.0,324190.0,jueves,2020-01-23 21:45:00,811.0
88,"ARCHIPIÉLAGO DE SAN ANDRÉS, PROVIDENCIA Y SANTA CATALINA",88564,PROVIDENCIA,88564000,PROVIDENCIA (PROVIDENCIA - ARCHIPIÉLAGO DE SAN ANDRÉS Y PROVIDENCIA),2020,1,982117.0,337077.0,167109.0,viernes,2020-01-03 19:30:00,24.0
88,"ARCHIPIÉLAGO DE SAN ANDRÉS, PROVIDENCIA Y SANTA CATALINA",88001,SAN ANDRÉS,88001000,SAN ANDRÉS (SAN ANDRÉS - ARCHIPIÉLAGO DE SAN ANDRÉS Y PROVIDENCIA),2020,1,7576.0,4650.0,2861927.0,viernes,2020-01-03 15:45:00,24.0
13,BOLÍVAR,13001,CARTAGENA DE INDIAS,13001007,ISLA FUERTE (CARTAGENA DE INDIAS - BOLÍVAR),2020,1,16797.0,8887.0,135850.0,sábado,2020-01-04 15:30:00,526.0
13,BOLÍVAR,13001,CARTAGENA DE INDIAS,13001037,ISLA MÚCURA (CARTAGENA DE INDIAS - BOLÍVAR),2020,1,10188.0,4396.0,31440.0,sábado,2020-01-04 21:45:00,146.0
13,BOLÍVAR,13001,CARTAGENA DE INDIAS,13001017,SANTA CRUZ DEL ISLOTE (CARTAGENA DE INDIAS - BOLÍVAR),2020,1,13187.0,4523.0,50180.0,sábado,2020-01-11 22:15:00,1223.0
18,CAQUETÁ,18150,CARTAGENA DEL CHAIRÁ,18150001,REMOLINO DEL CAGUÁN (CARTAGENA DEL CHAIRA - CAQUETÁ),2020,1,15966.0,7544.0,87130.0,sábado,2020-01-25 18:45:00,806.0
18,CAQUETÁ,18753,SAN VICENTE DEL CAGUÁN,18753002,GUACAMAYAS (SAN VICENTE DEL CAGUÁN - CAQUETÁ),2020,1,12554.0,6147.0,39260.0,viernes,2020-01-03 19:30:00,1826.0
85,CASANARE,85430,TRINIDAD,85430001,BOCAS DEL PAUTO (TRINIDAD - CASANARE),2020,1,131.0,733.0,107650.0,jueves,2020-01-30 19:00:00,556.0
19,CAUCA,19418,LÓPEZ DE MICAY,19418011,DOS QUEBRADAS RÍO NAYA (LÓPEZ DE MICAY - CAUCA),2020,1,209.0,5370.0,45250.0,sábado,2020-01-04 18:45:00,147.0
19,CAUCA,19418,LÓPEZ DE MICAY,19418038,ISLA DE GALLO (LÓPEZ DE MICAY - CAUCA),2020,1,2545.0,7880.0,26940.0,viernes,2020-01-10 18:45:00,354.0
19,CAUCA,19418,LÓPEZ DE MICAY,19418009,NOANAMITO (LÓPEZ DE MICAY - CAUCA),2020,1,4271.0,2127.0,320.0,viernes,2020-01-31 20:45:00,556.0
19,CAUCA,19418,LÓPEZ DE MICAY,19418012,SAN ANTONIO DE CHUARÉ (LÓPEZ DE MICAY - CAUCA),2020,1,6552.0,1861.0,60740.0,lunes,2020-01-27 19:15:00,439.0
19,CAUCA,19418,LÓPEZ DE MICAY,19418019,ZARAGOZA (LOPEZ DE MICAY - CAUCA),2020,1,5843.0,2375.0,57310.0,martes,2020-01-21 19:15:00,502.0
19,CAUCA,19809,TIMBIQUÍ,19809014,CHACÓN (TIMBIQUÍ - CAUCA),2020,1,353.0,6250.0,30060.0,miércoles,2020-01-15 18:45:00,503.0
19,CAUCA,19809,TIMBIQUÍ,19809010,COMUNIDAD DE CHETE (TIMBIQUÍ - CAUCA),2020,1,2093.0,6170.0,39230.0,domingo,2020-01-19 19:30:00,205.0
19,CAUCA,19809,TIMBIQUÍ,19809003,COTEJE (TIMBIQUÍ - CAUCA),2020,1,5137.0,3129.0,34040.0,sábado,2020-01-18 19:45:00,546.0
19,CAUCA,19809,TIMBIQUÍ,19809026,LOS BRAZOS (TIMBIQUÍ - CAUCA),2020,1,9464.0,1581.0,51770.0,miércoles,2020-01-29 19:45:00,65.0
19,CAUCA,19809,TIMBIQUÍ,19809023,PUERTO SAIJA (TIMBIQUÍ - CAUCA),2020,1,30165.0,1063.0,168080.0,domingo,2020-01-19 19:15:00,705.0
19,CAUCA,19809,TIMBIQUÍ,19809007,SAN JOSÉ (TIMBIQUÍ - CAUCA),2020,1,6346.0,346.0,45530.0,sábado,2020-01-25 20:30:00,546.0
19,CAUCA,19809,TIMBIQUÍ,19809008,SANTA MARÍA (TIMBIQUÍ - CAUCA),2020,1,12368.0,4382.0,7520.0,martes,2020-01-28 19:30:00,636.0
19,CAUCA,19809,TIMBIQUÍ,19809009,SANTA ROSA DE SAIJA (TIMBIQUÍ - CAUCA),2020,1,241.0,6710.0,24310.0,martes,2020-01-28 19:30:00,401.0
27,CHOCÓ,27006,ACANDÍ,27006000,ACANDÍ (ACANDÍ - CHOCÓ),2020,1,418615.0,191068.0,94160.0,viernes,2020-01-17 20:45:00,1923.0
27,CHOCÓ,27006,ACANDÍ,27006003,CAPURGANÁ (ACANDÍ - CHOCO),2020,1,296137.0,10767.0,833890.0,viernes,2020-01-03 18:30:00,1823.0
27,CHOCÓ,27025,ALTO BAUDÓ (PIE DE PATO),27025000,CIUDAD BAUDÓ - PIE DE PATO (ALTO BAUDÓ - CHOCÓ),2020,1,32654.0,8739.0,143180.0,martes,2020-01-21 19:15:00,1254.0
27,CHOCÓ,27075,BAHÍA SOLANO (MUTIS),27075000,CIUDAD MUTIS (BAHÍA SOLANO - CHOCÓ),2020,1,611938.0,224941.0,119196.0,viernes,2020-01-17 20:15:00,2356.0
27,CHOCÓ,27075,BAHÍA SOLANO (MUTIS),27075002,EL VALLE (BAHÍA SOLANO - CHOCÓ),2020,1,15066.0,70006.0,312050.0,viernes,2020-01-31 19:15:00,2352.0
27,CHOCÓ,27075,BAHÍA SOLANO (MUTIS),27075001,CUPICA (BAHÍA SOLANO - CHOCÓ),2020,1,57963.0,25684.0,152140.0,sábado,2020-01-04 19:15:00,2058.0
27,CHOCÓ,27077,BAJO BAUDÓ (PIZARRO),27077000,PIZARRO (BAJO BAUDÓ (PIZARRO) - CHOCÓ),2020,1,186716.0,8363.0,533810.0,viernes,2020-01-17 19:30:00,2054.0
27,CHOCÓ,27099,BOJAYÁ (BELLAVISTA),27099000,BELLAVISTA (BOJAYÁ (BELLAVISTA) - CHOCÓ),2020,1,79288.0,28402.0,242360.0,sábado,2020-01-18 19:45:00,1456.0
27,CHOCÓ,27099,BOJAYÁ (BELLAVISTA),27099002,LA LOMA DE BOJAYÁ (BOJAYÁ (BELLAVISTA) - CHOCÓ),2020,1,13519.0,5124.0,8320.0,domingo,2020-01-19 19:15:00,742.0
27,CHOCÓ,27099,BOJAYÁ (BELLAVISTA),27099008,PUERTO CONTO (BOJAYÁ (BELLAVISTA) - CHOCO),2020,1,4355.0,1136.0,4560.0,viernes,2020-01-31 20:45:00,335.0
27,CHOCÓ,27250,EL LITORAL DEL SAN JUAN,27250000,SANTA GENOVEVA DE DOCORDÓ (EL LITORAL DEL SAN JUAN - CHOCÓ),2020,1,70549.0,36589.0,186250.0,lunes,2020-01-27 19:45:00,1712.0
27,CHOCÓ,27425,MEDIO ATRATO (BETÉ),27425000,BETÉ (MEDIO ATRATO (BETÉ) - CHOCÓ),2020,1,7336.0,2747.0,840.0,viernes,2020-01-31 19:45:00,44.0
27,CHOCÓ,27495,NUQUÍ,27495001,ARUSÍ (NUQUÍ - CHOCO),2020,1,10287.0,4875.0,5120.0,lunes,2020-01-20 18:30:00,805.0
27,CHOCÓ,27495,NUQUÍ,27495912,COMUNIDAD INDÍGENA DE PANGUÍ - EL YUCAL (NUQUÍ - CHOCÓ),2020,1,5875.0,1484.0,11210.0,lunes,2020-01-20 00:00:00,1912.0
27,CHOCÓ,27495,NUQUÍ,27495000,NUQUÍ (NUQUÍ - CHOCÓ),2020,1,198811.0,62901.0,482240.0,lunes,2020-01-13 19:15:00,1934.0
27,CHOCÓ,27001,QUIBDÓ,27001029,TAGACHI (QUIBDÓ - CHOCÓ),2020,1,4956.0,11.0,70490.0,miércoles,2020-01-22 19:45:00,336.0
27,CHOCÓ,27745,SIPÍ,27745000,SIPÍ (SIPÍ - CHOCO),2020,1,10872.0,3028.0,7480.0,miércoles,2020-01-29 20:15:00,542.0
27,CHOCÓ,27800,UNGUÍA,27800001,BALBOA (UNGUÍA - CHOCÓ),2020,1,16481.0,6458.0,89870.0,sábado,2020-01-11 19:30:00,741.0
27,CHOCÓ,27800,UNGUÍA,27800005,TITUMATE (UNGUÍA - CHOCÓ),2020,1,9739.0,4014.0,69780.0,miércoles,2020-01-08 19:15:00,54.0
27,CHOCÓ,27800,UNGUÍA,27800000,UNGUÍA (UNGUÍA - CHOCÓ),2020,1,257893.0,93064.0,779240.0,sábado,2020-01-18 19:00:00,1543.0
94,GUAINÍA,94343,BARRANCOMINAS,94343000,BARRANCOMINAS (BARRANCOMINAS - GUAINÍA),2020,1,39131.0,13849.0,154140.0,miércoles,2020-01-22 19:00:00,1108.0
94,GUAINÍA,94001,INÍRIDA,94001000,INÍRIDA (INÍRIDA - GUAINÍA),2020,1,7576.0,551952.0,319352.0,martes,2020-01-28 14:30:00,24.0
95,GUAVIARE,95200,MIRAFLORES,95200000,MIRAFLORES (MIRAFLORES - GUAVIARE),2020,1,78171.0,27605.0,201080.0,miércoles,2020-01-29 19:15:00,1736.0
44,LA GUAJIRA,44847,URIBIA,44847012,NAZARETH (URIBIA - LA GUAJIRA),2020,1,1566.0,7303.0,213980.0,miércoles,2020-01-08 18:30:00,351.0
47,MAGDALENA,47189,CIÉNAGA,47189018,PALMOR (CIÉNAGA - MAGDALENA),2020,1,95888.0,36336.0,188480.0,sábado,2020-01-18 19:15:00,2336.0
50,META,50325,MAPIRIPÁN,50325000,MAPIRIPÁN (MAPIRIPÁN - META),2020,1,133744.0,56337.0,288640.0,viernes,2020-01-31 18:45:00,2337.0
52,NARIÑO,52250,EL CHARCO,52250023,BAZÁN (EL CHARCO - NARIÑO),2020,1,16316.0,7561.0,10560.0,viernes,2020-01-24 20:30:00,559.0
52,NARIÑO,52250,EL CHARCO,52250022,EL CUIL PUEBLO NUEVO (EL CHARCO - NARIÑO),2020,1,5358.0,1798.0,35280.0,sábado,2020-01-04 20:15:00,615.0
52,NARIÑO,52250,EL CHARCO,52250007,SAN JOSÉ DEL TAPAJE (EL CHARCO - NARIÑO),2020,1,13262.0,3324.0,960.0,jueves,2020-01-30 20:00:00,54.0
52,NARIÑO,52390,LA TOLA,52390013,AMÁRALES (LA TOLA - NARIÑO),2020,1,5064.0,118.0,70340.0,martes,2020-01-21 20:15:00,253.0
52,NARIÑO,52390,LA TOLA,52390003,LA VIGÍA DE LA MAR (LA TOLA - NARIÑO),2020,1,4676.0,144.0,31960.0,lunes,2020-01-06 18:45:00,608.0
52,NARIÑO,52390,LA TOLA,52390009,MULATOS (LA TOLA - NARIÑO),2020,1,4243.0,2448.0,3770.0,martes,2020-01-14 19:30:00,556.0
52,NARIÑO,52390,LA TOLA,52390016,SAN PABLO DEL MAR (LA TOLA - NARIÑO),2020,1,4497.0,8050.0,35420.0,domingo,2020-01-19 19:00:00,534.0
52,NARIÑO,52490,OLAYA HERRERA,52490913,BOCA DE PRIETA (OLAYA HERRERA - NARIÑO),2020,1,3143.0,6240.0,21840.0,miércoles,2020-01-29 18:00:00,533.0
52,NARIÑO,52490,OLAYA HERRERA,52490008,SAN JOSÉ CALABAZAL (OLAYA HERRERA - NARIÑO),2020,1,532.0,1723.0,44570.0,sábado,2020-01-11 19:00:00,43.0
52,NARIÑO,52835,SAN ANDRÉS DE TUMACO,52835055,BOCAS DE CURAY (TUMACO - NARIÑO),2020,1,6548.0,1273.0,5760.0,viernes,2020-01-24 19:00:00,437.0
52,NARIÑO,52835,SAN ANDRÉS DE TUMACO,52835012,CHAJAL (TUMACO - NARIÑO),2020,1,335.0,9020.0,145550.0,lunes,2020-01-13 19:15:00,55.0
52,NARIÑO,52835,SAN ANDRÉS DE TUMACO,52835016,PITAL DE LA COSTA (TUMACO - NARIÑO),2020,1,16992.0,9518.0,880.0,sábado,2020-01-18 19:30:00,836.0
52,NARIÑO,52835,SAN ANDRÉS DE TUMACO,52835212,PUEBLO NUEVO (TABLÓN SALADO) (TUMACO - NARIÑO),2020,1,2339.0,7980.0,2080.0,martes,2020-01-07 19:45:00,447.0
52,NARIÑO,52835,SAN ANDRÉS DE TUMACO,52835217,SAN JUAN DE LA COSTA (SAN ANDRÉS DE TUMACO - NARIÑO),2020,1,1909.0,9321.0,15360.0,martes,2020-01-14 19:15:00,554.0
52,NARIÑO,52835,SAN ANDRÉS DE TUMACO,52835091,SANTA ROSA (TUMACO - NARIÑO),2020,1,125.0,3280.0,31810.0,martes,2020-01-14 19:30:00,133.0
52,NARIÑO,52835,SAN ANDRÉS DE TUMACO,52835148,TABLÓN DULCE LA PAMPA (TUMACO - NARIÑO),2020,1,1487.0,3880.0,2810.0,lunes,2020-01-20 20:15:00,219.0
52,NARIÑO,52696,SANTA BÁRBARA (ISCUANDÉ),52696014,LA ENSENADA (SANTA BÁRBARA (ISCUANDÉ) - NARIÑO),2020,1,4466.0,506.0,28350.0,martes,2020-01-21 18:30:00,549.0
52,NARIÑO,52696,SANTA BÁRBARA (ISCUANDÉ),52696017,SANTA RITA (SANTA BARBARA (ISCUANDÉ) - NARIÑO),2020,1,2126.0,1005.0,37760.0,jueves,2020-01-02 19:30:00,215.0
86,PUTUMAYO,86573,PUERTO LEGUÍZAMO,86573009,PIÑUÑA NEGRO (PUERTO LEGUÍZAMO - PUTUMAYO),2020,1,3942.0,1771.0,2880.0,domingo,2020-01-26 20:30:00,615.0
86,PUTUMAYO,86573,PUERTO LEGUÍZAMO,86573000,PUERTO LEGUÍZAMO (PUERTO LEGUÍZAMO - PUTUMAYO),2020,1,934496.0,349113.0,214984.0,martes,2020-01-28 19:30:00,2357.0
76,VALLE DEL CAUCA,76109,BUENAVENTURA,76109028,PUERTO MERIZALDE (BUENAVENTURA - VALLE DEL CAUCA),2020,1,43466.0,13886.0,254140.0,sábado,2020-01-18 19:30:00,629.0
76,VALLE DEL CAUCA,76109,BUENAVENTURA,76109032,SAN FRANCISCO NAYA (BUENAVENTURA - VALLE DEL CAUCA),2020,1,656.0,2113.0,36580.0,viernes,2020-01-10 21:15:00,7.0
97,VAUPÉS,97161,CARURÚ,97161000,CARURÚ (CARURÚ - VAUPÉS),2020,1,26507.0,9259.0,97680.0,viernes,2020-01-24 18:45:00,1224.0
97,VAUPÉS,97001,MITÚ,97001000,MITÚ (MITÚ - VAUPÉS),2020,1,7576.0,39471.0,263377.0,viernes,2020-01-31 23:45:00,2358.0
97,VAUPÉS,97666,TARAIRA,97666000,TARAIRA (TARAIRA - VAUPÉS),2020,1,26536.0,937.0,97240.0,miércoles,2020-01-29 18:15:00,1117.0
99,VICHADA,99773,CUMARIBO,99773000,CUMARIBO (CUMARIBO - VICHADA),2020,1,269226.0,1187.0,579920.0,martes,2020-01-28 18:15:00,2149.0
99,VICHADA,99524,LA PRIMAVERA,99524000,LA PRIMAVERA (LA PRIMAVERA - VICHADA),2020,1,35144.0,182493.0,705250.0,jueves,2020-01-30 19:45:00,24.0
99,VICHADA,99001,PUERTO CARREÑO,99001002,CASUARITO (PUERTO CARREÑO - VICHADA),2020,1,26425.0,11216.0,129360.0,lunes,2020-01-20 18:30:00,843.0
99,VICHADA,99001,PUERTO CARREÑO,99001000,PUERTO CARREÑO (PUERTO CARREÑO - VICHADA),2020,1,7576.0,785884.0,43208.0,martes,2020-01-28 14:15:00,24.0
99,VICHADA,99624,SANTA ROSALÍA,99624000,SANTA ROSALÍA (SANTA ROSALÍA - VICHADA),2020,1,130724.0,6854.0,323520.0,jueves,2020-01-23 19:15:00,18.0
91,AMAZONAS,91001,LETICIA,91001000,LETICIA (LETICIA - AMAZONAS),2020,2,7576.0,4650.0,734736.0,miércoles,2020-02-05 14:30:00,24.0
91,AMAZONAS,91540,PUERTO NARIÑO,91540000,PUERTO NARIÑO (PUERTO NARIÑO - AMAZONAS),2020,2,99758.0,35858.0,221410.0,martes,2020-02-04 19:00:00,2358.0
91,AMAZONAS,91798,TARAPACÁ (ANM),91798000,TARAPACÁ (TARAPACÁ (ANM) - AMAZONAS),2020,2,2287.0,8922.0,90620.0,domingo,2020-02-23 19:00:00,1024.0
5,ANTIOQUIA,5873,VIGÍA DEL FUERTE,5873001,SAN ANTONIO DE PADUA (VIGÍA DEL FUERTE - ANTIOQUIA),2020,2,5609.0,1448.0,52930.0,viernes,2020-02-28 19:45:00,437.0
5,ANTIOQUIA,5873,VIGÍA DEL FUERTE,5873002,VEGÁEZ (VIGÍA DEL FUERTE - ANTIOQUIA),2020,2,5178.0,7170.0,43140.0,viernes,2020-02-07 18:45:00,54.0
5,ANTIOQUIA,5873,VIGÍA DEL FUERTE,5873000,VIGÍA DEL FUERTE (VIGÍA DEL FUERTE - ANTIOQUIA),2020,2,9376.0,39361.0,323490.0,viernes,2020-02-28 19:00:00,1149.0
88,"ARCHIPIÉLAGO DE SAN ANDRÉS, PROVIDENCIA Y SANTA CATALINA",88564,PROVIDENCIA,88564000,PROVIDENCIA (PROVIDENCIA - ARCHIPIÉLAGO DE SAN ANDRÉS Y PROVIDENCIA),2020,2,93809.0,321284.0,161085.0,martes,2020-02-18 21:30:00,24.0
88,"ARCHIPIÉLAGO DE SAN ANDRÉS, PROVIDENCIA Y SANTA CATALINA",88001,SAN ANDRÉS,88001000,SAN ANDRÉS (SAN ANDRÉS - ARCHIPIÉLAGO DE SAN ANDRÉS Y PROVIDENCIA),2020,2,7576.0,4650.0,282176.0,miércoles,2020-02-12 16:00:00,24.0
13,BOLÍVAR,13001,CARTAGENA DE INDIAS,13001007,ISLA FUERTE (CARTAGENA DE INDIAS - BOLÍVAR),2020,2,15514.0,8486.0,114570.0,domingo,2020-02-16 14:15:00,537.0
13,BOLÍVAR,13001,CARTAGENA DE INDIAS,13001037,ISLA MÚCURA (CARTAGENA DE INDIAS - BOLÍVAR),2020,2,6477.0,2892.0,25540.0,viernes,2020-02-14 22:00:00,1049.0
13,BOLÍVAR,13001,CARTAGENA DE INDIAS,13001017,SANTA CRUZ DEL ISLOTE (CARTAGENA DE INDIAS - BOLÍVAR),2020,2,12675.0,4372.0,45060.0,viernes,2020-02-07 20:15:00,1326.0
18,CAQUETÁ,18150,CARTAGENA DEL CHAIRÁ,18150001,REMOLINO DEL CAGUÁN (CARTAGENA DEL CHAIRA - CAQUETÁ),2020,2,15525.0,7062.0,90370.0,sábado,2020-02-01 18:45:00,81.0
18,CAQUETÁ,18753,SAN VICENTE DEL CAGUÁN,18753002,GUACAMAYAS (SAN VICENTE DEL CAGUÁN - CAQUETÁ),2020,2,12257.0,5917.0,40150.0,sábado,2020-02-15 19:15:00,181.0
18,CAQUETÁ,18753,SAN VICENTE DEL CAGUÁN,18753009,PUERTO BETANIA (SAN VICENTE DEL CAGUÁN - CAQUETÁ),2020,2,1604.0,6330.0,40720.0,viernes,2020-02-21 19:15:00,149.0
85,CASANARE,85430,TRINIDAD,85430001,BOCAS DEL PAUTO (TRINIDAD - CASANARE),2020,2,13909.0,7296.0,110270.0,jueves,2020-02-27 19:00:00,548.0
19,CAUCA,19418,LÓPEZ DE MICAY,19418011,DOS QUEBRADAS RÍO NAYA (LÓPEZ DE MICAY - CAUCA),2020,2,6035.0,1889.0,43650.0,martes,2020-02-04 19:30:00,547.0
19,CAUCA,19418,LÓPEZ DE MICAY,19418038,ISLA DE GALLO (LÓPEZ DE MICAY - CAUCA),2020,2,2834.0,9050.0,26340.0,viernes,2020-02-14 18:30:00,435.0
19,CAUCA,19418,LÓPEZ DE MICAY,19418009,NOANAMITO (LÓPEZ DE MICAY - CAUCA),2020,2,3995.0,2058.0,440.0,miércoles,2020-02-12 19:15:00,525.0
19,CAUCA,19418,LÓPEZ DE MICAY,19418012,SAN ANTONIO DE CHUARÉ (LÓPEZ DE MICAY - CAUCA),2020,2,6033.0,179.0,6150.0,sábado,2020-02-15 18:45:00,408.0
19,CAUCA,19418,LÓPEZ DE MICAY,19418019,ZARAGOZA (LOPEZ DE MICAY - CAUCA),2020,2,7099.0,293.0,55330.0,domingo,2020-02-09 19:45:00,559.0
19,CAUCA,19809,TIMBIQUÍ,19809014,CHACÓN (TIMBIQUÍ - CAUCA),2020,2,2019.0,3640.0,26640.0,sábado,2020-02-01 19:15:00,312.0
19,CAUCA,19809,TIMBIQUÍ,19809010,COMUNIDAD DE CHETE (TIMBIQUÍ - CAUCA),2020,2,2489.0,6950.0,40030.0,viernes,2020-02-21 19:30:00,23.0
19,CAUCA,19809,TIMBIQUÍ,19809003,COTEJE (TIMBIQUÍ - CAUCA),2020,2,4501.0,2754.0,34880.0,sábado,2020-02-01 19:30:00,512.0
19,CAUCA,19809,TIMBIQUÍ,19809026,LOS BRAZOS (TIMBIQUÍ - CAUCA),2020,2,7857.0,1301.0,5230.0,martes,2020-02-11 19:30:00,602.0
19,CAUCA,19809,TIMBIQUÍ,19809023,PUERTO SAIJA (TIMBIQUÍ - CAUCA),2020,2,25416.0,846.0,174060.0,viernes,2020-02-14 19:45:00,558.0
19,CAUCA,19809,TIMBIQUÍ,19809007,SAN JOSÉ (TIMBIQUÍ - CAUCA),2020,2,1747.0,1028.0,46750.0,jueves,2020-02-13 19:15:00,139.0
19,CAUCA,19809,TIMBIQUÍ,19809008,SANTA MARÍA (TIMBIQUÍ - CAUCA),2020,2,242.0,9550.0,76220.0,miércoles,2020-02-12 20:15:00,129.0
19,CAUCA,19809,TIMBIQUÍ,19809009,SANTA ROSA DE SAIJA (TIMBIQUÍ - CAUCA),2020,2,1737.0,4240.0,27480.0,jueves,2020-02-27 19:15:00,229.0
27,CHOCÓ,27006,ACANDÍ,27006000,ACANDÍ (ACANDÍ - CHOCÓ),2020,2,388026.0,175431.0,965360.0,miércoles,2020-02-19 20:30:00,1847.0
27,CHOCÓ,27006,ACANDÍ,27006003,CAPURGANÁ (ACANDÍ - CHOCO),2020,2,23442.0,96512.0,570240.0,martes,2020-02-04 21:45:00,1836.0
27,CHOCÓ,27025,ALTO BAUDÓ (PIE DE PATO),27025000,CIUDAD BAUDÓ - PIE DE PATO (ALTO BAUDÓ - CHOCÓ),2020,2,36727.0,9888.0,143180.0,domingo,2020-02-23 19:30:00,1504.0
27,CHOCÓ,27075,BAHÍA SOLANO (MUTIS),27075000,CIUDAD MUTIS (BAHÍA SOLANO - CHOCÓ),2020,2,605709.0,189638.0,124696.0,miércoles,2020-02-19 19:30:00,2352.0
27,CHOCÓ,27075,BAHÍA SOLANO (MUTIS),27075001,CUPICA (BAHÍA SOLANO - CHOCÓ),2020,2,57082.0,24304.0,138340.0,viernes,2020-02-14 19:30:00,2336.0
27,CHOCÓ,27075,BAHÍA SOLANO (MUTIS),27075002,EL VALLE (BAHÍA SOLANO - CHOCÓ),2020,2,140237.0,65924.0,32710.0,miércoles,2020-02-19 19:15:00,2342.0
27,CHOCÓ,27077,BAJO BAUDÓ (PIZARRO),27077000,PIZARRO (BAJO BAUDÓ (PIZARRO) - CHOCÓ),2020,2,160302.0,7159.0,481540.0,viernes,2020-02-07 19:30:00,1735.0
27,CHOCÓ,27099,BOJAYÁ (BELLAVISTA),27099000,BELLAVISTA (BOJAYÁ (BELLAVISTA) - CHOCÓ),2020,2,89554.0,33314.0,220950.0,jueves,2020-02-13 20:30:00,1814.0
27,CHOCÓ,27099,BOJAYÁ (BELLAVISTA),27099002,LA LOMA DE BOJAYÁ (BOJAYÁ (BELLAVISTA) - CHOCÓ),2020,2,13764.0,5166.0,8320.0,domingo,2020-02-16 19:30:00,742.0
27,CHOCÓ,27099,BOJAYÁ (BELLAVISTA),27099005,NAPIPÍ (BOJAYÁ (BELLAVISTA) - CHOCÓ),2020,2,8794.0,4993.0,6080.0,sábado,2020-02-29 21:15:00,541.0
27,CHOCÓ,27099,BOJAYÁ (BELLAVISTA),27099008,PUERTO CONTO (BOJAYÁ (BELLAVISTA) - CHOCO),2020,2,5456.0,1481.0,5760.0,viernes,2020-02-21 20:00:00,445.0
27,CHOCÓ,27250,EL LITORAL DEL SAN JUAN,27250000,SANTA GENOVEVA DE DOCORDÓ (EL LITORAL DEL SAN JUAN - CHOCÓ),2020,2,63323.0,31591.0,182160.0,jueves,2020-02-06 20:00:00,1637.0
27,CHOCÓ,27425,MEDIO ATRATO (BETÉ),27425000,BETÉ (MEDIO ATRATO (BETÉ) - CHOCÓ),2020,2,5435.0,194.0,680.0,miércoles,2020-02-19 22:00:00,438.0
91,AMAZONAS,91001,LETICIA,91001000,LETICIA,2025,12,7576.0,984377.0,34965.0,miércoles,2025-12-10 14:30:00,2.4
27,CHOCÓ,27495,NUQUÍ,27495912,COMUNIDAD INDÍGENA DE PANGUÍ - EL YUCAL (NUQUÍ - CHOCÓ),2020,2,2394.0,8000.0,11210.0,jueves,2020-02-27 18:30:00,1138.0
27,CHOCÓ,27495,NUQUÍ,27495000,NUQUÍ (NUQUÍ - CHOCÓ),2020,2,186164.0,60988.0,52730.0,martes,2020-02-18 20:15:00,19.0
27,CHOCÓ,27745,SIPÍ,27745000,SIPÍ (SIPÍ - CHOCO),2020,2,11522.0,3225.0,7920.0,martes,2020-02-18 20:00:00,615.0
27,CHOCÓ,27800,UNGUÍA,27800001,BALBOA (UNGUÍA - CHOCÓ),2020,2,16006.0,6578.0,81560.0,domingo,2020-02-16 20:00:00,817.0
27,CHOCÓ,27001,QUIBDÓ,27001029,TAGACHI (QUIBDÓ - CHOCÓ),2020,2,5694.0,1292.0,59740.0,sábado,2020-02-01 21:30:00,406.0
27,CHOCÓ,27800,UNGUÍA,27800005,TITUMATE (UNGUÍA - CHOCÓ),2020,2,8792.0,3817.0,67060.0,jueves,2020-02-20 20:00:00,52.0
27,CHOCÓ,27800,UNGUÍA,27800000,UNGUÍA (UNGUÍA - CHOCÓ),2020,2,254854.0,9309.0,78760.0,sábado,2020-02-15 19:15:00,1556.0
94,GUAINÍA,94343,BARRANCOMINAS,94343000,BARRANCOMINAS (BARRANCOMINAS - GUAINÍA),2020,2,35493.0,12294.0,171930.0,sábado,2020-02-22 18:45:00,934.0
94,GUAINÍA,94001,INÍRIDA,94001000,INÍRIDA (INÍRIDA - GUAINÍA),2020,2,7576.0,565034.0,319968.0,lunes,2020-02-17 14:45:00,2356.0
95,GUAVIARE,95200,MIRAFLORES,95200000,MIRAFLORES (MIRAFLORES - GUAVIARE),2020,2,78132.0,28048.0,212080.0,viernes,2020-02-28 18:30:00,1828.0
44,LA GUAJIRA,44847,URIBIA,44847012,NAZARETH (URIBIA - LA GUAJIRA),2020,2,2811.0,12702.0,223440.0,martes,2020-02-25 18:45:00,611.0
47,MAGDALENA,47189,CIÉNAGA,47189018,PALMOR (CIÉNAGA - MAGDALENA),2020,2,88621.0,32499.0,186750.0,domingo,2020-02-09 18:30:00,2334.0
50,META,50325,MAPIRIPÁN,50325000,MAPIRIPÁN (MAPIRIPÁN - META),2020,2,135154.0,54443.0,311520.0,viernes,2020-02-28 18:45:00,2301.0
52,NARIÑO,52250,EL CHARCO,52250023,BAZÁN (EL CHARCO - NARIÑO),2020,2,19205.0,8765.0,10560.0,sábado,2020-02-29 21:00:00,722.0
52,NARIÑO,52250,EL CHARCO,52250022,EL CUIL PUEBLO NUEVO (EL CHARCO - NARIÑO),2020,2,5736.0,1889.0,33660.0,sábado,2020-02-15 18:45:00,654.0
52,NARIÑO,52250,EL CHARCO,52250007,SAN JOSÉ DEL TAPAJE (EL CHARCO - NARIÑO),2020,2,1618.0,4004.0,960.0,sábado,2020-02-29 21:00:00,709.0
52,NARIÑO,52390,LA TOLA,52390013,AMÁRALES (LA TOLA - NARIÑO),2020,2,7313.0,1758.0,68540.0,martes,2020-02-18 18:30:00,436.0
52,NARIÑO,52390,LA TOLA,52390003,LA VIGÍA DE LA MAR (LA TOLA - NARIÑO),2020,2,576.0,1917.0,30520.0,martes,2020-02-25 00:30:00,827.0
52,NARIÑO,52390,LA TOLA,52390009,MULATOS (LA TOLA - NARIÑO),2020,2,3772.0,232.0,34110.0,jueves,2020-02-06 18:30:00,608.0
52,NARIÑO,52390,LA TOLA,52390016,SAN PABLO DEL MAR (LA TOLA - NARIÑO),2020,2,5903.0,1146.0,33980.0,sábado,2020-02-29 19:00:00,741.0
52,NARIÑO,52490,OLAYA HERRERA,52490913,BOCA DE PRIETA (OLAYA HERRERA - NARIÑO),2020,2,3266.0,6340.0,21670.0,lunes,2020-02-10 19:45:00,552.0
52,NARIÑO,52490,OLAYA HERRERA,52490008,SAN JOSÉ CALABAZAL (OLAYA HERRERA - NARIÑO),2020,2,53.0,1698.0,45120.0,viernes,2020-02-28 19:00:00,447.0
52,NARIÑO,52835,SAN ANDRÉS DE TUMACO,52835055,BOCAS DE CURAY (TUMACO - NARIÑO),2020,2,895.0,1417.0,5760.0,domingo,2020-02-23 23:45:00,702.0
52,NARIÑO,52835,SAN ANDRÉS DE TUMACO,52835012,CHAJAL (TUMACO - NARIÑO),2020,2,4599.0,1354.0,136840.0,lunes,2020-02-24 19:30:00,126.0
52,NARIÑO,52835,SAN ANDRÉS DE TUMACO,52835016,PITAL DE LA COSTA (TUMACO - NARIÑO),2020,2,19206.0,11315.0,840.0,sábado,2020-02-15 19:00:00,1029.0
52,NARIÑO,52835,SAN ANDRÉS DE TUMACO,52835212,PUEBLO NUEVO (TABLÓN SALADO) (TUMACO - NARIÑO),2020,2,3721.0,1332.0,18620.0,sábado,2020-02-01 19:15:00,943.0
52,NARIÑO,52835,SAN ANDRÉS DE TUMACO,52835217,SAN JUAN DE LA COSTA (SAN ANDRÉS DE TUMACO - NARIÑO),2020,2,18939.0,1421.0,14720.0,lunes,2020-02-17 19:15:00,608.0
52,NARIÑO,52835,SAN ANDRÉS DE TUMACO,52835091,SANTA ROSA (TUMACO - NARIÑO),2020,2,1082.0,2780.0,30560.0,miércoles,2020-02-05 19:30:00,124.0
52,NARIÑO,52696,SANTA BÁRBARA (ISCUANDÉ),52696014,LA ENSENADA (SANTA BÁRBARA (ISCUANDÉ) - NARIÑO),2020,2,4071.0,4702.0,27490.0,domingo,2020-02-16 19:30:00,544.0
52,NARIÑO,52696,SANTA BÁRBARA (ISCUANDÉ),52696017,SANTA RITA (SANTA BARBARA (ISCUANDÉ) - NARIÑO),2020,2,5168.0,2452.0,38520.0,sábado,2020-02-29 19:15:00,537.0
86,PUTUMAYO,86573,PUERTO LEGUÍZAMO,86573009,PIÑUÑA NEGRO (PUERTO LEGUÍZAMO - PUTUMAYO),2020,2,3342.0,162.0,2880.0,sábado,2020-02-22 20:45:00,547.0
86,PUTUMAYO,86573,PUERTO LEGUÍZAMO,86573000,PUERTO LEGUÍZAMO (PUERTO LEGUÍZAMO - PUTUMAYO),2020,2,779919.0,282489.0,199672.0,martes,2020-02-04 14:45:00,2005.0
76,VALLE DEL CAUCA,76109,BUENAVENTURA,76109028,PUERTO MERIZALDE (BUENAVENTURA - VALLE DEL CAUCA),2020,2,44375.0,14156.0,26470.0,miércoles,2020-02-19 19:30:00,649.0
76,VALLE DEL CAUCA,76109,BUENAVENTURA,76109032,SAN FRANCISCO NAYA (BUENAVENTURA - VALLE DEL CAUCA),2020,2,7245.0,3758.0,37150.0,viernes,2020-02-28 19:30:00,834.0
97,VAUPÉS,97161,CARURÚ,97161000,CARURÚ (CARURÚ - VAUPÉS),2020,2,25277.0,9295.0,104720.0,lunes,2020-02-17 19:15:00,1214.0
97,VAUPÉS,97001,MITÚ,97001000,MITÚ (MITÚ - VAUPÉS),2020,2,7576.0,370019.0,259737.0,viernes,2020-02-21 23:45:00,2351.0
97,VAUPÉS,97666,TARAIRA,97666000,TARAIRA (TARAIRA - VAUPÉS),2020,2,19748.0,6563.0,104980.0,martes,2020-02-11 19:30:00,759.0
99,VICHADA,99773,CUMARIBO,99773000,CUMARIBO (CUMARIBO - VICHADA),2020,2,268753.0,113806.0,624360.0,martes,2020-02-25 18:15:00,1935.0
99,VICHADA,99524,LA PRIMAVERA,99524000,LA PRIMAVERA (LA PRIMAVERA - VICHADA),2020,2,357737.0,181789.0,74060.0,miércoles,2020-02-26 18:45:00,24.0
99,VICHADA,99001,PUERTO CARREÑO,99001002,CASUARITO (PUERTO CARREÑO - VICHADA),2020,2,13438.0,5547.0,127950.0,lunes,2020-02-24 19:45:00,509.0
99,VICHADA,99001,PUERTO CARREÑO,99001000,PUERTO CARREÑO (PUERTO CARREÑO - VICHADA),2020,2,7576.0,79128.0,461472.0,martes,2020-02-18 14:15:00,24.0
99,VICHADA,99624,SANTA ROSALÍA,99624000,SANTA ROSALÍA (SANTA ROSALÍA - VICHADA),2020,2,12553.0,60239.0,350930.0,martes,2020-02-25 19:00:00,1551.0
91,AMAZONAS,91001,LETICIA,91001000,LETICIA (LETICIA - AMAZONAS),2020,3,7576.0,4650.0,765286.0,jueves,2020-03-12 15:15:00,24.0
91,AMAZONAS,91540,PUERTO NARIÑO,91540000,PUERTO NARIÑO (PUERTO NARIÑO - AMAZONAS),2020,3,106517.0,37768.0,222290.0,jueves,2020-03-12 19:30:00,24.0
91,AMAZONAS,91798,TARAPACÁ (ANM),91798000,TARAPACÁ (TARAPACÁ (ANM) - AMAZONAS),2020,3,24212.0,9387.0,92790.0,martes,2020-03-03 19:15:00,1015.0
5,ANTIOQUIA,5873,VIGÍA DEL FUERTE,5873001,SAN ANTONIO DE PADUA (VIGÍA DEL FUERTE - ANTIOQUIA),2020,3,609.0,1714.0,8240.0,jueves,2020-03-12 00:15:00,457.0
5,ANTIOQUIA,5873,VIGÍA DEL FUERTE,5873002,VEGÁEZ (VIGÍA DEL FUERTE - ANTIOQUIA),2020,3,4553.0,6290.0,61340.0,jueves,2020-03-05 21:45:00,507.0
5,ANTIOQUIA,5873,VIGÍA DEL FUERTE,5873000,VIGÍA DEL FUERTE (VIGÍA DEL FUERTE - ANTIOQUIA),2020,3,58679.0,20082.0,327010.0,jueves,2020-03-05 19:00:00,708.0
88,"ARCHIPIÉLAGO DE SAN ANDRÉS, PROVIDENCIA Y SANTA CATALINA",88564,PROVIDENCIA,88564000,PROVIDENCIA (PROVIDENCIA - ARCHIPIÉLAGO DE SAN ANDRÉS Y PROVIDENCIA),2020,3,961008.0,333479.0,162105.0,lunes,2020-03-09 14:15:00,24.0
88,"ARCHIPIÉLAGO DE SAN ANDRÉS, PROVIDENCIA Y SANTA CATALINA",88001,SAN ANDRÉS,88001000,SAN ANDRÉS (SAN ANDRÉS - ARCHIPIÉLAGO DE SAN ANDRÉS Y PROVIDENCIA),2020,3,7576.0,4650.0,2842396.0,viernes,2020-03-06 15:45:00,24.0
13,BOLÍVAR,13001,CARTAGENA DE INDIAS,13001007,ISLA FUERTE (CARTAGENA DE INDIAS - BOLÍVAR),2020,3,14733.0,8124.0,112820.0,jueves,2020-03-05 15:30:00,504.0
13,BOLÍVAR,13001,CARTAGENA DE INDIAS,13001037,ISLA MÚCURA (CARTAGENA DE INDIAS - BOLÍVAR),2020,3,6799.0,3093.0,24240.0,jueves,2020-03-05 22:00:00,1318.0
13,BOLÍVAR,13001,CARTAGENA DE INDIAS,13001017,SANTA CRUZ DEL ISLOTE (CARTAGENA DE INDIAS - BOLÍVAR),2020,3,13572.0,4807.0,43840.0,lunes,2020-03-30 20:45:00,1335.0
18,CAQUETÁ,18150,CARTAGENA DEL CHAIRÁ,18150001,REMOLINO DEL CAGUÁN (CARTAGENA DEL CHAIRA - CAQUETÁ),2020,3,14852.0,6836.0,91620.0,domingo,2020-03-22 19:00:00,712.0
18,CAQUETÁ,18753,SAN VICENTE DEL CAGUÁN,18753002,GUACAMAYAS (SAN VICENTE DEL CAGUÁN - CAQUETÁ),2020,3,1244.0,5686.0,40390.0,sábado,2020-03-14 19:30:00,1807.0
85,CASANARE,85430,TRINIDAD,85430001,BOCAS DEL PAUTO (TRINIDAD - CASANARE),2020,3,13266.0,7187.0,100160.0,martes,2020-03-03 18:30:00,525.0
19,CAUCA,19418,LÓPEZ DE MICAY,19418038,ISLA DE GALLO (LÓPEZ DE MICAY - CAUCA),2020,3,2942.0,9870.0,26140.0,miércoles,2020-03-04 19:30:00,434.0
19,CAUCA,19418,LÓPEZ DE MICAY,19418019,ZARAGOZA (LOPEZ DE MICAY - CAUCA),2020,3,8776.0,3744.0,59970.0,domingo,2020-03-08 20:15:00,7.0
19,CAUCA,19809,TIMBIQUÍ,19809014,CHACÓN (TIMBIQUÍ - CAUCA),2020,3,2806.0,4530.0,28530.0,viernes,2020-03-20 20:45:00,345.0
19,CAUCA,19809,TIMBIQUÍ,19809010,COMUNIDAD DE CHETE (TIMBIQUÍ - CAUCA),2020,3,494.0,1463.0,40420.0,sábado,2020-03-28 18:45:00,445.0
19,CAUCA,19809,TIMBIQUÍ,19809003,COTEJE (TIMBIQUÍ - CAUCA),2020,3,4852.0,2804.0,3380.0,sábado,2020-03-28 19:45:00,526.0
19,CAUCA,19809,TIMBIQUÍ,19809007,SAN JOSÉ (TIMBIQUÍ - CAUCA),2020,3,6597.0,4069.0,44450.0,miércoles,2020-03-18 20:15:00,548.0
19,CAUCA,19809,TIMBIQUÍ,19809008,SANTA MARÍA (TIMBIQUÍ - CAUCA),2020,3,5044.0,1744.0,7590.0,martes,2020-03-03 19:00:00,235.0
27,CHOCÓ,27006,ACANDÍ,27006000,ACANDÍ (ACANDÍ - CHOCÓ),2020,3,366149.0,16648.0,10956.0,lunes,2020-03-16 21:00:00,155.0
27,CHOCÓ,27006,ACANDÍ,27006003,CAPURGANÁ (ACANDÍ - CHOCO),2020,3,194503.0,82121.0,596990.0,sábado,2020-03-14 19:30:00,1509.0
27,CHOCÓ,27025,ALTO BAUDÓ (PIE DE PATO),27025000,CIUDAD BAUDÓ - PIE DE PATO (ALTO BAUDÓ - CHOCÓ),2020,3,47621.0,13704.0,124780.0,viernes,2020-03-27 19:30:00,1802.0
27,CHOCÓ,27075,BAHÍA SOLANO (MUTIS),27075000,CIUDAD MUTIS (BAHÍA SOLANO - CHOCÓ),2020,3,59308.0,17523.0,125444.0,miércoles,2020-03-04 19:00:00,2346.0
27,CHOCÓ,27075,BAHÍA SOLANO (MUTIS),27075001,CUPICA (BAHÍA SOLANO - CHOCÓ),2020,3,61366.0,25605.0,1400.0,lunes,2020-03-16 19:30:00,2339.0
27,CHOCÓ,27075,BAHÍA SOLANO (MUTIS),27075002,EL VALLE (BAHÍA SOLANO - CHOCÓ),2020,3,133948.0,64294.0,365640.0,sábado,2020-03-14 19:00:00,2057.0
27,CHOCÓ,27077,BAJO BAUDÓ (PIZARRO),27077000,PIZARRO (BAJO BAUDÓ (PIZARRO) - CHOCÓ),2020,3,189549.0,85173.0,434540.0,jueves,2020-03-05 19:45:00,2018.0
27,CHOCÓ,27099,BOJAYÁ (BELLAVISTA),27099000,BELLAVISTA (BOJAYÁ (BELLAVISTA) - CHOCÓ),2020,3,94386.0,35707.0,231570.0,miércoles,2020-03-25 18:45:00,1739.0
27,CHOCÓ,27099,BOJAYÁ (BELLAVISTA),27099002,LA LOMA DE BOJAYÁ (BOJAYÁ (BELLAVISTA) - CHOCÓ),2020,3,14449.0,5728.0,7680.0,lunes,2020-03-09 19:30:00,817.0
27,CHOCÓ,27099,BOJAYÁ (BELLAVISTA),27099005,NAPIPÍ (BOJAYÁ (BELLAVISTA) - CHOCÓ),2020,3,11222.0,3813.0,640.0,viernes,2020-03-20 20:15:00,638.0
27,CHOCÓ,27099,BOJAYÁ (BELLAVISTA),27099008,PUERTO CONTO (BOJAYÁ (BELLAVISTA) - CHOCO),2020,3,5881.0,1594.0,480.0,sábado,2020-03-28 20:15:00,44.0
27,CHOCÓ,27250,EL LITORAL DEL SAN JUAN,27250000,SANTA GENOVEVA DE DOCORDÓ (EL LITORAL DEL SAN JUAN - CHOCÓ),2020,3,44989.0,21785.0,178460.0,martes,2020-03-03 19:15:00,1151.0
27,CHOCÓ,27425,MEDIO ATRATO (BETÉ),27425000,BETÉ (MEDIO ATRATO (BETÉ) - CHOCÓ),2020,3,5456.0,2011.0,760.0,viernes,2020-03-27 20:00:00,357.0
27,CHOCÓ,27495,NUQUÍ,27495912,COMUNIDAD INDÍGENA DE PANGUÍ - EL YUCAL (NUQUÍ - CHOCÓ),2020,3,620.0,280.0,4760.0,domingo,2020-03-29 18:45:00,33.0
27,CHOCÓ,27495,NUQUÍ,27495000,NUQUÍ (NUQUÍ - CHOCÓ),2020,3,24153.0,80172.0,493860.0,sábado,2020-03-07 19:15:00,2354.0
27,CHOCÓ,27001,QUIBDÓ,27001029,TAGACHI (QUIBDÓ - CHOCÓ),2020,3,1588.0,3610.0,51360.0,domingo,2020-03-01 20:15:00,112.0
27,CHOCÓ,27745,SIPÍ,27745000,SIPÍ (SIPÍ - CHOCO),2020,3,10875.0,3018.0,7920.0,jueves,2020-03-12 19:15:00,536.0
27,CHOCÓ,27800,UNGUÍA,27800001,BALBOA (UNGUÍA - CHOCÓ),2020,3,1626.0,6912.0,7990.0,sábado,2020-03-14 19:45:00,813.0
27,CHOCÓ,27800,UNGUÍA,27800005,TITUMATE (UNGUÍA - CHOCÓ),2020,3,8934.0,4029.0,69260.0,jueves,2020-03-26 20:00:00,503.0
27,CHOCÓ,27800,UNGUÍA,27800000,UNGUÍA (UNGUÍA - CHOCÓ),2020,3,271414.0,98644.0,7920.0,jueves,2020-03-05 20:15:00,1546.0
94,GUAINÍA,94343,BARRANCOMINAS,94343000,BARRANCOMINAS (BARRANCOMINAS - GUAINÍA),2020,3,43377.0,15928.0,174590.0,miércoles,2020-03-11 19:00:00,1052.0
94,GUAINÍA,94001,INÍRIDA,94001000,INÍRIDA (INÍRIDA - GUAINÍA),2020,3,7576.0,577847.0,310992.0,miércoles,2020-03-04 18:15:00,24.0
95,GUAVIARE,95200,MIRAFLORES,95200000,MIRAFLORES (MIRAFLORES - GUAVIARE),2020,3,83195.0,2935.0,208120.0,miércoles,2020-03-11 18:45:00,1844.0
44,LA GUAJIRA,44847,URIBIA,44847012,NAZARETH (URIBIA - LA GUAJIRA),2020,3,28515.0,12349.0,229680.0,lunes,2020-03-30 18:45:00,547.0
47,MAGDALENA,47189,CIÉNAGA,47189018,PALMOR (CIÉNAGA - MAGDALENA),2020,3,91439.0,33165.0,17760.0,martes,2020-03-03 19:15:00,2336.0
50,META,50325,MAPIRIPÁN,50325000,MAPIRIPÁN (MAPIRIPÁN - META),2020,3,140126.0,57139.0,291280.0,miércoles,2020-03-04 19:15:00,234.0
52,NARIÑO,52250,EL CHARCO,52250023,BAZÁN (EL CHARCO - NARIÑO),2020,3,18583.0,9308.0,10560.0,martes,2020-03-31 20:15:00,647.0
52,NARIÑO,52250,EL CHARCO,52250003,BOLÍVAR - SAN PEDRO (EL CHARCO - NARIÑO),2020,3,3975.0,2723.0,21630.0,martes,2020-03-31 18:45:00,655.0
52,NARIÑO,52250,EL CHARCO,52250007,SAN JOSÉ DEL TAPAJE (EL CHARCO - NARIÑO),2020,3,16234.0,3888.0,960.0,sábado,2020-03-28 19:45:00,642.0
52,NARIÑO,52390,LA TOLA,52390013,AMÁRALES (LA TOLA - NARIÑO),2020,3,5352.0,1313.0,67070.0,martes,2020-03-10 20:00:00,313.0
52,NARIÑO,52390,LA TOLA,52390003,LA VIGÍA DE LA MAR (LA TOLA - NARIÑO),2020,3,6246.0,2414.0,34080.0,jueves,2020-03-19 19:15:00,742.0
52,NARIÑO,52390,LA TOLA,52390009,MULATOS (LA TOLA - NARIÑO),2020,3,346.0,2044.0,36960.0,martes,2020-03-10 18:30:00,504.0
52,NARIÑO,52390,LA TOLA,52390016,SAN PABLO DEL MAR (LA TOLA - NARIÑO),2020,3,5653.0,1305.0,3510.0,viernes,2020-03-27 17:45:00,711.0
52,NARIÑO,52490,OLAYA HERRERA,52490913,BOCA DE PRIETA (OLAYA HERRERA - NARIÑO),2020,3,4133.0,8120.0,21460.0,lunes,2020-03-30 19:15:00,709.0
52,NARIÑO,52490,OLAYA HERRERA,52490008,SAN JOSÉ CALABAZAL (OLAYA HERRERA - NARIÑO),2020,3,6651.0,2071.0,44470.0,viernes,2020-03-13 18:45:00,546.0
52,NARIÑO,52835,SAN ANDRÉS DE TUMACO,52835055,BOCAS DE CURAY (TUMACO - NARIÑO),2020,3,8473.0,1544.0,5520.0,sábado,2020-03-21 20:00:00,614.0
52,NARIÑO,52835,SAN ANDRÉS DE TUMACO,52835016,PITAL DE LA COSTA (TUMACO - NARIÑO),2020,3,21146.0,12534.0,920.0,sábado,2020-03-28 19:15:00,1008.0
52,NARIÑO,52835,SAN ANDRÉS DE TUMACO,52835212,PUEBLO NUEVO (TABLÓN SALADO) (TUMACO - NARIÑO),2020,3,3753.0,1337.0,17120.0,martes,2020-03-31 18:30:00,85.0
52,NARIÑO,52835,SAN ANDRÉS DE TUMACO,52835217,SAN JUAN DE LA COSTA (SAN ANDRÉS DE TUMACO - NARIÑO),2020,3,25614.0,24158.0,1440.0,sábado,2020-03-28 19:00:00,841.0
52,NARIÑO,52696,SANTA BÁRBARA (ISCUANDÉ),52696017,SANTA RITA (SANTA BARBARA (ISCUANDÉ) - NARIÑO),2020,3,6109.0,3029.0,38920.0,miércoles,2020-03-25 19:30:00,558.0
86,PUTUMAYO,86573,PUERTO LEGUÍZAMO,86573009,PIÑUÑA NEGRO (PUERTO LEGUÍZAMO - PUTUMAYO),2020,3,3463.0,1727.0,2560.0,sábado,2020-03-28 20:45:00,547.0
86,PUTUMAYO,86573,PUERTO LEGUÍZAMO,86573000,PUERTO LEGUÍZAMO (PUERTO LEGUÍZAMO - PUTUMAYO),2020,3,955883.0,32021.0,180858.0,martes,2020-03-17 14:30:00,2358.0
76,VALLE DEL CAUCA,76109,BUENAVENTURA,76109028,PUERTO MERIZALDE (BUENAVENTURA - VALLE DEL CAUCA),2020,3,49768.0,17165.0,258190.0,sábado,2020-03-21 19:30:00,722.0
76,VALLE DEL CAUCA,76109,BUENAVENTURA,76109032,SAN FRANCISCO NAYA (BUENAVENTURA - VALLE DEL CAUCA),2020,3,7256.0,8306.0,37790.0,domingo,2020-03-01 23:30:00,719.0
97,VAUPÉS,97161,CARURÚ,97161000,CARURÚ (CARURÚ - VAUPÉS),2020,3,25773.0,9265.0,97860.0,domingo,2020-03-15 18:45:00,1214.0
97,VAUPÉS,97001,MITÚ,97001000,MITÚ (MITÚ - VAUPÉS),2020,3,7576.0,38447.0,2676.0,miércoles,2020-03-18 00:00:00,24.0
97,VAUPÉS,97666,TARAIRA,97666000,TARAIRA (TARAIRA - VAUPÉS),2020,3,31036.0,1014.0,116690.0,jueves,2020-03-19 18:30:00,1105.0
99,VICHADA,99773,CUMARIBO,99773000,CUMARIBO (CUMARIBO - VICHADA),2020,3,304957.0,127484.0,660880.0,viernes,2020-03-06 18:45:00,2036.0
99,VICHADA,99524,LA PRIMAVERA,99524000,LA PRIMAVERA (LA PRIMAVERA - VICHADA),2020,3,383711.0,196027.0,750660.0,martes,2020-03-03 18:45:00,24.0
99,VICHADA,99001,PUERTO CARREÑO,99001002,CASUARITO (PUERTO CARREÑO - VICHADA),2020,3,24368.0,12827.0,12830.0,miércoles,2020-03-18 19:30:00,848.0
99,VICHADA,99001,PUERTO CARREÑO,99001000,PUERTO CARREÑO (PUERTO CARREÑO - VICHADA),2020,3,7576.0,841122.0,46024.0,miércoles,2020-03-11 21:00:00,24.0
99,VICHADA,99624,SANTA ROSALÍA,99624000,SANTA ROSALÍA (SANTA ROSALÍA - VICHADA),2020,3,152772.0,76597.0,384140.0,domingo,2020-03-08 19:15:00,1902.0
91,AMAZONAS,91001,LETICIA,91001000,LETICIA (LETICIA - AMAZONAS),2020,4,7576.0,4650.0,600086.0,martes,2020-04-21 18:45:00,24.0
91,AMAZONAS,91540,PUERTO NARIÑO,91540000,PUERTO NARIÑO (PUERTO NARIÑO - AMAZONAS),2020,4,93654.0,32823.0,199060.0,viernes,2020-04-03 18:45:00,2357.0
91,AMAZONAS,91798,TARAPACÁ (ANM),91798000,TARAPACÁ (TARAPACÁ (ANM) - AMAZONAS),2020,4,21751.0,8627.0,8730.0,sábado,2020-04-11 19:15:00,1015.0
5,ANTIOQUIA,5873,VIGÍA DEL FUERTE,5873001,SAN ANTONIO DE PADUA (VIGÍA DEL FUERTE - ANTIOQUIA),2020,4,5709.0,1776.0,43940.0,sábado,2020-04-11 19:00:00,529.0
5,ANTIOQUIA,5873,VIGÍA DEL FUERTE,5873002,VEGÁEZ (VIGÍA DEL FUERTE - ANTIOQUIA),2020,4,4612.0,5880.0,45090.0,martes,2020-04-07 19:15:00,458.0
5,ANTIOQUIA,5873,VIGÍA DEL FUERTE,5873000,VIGÍA DEL FUERTE (VIGÍA DEL FUERTE - ANTIOQUIA),2020,4,83515.0,30671.0,305540.0,viernes,2020-04-17 19:15:00,1118.0
88,"ARCHIPIÉLAGO DE SAN ANDRÉS, PROVIDENCIA Y SANTA CATALINA",88564,PROVIDENCIA,88564000,PROVIDENCIA (PROVIDENCIA - ARCHIPIÉLAGO DE SAN ANDRÉS Y PROVIDENCIA),2020,4,920985.0,316309.0,15215.0,martes,2020-04-21 20:45:00,24.0
88,"ARCHIPIÉLAGO DE SAN ANDRÉS, PROVIDENCIA Y SANTA CATALINA",88001,SAN ANDRÉS,88001000,SAN ANDRÉS (SAN ANDRÉS - ARCHIPIÉLAGO DE SAN ANDRÉS Y PROVIDENCIA),2020,4,7576.0,4650.0,1875309.0,sábado,2020-04-11 23:15:00,24.0
13,BOLÍVAR,13001,CARTAGENA DE INDIAS,13001007,ISLA FUERTE (CARTAGENA DE INDIAS - BOLÍVAR),2020,4,12009.0,6651.0,118810.0,lunes,2020-04-13 16:00:00,414.0
13,BOLÍVAR,13001,CARTAGENA DE INDIAS,13001037,ISLA MÚCURA (CARTAGENA DE INDIAS - BOLÍVAR),2020,4,7814.0,3342.0,23660.0,miércoles,2020-04-29 21:15:00,1447.0
13,BOLÍVAR,13001,CARTAGENA DE INDIAS,13001017,SANTA CRUZ DEL ISLOTE (CARTAGENA DE INDIAS - BOLÍVAR),2020,4,10187.0,3321.0,47040.0,jueves,2020-04-16 19:45:00,912.0
18,CAQUETÁ,18150,CARTAGENA DEL CHAIRÁ,18150001,REMOLINO DEL CAGUÁN (CARTAGENA DEL CHAIRA - CAQUETÁ),2020,4,12198.0,5968.0,77820.0,sábado,2020-04-04 18:45:00,642.0
18,CAQUETÁ,18753,SAN VICENTE DEL CAGUÁN,18753002,GUACAMAYAS (SAN VICENTE DEL CAGUÁN - CAQUETÁ),2020,4,10927.0,455.0,36410.0,sábado,2020-04-25 19:15:00,1709.0
18,CAQUETÁ,18753,SAN VICENTE DEL CAGUÁN,18753009,PUERTO BETANIA (SAN VICENTE DEL CAGUÁN - CAQUETÁ),2020,4,3885.0,1597.0,37560.0,domingo,2020-04-12 19:00:00,425.0
85,CASANARE,85430,TRINIDAD,85430001,BOCAS DEL PAUTO (TRINIDAD - CASANARE),2020,4,10384.0,5856.0,9690.0,viernes,2020-04-17 18:30:00,442.0
19,CAUCA,19418,LÓPEZ DE MICAY,19418038,ISLA DE GALLO (LÓPEZ DE MICAY - CAUCA),2020,4,3156.0,1054.0,25730.0,martes,2020-04-14 19:00:00,507.0
19,CAUCA,19418,LÓPEZ DE MICAY,19418019,ZARAGOZA (LOPEZ DE MICAY - CAUCA),2020,4,9095.0,3814.0,5840.0,sábado,2020-04-11 21:00:00,728.0
19,CAUCA,19809,TIMBIQUÍ,19809014,CHACÓN (TIMBIQUÍ - CAUCA),2020,4,2489.0,4250.0,27340.0,miércoles,2020-04-01 20:00:00,35.0
19,CAUCA,19809,TIMBIQUÍ,19809010,COMUNIDAD DE CHETE (TIMBIQUÍ - CAUCA),2020,4,5447.0,1571.0,42210.0,viernes,2020-04-17 19:15:00,506.0
19,CAUCA,19809,TIMBIQUÍ,19809003,COTEJE (TIMBIQUÍ - CAUCA),2020,4,583.0,3283.0,34480.0,sábado,2020-04-18 18:45:00,638.0
19,CAUCA,19809,TIMBIQUÍ,19809023,PUERTO SAIJA (TIMBIQUÍ - CAUCA),2020,4,20086.0,6495.0,159460.0,sábado,2020-04-11 19:00:00,447.0
19,CAUCA,19809,TIMBIQUÍ,19809007,SAN JOSÉ (TIMBIQUÍ - CAUCA),2020,4,5811.0,3451.0,46130.0,jueves,2020-04-16 19:15:00,504.0
19,CAUCA,19809,TIMBIQUÍ,19809008,SANTA MARÍA (TIMBIQUÍ - CAUCA),2020,4,9753.0,3284.0,77380.0,miércoles,2020-04-08 19:45:00,511.0
27,CHOCÓ,27006,ACANDÍ,27006000,ACANDÍ (ACANDÍ - CHOCÓ),2020,4,401367.0,179263.0,95480.0,jueves,2020-04-30 21:15:00,1822.0
27,CHOCÓ,27006,ACANDÍ,27006003,CAPURGANÁ (ACANDÍ - CHOCO),2020,4,212215.0,91815.0,470270.0,lunes,2020-04-27 22:00:00,1906.0
27,CHOCÓ,27075,BAHÍA SOLANO (MUTIS),27075000,CIUDAD MUTIS (BAHÍA SOLANO - CHOCÓ),2020,4,54346.0,213836.0,103444.0,sábado,2020-04-04 19:15:00,2359.0
27,CHOCÓ,27075,BAHÍA SOLANO (MUTIS),27075001,CUPICA (BAHÍA SOLANO - CHOCÓ),2020,4,56596.0,22456.0,134180.0,miércoles,2020-04-22 19:30:00,2347.0
27,CHOCÓ,27075,BAHÍA SOLANO (MUTIS),27075002,EL VALLE (BAHÍA SOLANO - CHOCÓ),2020,4,137435.0,60116.0,302020.0,viernes,2020-04-03 19:00:00,2355.0
27,CHOCÓ,27077,BAJO BAUDÓ (PIZARRO),27077000,PIZARRO (BAJO BAUDÓ (PIZARRO) - CHOCÓ),2020,4,188972.0,86448.0,402860.0,lunes,2020-04-20 19:30:00,2235.0
27,CHOCÓ,27099,BOJAYÁ (BELLAVISTA),27099000,BELLAVISTA (BOJAYÁ (BELLAVISTA) - CHOCÓ),2020,4,77252.0,2913.0,216130.0,miércoles,2020-04-22 19:30:00,16.0
27,CHOCÓ,27099,BOJAYÁ (BELLAVISTA),27099002,LA LOMA DE BOJAYÁ (BOJAYÁ (BELLAVISTA) - CHOCÓ),2020,4,12637.0,5003.0,7360.0,martes,2020-04-14 18:45:00,756.0
27,CHOCÓ,27099,BOJAYÁ (BELLAVISTA),27099005,NAPIPÍ (BOJAYÁ (BELLAVISTA) - CHOCÓ),2020,4,975.0,2342.0,640.0,sábado,2020-04-11 20:15:00,602.0
27,CHOCÓ,27099,BOJAYÁ (BELLAVISTA),27099008,PUERTO CONTO (BOJAYÁ (BELLAVISTA) - CHOCO),2020,4,6144.0,1567.0,480.0,lunes,2020-04-20 19:00:00,503.0
27,CHOCÓ,27250,EL LITORAL DEL SAN JUAN,27250000,SANTA GENOVEVA DE DOCORDÓ (EL LITORAL DEL SAN JUAN - CHOCÓ),2020,4,35046.0,1776.0,163940.0,lunes,2020-04-20 19:30:00,1049.0
27,CHOCÓ,27425,MEDIO ATRATO (BETÉ),27425000,BETÉ (MEDIO ATRATO (BETÉ) - CHOCÓ),2020,4,7109.0,2671.0,760.0,martes,2020-04-14 19:00:00,453.0
27,CHOCÓ,27495,NUQUÍ,27495001,ARUSÍ (NUQUÍ - CHOCO),2020,4,10079.0,3967.0,5120.0,miércoles,2020-04-22 19:00:00,802.0
27,CHOCÓ,27495,NUQUÍ,27495912,COMUNIDAD INDÍGENA DE PANGUÍ - EL YUCAL (NUQUÍ - CHOCÓ),2020,4,3676.0,117.0,1130.0,lunes,2020-04-13 15:30:00,1818.0
27,CHOCÓ,27495,NUQUÍ,27495000,NUQUÍ (NUQUÍ - CHOCÓ),2020,4,22228.0,71008.0,464640.0,martes,2020-04-28 19:15:00,24.0
27,CHOCÓ,27001,QUIBDÓ,27001029,TAGACHI (QUIBDÓ - CHOCÓ),2020,4,3386.0,7330.0,52220.0,sábado,2020-04-11 19:45:00,238.0
27,CHOCÓ,27745,SIPÍ,27745000,SIPÍ (SIPÍ - CHOCO),2020,4,11009.0,3069.0,7480.0,jueves,2020-04-30 19:15:00,551.0
27,CHOCÓ,27800,UNGUÍA,27800001,BALBOA (UNGUÍA - CHOCÓ),2020,4,15223.0,6318.0,74240.0,sábado,2020-04-18 19:15:00,815.0
27,CHOCÓ,27800,UNGUÍA,27800005,TITUMATE (UNGUÍA - CHOCÓ),2020,4,8868.0,3169.0,66620.0,lunes,2020-04-13 19:45:00,521.0
27,CHOCÓ,27800,UNGUÍA,27800000,UNGUÍA (UNGUÍA - CHOCÓ),2020,4,255627.0,92448.0,770880.0,sábado,2020-04-25 20:30:00,1607.0
94,GUAINÍA,94343,BARRANCOMINAS,94343000,BARRANCOMINAS (BARRANCOMINAS - GUAINÍA),2020,4,36593.0,1268.0,159630.0,sábado,2020-04-25 18:45:00,1018.0
94,GUAINÍA,94001,INÍRIDA,94001000,INÍRIDA (INÍRIDA - GUAINÍA),2020,4,7576.0,504667.0,274032.0,jueves,2020-04-16 14:30:00,24.0
95,GUAVIARE,95200,MIRAFLORES,95200000,MIRAFLORES (MIRAFLORES - GUAVIARE),2020,4,76385.0,26715.0,192720.0,jueves,2020-04-16 18:30:00,1842.0
44,LA GUAJIRA,44847,URIBIA,44847012,NAZARETH (URIBIA - LA GUAJIRA),2020,4,27348.0,11383.0,243120.0,jueves,2020-04-16 19:15:00,518.0
47,MAGDALENA,47189,CIÉNAGA,47189018,PALMOR (CIÉNAGA - MAGDALENA),2020,4,81023.0,28009.0,16960.0,miércoles,2020-04-08 19:00:00,2304.0
50,META,50325,MAPIRIPÁN,50325000,MAPIRIPÁN (MAPIRIPÁN - META),2020,4,127291.0,51428.0,261360.0,jueves,2020-04-30 19:00:00,2338.0
52,NARIÑO,52250,EL CHARCO,52250023,BAZÁN (EL CHARCO - NARIÑO),2020,4,19032.0,10726.0,11040.0,jueves,2020-04-30 21:00:00,706.0
52,NARIÑO,52250,EL CHARCO,52250003,BOLÍVAR - SAN PEDRO (EL CHARCO - NARIÑO),2020,4,4411.0,3293.0,22210.0,miércoles,2020-04-08 19:45:00,745.0
52,NARIÑO,52250,EL CHARCO,52250007,SAN JOSÉ DEL TAPAJE (EL CHARCO - NARIÑO),2020,4,1641.0,3622.0,1040.0,martes,2020-04-14 19:30:00,709.0
52,NARIÑO,52390,LA TOLA,52390013,AMÁRALES (LA TOLA - NARIÑO),2020,4,9766.0,2117.0,6870.0,miércoles,2020-04-08 19:00:00,613.0
52,NARIÑO,52390,LA TOLA,52390003,LA VIGÍA DE LA MAR (LA TOLA - NARIÑO),2020,4,6428.0,2565.0,34040.0,martes,2020-04-07 00:30:00,754.0
52,NARIÑO,52390,LA TOLA,52390009,MULATOS (LA TOLA - NARIÑO),2020,4,3932.0,2249.0,3850.0,lunes,2020-04-20 17:45:00,547.0
52,NARIÑO,52390,LA TOLA,52390016,SAN PABLO DEL MAR (LA TOLA - NARIÑO),2020,4,4908.0,1168.0,30850.0,domingo,2020-04-05 19:00:00,633.0
52,NARIÑO,52490,OLAYA HERRERA,52490913,BOCA DE PRIETA (OLAYA HERRERA - NARIÑO),2020,4,4257.0,8530.0,22680.0,lunes,2020-04-13 19:00:00,71.0
52,NARIÑO,52490,OLAYA HERRERA,52490008,SAN JOSÉ CALABAZAL (OLAYA HERRERA - NARIÑO),2020,4,6747.0,2047.0,45650.0,miércoles,2020-04-08 19:15:00,554.0
52,NARIÑO,52835,SAN ANDRÉS DE TUMACO,52835055,BOCAS DE CURAY (TUMACO - NARIÑO),2020,4,7703.0,1303.0,5760.0,miércoles,2020-04-08 19:15:00,606.0
52,NARIÑO,52835,SAN ANDRÉS DE TUMACO,52835016,PITAL DE LA COSTA (TUMACO - NARIÑO),2020,4,1875.0,10714.0,920.0,domingo,2020-04-19 19:45:00,844.0
52,NARIÑO,52835,SAN ANDRÉS DE TUMACO,52835212,PUEBLO NUEVO (TABLÓN SALADO) (TUMACO - NARIÑO),2020,4,2976.0,1064.0,17950.0,viernes,2020-04-03 19:00:00,659.0
52,NARIÑO,52835,SAN ANDRÉS DE TUMACO,52835217,SAN JUAN DE LA COSTA (SAN ANDRÉS DE TUMACO - NARIÑO),2020,4,32742.0,27695.0,14720.0,lunes,2020-04-27 18:45:00,1012.0
52,NARIÑO,52696,SANTA BÁRBARA (ISCUANDÉ),52696014,LA ENSENADA (SANTA BÁRBARA (ISCUANDÉ) - NARIÑO),2020,4,3919.0,5273.0,25920.0,sábado,2020-04-18 19:30:00,553.0
52,NARIÑO,52696,SANTA BÁRBARA (ISCUANDÉ),52696017,SANTA RITA (SANTA BARBARA (ISCUANDÉ) - NARIÑO),2020,4,8035.0,4377.0,3820.0,jueves,2020-04-30 19:15:00,841.0
86,PUTUMAYO,86573,PUERTO LEGUÍZAMO,86573009,PIÑUÑA NEGRO (PUERTO LEGUÍZAMO - PUTUMAYO),2020,4,2734.0,1311.0,2240.0,domingo,2020-04-26 20:45:00,508.0
86,PUTUMAYO,86573,PUERTO LEGUÍZAMO,86573000,PUERTO LEGUÍZAMO (PUERTO LEGUÍZAMO - PUTUMAYO),2020,4,833519.0,267292.0,168001.0,martes,2020-04-14 15:30:00,24.0
76,VALLE DEL CAUCA,76109,BUENAVENTURA,76109028,PUERTO MERIZALDE (BUENAVENTURA - VALLE DEL CAUCA),2020,4,42249.0,12924.0,287940.0,jueves,2020-04-30 18:15:00,628.0
76,VALLE DEL CAUCA,76109,BUENAVENTURA,76109032,SAN FRANCISCO NAYA (BUENAVENTURA - VALLE DEL CAUCA),2020,4,5113.0,396.0,35580.0,sábado,2020-04-18 18:15:00,557.0
97,VAUPÉS,97161,CARURÚ,97161000,CARURÚ (CARURÚ - VAUPÉS),2020,4,21995.0,7588.0,90640.0,jueves,2020-04-16 18:45:00,1217.0
97,VAUPÉS,97001,MITÚ,97001000,MITÚ (MITÚ - VAUPÉS),2020,4,7576.0,348708.0,259428.0,martes,2020-04-14 23:45:00,2359.0
97,VAUPÉS,97666,TARAIRA,97666000,TARAIRA (TARAIRA - VAUPÉS),2020,4,21427.0,6856.0,122580.0,jueves,2020-04-16 00:30:00,757.0
99,VICHADA,99773,CUMARIBO,99773000,CUMARIBO (CUMARIBO - VICHADA),2020,4,236561.0,102642.0,5500.0,lunes,2020-04-27 13:15:00,2029.0
99,VICHADA,99524,LA PRIMAVERA,99524000,LA PRIMAVERA (LA PRIMAVERA - VICHADA),2020,4,320306.0,163912.0,662820.0,lunes,2020-04-27 18:45:00,2351.0
99,VICHADA,99001,PUERTO CARREÑO,99001002,CASUARITO (PUERTO CARREÑO - VICHADA),2020,4,24497.0,13891.0,125140.0,lunes,2020-04-27 19:45:00,824.0
99,VICHADA,99001,PUERTO CARREÑO,99001000,PUERTO CARREÑO (PUERTO CARREÑO - VICHADA),2020,4,7576.0,712643.0,417208.0,lunes,2020-04-27 21:45:00,2359.0
99,VICHADA,99624,SANTA ROSALÍA,99624000,SANTA ROSALÍA (SANTA ROSALÍA - VICHADA),2020,4,132805.0,69588.0,317330.0,lunes,2020-04-27 19:45:00,1959.0
91,AMAZONAS,91001,LETICIA,91001000,LETICIA (LETICIA - AMAZONAS),2020,5,7576.0,4650.0,582955.0,lunes,2020-05-11 18:30:00,852.0
91,AMAZONAS,91540,PUERTO NARIÑO,91540000,PUERTO NARIÑO (PUERTO NARIÑO - AMAZONAS),2020,5,87291.0,29943.0,19730.0,lunes,2020-05-11 18:45:00,24.0
91,AMAZONAS,91798,TARAPACÁ (ANM),91798000,TARAPACÁ (TARAPACÁ (ANM) - AMAZONAS),2020,5,2159.0,8699.0,83140.0,viernes,2020-05-01 18:45:00,1015.0
5,ANTIOQUIA,5873,VIGÍA DEL FUERTE,5873002,VEGÁEZ (VIGÍA DEL FUERTE - ANTIOQUIA),2020,5,629.0,8460.0,55230.0,lunes,2020-05-04 18:00:00,627.0
5,ANTIOQUIA,5873,VIGÍA DEL FUERTE,5873000,VIGÍA DEL FUERTE (VIGÍA DEL FUERTE - ANTIOQUIA),2020,5,89878.0,32959.0,304130.0,lunes,2020-05-18 13:15:00,1134.0
88,"ARCHIPIÉLAGO DE SAN ANDRÉS, PROVIDENCIA Y SANTA CATALINA",88564,PROVIDENCIA,88564000,PROVIDENCIA (PROVIDENCIA - ARCHIPIÉLAGO DE SAN ANDRÉS Y PROVIDENCIA),2020,5,989193.0,332232.0,158336.0,martes,2020-05-26 22:00:00,24.0
88,"ARCHIPIÉLAGO DE SAN ANDRÉS, PROVIDENCIA Y SANTA CATALINA",88001,SAN ANDRÉS,88001000,SAN ANDRÉS (SAN ANDRÉS - ARCHIPIÉLAGO DE SAN ANDRÉS Y PROVIDENCIA),2020,5,7576.0,4650.0,2009152.0,martes,2020-05-26 23:30:00,24.0
13,BOLÍVAR,13001,CARTAGENA DE INDIAS,13001007,ISLA FUERTE (CARTAGENA DE INDIAS - BOLÍVAR),2020,5,12198.0,6757.0,120640.0,martes,2020-05-26 15:45:00,358.0
13,BOLÍVAR,13001,CARTAGENA DE INDIAS,13001037,ISLA MÚCURA (CARTAGENA DE INDIAS - BOLÍVAR),2020,5,7325.0,3032.0,25060.0,lunes,2020-05-25 21:30:00,1228.0
18,CAQUETÁ,18150,CARTAGENA DEL CHAIRÁ,18150001,REMOLINO DEL CAGUÁN (CARTAGENA DEL CHAIRA - CAQUETÁ),2020,5,14773.0,7473.0,74740.0,jueves,2020-05-14 19:30:00,821.0
18,CAQUETÁ,18753,SAN VICENTE DEL CAGUÁN,18753009,PUERTO BETANIA (SAN VICENTE DEL CAGUÁN - CAQUETÁ),2020,5,4388.0,1763.0,4120.0,sábado,2020-05-23 20:00:00,456.0
85,CASANARE,85430,TRINIDAD,85430001,BOCAS DEL PAUTO (TRINIDAD - CASANARE),2020,5,13855.0,7993.0,93120.0,sábado,2020-05-23 18:30:00,627.0
19,CAUCA,19418,LÓPEZ DE MICAY,19418038,ISLA DE GALLO (LÓPEZ DE MICAY - CAUCA),2020,5,3648.0,1191.0,2730.0,miércoles,2020-05-13 19:30:00,537.0
19,CAUCA,19418,LÓPEZ DE MICAY,19418019,ZARAGOZA (LOPEZ DE MICAY - CAUCA),2020,5,899.0,3802.0,55390.0,domingo,2020-05-03 18:30:00,711.0
19,CAUCA,19809,TIMBIQUÍ,19809014,CHACÓN (TIMBIQUÍ - CAUCA),2020,5,3194.0,5110.0,24770.0,lunes,2020-05-18 19:15:00,458.0
19,CAUCA,19809,TIMBIQUÍ,19809010,COMUNIDAD DE CHETE (TIMBIQUÍ - CAUCA),2020,5,6822.0,1993.0,41860.0,miércoles,2020-05-06 18:45:00,629.0
19,CAUCA,19809,TIMBIQUÍ,19809003,COTEJE (TIMBIQUÍ - CAUCA),2020,5,6713.0,3756.0,34520.0,viernes,2020-05-08 19:45:00,718.0
19,CAUCA,19809,TIMBIQUÍ,19809023,PUERTO SAIJA (TIMBIQUÍ - CAUCA),2020,5,2667.0,9025.0,187090.0,miércoles,2020-05-06 19:30:00,622.0
19,CAUCA,19809,TIMBIQUÍ,19809007,SAN JOSÉ (TIMBIQUÍ - CAUCA),2020,5,6603.0,4117.0,44420.0,miércoles,2020-05-27 18:45:00,532.0
19,CAUCA,19809,TIMBIQUÍ,19809008,SANTA MARÍA (TIMBIQUÍ - CAUCA),2020,5,12512.0,4555.0,80060.0,martes,2020-05-26 18:45:00,629.0
27,CHOCÓ,27006,ACANDÍ,27006000,ACANDÍ (ACANDÍ - CHOCÓ),2020,5,437454.0,187343.0,104368.0,jueves,2020-05-28 21:30:00,1814.0
27,CHOCÓ,27006,ACANDÍ,27006003,CAPURGANÁ (ACANDÍ - CHOCO),2020,5,220933.0,93698.0,482590.0,sábado,2020-05-02 22:00:00,1907.0
27,CHOCÓ,27025,ALTO BAUDÓ (PIE DE PATO),27025000,CIUDAD BAUDÓ - PIE DE PATO (ALTO BAUDÓ - CHOCÓ),2020,5,43107.0,12292.0,130150.0,jueves,2020-05-21 19:15:00,1513.0
27,CHOCÓ,27075,BAHÍA SOLANO (MUTIS),27075000,CIUDAD MUTIS (BAHÍA SOLANO - CHOCÓ),2020,5,599459.0,246004.0,11.0,jueves,2020-05-07 19:45:00,2358.0
27,CHOCÓ,27075,BAHÍA SOLANO (MUTIS),27075001,CUPICA (BAHÍA SOLANO - CHOCÓ),2020,5,61108.0,24351.0,132360.0,miércoles,2020-05-13 19:00:00,2306.0
27,CHOCÓ,27075,BAHÍA SOLANO (MUTIS),27075002,EL VALLE (BAHÍA SOLANO - CHOCÓ),2020,5,139418.0,59727.0,296470.0,sábado,2020-05-09 19:00:00,2337.0
27,CHOCÓ,27077,BAJO BAUDÓ (PIZARRO),27077000,PIZARRO (BAJO BAUDÓ (PIZARRO) - CHOCÓ),2020,5,196794.0,90691.0,411310.0,lunes,2020-05-04 19:15:00,2239.0
27,CHOCÓ,27099,BOJAYÁ (BELLAVISTA),27099000,BELLAVISTA (BOJAYÁ (BELLAVISTA) - CHOCÓ),2020,5,83271.0,31079.0,237210.0,martes,2020-05-26 18:45:00,1602.0
27,CHOCÓ,27099,BOJAYÁ (BELLAVISTA),27099002,LA LOMA DE BOJAYÁ (BOJAYÁ (BELLAVISTA) - CHOCÓ),2020,5,12586.0,5065.0,7040.0,lunes,2020-05-25 19:00:00,815.0
27,CHOCÓ,27099,BOJAYÁ (BELLAVISTA),27099005,NAPIPÍ (BOJAYÁ (BELLAVISTA) - CHOCÓ),2020,5,777.0,2033.0,6080.0,viernes,2020-05-22 19:45:00,455.0
27,CHOCÓ,27250,EL LITORAL DEL SAN JUAN,27250000,SANTA GENOVEVA DE DOCORDÓ (EL LITORAL DEL SAN JUAN - CHOCÓ),2020,5,61706.0,31729.0,153250.0,sábado,2020-05-23 19:15:00,1622.0
27,CHOCÓ,27425,MEDIO ATRATO (BETÉ),27425000,BETÉ (MEDIO ATRATO (BETÉ) - CHOCÓ),2020,5,12887.0,549.0,680.0,lunes,2020-05-04 19:45:00,1011.0
27,CHOCÓ,27425,MEDIO ATRATO (BETÉ),27425008,SAN ROQUE (MEDIO ATRATO (BETÉ) - CHOCÓ),2020,5,2801.0,5420.0,29620.0,domingo,2020-05-31 19:30:00,348.0
27,CHOCÓ,27495,NUQUÍ,27495001,ARUSÍ (NUQUÍ - CHOCO),2020,5,10291.0,408.0,5280.0,miércoles,2020-05-06 18:30:00,8.0
27,CHOCÓ,27495,NUQUÍ,27495912,COMUNIDAD INDÍGENA DE PANGUÍ - EL YUCAL (NUQUÍ - CHOCÓ),2020,5,6546.0,1603.0,11330.0,sábado,2020-05-30 18:15:00,2134.0
27,CHOCÓ,27495,NUQUÍ,27495000,NUQUÍ (NUQUÍ - CHOCÓ),2020,5,222546.0,71853.0,46710.0,miércoles,2020-05-13 19:30:00,2156.0
27,CHOCÓ,27001,QUIBDÓ,27001029,TAGACHI (QUIBDÓ - CHOCÓ),2020,5,6205.0,1363.0,5340.0,sábado,2020-05-02 20:15:00,434.0
27,CHOCÓ,27745,SIPÍ,27745000,SIPÍ (SIPÍ - CHOCO),2020,5,1045.0,2798.0,7920.0,lunes,2020-05-25 19:00:00,521.0
27,CHOCÓ,27800,UNGUÍA,27800001,BALBOA (UNGUÍA - CHOCÓ),2020,5,15548.0,6334.0,75070.0,viernes,2020-05-22 20:00:00,805.0
27,CHOCÓ,27800,UNGUÍA,27800005,TITUMATE (UNGUÍA - CHOCÓ),2020,5,10671.0,3799.0,65740.0,domingo,2020-05-24 20:00:00,63.0
27,CHOCÓ,27800,UNGUÍA,27800000,UNGUÍA (UNGUÍA - CHOCÓ),2020,5,270445.0,94747.0,797720.0,lunes,2020-05-25 20:45:00,1612.0
94,GUAINÍA,94343,BARRANCOMINAS,94343000,BARRANCOMINAS (BARRANCOMINAS - GUAINÍA),2020,5,36573.0,11609.0,1440.0,miércoles,2020-05-20 18:30:00,1004.0
94,GUAINÍA,94001,INÍRIDA,94001000,INÍRIDA (INÍRIDA - GUAINÍA),2020,5,7576.0,48807.0,2706.0,jueves,2020-05-21 14:30:00,24.0
95,GUAVIARE,95200,MIRAFLORES,95200000,MIRAFLORES (MIRAFLORES - GUAVIARE),2020,5,77588.0,26796.0,186120.0,viernes,2020-05-29 18:15:00,1857.0
44,LA GUAJIRA,44847,URIBIA,44847012,NAZARETH (URIBIA - LA GUAJIRA),2020,5,27489.0,11593.0,240240.0,martes,2020-05-12 19:00:00,536.0
47,MAGDALENA,47189,CIÉNAGA,47189018,PALMOR (CIÉNAGA - MAGDALENA),2020,5,51375.0,19515.0,159870.0,sábado,2020-05-02 19:00:00,1517.0
50,META,50325,MAPIRIPÁN,50325000,MAPIRIPÁN (MAPIRIPÁN - META),2020,5,134889.0,55455.0,26180.0,lunes,2020-05-11 19:00:00,235.0
52,NARIÑO,52250,EL CHARCO,52250023,BAZÁN (EL CHARCO - NARIÑO),2020,5,19902.0,12779.0,11040.0,viernes,2020-05-22 19:30:00,704.0
52,NARIÑO,52250,EL CHARCO,52250007,SAN JOSÉ DEL TAPAJE (EL CHARCO - NARIÑO),2020,5,1635.0,3784.0,960.0,miércoles,2020-05-06 20:00:00,715.0
52,NARIÑO,52390,LA TOLA,52390013,AMÁRALES (LA TOLA - NARIÑO),2020,5,9895.0,2162.0,64290.0,jueves,2020-05-07 19:45:00,63.0
52,NARIÑO,52390,LA TOLA,52390003,LA VIGÍA DE LA MAR (LA TOLA - NARIÑO),2020,5,6305.0,2716.0,3360.0,miércoles,2020-05-06 19:00:00,739.0
52,NARIÑO,52490,OLAYA HERRERA,52490913,BOCA DE PRIETA (OLAYA HERRERA - NARIÑO),2020,5,4208.0,7640.0,21650.0,lunes,2020-05-11 18:45:00,709.0
52,NARIÑO,52490,OLAYA HERRERA,52490008,SAN JOSÉ CALABAZAL (OLAYA HERRERA - NARIÑO),2020,5,6378.0,2088.0,43970.0,lunes,2020-05-11 18:30:00,521.0
52,NARIÑO,52835,SAN ANDRÉS DE TUMACO,52835055,BOCAS DE CURAY (TUMACO - NARIÑO),2020,5,889.0,1549.0,5280.0,domingo,2020-05-03 23:15:00,705.0
52,NARIÑO,52835,SAN ANDRÉS DE TUMACO,52835016,PITAL DE LA COSTA (TUMACO - NARIÑO),2020,5,14058.0,8041.0,840.0,jueves,2020-05-14 19:00:00,706.0
52,NARIÑO,52835,SAN ANDRÉS DE TUMACO,52835212,PUEBLO NUEVO (TABLÓN SALADO) (TUMACO - NARIÑO),2020,5,3771.0,1381.0,18560.0,jueves,2020-05-07 18:30:00,854.0
52,NARIÑO,52835,SAN ANDRÉS DE TUMACO,52835217,SAN JUAN DE LA COSTA (SAN ANDRÉS DE TUMACO - NARIÑO),2020,5,32946.0,27958.0,15040.0,viernes,2020-05-15 19:00:00,1017.0
52,NARIÑO,52696,SANTA BÁRBARA (ISCUANDÉ),52696014,LA ENSENADA (SANTA BÁRBARA (ISCUANDÉ) - NARIÑO),2020,5,3882.0,5491.0,24830.0,lunes,2020-05-04 19:00:00,558.0
52,NARIÑO,52696,SANTA BÁRBARA (ISCUANDÉ),52696017,SANTA RITA (SANTA BARBARA (ISCUANDÉ) - NARIÑO),2020,5,6954.0,3632.0,37960.0,viernes,2020-05-15 20:00:00,709.0
86,PUTUMAYO,86573,PUERTO LEGUÍZAMO,86573009,PIÑUÑA NEGRO (PUERTO LEGUÍZAMO - PUTUMAYO),2020,5,2729.0,1322.0,2240.0,domingo,2020-05-31 21:15:00,507.0
86,PUTUMAYO,86573,PUERTO LEGUÍZAMO,86573000,PUERTO LEGUÍZAMO (PUERTO LEGUÍZAMO - PUTUMAYO),2020,5,831672.0,271979.0,160063.0,jueves,2020-05-28 15:00:00,24.0
76,VALLE DEL CAUCA,76109,BUENAVENTURA,76109032,SAN FRANCISCO NAYA (BUENAVENTURA - VALLE DEL CAUCA),2020,5,5744.0,3439.0,32060.0,sábado,2020-05-09 19:00:00,718.0
97,VAUPÉS,97161,CARURÚ,97161000,CARURÚ (CARURÚ - VAUPÉS),2020,5,1931.0,6265.0,7330.0,sábado,2020-05-09 18:45:00,1207.0
97,VAUPÉS,97001,MITÚ,97001000,MITÚ (MITÚ - VAUPÉS),2020,5,7576.0,363933.0,265832.0,martes,2020-05-12 00:00:00,24.0
97,VAUPÉS,97666,TARAIRA,97666000,TARAIRA (TARAIRA - VAUPÉS),2020,5,25837.0,8139.0,108770.0,viernes,2020-05-01 13:00:00,94.0
99,VICHADA,99773,CUMARIBO,99773000,CUMARIBO (CUMARIBO - VICHADA),2020,5,238166.0,103616.0,556160.0,martes,2020-05-12 13:15:00,2023.0
99,VICHADA,99524,LA PRIMAVERA,99524000,LA PRIMAVERA (LA PRIMAVERA - VICHADA),2020,5,329807.0,163079.0,675940.0,martes,2020-05-19 18:30:00,2329.0
99,VICHADA,99001,PUERTO CARREÑO,99001002,CASUARITO (PUERTO CARREÑO - VICHADA),2020,5,2527.0,14477.0,12320.0,martes,2020-05-12 19:45:00,852.0
99,VICHADA,99001,PUERTO CARREÑO,99001000,PUERTO CARREÑO (PUERTO CARREÑO - VICHADA),2020,5,7576.0,740233.0,427416.0,martes,2020-05-12 20:45:00,24.0
91,AMAZONAS,91001,LETICIA,91001000,LETICIA (LETICIA - AMAZONAS),2020,6,7576.0,4650.0,603004.0,miércoles,2020-06-24 18:15:00,24.0
91,AMAZONAS,91540,PUERTO NARIÑO,91540000,PUERTO NARIÑO (PUERTO NARIÑO - AMAZONAS),2020,6,78493.0,29097.0,177760.0,martes,2020-06-23 18:30:00,24.0
91,AMAZONAS,91798,TARAPACÁ (ANM),91798000,TARAPACÁ (TARAPACÁ (ANM) - AMAZONAS),2020,6,2101.0,8908.0,84140.0,miércoles,2020-06-10 18:45:00,358.0
5,ANTIOQUIA,5873,VIGÍA DEL FUERTE,5873002,VEGÁEZ (VIGÍA DEL FUERTE - ANTIOQUIA),2020,6,5923.0,7220.0,4650.0,jueves,2020-06-18 21:00:00,1228.0
88,"ARCHIPIÉLAGO DE SAN ANDRÉS, PROVIDENCIA Y SANTA CATALINA",88564,PROVIDENCIA,88564000,PROVIDENCIA (PROVIDENCIA - ARCHIPIÉLAGO DE SAN ANDRÉS Y PROVIDENCIA),2020,6,933652.0,309808.0,158537.0,lunes,2020-06-08 22:45:00,821.0
88,"ARCHIPIÉLAGO DE SAN ANDRÉS, PROVIDENCIA Y SANTA CATALINA",88001,SAN ANDRÉS,88001000,SAN ANDRÉS (SAN ANDRÉS - ARCHIPIÉLAGO DE SAN ANDRÉS Y PROVIDENCIA),2020,6,7576.0,4650.0,2065963.0,lunes,2020-06-08 23:30:00,456.0
13,BOLÍVAR,13001,CARTAGENA DE INDIAS,13001007,ISLA FUERTE (CARTAGENA DE INDIAS - BOLÍVAR),2020,6,12267.0,6863.0,120720.0,martes,2020-06-16 14:30:00,627.0
13,BOLÍVAR,13001,CARTAGENA DE INDIAS,13001037,ISLA MÚCURA (CARTAGENA DE INDIAS - BOLÍVAR),2020,6,721.0,2949.0,23140.0,domingo,2020-06-07 20:30:00,537.0
18,CAQUETÁ,18150,CARTAGENA DEL CHAIRÁ,18150001,REMOLINO DEL CAGUÁN (CARTAGENA DEL CHAIRA - CAQUETÁ),2020,6,13591.0,6778.0,74410.0,sábado,2020-06-13 19:00:00,309.0
18,CAQUETÁ,18753,SAN VICENTE DEL CAGUÁN,18753002,GUACAMAYAS (SAN VICENTE DEL CAGUÁN - CAQUETÁ),2020,6,2236.0,8460.0,3660.0,sábado,2020-06-27 20:00:00,526.0
18,CAQUETÁ,18753,SAN VICENTE DEL CAGUÁN,18753009,PUERTO BETANIA (SAN VICENTE DEL CAGUÁN - CAQUETÁ),2020,6,4664.0,1944.0,38960.0,jueves,2020-06-25 19:30:00,711.0
85,CASANARE,85430,TRINIDAD,85430001,BOCAS DEL PAUTO (TRINIDAD - CASANARE),2020,6,9236.0,5212.0,87420.0,lunes,2020-06-01 18:30:00,458.0
19,CAUCA,19418,LÓPEZ DE MICAY,19418038,ISLA DE GALLO (LÓPEZ DE MICAY - CAUCA),2020,6,3463.0,1191.0,24960.0,viernes,2020-06-19 18:30:00,629.0
19,CAUCA,19418,LÓPEZ DE MICAY,19418019,ZARAGOZA (LOPEZ DE MICAY - CAUCA),2020,6,7756.0,3427.0,48830.0,domingo,2020-06-21 20:30:00,718.0
19,CAUCA,19809,TIMBIQUÍ,19809014,CHACÓN (TIMBIQUÍ - CAUCA),2020,6,3453.0,6150.0,25310.0,jueves,2020-06-11 19:30:00,306.0
19,CAUCA,19809,TIMBIQUÍ,19809010,COMUNIDAD DE CHETE (TIMBIQUÍ - CAUCA),2020,6,6797.0,2029.0,40640.0,domingo,2020-06-07 19:45:00,622.0
19,CAUCA,19809,TIMBIQUÍ,19809003,COTEJE (TIMBIQUÍ - CAUCA),2020,6,6029.0,3486.0,33160.0,martes,2020-06-23 19:15:00,532.0
19,CAUCA,19809,TIMBIQUÍ,19809023,PUERTO SAIJA (TIMBIQUÍ - CAUCA),2020,6,27081.0,9553.0,164380.0,lunes,2020-06-22 19:15:00,629.0
19,CAUCA,19809,TIMBIQUÍ,19809007,SAN JOSÉ (TIMBIQUÍ - CAUCA),2020,6,7795.0,4715.0,45720.0,sábado,2020-06-27 19:15:00,1814.0
19,CAUCA,19809,TIMBIQUÍ,19809008,SANTA MARÍA (TIMBIQUÍ - CAUCA),2020,6,11476.0,4268.0,7520.0,viernes,2020-06-26 19:00:00,1907.0
27,CHOCÓ,27006,ACANDÍ,27006000,ACANDÍ (ACANDÍ - CHOCÓ),2020,6,406862.0,180889.0,100672.0,martes,2020-06-09 20:45:00,1513.0
27,CHOCÓ,27025,ALTO BAUDÓ (PIE DE PATO),27025000,CIUDAD BAUDÓ - PIE DE PATO (ALTO BAUDÓ - CHOCÓ),2020,6,2452.0,7004.0,126020.0,viernes,2020-06-05 18:45:00,2358.0
27,CHOCÓ,27075,BAHÍA SOLANO (MUTIS),27075000,CIUDAD MUTIS (BAHÍA SOLANO - CHOCÓ),2020,6,567225.0,227852.0,106656.0,miércoles,2020-06-17 19:15:00,2306.0
27,CHOCÓ,27075,BAHÍA SOLANO (MUTIS),27075001,CUPICA (BAHÍA SOLANO - CHOCÓ),2020,6,56575.0,23748.0,123880.0,sábado,2020-06-06 19:30:00,2337.0
27,CHOCÓ,27075,BAHÍA SOLANO (MUTIS),27075002,EL VALLE (BAHÍA SOLANO - CHOCÓ),2020,6,132657.0,56987.0,295150.0,jueves,2020-06-18 19:30:00,2239.0
27,CHOCÓ,27077,BAJO BAUDÓ (PIZARRO),27077000,PIZARRO (BAJO BAUDÓ (PIZARRO) - CHOCÓ),2020,6,179367.0,83558.0,374880.0,lunes,2020-06-08 19:30:00,1602.0
27,CHOCÓ,27099,BOJAYÁ (BELLAVISTA),27099000,BELLAVISTA (BOJAYÁ (BELLAVISTA) - CHOCÓ),2020,6,62232.0,2338.0,214310.0,jueves,2020-06-18 19:30:00,815.0
27,CHOCÓ,27099,BOJAYÁ (BELLAVISTA),27099002,LA LOMA DE BOJAYÁ (BOJAYÁ (BELLAVISTA) - CHOCÓ),2020,6,1097.0,4317.0,6720.0,lunes,2020-06-08 19:00:00,455.0
27,CHOCÓ,27099,BOJAYÁ (BELLAVISTA),27099005,NAPIPÍ (BOJAYÁ (BELLAVISTA) - CHOCÓ),2020,6,9297.0,2378.0,6080.0,sábado,2020-06-27 19:30:00,24.0
27,CHOCÓ,27250,EL LITORAL DEL SAN JUAN,27250000,SANTA GENOVEVA DE DOCORDÓ (EL LITORAL DEL SAN JUAN - CHOCÓ),2020,6,57867.0,29566.0,16210.0,lunes,2020-06-01 19:45:00,1622.0
27,CHOCÓ,27425,MEDIO ATRATO (BETÉ),27425000,BETÉ (MEDIO ATRATO (BETÉ) - CHOCÓ),2020,6,13034.0,5977.0,720.0,martes,2020-06-30 19:15:00,1011.0
27,CHOCÓ,27495,NUQUÍ,27495001,ARUSÍ (NUQUÍ - CHOCO),2020,6,966.0,3706.0,5120.0,lunes,2020-06-15 19:45:00,348.0
27,CHOCÓ,27495,NUQUÍ,27495000,NUQUÍ (NUQUÍ - CHOCÓ),2020,6,226027.0,73899.0,458660.0,lunes,2020-06-08 19:15:00,8.0
27,CHOCÓ,27745,SIPÍ,27745000,SIPÍ (SIPÍ - CHOCO),2020,6,10264.0,3066.0,7920.0,martes,2020-06-02 19:00:00,2134.0
27,CHOCÓ,27800,UNGUÍA,27800001,BALBOA (UNGUÍA - CHOCÓ),2020,6,1536.0,6198.0,7940.0,sábado,2020-06-27 19:45:00,2156.0
27,CHOCÓ,27800,UNGUÍA,27800005,TITUMATE (UNGUÍA - CHOCÓ),2020,6,11312.0,383.0,69340.0,lunes,2020-06-08 19:30:00,434.0
27,CHOCÓ,27800,UNGUÍA,27800000,UNGUÍA (UNGUÍA - CHOCÓ),2020,6,278054.0,9675.0,84480.0,lunes,2020-06-08 20:15:00,521.0
94,GUAINÍA,94343,BARRANCOMINAS,94343000,BARRANCOMINAS (BARRANCOMINAS - GUAINÍA),2020,6,37614.0,13589.0,160620.0,viernes,2020-06-12 15:00:00,805.0
94,GUAINÍA,94001,INÍRIDA,94001000,INÍRIDA (INÍRIDA - GUAINÍA),2020,6,7576.0,468211.0,260832.0,miércoles,2020-06-10 14:45:00,63.0
95,GUAVIARE,95200,MIRAFLORES,95200000,MIRAFLORES (MIRAFLORES - GUAVIARE),2020,6,74017.0,25832.0,190080.0,lunes,2020-06-29 19:45:00,1612.0
44,LA GUAJIRA,44847,URIBIA,44847012,NAZARETH (URIBIA - LA GUAJIRA),2020,6,26493.0,12006.0,212880.0,martes,2020-06-16 19:30:00,1004.0
47,MAGDALENA,47189,CIÉNAGA,47189018,PALMOR (CIÉNAGA - MAGDALENA),2020,6,67761.0,29907.0,129220.0,jueves,2020-06-18 20:45:00,24.0
50,META,50325,MAPIRIPÁN,50325000,MAPIRIPÁN (MAPIRIPÁN - META),2020,6,129916.0,54282.0,271040.0,martes,2020-06-09 18:45:00,1857.0
52,NARIÑO,52250,EL CHARCO,52250007,SAN JOSÉ DEL TAPAJE (EL CHARCO - NARIÑO),2020,6,16652.0,3626.0,880.0,lunes,2020-06-22 18:00:00,536.0
52,NARIÑO,52390,LA TOLA,52390013,AMÁRALES (LA TOLA - NARIÑO),2020,6,9999.0,2415.0,62590.0,lunes,2020-06-01 18:45:00,1517.0
52,NARIÑO,52390,LA TOLA,52390003,LA VIGÍA DE LA MAR (LA TOLA - NARIÑO),2020,6,6257.0,2773.0,320.0,lunes,2020-06-15 00:30:00,235.0
52,NARIÑO,52390,LA TOLA,52390009,MULATOS (LA TOLA - NARIÑO),2020,6,4015.0,2119.0,35780.0,miércoles,2020-06-03 18:45:00,704.0
52,NARIÑO,52490,OLAYA HERRERA,52490913,BOCA DE PRIETA (OLAYA HERRERA - NARIÑO),2020,6,4797.0,9620.0,23660.0,miércoles,2020-06-10 17:00:00,715.0
52,NARIÑO,52490,OLAYA HERRERA,52490008,SAN JOSÉ CALABAZAL (OLAYA HERRERA - NARIÑO),2020,6,6153.0,1986.0,42820.0,miércoles,2020-06-03 19:00:00,63.0
52,NARIÑO,52835,SAN ANDRÉS DE TUMACO,52835055,BOCAS DE CURAY (TUMACO - NARIÑO),2020,6,873.0,1646.0,5280.0,domingo,2020-06-28 00:00:00,739.0
52,NARIÑO,52835,SAN ANDRÉS DE TUMACO,52835012,CHAJAL (TUMACO - NARIÑO),2020,6,3043.0,8930.0,130590.0,lunes,2020-06-01 19:00:00,614.0
52,NARIÑO,52835,SAN ANDRÉS DE TUMACO,52835016,PITAL DE LA COSTA (TUMACO - NARIÑO),2020,6,18059.0,10339.0,840.0,martes,2020-06-02 00:45:00,709.0
52,NARIÑO,52835,SAN ANDRÉS DE TUMACO,52835212,PUEBLO NUEVO (TABLÓN SALADO) (TUMACO - NARIÑO),2020,6,4504.0,1674.0,18460.0,sábado,2020-06-06 19:00:00,521.0
52,NARIÑO,52835,SAN ANDRÉS DE TUMACO,52835217,SAN JUAN DE LA COSTA (SAN ANDRÉS DE TUMACO - NARIÑO),2020,6,29442.0,23809.0,15040.0,jueves,2020-06-25 18:45:00,705.0
52,NARIÑO,52696,SANTA BÁRBARA (ISCUANDÉ),52696014,LA ENSENADA (SANTA BÁRBARA (ISCUANDÉ) - NARIÑO),2020,6,292.0,4791.0,22690.0,martes,2020-06-02 18:45:00,706.0
52,NARIÑO,52696,SANTA BÁRBARA (ISCUANDÉ),52696017,SANTA RITA (SANTA BARBARA (ISCUANDÉ) - NARIÑO),2020,6,5143.0,277.0,36920.0,lunes,2020-06-08 19:30:00,854.0
86,PUTUMAYO,86573,PUERTO LEGUÍZAMO,86573009,PIÑUÑA NEGRO (PUERTO LEGUÍZAMO - PUTUMAYO),2020,6,2615.0,1329.0,2560.0,sábado,2020-06-06 20:45:00,1017.0
86,PUTUMAYO,86573,PUERTO LEGUÍZAMO,86573000,PUERTO LEGUÍZAMO (PUERTO LEGUÍZAMO - PUTUMAYO),2020,6,838501.0,286225.0,175718.0,miércoles,2020-06-10 23:00:00,558.0
76,VALLE DEL CAUCA,76109,BUENAVENTURA,76109028,PUERTO MERIZALDE (BUENAVENTURA - VALLE DEL CAUCA),2020,6,32761.0,1124.0,258370.0,viernes,2020-06-19 19:30:00,709.0
76,VALLE DEL CAUCA,76109,BUENAVENTURA,76109032,SAN FRANCISCO NAYA (BUENAVENTURA - VALLE DEL CAUCA),2020,6,5273.0,1835.0,29470.0,lunes,2020-06-15 19:30:00,507.0
97,VAUPÉS,97161,CARURÚ,97161000,CARURÚ (CARURÚ - VAUPÉS),2020,6,19281.0,5925.0,73920.0,martes,2020-06-16 19:15:00,24.0
97,VAUPÉS,97001,MITÚ,97001000,MITÚ (MITÚ - VAUPÉS),2020,6,7576.0,352911.0,256784.0,miércoles,2020-06-10 23:30:00,718.0
97,VAUPÉS,97666,TARAIRA,97666000,TARAIRA (TARAIRA - VAUPÉS),2020,6,26263.0,8362.0,114660.0,viernes,2020-06-05 18:45:00,1207.0
99,VICHADA,99773,CUMARIBO,99773000,CUMARIBO (CUMARIBO - VICHADA),2020,6,227599.0,100665.0,51920.0,viernes,2020-06-05 15:45:00,24.0
99,VICHADA,99524,LA PRIMAVERA,99524000,LA PRIMAVERA (LA PRIMAVERA - VICHADA),2020,6,307214.0,152062.0,634870.0,miércoles,2020-06-03 19:30:00,94.0
99,VICHADA,99001,PUERTO CARREÑO,99001002,CASUARITO (PUERTO CARREÑO - VICHADA),2020,6,22685.0,13339.0,11070.0,jueves,2020-06-25 20:00:00,2023.0
99,VICHADA,99001,PUERTO CARREÑO,99001000,PUERTO CARREÑO (PUERTO CARREÑO - VICHADA),2020,6,7576.0,684594.0,4004.0,jueves,2020-06-04 14:30:00,2329.0
91,AMAZONAS,91001,LETICIA,91001000,LETICIA (LETICIA - AMAZONAS),2020,7,7576.0,4650.0,627219.0,martes,2020-07-21 14:30:00,24.0
91,AMAZONAS,91540,PUERTO NARIÑO,91540000,PUERTO NARIÑO (PUERTO NARIÑO - AMAZONAS),2020,7,92361.0,34983.0,190080.0,lunes,2020-07-06 18:45:00,2356.0
91,AMAZONAS,91798,TARAPACÁ (ANM),91798000,TARAPACÁ (TARAPACÁ (ANM) - AMAZONAS),2020,7,21229.0,9269.0,79650.0,martes,2020-07-14 18:30:00,1015.0
5,ANTIOQUIA,5873,VIGÍA DEL FUERTE,5873001,SAN ANTONIO DE PADUA (VIGÍA DEL FUERTE - ANTIOQUIA),2020,7,4317.0,1607.0,33730.0,sábado,2020-07-04 19:30:00,53.0
5,ANTIOQUIA,5873,VIGÍA DEL FUERTE,5873002,VEGÁEZ (VIGÍA DEL FUERTE - ANTIOQUIA),2020,7,5657.0,7070.0,42080.0,domingo,2020-07-05 18:15:00,625.0
5,ANTIOQUIA,5873,VIGÍA DEL FUERTE,5873000,VIGÍA DEL FUERTE (VIGÍA DEL FUERTE - ANTIOQUIA),2020,7,98335.0,35002.0,277020.0,jueves,2020-07-16 13:30:00,1334.0
88,"ARCHIPIÉLAGO DE SAN ANDRÉS, PROVIDENCIA Y SANTA CATALINA",88564,PROVIDENCIA,88564000,PROVIDENCIA (PROVIDENCIA - ARCHIPIÉLAGO DE SAN ANDRÉS Y PROVIDENCIA),2020,7,98981.0,329264.0,159884.0,martes,2020-07-21 14:45:00,24.0
88,"ARCHIPIÉLAGO DE SAN ANDRÉS, PROVIDENCIA Y SANTA CATALINA",88001,SAN ANDRÉS,88001000,SAN ANDRÉS (SAN ANDRÉS - ARCHIPIÉLAGO DE SAN ANDRÉS Y PROVIDENCIA),2020,7,7576.0,4650.0,2032135.0,viernes,2020-07-31 15:15:00,24.0
13,BOLÍVAR,13001,CARTAGENA DE INDIAS,13001007,ISLA FUERTE (CARTAGENA DE INDIAS - BOLÍVAR),2020,7,13415.0,7284.0,123210.0,viernes,2020-07-17 14:15:00,429.0
13,BOLÍVAR,13001,CARTAGENA DE INDIAS,13001037,ISLA MÚCURA (CARTAGENA DE INDIAS - BOLÍVAR),2020,7,7576.0,3263.0,23760.0,lunes,2020-07-13 22:00:00,1319.0
18,CAQUETÁ,18150,CARTAGENA DEL CHAIRÁ,18150001,REMOLINO DEL CAGUÁN (CARTAGENA DEL CHAIRA - CAQUETÁ),2020,7,15268.0,7834.0,78070.0,sábado,2020-07-18 19:45:00,81.0
18,CAQUETÁ,18753,SAN VICENTE DEL CAGUÁN,18753002,GUACAMAYAS (SAN VICENTE DEL CAGUÁN - CAQUETÁ),2020,7,11366.0,4808.0,37560.0,sábado,2020-07-18 19:15:00,1754.0
18,CAQUETÁ,18753,SAN VICENTE DEL CAGUÁN,18753009,PUERTO BETANIA (SAN VICENTE DEL CAGUÁN - CAQUETÁ),2020,7,4823.0,1912.0,42040.0,sábado,2020-07-25 19:00:00,51.0
85,CASANARE,85430,TRINIDAD,85430001,BOCAS DEL PAUTO (TRINIDAD - CASANARE),2020,7,12341.0,719.0,88190.0,jueves,2020-07-02 18:30:00,559.0
19,CAUCA,19418,LÓPEZ DE MICAY,19418038,ISLA DE GALLO (LÓPEZ DE MICAY - CAUCA),2020,7,3077.0,1059.0,23170.0,sábado,2020-07-25 19:15:00,509.0
19,CAUCA,19418,LÓPEZ DE MICAY,19418019,ZARAGOZA (LOPEZ DE MICAY - CAUCA),2020,7,9159.0,4007.0,53250.0,domingo,2020-07-19 19:30:00,734.0
19,CAUCA,19809,TIMBIQUÍ,19809014,CHACÓN (TIMBIQUÍ - CAUCA),2020,7,3782.0,6770.0,25730.0,lunes,2020-07-27 20:00:00,542.0
19,CAUCA,19809,TIMBIQUÍ,19809010,COMUNIDAD DE CHETE (TIMBIQUÍ - CAUCA),2020,7,5552.0,1629.0,42850.0,viernes,2020-07-31 19:15:00,522.0
19,CAUCA,19809,TIMBIQUÍ,19809003,COTEJE (TIMBIQUÍ - CAUCA),2020,7,6571.0,3869.0,32880.0,sábado,2020-07-04 19:00:00,73.0
19,CAUCA,19809,TIMBIQUÍ,19809023,PUERTO SAIJA (TIMBIQUÍ - CAUCA),2020,7,17267.0,6008.0,159460.0,viernes,2020-07-31 18:45:00,405.0
19,CAUCA,19809,TIMBIQUÍ,19809007,SAN JOSÉ (TIMBIQUÍ - CAUCA),2020,7,7591.0,4519.0,45770.0,lunes,2020-07-06 18:45:00,606.0
19,CAUCA,19809,TIMBIQUÍ,19809008,SANTA MARÍA (TIMBIQUÍ - CAUCA),2020,7,13196.0,4908.0,76540.0,martes,2020-07-07 19:00:00,709.0
27,CHOCÓ,27006,ACANDÍ,27006000,ACANDÍ (ACANDÍ - CHOCÓ),2020,7,521827.0,233034.0,982960.0,viernes,2020-07-03 20:45:00,2354.0
27,CHOCÓ,27025,ALTO BAUDÓ (PIE DE PATO),27025000,CIUDAD BAUDÓ - PIE DE PATO (ALTO BAUDÓ - CHOCÓ),2020,7,22622.0,6463.0,132260.0,miércoles,2020-07-08 19:15:00,845.0
27,CHOCÓ,27075,BAHÍA SOLANO (MUTIS),27075000,CIUDAD MUTIS (BAHÍA SOLANO - CHOCÓ),2020,7,579334.0,228102.0,10714.0,miércoles,2020-07-15 19:30:00,24.0
27,CHOCÓ,27075,BAHÍA SOLANO (MUTIS),27075001,CUPICA (BAHÍA SOLANO - CHOCÓ),2020,7,55762.0,20068.0,131520.0,miércoles,2020-07-15 19:30:00,2236.0
27,CHOCÓ,27075,BAHÍA SOLANO (MUTIS),27075002,EL VALLE (BAHÍA SOLANO - CHOCÓ),2020,7,139206.0,59401.0,303070.0,jueves,2020-07-16 19:00:00,234.0
27,CHOCÓ,27077,BAJO BAUDÓ (PIZARRO),27077000,PIZARRO (BAJO BAUDÓ (PIZARRO) - CHOCÓ),2020,7,182828.0,87127.0,379630.0,viernes,2020-07-31 19:45:00,2233.0
27,CHOCÓ,27099,BOJAYÁ (BELLAVISTA),27099000,BELLAVISTA (BOJAYÁ (BELLAVISTA) - CHOCÓ),2020,7,71934.0,26976.0,236380.0,martes,2020-07-07 19:00:00,1357.0
27,CHOCÓ,27099,BOJAYÁ (BELLAVISTA),27099002,LA LOMA DE BOJAYÁ (BOJAYÁ (BELLAVISTA) - CHOCÓ),2020,7,12064.0,5006.0,640.0,jueves,2020-07-16 19:45:00,812.0
27,CHOCÓ,27099,BOJAYÁ (BELLAVISTA),27099005,NAPIPÍ (BOJAYÁ (BELLAVISTA) - CHOCÓ),2020,7,8735.0,2327.0,6080.0,viernes,2020-07-31 19:30:00,53.0
27,CHOCÓ,27250,EL LITORAL DEL SAN JUAN,27250000,SANTA GENOVEVA DE DOCORDÓ (EL LITORAL DEL SAN JUAN - CHOCÓ),2020,7,64138.0,32453.0,162490.0,miércoles,2020-07-15 20:00:00,173.0
27,CHOCÓ,27425,MEDIO ATRATO (BETÉ),27425000,BETÉ (MEDIO ATRATO (BETÉ) - CHOCÓ),2020,7,15454.0,6948.0,760.0,viernes,2020-07-31 20:00:00,952.0
27,CHOCÓ,27495,NUQUÍ,27495001,ARUSÍ (NUQUÍ - CHOCO),2020,7,4681.0,1793.0,480.0,sábado,2020-07-11 19:00:00,4.0
27,CHOCÓ,27745,SIPÍ,27745000,SIPÍ (SIPÍ - CHOCO),2020,7,10668.0,3496.0,7480.0,viernes,2020-07-31 19:00:00,534.0
27,CHOCÓ,27800,UNGUÍA,27800001,BALBOA (UNGUÍA - CHOCÓ),2020,7,15297.0,6107.0,73160.0,jueves,2020-07-09 20:00:00,806.0
27,CHOCÓ,27800,UNGUÍA,27800005,TITUMATE (UNGUÍA - CHOCÓ),2020,7,8548.0,304.0,74540.0,jueves,2020-07-30 20:00:00,447.0
27,CHOCÓ,27800,UNGUÍA,27800000,UNGUÍA (UNGUÍA - CHOCÓ),2020,7,278471.0,96856.0,843040.0,jueves,2020-07-09 20:30:00,161.0
94,GUAINÍA,94343,BARRANCOMINAS,94343000,BARRANCOMINAS (BARRANCOMINAS - GUAINÍA),2020,7,39122.0,13768.0,165610.0,martes,2020-07-28 18:30:00,913.0
94,GUAINÍA,94001,INÍRIDA,94001000,INÍRIDA (INÍRIDA - GUAINÍA),2020,7,7576.0,473315.0,26224.0,miércoles,2020-07-08 15:00:00,24.0
44,LA GUAJIRA,44847,URIBIA,44847012,NAZARETH (URIBIA - LA GUAJIRA),2020,7,33784.0,14332.0,248160.0,miércoles,2020-07-22 19:30:00,706.0
47,MAGDALENA,47189,CIÉNAGA,47189018,PALMOR (CIÉNAGA - MAGDALENA),2020,7,67986.0,27601.0,133180.0,viernes,2020-07-31 20:45:00,2155.0
50,META,50325,MAPIRIPÁN,50325000,MAPIRIPÁN (MAPIRIPÁN - META),2020,7,133594.0,56665.0,290840.0,miércoles,2020-07-29 18:45:00,2346.0
52,NARIÑO,52250,EL CHARCO,52250023,BAZÁN (EL CHARCO - NARIÑO),2020,7,22109.0,11464.0,11040.0,viernes,2020-07-31 20:45:00,807.0
52,NARIÑO,52250,EL CHARCO,52250003,BOLÍVAR - SAN PEDRO (EL CHARCO - NARIÑO),2020,7,5405.0,3671.0,26590.0,jueves,2020-07-02 19:30:00,833.0
52,NARIÑO,52250,EL CHARCO,52250022,EL CUIL PUEBLO NUEVO (EL CHARCO - NARIÑO),2020,7,6266.0,2263.0,34440.0,domingo,2020-07-19 18:30:00,646.0
52,NARIÑO,52250,EL CHARCO,52250007,SAN JOSÉ DEL TAPAJE (EL CHARCO - NARIÑO),2020,7,16272.0,2832.0,880.0,sábado,2020-07-25 19:15:00,802.0
52,NARIÑO,52390,LA TOLA,52390013,AMÁRALES (LA TOLA - NARIÑO),2020,7,10729.0,2845.0,6160.0,jueves,2020-07-23 20:15:00,707.0
52,NARIÑO,52390,LA TOLA,52390003,LA VIGÍA DE LA MAR (LA TOLA - NARIÑO),2020,7,5675.0,2941.0,31640.0,sábado,2020-07-05 00:15:00,714.0
52,NARIÑO,52390,LA TOLA,52390009,MULATOS (LA TOLA - NARIÑO),2020,7,4074.0,2264.0,34210.0,miércoles,2020-07-29 18:30:00,615.0
52,NARIÑO,52490,OLAYA HERRERA,52490913,BOCA DE PRIETA (OLAYA HERRERA - NARIÑO),2020,7,505.0,1092.0,22920.0,jueves,2020-07-30 19:15:00,818.0
52,NARIÑO,52490,OLAYA HERRERA,52490008,SAN JOSÉ CALABAZAL (OLAYA HERRERA - NARIÑO),2020,7,6286.0,1954.0,43420.0,martes,2020-07-28 18:45:00,527.0
52,NARIÑO,52835,SAN ANDRÉS DE TUMACO,52835055,BOCAS DE CURAY (TUMACO - NARIÑO),2020,7,8847.0,2086.0,5280.0,domingo,2020-07-20 00:15:00,706.0
52,NARIÑO,52835,SAN ANDRÉS DE TUMACO,52835012,CHAJAL (TUMACO - NARIÑO),2020,7,25809.0,7906.0,130420.0,viernes,2020-07-31 19:00:00,756.0
52,NARIÑO,52835,SAN ANDRÉS DE TUMACO,52835016,PITAL DE LA COSTA (TUMACO - NARIÑO),2020,7,17568.0,10259.0,800.0,viernes,2020-07-03 18:45:00,921.0
52,NARIÑO,52835,SAN ANDRÉS DE TUMACO,52835212,PUEBLO NUEVO (TABLÓN SALADO) (TUMACO - NARIÑO),2020,7,2764.0,1098.0,17470.0,domingo,2020-07-12 23:15:00,728.0
52,NARIÑO,52835,SAN ANDRÉS DE TUMACO,52835217,SAN JUAN DE LA COSTA (SAN ANDRÉS DE TUMACO - NARIÑO),2020,7,28968.0,23021.0,15360.0,miércoles,2020-07-01 19:15:00,822.0
52,NARIÑO,52835,SAN ANDRÉS DE TUMACO,52835091,SANTA ROSA (TUMACO - NARIÑO),2020,7,3673.0,1158.0,29630.0,jueves,2020-07-09 19:15:00,455.0
52,NARIÑO,52835,SAN ANDRÉS DE TUMACO,52835148,TABLÓN DULCE LA PAMPA (TUMACO - NARIÑO),2020,7,3167.0,8480.0,2710.0,sábado,2020-07-11 18:45:00,443.0
52,NARIÑO,52696,SANTA BÁRBARA (ISCUANDÉ),52696014,LA ENSENADA (SANTA BÁRBARA (ISCUANDÉ) - NARIÑO),2020,7,3364.0,5398.0,21920.0,jueves,2020-07-16 20:45:00,6.0
52,NARIÑO,52696,SANTA BÁRBARA (ISCUANDÉ),52696017,SANTA RITA (SANTA BARBARA (ISCUANDÉ) - NARIÑO),2020,7,5519.0,2949.0,35080.0,domingo,2020-07-19 19:30:00,609.0
86,PUTUMAYO,86573,PUERTO LEGUÍZAMO,86573009,PIÑUÑA NEGRO (PUERTO LEGUÍZAMO - PUTUMAYO),2020,7,2726.0,1454.0,2240.0,martes,2020-07-28 19:45:00,505.0
86,PUTUMAYO,86573,PUERTO LEGUÍZAMO,86573000,PUERTO LEGUÍZAMO (PUERTO LEGUÍZAMO - PUTUMAYO),2020,7,845329.0,292491.0,171811.0,miércoles,2020-07-08 15:00:00,2354.0
76,VALLE DEL CAUCA,76109,BUENAVENTURA,76109028,PUERTO MERIZALDE (BUENAVENTURA - VALLE DEL CAUCA),2020,7,44492.0,19028.0,253790.0,sábado,2020-07-18 19:15:00,636.0
76,VALLE DEL CAUCA,76109,BUENAVENTURA,76109032,SAN FRANCISCO NAYA (BUENAVENTURA - VALLE DEL CAUCA),2020,7,5655.0,2882.0,30750.0,lunes,2020-07-28 00:00:00,737.0
97,VAUPÉS,97161,CARURÚ,97161000,CARURÚ (CARURÚ - VAUPÉS),2020,7,12288.0,3513.0,72420.0,miércoles,2020-07-01 19:00:00,88.0
97,VAUPÉS,97001,MITÚ,97001000,MITÚ (MITÚ - VAUPÉS),2020,7,7576.0,362343.0,250294.0,viernes,2020-07-31 23:45:00,24.0
97,VAUPÉS,97666,TARAIRA,97666000,TARAIRA (TARAIRA - VAUPÉS),2020,7,26779.0,8627.0,112290.0,martes,2020-07-07 18:15:00,94.0
99,VICHADA,99773,CUMARIBO,99773000,CUMARIBO (CUMARIBO - VICHADA),2020,7,259183.0,119897.0,527120.0,jueves,2020-07-16 15:00:00,2351.0
99,VICHADA,99524,LA PRIMAVERA,99524000,LA PRIMAVERA (LA PRIMAVERA - VICHADA),2020,7,316447.0,159009.0,636270.0,martes,2020-07-28 18:30:00,2359.0
99,VICHADA,99001,PUERTO CARREÑO,99001002,CASUARITO (PUERTO CARREÑO - VICHADA),2020,7,21773.0,99.0,10930.0,miércoles,2020-07-08 19:00:00,839.0
99,VICHADA,99001,PUERTO CARREÑO,99001000,PUERTO CARREÑO (PUERTO CARREÑO - VICHADA),2020,7,7576.0,696152.0,391424.0,jueves,2020-07-09 20:45:00,24.0
99,VICHADA,99624,SANTA ROSALÍA,99624000,SANTA ROSALÍA (SANTA ROSALÍA - VICHADA),2020,7,114319.0,57609.0,327360.0,lunes,2020-07-20 20:30:00,1549.0
91,AMAZONAS,91001,LETICIA,91001000,LETICIA (LETICIA - AMAZONAS),2020,8,7576.0,4650.0,717697.0,jueves,2020-08-20 15:15:00,24.0
91,AMAZONAS,91540,PUERTO NARIÑO,91540000,PUERTO NARIÑO (PUERTO NARIÑO - AMAZONAS),2020,8,9869.0,38477.0,205740.0,domingo,2020-08-02 18:45:00,2349.0
91,AMAZONAS,91798,TARAPACÁ (ANM),91798000,TARAPACÁ (TARAPACÁ (ANM) - AMAZONAS),2020,8,21748.0,9352.0,82810.0,lunes,2020-08-31 18:30:00,1015.0
5,ANTIOQUIA,5873,VIGÍA DEL FUERTE,5873001,SAN ANTONIO DE PADUA (VIGÍA DEL FUERTE - ANTIOQUIA),2020,8,3999.0,1456.0,32510.0,jueves,2020-08-13 18:45:00,454.0
5,ANTIOQUIA,5873,VIGÍA DEL FUERTE,5873002,VEGÁEZ (VIGÍA DEL FUERTE - ANTIOQUIA),2020,8,2993.0,5030.0,39420.0,lunes,2020-08-31 18:45:00,444.0
5,ANTIOQUIA,5873,VIGÍA DEL FUERTE,5873000,VIGÍA DEL FUERTE (VIGÍA DEL FUERTE - ANTIOQUIA),2020,8,92842.0,23194.0,277380.0,martes,2020-08-04 19:45:00,1239.0
88,"ARCHIPIÉLAGO DE SAN ANDRÉS, PROVIDENCIA Y SANTA CATALINA",88564,PROVIDENCIA,88564000,PROVIDENCIA (PROVIDENCIA - ARCHIPIÉLAGO DE SAN ANDRÉS Y PROVIDENCIA),2020,8,995872.0,326604.0,161472.0,lunes,2020-08-31 14:30:00,24.0
88,"ARCHIPIÉLAGO DE SAN ANDRÉS, PROVIDENCIA Y SANTA CATALINA",88001,SAN ANDRÉS,88001000,SAN ANDRÉS (SAN ANDRÉS - ARCHIPIÉLAGO DE SAN ANDRÉS Y PROVIDENCIA),2020,8,7576.0,4650.0,1993187.0,lunes,2020-08-31 15:15:00,24.0
13,BOLÍVAR,13001,CARTAGENA DE INDIAS,13001007,ISLA FUERTE (CARTAGENA DE INDIAS - BOLÍVAR),2020,8,13446.0,7402.0,115320.0,jueves,2020-08-13 15:15:00,439.0
13,BOLÍVAR,13001,CARTAGENA DE INDIAS,13001037,ISLA MÚCURA (CARTAGENA DE INDIAS - BOLÍVAR),2020,8,7358.0,3146.0,23520.0,martes,2020-08-11 22:00:00,1248.0
18,CAQUETÁ,18150,CARTAGENA DEL CHAIRÁ,18150001,REMOLINO DEL CAGUÁN (CARTAGENA DEL CHAIRA - CAQUETÁ),2020,8,15847.0,7998.0,81230.0,sábado,2020-08-29 19:15:00,823.0
18,CAQUETÁ,18753,SAN VICENTE DEL CAGUÁN,18753002,GUACAMAYAS (SAN VICENTE DEL CAGUÁN - CAQUETÁ),2020,8,11818.0,4782.0,37420.0,sábado,2020-08-22 19:15:00,1756.0
18,CAQUETÁ,18753,SAN VICENTE DEL CAGUÁN,18753009,PUERTO BETANIA (SAN VICENTE DEL CAGUÁN - CAQUETÁ),2020,8,4832.0,1919.0,50560.0,martes,2020-08-18 19:00:00,512.0
85,CASANARE,85430,TRINIDAD,85430001,BOCAS DEL PAUTO (TRINIDAD - CASANARE),2020,8,7889.0,4496.0,95230.0,jueves,2020-08-13 23:30:00,346.0
19,CAUCA,19318,GUAPI,19318008,LIMONES (GUAPI - CAUCA),2020,8,7673.0,1901.0,64960.0,sábado,2020-08-15 21:30:00,444.0
19,CAUCA,19318,GUAPI,19318013,SAN ANTONIO DE GUAJUÍ (GUAPI - CAUCA),2020,8,6968.0,2096.0,60080.0,martes,2020-08-25 19:15:00,422.0
19,CAUCA,19418,LÓPEZ DE MICAY,19418038,ISLA DE GALLO (LÓPEZ DE MICAY - CAUCA),2020,8,276.0,1013.0,24610.0,domingo,2020-08-09 19:30:00,434.0
19,CAUCA,19418,LÓPEZ DE MICAY,19418009,NOANAMITO (LÓPEZ DE MICAY - CAUCA),2020,8,7421.0,2657.0,480.0,jueves,2020-08-13 16:00:00,827.0
19,CAUCA,19418,LÓPEZ DE MICAY,19418012,SAN ANTONIO DE CHUARÉ (LÓPEZ DE MICAY - CAUCA),2020,8,9538.0,2938.0,53860.0,lunes,2020-08-24 19:00:00,732.0
19,CAUCA,19418,LÓPEZ DE MICAY,19418019,ZARAGOZA (LOPEZ DE MICAY - CAUCA),2020,8,9409.0,4164.0,53860.0,sábado,2020-08-22 19:15:00,736.0
19,CAUCA,19809,TIMBIQUÍ,19809010,COMUNIDAD DE CHETE (TIMBIQUÍ - CAUCA),2020,8,6453.0,1874.0,43420.0,viernes,2020-08-21 19:15:00,534.0
19,CAUCA,19809,TIMBIQUÍ,19809003,COTEJE (TIMBIQUÍ - CAUCA),2020,8,6472.0,3828.0,33040.0,domingo,2020-08-02 19:15:00,724.0
19,CAUCA,19809,TIMBIQUÍ,19809023,PUERTO SAIJA (TIMBIQUÍ - CAUCA),2020,8,30048.0,10061.0,165790.0,jueves,2020-08-06 19:15:00,642.0
19,CAUCA,19809,TIMBIQUÍ,19809007,SAN JOSÉ (TIMBIQUÍ - CAUCA),2020,8,8643.0,6674.0,48120.0,domingo,2020-08-09 19:15:00,655.0
19,CAUCA,19809,TIMBIQUÍ,19809008,SANTA MARÍA (TIMBIQUÍ - CAUCA),2020,8,14731.0,5656.0,73660.0,sábado,2020-08-08 19:00:00,82.0
19,CAUCA,19809,TIMBIQUÍ,19809009,SANTA ROSA DE SAIJA (TIMBIQUÍ - CAUCA),2020,8,0.0,0.0,0.0,lunes,2020-08-31 23:45:00,0.0
27,CHOCÓ,27006,ACANDÍ,27006000,ACANDÍ (ACANDÍ - CHOCÓ),2020,8,517824.0,228515.0,968880.0,miércoles,2020-08-12 21:00:00,2326.0
27,CHOCÓ,27025,ALTO BAUDÓ (PIE DE PATO),27025000,CIUDAD BAUDÓ - PIE DE PATO (ALTO BAUDÓ - CHOCÓ),2020,8,26225.0,7208.0,12320.0,lunes,2020-08-03 19:30:00,1136.0
27,CHOCÓ,27075,BAHÍA SOLANO (MUTIS),27075000,CIUDAD MUTIS (BAHÍA SOLANO - CHOCÓ),2020,8,570834.0,223385.0,107272.0,sábado,2020-08-01 19:45:00,2352.0
27,CHOCÓ,27075,BAHÍA SOLANO (MUTIS),27075001,CUPICA (BAHÍA SOLANO - CHOCÓ),2020,8,46126.0,16054.0,144490.0,jueves,2020-08-06 19:15:00,1806.0
27,CHOCÓ,27075,BAHÍA SOLANO (MUTIS),27075002,EL VALLE (BAHÍA SOLANO - CHOCÓ),2020,8,141003.0,58605.0,2970.0,jueves,2020-08-06 19:15:00,2351.0
27,CHOCÓ,27077,BAJO BAUDÓ (PIZARRO),27077000,PIZARRO (BAJO BAUDÓ (PIZARRO) - CHOCÓ),2020,8,184804.0,88647.0,376460.0,martes,2020-08-04 19:15:00,2233.0
27,CHOCÓ,27099,BOJAYÁ (BELLAVISTA),27099000,BELLAVISTA (BOJAYÁ (BELLAVISTA) - CHOCÓ),2020,8,94135.0,34964.0,220610.0,lunes,2020-08-31 19:45:00,1928.0
27,CHOCÓ,27099,BOJAYÁ (BELLAVISTA),27099002,LA LOMA DE BOJAYÁ (BOJAYÁ (BELLAVISTA) - CHOCÓ),2020,8,11931.0,5367.0,6080.0,sábado,2020-08-15 19:30:00,844.0
27,CHOCÓ,27099,BOJAYÁ (BELLAVISTA),27099005,NAPIPÍ (BOJAYÁ (BELLAVISTA) - CHOCÓ),2020,8,7256.0,215.0,5760.0,viernes,2020-08-07 21:15:00,507.0
27,CHOCÓ,27250,EL LITORAL DEL SAN JUAN,27250000,SANTA GENOVEVA DE DOCORDÓ (EL LITORAL DEL SAN JUAN - CHOCÓ),2020,8,66687.0,33353.0,161440.0,viernes,2020-08-07 19:15:00,179.0
27,CHOCÓ,27425,MEDIO ATRATO (BETÉ),27425000,BETÉ (MEDIO ATRATO (BETÉ) - CHOCÓ),2020,8,13147.0,6028.0,760.0,viernes,2020-08-07 19:45:00,841.0
27,CHOCÓ,27495,NUQUÍ,27495001,ARUSÍ (NUQUÍ - CHOCO),2020,8,9238.0,3857.0,4320.0,jueves,2020-08-27 19:00:00,839.0
27,CHOCÓ,27495,NUQUÍ,27495000,NUQUÍ (NUQUÍ - CHOCÓ),2020,8,234894.0,75532.0,460420.0,jueves,2020-08-27 19:30:00,2355.0
27,CHOCÓ,27745,SIPÍ,27745000,SIPÍ (SIPÍ - CHOCO),2020,8,7284.0,2784.0,7920.0,jueves,2020-08-13 19:30:00,353.0
27,CHOCÓ,27800,UNGUÍA,27800001,BALBOA (UNGUÍA - CHOCÓ),2020,8,16135.0,6501.0,77240.0,sábado,2020-08-22 20:45:00,815.0
27,CHOCÓ,27800,UNGUÍA,27800005,TITUMATE (UNGUÍA - CHOCÓ),2020,8,11457.0,5261.0,76120.0,sábado,2020-08-08 21:45:00,557.0
27,CHOCÓ,27800,UNGUÍA,27800000,UNGUÍA (UNGUÍA - CHOCÓ),2020,8,287754.0,97264.0,865920.0,domingo,2020-08-09 20:30:00,1548.0
94,GUAINÍA,94343,BARRANCOMINAS,94343000,BARRANCOMINAS (BARRANCOMINAS - GUAINÍA),2020,8,37478.0,13338.0,175920.0,sábado,2020-08-15 18:00:00,836.0
94,GUAINÍA,94001,INÍRIDA,94001000,INÍRIDA (INÍRIDA - GUAINÍA),2020,8,7576.0,476468.0,275704.0,miércoles,2020-08-19 14:45:00,24.0
44,LA GUAJIRA,44847,URIBIA,44847012,NAZARETH (URIBIA - LA GUAJIRA),2020,8,43263.0,21057.0,252480.0,lunes,2020-08-03 18:45:00,101.0
47,MAGDALENA,47189,CIÉNAGA,47189018,PALMOR (CIÉNAGA - MAGDALENA),2020,8,71968.0,25131.0,136960.0,viernes,2020-08-14 21:15:00,237.0
50,META,50325,MAPIRIPÁN,50325000,MAPIRIPÁN (MAPIRIPÁN - META),2020,8,13632.0,58662.0,269720.0,sábado,2020-08-15 18:30:00,2342.0
52,NARIÑO,52250,EL CHARCO,52250023,BAZÁN (EL CHARCO - NARIÑO),2020,8,22566.0,11552.0,10560.0,sábado,2020-08-29 20:30:00,812.0
52,NARIÑO,52250,EL CHARCO,52250003,BOLÍVAR - SAN PEDRO (EL CHARCO - NARIÑO),2020,8,5417.0,4329.0,25250.0,domingo,2020-08-16 18:45:00,838.0
52,NARIÑO,52250,EL CHARCO,52250022,EL CUIL PUEBLO NUEVO (EL CHARCO - NARIÑO),2020,8,525.0,1928.0,33820.0,sábado,2020-08-29 19:30:00,543.0
52,NARIÑO,52250,EL CHARCO,52250007,SAN JOSÉ DEL TAPAJE (EL CHARCO - NARIÑO),2020,8,1541.0,226.0,880.0,viernes,2020-08-21 19:45:00,729.0
52,NARIÑO,52390,LA TOLA,52390013,AMÁRALES (LA TOLA - NARIÑO),2020,8,10887.0,2962.0,6250.0,jueves,2020-08-13 19:00:00,715.0
52,NARIÑO,52390,LA TOLA,52390003,LA VIGÍA DE LA MAR (LA TOLA - NARIÑO),2020,8,6231.0,3462.0,3020.0,domingo,2020-08-09 18:30:00,839.0
52,NARIÑO,52390,LA TOLA,52390009,MULATOS (LA TOLA - NARIÑO),2020,8,4135.0,2263.0,35490.0,lunes,2020-08-31 18:30:00,618.0
52,NARIÑO,52390,LA TOLA,52390016,SAN PABLO DEL MAR (LA TOLA - NARIÑO),2020,8,4903.0,1182.0,27710.0,sábado,2020-08-22 18:00:00,654.0
52,NARIÑO,52490,OLAYA HERRERA,52490913,BOCA DE PRIETA (OLAYA HERRERA - NARIÑO),2020,8,5032.0,1194.0,23470.0,miércoles,2020-08-05 19:00:00,819.0
52,NARIÑO,52490,OLAYA HERRERA,52490008,SAN JOSÉ CALABAZAL (OLAYA HERRERA - NARIÑO),2020,8,5292.0,1658.0,46990.0,jueves,2020-08-27 21:30:00,502.0
52,NARIÑO,52835,SAN ANDRÉS DE TUMACO,52835055,BOCAS DE CURAY (TUMACO - NARIÑO),2020,8,7503.0,3406.0,5280.0,sábado,2020-08-08 18:15:00,601.0
52,NARIÑO,52835,SAN ANDRÉS DE TUMACO,52835012,CHAJAL (TUMACO - NARIÑO),2020,8,32722.0,11138.0,134380.0,sábado,2020-08-29 19:30:00,928.0
52,NARIÑO,52835,SAN ANDRÉS DE TUMACO,52835016,PITAL DE LA COSTA (TUMACO - NARIÑO),2020,8,2052.0,12277.0,760.0,sábado,2020-08-29 00:45:00,117.0
52,NARIÑO,52835,SAN ANDRÉS DE TUMACO,52835212,PUEBLO NUEVO (TABLÓN SALADO) (TUMACO - NARIÑO),2020,8,2479.0,1055.0,17890.0,domingo,2020-08-09 23:45:00,657.0
52,NARIÑO,52835,SAN ANDRÉS DE TUMACO,52835217,SAN JUAN DE LA COSTA (SAN ANDRÉS DE TUMACO - NARIÑO),2020,8,27965.0,22758.0,14720.0,sábado,2020-08-08 19:00:00,816.0
52,NARIÑO,52835,SAN ANDRÉS DE TUMACO,52835091,SANTA ROSA (TUMACO - NARIÑO),2020,8,4261.0,1343.0,32990.0,domingo,2020-08-30 22:15:00,537.0
52,NARIÑO,52835,SAN ANDRÉS DE TUMACO,52835148,TABLÓN DULCE LA PAMPA (TUMACO - NARIÑO),2020,8,3504.0,9990.0,26720.0,domingo,2020-08-02 21:00:00,516.0
52,NARIÑO,52696,SANTA BÁRBARA (ISCUANDÉ),52696014,LA ENSENADA (SANTA BÁRBARA (ISCUANDÉ) - NARIÑO),2020,8,3093.0,4971.0,22750.0,martes,2020-08-25 18:15:00,552.0
52,NARIÑO,52696,SANTA BÁRBARA (ISCUANDÉ),52696017,SANTA RITA (SANTA BARBARA (ISCUANDÉ) - NARIÑO),2020,8,5617.0,3029.0,34720.0,miércoles,2020-08-05 20:45:00,63.0
86,PUTUMAYO,86573,PUERTO LEGUÍZAMO,86573009,PIÑUÑA NEGRO (PUERTO LEGUÍZAMO - PUTUMAYO),2020,8,2963.0,167.0,2240.0,domingo,2020-08-30 20:30:00,517.0
86,PUTUMAYO,86573,PUERTO LEGUÍZAMO,86573000,PUERTO LEGUÍZAMO (PUERTO LEGUÍZAMO - PUTUMAYO),2020,8,842324.0,286048.0,169902.0,miércoles,2020-08-19 14:15:00,2353.0
76,VALLE DEL CAUCA,76109,BUENAVENTURA,76109028,PUERTO MERIZALDE (BUENAVENTURA - VALLE DEL CAUCA),2020,8,52583.0,19942.0,252380.0,viernes,2020-08-14 20:00:00,749.0
76,VALLE DEL CAUCA,76109,BUENAVENTURA,76109032,SAN FRANCISCO NAYA (BUENAVENTURA - VALLE DEL CAUCA),2020,8,6476.0,5285.0,31360.0,sábado,2020-08-08 23:30:00,811.0
97,VAUPÉS,97161,CARURÚ,97161000,CARURÚ (CARURÚ - VAUPÉS),2020,8,18904.0,5664.0,74890.0,miércoles,2020-08-12 19:00:00,1214.0
97,VAUPÉS,97001,MITÚ,97001000,MITÚ (MITÚ - VAUPÉS),2020,8,7576.0,362823.0,258086.0,jueves,2020-08-20 23:45:00,2359.0
97,VAUPÉS,97666,TARAIRA,97666000,TARAIRA (TARAIRA - VAUPÉS),2020,8,26801.0,8817.0,119240.0,viernes,2020-08-21 18:30:00,952.0
99,VICHADA,99773,CUMARIBO,99773000,CUMARIBO (CUMARIBO - VICHADA),2020,8,264098.0,121703.0,562320.0,jueves,2020-08-20 23:30:00,2339.0
99,VICHADA,99524,LA PRIMAVERA,99524000,LA PRIMAVERA (LA PRIMAVERA - VICHADA),2020,8,334401.0,163769.0,656190.0,miércoles,2020-08-19 19:15:00,2356.0
99,VICHADA,99001,PUERTO CARREÑO,99001002,CASUARITO (PUERTO CARREÑO - VICHADA),2020,8,2154.0,8139.0,107540.0,jueves,2020-08-20 18:15:00,831.0
99,VICHADA,99001,PUERTO CARREÑO,99001000,PUERTO CARREÑO (PUERTO CARREÑO - VICHADA),2020,8,7576.0,688483.0,399344.0,jueves,2020-08-20 20:30:00,24.0
99,VICHADA,99624,SANTA ROSALÍA,99624000,SANTA ROSALÍA (SANTA ROSALÍA - VICHADA),2020,8,119355.0,61254.0,324670.0,jueves,2020-08-27 20:00:00,1624.0
91,AMAZONAS,91001,LETICIA,91001000,LETICIA (LETICIA - AMAZONAS),2020,9,7576.0,4650.0,734907.0,lunes,2020-09-14 14:30:00,24.0
91,AMAZONAS,91540,PUERTO NARIÑO,91540000,PUERTO NARIÑO (PUERTO NARIÑO - AMAZONAS),2020,9,100247.0,38233.0,21120.0,jueves,2020-09-17 18:30:00,2359.0
91,AMAZONAS,91798,TARAPACÁ (ANM),91798000,TARAPACÁ (TARAPACÁ (ANM) - AMAZONAS),2020,9,22846.0,9724.0,87460.0,viernes,2020-09-18 19:00:00,1018.0
5,ANTIOQUIA,5873,VIGÍA DEL FUERTE,5873001,SAN ANTONIO DE PADUA (VIGÍA DEL FUERTE - ANTIOQUIA),2020,9,3516.0,1303.0,30910.0,lunes,2020-09-07 19:00:00,436.0
5,ANTIOQUIA,5873,VIGÍA DEL FUERTE,5873002,VEGÁEZ (VIGÍA DEL FUERTE - ANTIOQUIA),2020,9,5574.0,8140.0,40420.0,martes,2020-09-01 18:30:00,727.0
5,ANTIOQUIA,5873,VIGÍA DEL FUERTE,5873000,VIGÍA DEL FUERTE (VIGÍA DEL FUERTE - ANTIOQUIA),2020,9,97855.0,23445.0,270340.0,lunes,2020-09-07 13:30:00,1344.0
88,"ARCHIPIÉLAGO DE SAN ANDRÉS, PROVIDENCIA Y SANTA CATALINA",88564,PROVIDENCIA,88564000,PROVIDENCIA (PROVIDENCIA - ARCHIPIÉLAGO DE SAN ANDRÉS Y PROVIDENCIA),2020,9,995867.0,326403.0,166166.0,miércoles,2020-09-09 14:15:00,24.0
88,"ARCHIPIÉLAGO DE SAN ANDRÉS, PROVIDENCIA Y SANTA CATALINA",88001,SAN ANDRÉS,88001000,SAN ANDRÉS (SAN ANDRÉS - ARCHIPIÉLAGO DE SAN ANDRÉS Y PROVIDENCIA),2020,9,7576.0,4650.0,215319.0,martes,2020-09-22 14:45:00,24.0
13,BOLÍVAR,13001,CARTAGENA DE INDIAS,13001007,ISLA FUERTE (CARTAGENA DE INDIAS - BOLÍVAR),2020,9,14954.0,8365.0,129120.0,domingo,2020-09-20 00:30:00,513.0
13,BOLÍVAR,13001,CARTAGENA DE INDIAS,13001037,ISLA MÚCURA (CARTAGENA DE INDIAS - BOLÍVAR),2020,9,6292.0,2502.0,2160.0,viernes,2020-09-11 22:30:00,1229.0
18,CAQUETÁ,18150,CARTAGENA DEL CHAIRÁ,18150001,REMOLINO DEL CAGUÁN (CARTAGENA DEL CHAIRA - CAQUETÁ),2020,9,15711.0,785.0,86130.0,sábado,2020-09-26 19:45:00,814.0
18,CAQUETÁ,18753,SAN VICENTE DEL CAGUÁN,18753002,GUACAMAYAS (SAN VICENTE DEL CAGUÁN - CAQUETÁ),2020,9,11538.0,4721.0,36340.0,viernes,2020-09-04 19:15:00,182.0
18,CAQUETÁ,18753,SAN VICENTE DEL CAGUÁN,18753009,PUERTO BETANIA (SAN VICENTE DEL CAGUÁN - CAQUETÁ),2020,9,5108.0,1962.0,4160.0,sábado,2020-09-26 19:15:00,539.0
85,CASANARE,85430,TRINIDAD,85430001,BOCAS DEL PAUTO (TRINIDAD - CASANARE),2020,9,11065.0,6075.0,95230.0,sábado,2020-09-12 18:30:00,516.0
19,CAUCA,19318,GUAPI,19318008,LIMONES (GUAPI - CAUCA),2020,9,862.0,2316.0,66680.0,sábado,2020-09-19 21:00:00,509.0
19,CAUCA,19318,GUAPI,19318013,SAN ANTONIO DE GUAJUÍ (GUAPI - CAUCA),2020,9,7557.0,2221.0,6030.0,viernes,2020-09-18 19:45:00,457.0
19,CAUCA,19418,LÓPEZ DE MICAY,19418038,ISLA DE GALLO (LÓPEZ DE MICAY - CAUCA),2020,9,2702.0,9030.0,24830.0,sábado,2020-09-12 20:15:00,431.0
19,CAUCA,19418,LÓPEZ DE MICAY,19418009,NOANAMITO (LÓPEZ DE MICAY - CAUCA),2020,9,7165.0,2753.0,440.0,lunes,2020-09-21 00:15:00,827.0
19,CAUCA,19418,LÓPEZ DE MICAY,19418012,SAN ANTONIO DE CHUARÉ (LÓPEZ DE MICAY - CAUCA),2020,9,9249.0,2948.0,5590.0,lunes,2020-09-28 19:00:00,721.0
19,CAUCA,19418,LÓPEZ DE MICAY,19418019,ZARAGOZA (LOPEZ DE MICAY - CAUCA),2020,9,10259.0,4867.0,52860.0,sábado,2020-09-19 18:45:00,908.0
19,CAUCA,19809,TIMBIQUÍ,19809010,COMUNIDAD DE CHETE (TIMBIQUÍ - CAUCA),2020,9,6256.0,1854.0,42850.0,sábado,2020-09-12 20:15:00,553.0
19,CAUCA,19809,TIMBIQUÍ,19809003,COTEJE (TIMBIQUÍ - CAUCA),2020,9,7097.0,4126.0,34320.0,sábado,2020-09-19 19:45:00,821.0
19,CAUCA,19809,TIMBIQUÍ,19809023,PUERTO SAIJA (TIMBIQUÍ - CAUCA),2020,9,30537.0,10417.0,165620.0,martes,2020-09-01 18:45:00,714.0
19,CAUCA,19809,TIMBIQUÍ,19809007,SAN JOSÉ (TIMBIQUÍ - CAUCA),2020,9,9095.0,5522.0,4390.0,sábado,2020-09-05 18:15:00,828.0
19,CAUCA,19809,TIMBIQUÍ,19809008,SANTA MARÍA (TIMBIQUÍ - CAUCA),2020,9,16093.0,6275.0,70980.0,martes,2020-09-22 19:15:00,92.0
19,CAUCA,19809,TIMBIQUÍ,19809009,SANTA ROSA DE SAIJA (TIMBIQUÍ - CAUCA),2020,9,2450.0,840.0,270.0,sábado,2020-09-05 19:15:00,28.0
27,CHOCÓ,27006,ACANDÍ,27006000,ACANDÍ (ACANDÍ - CHOCÓ),2020,9,507105.0,224735.0,97680.0,jueves,2020-09-17 20:45:00,2258.0
27,CHOCÓ,27006,ACANDÍ,27006003,CAPURGANÁ (ACANDÍ - CHOCO),2020,9,211904.0,87863.0,456540.0,lunes,2020-09-14 21:30:00,2015.0
27,CHOCÓ,27025,ALTO BAUDÓ (PIE DE PATO),27025000,CIUDAD BAUDÓ - PIE DE PATO (ALTO BAUDÓ - CHOCÓ),2020,9,47394.0,12433.0,117130.0,martes,2020-09-01 19:00:00,2305.0
27,CHOCÓ,27075,BAHÍA SOLANO (MUTIS),27075000,CIUDAD MUTIS (BAHÍA SOLANO - CHOCÓ),2020,9,556145.0,217566.0,109208.0,jueves,2020-09-10 19:15:00,2357.0
27,CHOCÓ,27075,BAHÍA SOLANO (MUTIS),27075001,CUPICA (BAHÍA SOLANO - CHOCÓ),2020,9,45855.0,17649.0,160620.0,miércoles,2020-09-02 19:15:00,1836.0
27,CHOCÓ,27075,BAHÍA SOLANO (MUTIS),27075002,EL VALLE (BAHÍA SOLANO - CHOCÓ),2020,9,134075.0,57707.0,301750.0,jueves,2020-09-10 19:15:00,2342.0
27,CHOCÓ,27077,BAJO BAUDÓ (PIZARRO),27077000,PIZARRO (BAJO BAUDÓ (PIZARRO) - CHOCÓ),2020,9,180481.0,87647.0,37330.0,jueves,2020-09-24 19:15:00,2247.0
27,CHOCÓ,27099,BOJAYÁ (BELLAVISTA),27099000,BELLAVISTA (BOJAYÁ (BELLAVISTA) - CHOCÓ),2020,9,918.0,34142.0,217290.0,lunes,2020-09-14 19:15:00,1918.0
27,CHOCÓ,27099,BOJAYÁ (BELLAVISTA),27099002,LA LOMA DE BOJAYÁ (BOJAYÁ (BELLAVISTA) - CHOCÓ),2020,9,11602.0,5129.0,640.0,lunes,2020-09-28 19:45:00,82.0
27,CHOCÓ,27099,BOJAYÁ (BELLAVISTA),27099005,NAPIPÍ (BOJAYÁ (BELLAVISTA) - CHOCÓ),2020,9,7155.0,218.0,5760.0,miércoles,2020-09-30 20:00:00,627.0
27,CHOCÓ,27250,EL LITORAL DEL SAN JUAN,27250000,SANTA GENOVEVA DE DOCORDÓ (EL LITORAL DEL SAN JUAN - CHOCÓ),2020,9,64517.0,31952.0,162360.0,martes,2020-09-22 19:30:00,1653.0
27,CHOCÓ,27425,MEDIO ATRATO (BETÉ),27425000,BETÉ (MEDIO ATRATO (BETÉ) - CHOCÓ),2020,9,17201.0,7992.0,720.0,miércoles,2020-09-30 19:00:00,1112.0
27,CHOCÓ,27495,NUQUÍ,27495001,ARUSÍ (NUQUÍ - CHOCO),2020,9,10038.0,4026.0,4640.0,sábado,2020-09-19 18:45:00,917.0
27,CHOCÓ,27495,NUQUÍ,27495000,NUQUÍ (NUQUÍ - CHOCÓ),2020,9,216894.0,70324.0,468860.0,miércoles,2020-09-16 19:45:00,2337.0
27,CHOCÓ,27745,SIPÍ,27745000,SIPÍ (SIPÍ - CHOCO),2020,9,11104.0,4136.0,7480.0,martes,2020-09-29 19:30:00,611.0
27,CHOCÓ,27800,UNGUÍA,27800001,BALBOA (UNGUÍA - CHOCÓ),2020,9,15926.0,6408.0,82140.0,sábado,2020-09-05 19:45:00,803.0
27,CHOCÓ,27800,UNGUÍA,27800005,TITUMATE (UNGUÍA - CHOCÓ),2020,9,9981.0,4598.0,74270.0,domingo,2020-09-13 19:15:00,526.0
27,CHOCÓ,27800,UNGUÍA,27800000,UNGUÍA (UNGUÍA - CHOCÓ),2020,9,281462.0,97391.0,856680.0,jueves,2020-09-17 19:15:00,1604.0
94,GUAINÍA,94343,BARRANCOMINAS,94343000,BARRANCOMINAS (BARRANCOMINAS - GUAINÍA),2020,9,39983.0,13982.0,176090.0,lunes,2020-09-21 18:00:00,917.0
94,GUAINÍA,94001,INÍRIDA,94001000,INÍRIDA (INÍRIDA - GUAINÍA),2020,9,7576.0,476889.0,288112.0,martes,2020-09-22 14:30:00,24.0
44,LA GUAJIRA,44847,URIBIA,44847012,NAZARETH (URIBIA - LA GUAJIRA),2020,9,36631.0,18455.0,205440.0,martes,2020-09-15 19:00:00,858.0
47,MAGDALENA,47189,CIÉNAGA,47189018,PALMOR (CIÉNAGA - MAGDALENA),2020,9,69113.0,23399.0,135230.0,martes,2020-09-22 21:15:00,2214.0
50,META,50325,MAPIRIPÁN,50325000,MAPIRIPÁN (MAPIRIPÁN - META),2020,9,137773.0,58984.0,288640.0,lunes,2020-09-21 18:45:00,2341.0
52,NARIÑO,52250,EL CHARCO,52250023,BAZÁN (EL CHARCO - NARIÑO),2020,9,17407.0,8826.0,10560.0,viernes,2020-09-18 21:15:00,641.0
52,NARIÑO,52250,EL CHARCO,52250003,BOLÍVAR - SAN PEDRO (EL CHARCO - NARIÑO),2020,9,5008.0,5479.0,2490.0,viernes,2020-09-18 20:00:00,82.0
52,NARIÑO,52250,EL CHARCO,52250022,EL CUIL PUEBLO NUEVO (EL CHARCO - NARIÑO),2020,9,485.0,186.0,34270.0,domingo,2020-09-20 19:15:00,532.0
52,NARIÑO,52250,EL CHARCO,52250007,SAN JOSÉ DEL TAPAJE (EL CHARCO - NARIÑO),2020,9,14272.0,1656.0,800.0,lunes,2020-09-28 19:15:00,753.0
52,NARIÑO,52390,LA TOLA,52390013,AMÁRALES (LA TOLA - NARIÑO),2020,9,10877.0,2868.0,640.0,miércoles,2020-09-16 19:15:00,72.0
52,NARIÑO,52390,LA TOLA,52390003,LA VIGÍA DE LA MAR (LA TOLA - NARIÑO),2020,9,5414.0,2781.0,29680.0,lunes,2020-09-28 18:30:00,735.0
52,NARIÑO,52390,LA TOLA,52390009,MULATOS (LA TOLA - NARIÑO),2020,9,3847.0,1876.0,36670.0,jueves,2020-09-17 18:15:00,546.0
52,NARIÑO,52390,LA TOLA,52390016,SAN PABLO DEL MAR (LA TOLA - NARIÑO),2020,9,4832.0,1116.0,29820.0,domingo,2020-09-27 19:30:00,654.0
52,NARIÑO,52490,OLAYA HERRERA,52490913,BOCA DE PRIETA (OLAYA HERRERA - NARIÑO),2020,9,311.0,7660.0,22150.0,jueves,2020-09-03 19:00:00,702.0
52,NARIÑO,52490,OLAYA HERRERA,52490008,SAN JOSÉ CALABAZAL (OLAYA HERRERA - NARIÑO),2020,9,4564.0,1851.0,45380.0,viernes,2020-09-25 18:30:00,355.0
52,NARIÑO,52835,SAN ANDRÉS DE TUMACO,52835055,BOCAS DE CURAY (TUMACO - NARIÑO),2020,9,9108.0,4629.0,5520.0,domingo,2020-09-27 23:45:00,709.0
52,NARIÑO,52835,SAN ANDRÉS DE TUMACO,52835012,CHAJAL (TUMACO - NARIÑO),2020,9,31022.0,10965.0,132440.0,martes,2020-09-01 18:30:00,915.0
52,NARIÑO,52835,SAN ANDRÉS DE TUMACO,52835016,PITAL DE LA COSTA (TUMACO - NARIÑO),2020,9,18101.0,10808.0,800.0,lunes,2020-09-21 20:15:00,10.0
52,NARIÑO,52835,SAN ANDRÉS DE TUMACO,52835212,PUEBLO NUEVO (TABLÓN SALADO) (TUMACO - NARIÑO),2020,9,3079.0,1353.0,16350.0,domingo,2020-09-20 23:30:00,836.0
91,AMAZONAS,91001,LETICIA,91001000,LETICIA,2026,1,7576.0,914641.0,34965.0,lunes,2026-01-19 15:00:00,2.4
52,NARIÑO,52835,SAN ANDRÉS DE TUMACO,52835217,SAN JUAN DE LA COSTA (SAN ANDRÉS DE TUMACO - NARIÑO),2020,9,29057.0,11726.0,14720.0,miércoles,2020-09-09 18:45:00,932.0
52,NARIÑO,52835,SAN ANDRÉS DE TUMACO,52835091,SANTA ROSA (TUMACO - NARIÑO),2020,9,1742.0,5240.0,31810.0,sábado,2020-09-05 19:15:00,218.0
52,NARIÑO,52835,SAN ANDRÉS DE TUMACO,52835148,TABLÓN DULCE LA PAMPA (TUMACO - NARIÑO),2020,9,4507.0,145.0,26430.0,martes,2020-09-08 18:30:00,705.0
52,NARIÑO,52696,SANTA BÁRBARA (ISCUANDÉ),52696014,LA ENSENADA (SANTA BÁRBARA (ISCUANDÉ) - NARIÑO),2020,9,3089.0,4149.0,1910.0,miércoles,2020-09-30 19:45:00,63.0
52,NARIÑO,52696,SANTA BÁRBARA (ISCUANDÉ),52696017,SANTA RITA (SANTA BARBARA (ISCUANDÉ) - NARIÑO),2020,9,5262.0,284.0,34440.0,miércoles,2020-09-30 18:45:00,624.0
86,PUTUMAYO,86573,PUERTO LEGUÍZAMO,86573009,PIÑUÑA NEGRO (PUERTO LEGUÍZAMO - PUTUMAYO),2020,9,3217.0,1862.0,2560.0,sábado,2020-09-26 20:15:00,542.0
86,PUTUMAYO,86573,PUERTO LEGUÍZAMO,86573000,PUERTO LEGUÍZAMO (PUERTO LEGUÍZAMO - PUTUMAYO),2020,9,854209.0,29667.0,198088.0,miércoles,2020-09-16 18:15:00,232.0
76,VALLE DEL CAUCA,76109,BUENAVENTURA,76109028,PUERTO MERIZALDE (BUENAVENTURA - VALLE DEL CAUCA),2020,9,51724.0,18368.0,257310.0,martes,2020-09-22 19:45:00,748.0
76,VALLE DEL CAUCA,76109,BUENAVENTURA,76109032,SAN FRANCISCO NAYA (BUENAVENTURA - VALLE DEL CAUCA),2020,9,5809.0,2156.0,28060.0,domingo,2020-09-27 23:45:00,819.0
97,VAUPÉS,97161,CARURÚ,97161000,CARURÚ (CARURÚ - VAUPÉS),2020,9,16853.0,4402.0,71810.0,sábado,2020-09-12 19:45:00,115.0
97,VAUPÉS,97001,MITÚ,97001000,MITÚ (MITÚ - VAUPÉS),2020,9,7576.0,368633.0,261901.0,viernes,2020-09-18 23:30:00,24.0
97,VAUPÉS,97666,TARAIRA,97666000,TARAIRA (TARAIRA - VAUPÉS),2020,9,1789.0,5788.0,116340.0,martes,2020-09-08 18:45:00,638.0
99,VICHADA,99773,CUMARIBO,99773000,CUMARIBO (CUMARIBO - VICHADA),2020,9,281345.0,125681.0,589160.0,martes,2020-09-22 14:30:00,2357.0
99,VICHADA,99524,LA PRIMAVERA,99524000,LA PRIMAVERA (LA PRIMAVERA - VICHADA),2020,9,329378.0,157321.0,658330.0,lunes,2020-09-21 18:00:00,2355.0
99,VICHADA,99001,PUERTO CARREÑO,99001002,CASUARITO (PUERTO CARREÑO - VICHADA),2020,9,21534.0,8067.0,103660.0,viernes,2020-09-04 19:15:00,849.0
99,VICHADA,99001,PUERTO CARREÑO,99001000,PUERTO CARREÑO (PUERTO CARREÑO - VICHADA),2020,9,7576.0,67742.0,4026.0,lunes,2020-09-14 14:30:00,24.0
99,VICHADA,99624,SANTA ROSALÍA,99624000,SANTA ROSALÍA (SANTA ROSALÍA - VICHADA),2020,9,110554.0,54151.0,366190.0,viernes,2020-09-11 19:00:00,1451.0
91,AMAZONAS,91540,PUERTO NARIÑO,91540000,PUERTO NARIÑO (PUERTO NARIÑO - AMAZONAS),2020,10,100853.0,37789.0,213140.0,jueves,2020-10-29 18:30:00,2359.0
91,AMAZONAS,91798,TARAPACÁ (ANM),91798000,TARAPACÁ (TARAPACÁ (ANM) - AMAZONAS),2020,10,23135.0,9932.0,89790.0,viernes,2020-10-30 18:30:00,1017.0
5,ANTIOQUIA,5873,VIGÍA DEL FUERTE,5873001,SAN ANTONIO DE PADUA (VIGÍA DEL FUERTE - ANTIOQUIA),2020,10,3822.0,1412.0,32960.0,martes,2020-10-06 19:30:00,444.0
5,ANTIOQUIA,5873,VIGÍA DEL FUERTE,5873002,VEGÁEZ (VIGÍA DEL FUERTE - ANTIOQUIA),2020,10,5788.0,7460.0,35010.0,viernes,2020-10-30 18:45:00,77.0
5,ANTIOQUIA,5873,VIGÍA DEL FUERTE,5873000,VIGÍA DEL FUERTE (VIGÍA DEL FUERTE - ANTIOQUIA),2020,10,81968.0,20015.0,288290.0,lunes,2020-10-26 18:15:00,1046.0
13,BOLÍVAR,13001,CARTAGENA DE INDIAS,13001007,ISLA FUERTE (CARTAGENA DE INDIAS - BOLÍVAR),2020,10,15351.0,8508.0,118810.0,viernes,2020-10-16 14:30:00,512.0
18,CAQUETÁ,18150,CARTAGENA DEL CHAIRÁ,18150001,REMOLINO DEL CAGUÁN (CARTAGENA DEL CHAIRA - CAQUETÁ),2020,10,15819.0,768.0,86710.0,sábado,2020-10-03 19:00:00,807.0
18,CAQUETÁ,18753,SAN VICENTE DEL CAGUÁN,18753002,GUACAMAYAS (SAN VICENTE DEL CAGUÁN - CAQUETÁ),2020,10,12018.0,4962.0,37180.0,sábado,2020-10-10 19:45:00,1751.0
18,CAQUETÁ,18753,SAN VICENTE DEL CAGUÁN,18753009,PUERTO BETANIA (SAN VICENTE DEL CAGUÁN - CAQUETÁ),2020,10,5015.0,1873.0,4120.0,domingo,2020-10-04 19:00:00,518.0
85,CASANARE,85430,TRINIDAD,85430001,BOCAS DEL PAUTO (TRINIDAD - CASANARE),2020,10,13318.0,7513.0,89920.0,jueves,2020-10-01 18:30:00,621.0
19,CAUCA,19318,GUAPI,19318008,LIMONES (GUAPI - CAUCA),2020,10,7396.0,2067.0,66620.0,domingo,2020-10-18 18:15:00,422.0
19,CAUCA,19318,GUAPI,19318013,SAN ANTONIO DE GUAJUÍ (GUAPI - CAUCA),2020,10,9006.0,2771.0,60580.0,sábado,2020-10-10 20:00:00,546.0
19,CAUCA,19418,LÓPEZ DE MICAY,19418024,BETANIA - NAYA (LÓPEZ (MICAY) - CAUCA),2020,10,6932.0,2127.0,31040.0,jueves,2020-10-22 00:00:00,953.0
19,CAUCA,19418,LÓPEZ DE MICAY,19418011,DOS QUEBRADAS RÍO NAYA (LÓPEZ DE MICAY - CAUCA),2020,10,6622.0,2282.0,36480.0,sábado,2020-10-03 19:30:00,717.0
19,CAUCA,19418,LÓPEZ DE MICAY,19418038,ISLA DE GALLO (LÓPEZ DE MICAY - CAUCA),2020,10,294.0,9640.0,25120.0,sábado,2020-10-03 19:00:00,437.0
19,CAUCA,19418,LÓPEZ DE MICAY,19418009,NOANAMITO (LÓPEZ DE MICAY - CAUCA),2020,10,6812.0,2533.0,360.0,lunes,2020-10-19 19:45:00,834.0
19,CAUCA,19418,LÓPEZ DE MICAY,19418012,SAN ANTONIO DE CHUARÉ (LÓPEZ DE MICAY - CAUCA),2020,10,9374.0,3051.0,54780.0,jueves,2020-10-01 19:00:00,723.0
19,CAUCA,19418,LÓPEZ DE MICAY,19418019,ZARAGOZA (LOPEZ DE MICAY - CAUCA),2020,10,12012.0,5562.0,61220.0,sábado,2020-10-10 20:30:00,949.0
19,CAUCA,19809,TIMBIQUÍ,19809014,CHACÓN (TIMBIQUÍ - CAUCA),2020,10,1752.0,3150.0,2790.0,viernes,2020-10-30 19:45:00,24.0
19,CAUCA,19809,TIMBIQUÍ,19809010,COMUNIDAD DE CHETE (TIMBIQUÍ - CAUCA),2020,10,4843.0,1415.0,42180.0,martes,2020-10-27 20:00:00,428.0
19,CAUCA,19809,TIMBIQUÍ,19809003,COTEJE (TIMBIQUÍ - CAUCA),2020,10,6085.0,3449.0,33920.0,sábado,2020-10-31 19:00:00,645.0
19,CAUCA,19809,TIMBIQUÍ,19809023,PUERTO SAIJA (TIMBIQUÍ - CAUCA),2020,10,30969.0,10513.0,166670.0,miércoles,2020-10-14 19:00:00,77.0
19,CAUCA,19809,TIMBIQUÍ,19809007,SAN JOSÉ (TIMBIQUÍ - CAUCA),2020,10,919.0,5461.0,45310.0,miércoles,2020-10-28 18:00:00,757.0
19,CAUCA,19809,TIMBIQUÍ,19809008,SANTA MARÍA (TIMBIQUÍ - CAUCA),2020,10,17565.0,6885.0,77760.0,martes,2020-10-06 20:00:00,939.0
27,CHOCÓ,27006,ACANDÍ,27006000,ACANDÍ (ACANDÍ - CHOCÓ),2020,10,526945.0,231374.0,970640.0,martes,2020-10-27 20:00:00,235.0
27,CHOCÓ,27025,ALTO BAUDÓ (PIE DE PATO),27025000,CIUDAD BAUDÓ - PIE DE PATO (ALTO BAUDÓ - CHOCÓ),2020,10,41592.0,11042.0,126720.0,miércoles,2020-10-14 19:00:00,2029.0
27,CHOCÓ,27075,BAHÍA SOLANO (MUTIS),27075000,CIUDAD MUTIS (BAHÍA SOLANO - CHOCÓ),2020,10,594775.0,227621.0,109208.0,viernes,2020-10-30 19:15:00,2351.0
27,CHOCÓ,27075,BAHÍA SOLANO (MUTIS),27075001,CUPICA (BAHÍA SOLANO - CHOCÓ),2020,10,56106.0,21587.0,133020.0,viernes,2020-10-02 19:00:00,2249.0
27,CHOCÓ,27075,BAHÍA SOLANO (MUTIS),27075002,EL VALLE (BAHÍA SOLANO - CHOCÓ),2020,10,142944.0,61727.0,305710.0,viernes,2020-10-30 19:00:00,2336.0
27,CHOCÓ,27077,BAJO BAUDÓ (PIZARRO),27077000,PIZARRO (BAJO BAUDÓ (PIZARRO) - CHOCÓ),2020,10,190434.0,93425.0,368540.0,miércoles,2020-10-14 19:30:00,2254.0
27,CHOCÓ,27099,BOJAYÁ (BELLAVISTA),27099000,BELLAVISTA (BOJAYÁ (BELLAVISTA) - CHOCÓ),2020,10,9905.0,40322.0,222440.0,viernes,2020-10-30 19:15:00,2004.0
27,CHOCÓ,27099,BOJAYÁ (BELLAVISTA),27099002,LA LOMA DE BOJAYÁ (BOJAYÁ (BELLAVISTA) - CHOCÓ),2020,10,12421.0,5718.0,640.0,sábado,2020-10-10 18:45:00,848.0
27,CHOCÓ,27099,BOJAYÁ (BELLAVISTA),27099005,NAPIPÍ (BOJAYÁ (BELLAVISTA) - CHOCÓ),2020,10,939.0,3013.0,6080.0,sábado,2020-10-24 18:30:00,555.0
27,CHOCÓ,27099,BOJAYÁ (BELLAVISTA),27099008,PUERTO CONTO (BOJAYÁ (BELLAVISTA) - CHOCO),2020,10,7913.0,1885.0,6480.0,viernes,2020-10-30 19:15:00,539.0
27,CHOCÓ,27250,EL LITORAL DEL SAN JUAN,27250000,SANTA GENOVEVA DE DOCORDÓ (EL LITORAL DEL SAN JUAN - CHOCÓ),2020,10,67746.0,33721.0,16540.0,viernes,2020-10-31 00:30:00,1644.0
27,CHOCÓ,27425,MEDIO ATRATO (BETÉ),27425000,BETÉ (MEDIO ATRATO (BETÉ) - CHOCÓ),2020,10,20004.0,9534.0,720.0,viernes,2020-10-02 19:30:00,1247.0
27,CHOCÓ,27495,NUQUÍ,27495001,ARUSÍ (NUQUÍ - CHOCO),2020,10,8278.0,3603.0,480.0,viernes,2020-10-16 18:45:00,705.0
27,CHOCÓ,27495,NUQUÍ,27495000,NUQUÍ (NUQUÍ - CHOCÓ),2020,10,227132.0,73048.0,472380.0,viernes,2020-10-16 19:15:00,232.0
27,CHOCÓ,27001,QUIBDÓ,27001029,TAGACHI (QUIBDÓ - CHOCÓ),2020,10,4505.0,1102.0,4490.0,sábado,2020-10-17 20:30:00,405.0
27,CHOCÓ,27745,SIPÍ,27745000,SIPÍ (SIPÍ - CHOCO),2020,10,10987.0,3835.0,7480.0,sábado,2020-10-31 18:45:00,552.0
27,CHOCÓ,27800,UNGUÍA,27800001,BALBOA (UNGUÍA - CHOCÓ),2020,10,19489.0,7739.0,80230.0,sábado,2020-10-24 19:45:00,955.0
27,CHOCÓ,27800,UNGUÍA,27800005,TITUMATE (UNGUÍA - CHOCÓ),2020,10,12044.0,572.0,76560.0,miércoles,2020-10-21 19:30:00,61.0
27,CHOCÓ,27800,UNGUÍA,27800000,UNGUÍA (UNGUÍA - CHOCÓ),2020,10,325554.0,110348.0,8580.0,sábado,2020-10-10 19:30:00,173.0
94,GUAINÍA,94343,BARRANCOMINAS,94343000,BARRANCOMINAS (BARRANCOMINAS - GUAINÍA),2020,10,39073.0,13367.0,180910.0,lunes,2020-10-26 18:30:00,912.0
94,GUAINÍA,94001,INÍRIDA,94001000,INÍRIDA (INÍRIDA - GUAINÍA),2020,10,7576.0,510622.0,299024.0,viernes,2020-10-30 17:45:00,24.0
95,GUAVIARE,95200,MIRAFLORES,95200000,MIRAFLORES (MIRAFLORES - GUAVIARE),2020,10,79345.0,29068.0,190520.0,lunes,2020-10-26 18:15:00,191.0
44,LA GUAJIRA,44847,URIBIA,44847012,NAZARETH (URIBIA - LA GUAJIRA),2020,10,29547.0,13565.0,191040.0,viernes,2020-10-02 18:30:00,73.0
47,MAGDALENA,47189,CIÉNAGA,47189018,PALMOR (CIÉNAGA - MAGDALENA),2020,10,69954.0,24408.0,137340.0,miércoles,2020-10-21 20:45:00,2132.0
50,META,50325,MAPIRIPÁN,50325000,MAPIRIPÁN (MAPIRIPÁN - META),2020,10,144999.0,61674.0,296560.0,viernes,2020-10-30 18:00:00,2345.0
52,NARIÑO,52250,EL CHARCO,52250003,BOLÍVAR - SAN PEDRO (EL CHARCO - NARIÑO),2020,10,4624.0,5053.0,25410.0,lunes,2020-10-12 15:30:00,71.0
52,NARIÑO,52250,EL CHARCO,52250022,EL CUIL PUEBLO NUEVO (EL CHARCO - NARIÑO),2020,10,305.0,1703.0,34050.0,sábado,2020-10-03 19:15:00,33.0
52,NARIÑO,52250,EL CHARCO,52250007,SAN JOSÉ DEL TAPAJE (EL CHARCO - NARIÑO),2020,10,1427.0,182.0,800.0,viernes,2020-10-09 18:00:00,744.0
52,NARIÑO,52390,LA TOLA,52390013,AMÁRALES (LA TOLA - NARIÑO),2020,10,12462.0,3593.0,65020.0,jueves,2020-10-08 18:45:00,8.0
52,NARIÑO,52390,LA TOLA,52390003,LA VIGÍA DE LA MAR (LA TOLA - NARIÑO),2020,10,5212.0,2607.0,29960.0,sábado,2020-10-10 19:00:00,711.0
52,NARIÑO,52390,LA TOLA,52390009,MULATOS (LA TOLA - NARIÑO),2020,10,4123.0,1967.0,35710.0,lunes,2020-10-26 18:30:00,613.0
52,NARIÑO,52390,LA TOLA,52390016,SAN PABLO DEL MAR (LA TOLA - NARIÑO),2020,10,5736.0,1244.0,30080.0,sábado,2020-10-31 19:00:00,749.0
52,NARIÑO,52490,OLAYA HERRERA,52490913,BOCA DE PRIETA (OLAYA HERRERA - NARIÑO),2020,10,2946.0,7200.0,16660.0,martes,2020-10-20 18:45:00,654.0
52,NARIÑO,52490,OLAYA HERRERA,52490008,SAN JOSÉ CALABAZAL (OLAYA HERRERA - NARIÑO),2020,10,821.0,3375.0,46130.0,viernes,2020-10-30 20:15:00,646.0
52,NARIÑO,52835,SAN ANDRÉS DE TUMACO,52835055,BOCAS DE CURAY (TUMACO - NARIÑO),2020,10,6547.0,3322.0,5520.0,viernes,2020-10-02 18:45:00,51.0
52,NARIÑO,52835,SAN ANDRÉS DE TUMACO,52835012,CHAJAL (TUMACO - NARIÑO),2020,10,25473.0,902.0,141590.0,jueves,2020-10-15 18:45:00,718.0
52,NARIÑO,52835,SAN ANDRÉS DE TUMACO,52835016,PITAL DE LA COSTA (TUMACO - NARIÑO),2020,10,11113.0,6563.0,720.0,sábado,2020-10-31 19:45:00,548.0
52,NARIÑO,52835,SAN ANDRÉS DE TUMACO,52835212,PUEBLO NUEVO (TABLÓN SALADO) (TUMACO - NARIÑO),2020,10,3401.0,1445.0,17310.0,domingo,2020-10-11 23:30:00,855.0
52,NARIÑO,52835,SAN ANDRÉS DE TUMACO,52835217,SAN JUAN DE LA COSTA (SAN ANDRÉS DE TUMACO - NARIÑO),2020,10,24358.0,914.0,14080.0,miércoles,2020-10-21 18:30:00,745.0
52,NARIÑO,52835,SAN ANDRÉS DE TUMACO,52835091,SANTA ROSA (TUMACO - NARIÑO),2020,10,1622.0,5460.0,28540.0,viernes,2020-10-30 19:45:00,214.0
52,NARIÑO,52835,SAN ANDRÉS DE TUMACO,52835148,TABLÓN DULCE LA PAMPA (TUMACO - NARIÑO),2020,10,3964.0,1413.0,26050.0,sábado,2020-10-24 18:45:00,616.0
52,NARIÑO,52696,SANTA BÁRBARA (ISCUANDÉ),52696014,LA ENSENADA (SANTA BÁRBARA (ISCUANDÉ) - NARIÑO),2020,10,2752.0,3744.0,19330.0,miércoles,2020-10-14 19:45:00,553.0
86,PUTUMAYO,86573,PUERTO LEGUÍZAMO,86573009,PIÑUÑA NEGRO (PUERTO LEGUÍZAMO - PUTUMAYO),2020,10,3811.0,2158.0,2880.0,sábado,2020-10-24 20:45:00,608.0
76,VALLE DEL CAUCA,76109,BUENAVENTURA,76109028,PUERTO MERIZALDE (BUENAVENTURA - VALLE DEL CAUCA),2020,10,46035.0,16416.0,268580.0,martes,2020-10-13 18:45:00,638.0
76,VALLE DEL CAUCA,76109,BUENAVENTURA,76109032,SAN FRANCISCO NAYA (BUENAVENTURA - VALLE DEL CAUCA),2020,10,6099.0,226.0,2950.0,martes,2020-10-20 19:00:00,749.0
97,VAUPÉS,97161,CARURÚ,97161000,CARURÚ (CARURÚ - VAUPÉS),2020,10,15372.0,3658.0,67230.0,jueves,2020-10-29 19:15:00,1031.0
97,VAUPÉS,97001,MITÚ,97001000,MITÚ (MITÚ - VAUPÉS),2020,10,7576.0,38182.0,268534.0,jueves,2020-10-29 00:00:00,24.0
97,VAUPÉS,97666,TARAIRA,97666000,TARAIRA (TARAIRA - VAUPÉS),2020,10,29164.0,9162.0,117040.0,jueves,2020-10-29 00:30:00,1015.0
99,VICHADA,99773,CUMARIBO,99773000,CUMARIBO (CUMARIBO - VICHADA),2020,10,301392.0,13122.0,625680.0,lunes,2020-10-26 23:45:00,2359.0
99,VICHADA,99524,LA PRIMAVERA,99524000,LA PRIMAVERA (LA PRIMAVERA - VICHADA),2020,10,344188.0,162002.0,685310.0,viernes,2020-10-30 18:45:00,2353.0
99,VICHADA,99001,PUERTO CARREÑO,99001002,CASUARITO (PUERTO CARREÑO - VICHADA),2020,10,22272.0,8238.0,10930.0,jueves,2020-10-29 19:30:00,843.0
99,VICHADA,99001,PUERTO CARREÑO,99001000,PUERTO CARREÑO (PUERTO CARREÑO - VICHADA),2020,10,7576.0,73575.0,437272.0,viernes,2020-10-30 14:15:00,24.0
99,VICHADA,99624,SANTA ROSALÍA,99624000,SANTA ROSALÍA (SANTA ROSALÍA - VICHADA),2020,10,127636.0,63048.0,34920.0,jueves,2020-10-15 19:30:00,1616.0
91,AMAZONAS,91540,PUERTO NARIÑO,91540000,PUERTO NARIÑO (PUERTO NARIÑO - AMAZONAS),2020,11,97464.0,36366.0,218940.0,miércoles,2020-11-04 18:30:00,2356.0
91,AMAZONAS,91798,TARAPACÁ (ANM),91798000,TARAPACÁ (TARAPACÁ (ANM) - AMAZONAS),2020,11,22082.0,9398.0,89130.0,martes,2020-11-03 18:30:00,1017.0
5,ANTIOQUIA,5873,VIGÍA DEL FUERTE,5873001,SAN ANTONIO DE PADUA (VIGÍA DEL FUERTE - ANTIOQUIA),2020,11,3412.0,137.0,31420.0,sábado,2020-11-14 20:30:00,442.0
5,ANTIOQUIA,5873,VIGÍA DEL FUERTE,5873002,VEGÁEZ (VIGÍA DEL FUERTE - ANTIOQUIA),2020,11,5709.0,7890.0,46750.0,martes,2020-11-24 17:30:00,743.0
5,ANTIOQUIA,5873,VIGÍA DEL FUERTE,5873000,VIGÍA DEL FUERTE (VIGÍA DEL FUERTE - ANTIOQUIA),2020,11,107921.0,3816.0,294620.0,sábado,2020-11-14 13:00:00,1351.0
13,BOLÍVAR,13001,CARTAGENA DE INDIAS,13001007,ISLA FUERTE (CARTAGENA DE INDIAS - BOLÍVAR),2020,11,15058.0,7948.0,120390.0,martes,2020-11-03 15:15:00,512.0
18,CAQUETÁ,18150,CARTAGENA DEL CHAIRÁ,18150001,REMOLINO DEL CAGUÁN (CARTAGENA DEL CHAIRA - CAQUETÁ),2020,11,15853.0,7563.0,83550.0,sábado,2020-11-14 18:30:00,826.0
18,CAQUETÁ,18753,SAN VICENTE DEL CAGUÁN,18753002,GUACAMAYAS (SAN VICENTE DEL CAGUÁN - CAQUETÁ),2020,11,109.0,4552.0,34680.0,sábado,2020-11-21 19:00:00,1648.0
18,CAQUETÁ,18753,SAN VICENTE DEL CAGUÁN,18753009,PUERTO BETANIA (SAN VICENTE DEL CAGUÁN - CAQUETÁ),2020,11,5511.0,2023.0,41320.0,sábado,2020-11-07 19:45:00,606.0
85,CASANARE,85430,TRINIDAD,85430001,BOCAS DEL PAUTO (TRINIDAD - CASANARE),2020,11,12953.0,7604.0,87940.0,lunes,2020-11-23 18:30:00,637.0
19,CAUCA,19318,GUAPI,19318008,LIMONES (GUAPI - CAUCA),2020,11,10569.0,246.0,71890.0,lunes,2020-11-02 19:15:00,708.0
19,CAUCA,19318,GUAPI,19318013,SAN ANTONIO DE GUAJUÍ (GUAPI - CAUCA),2020,11,11806.0,3931.0,57590.0,sábado,2020-11-14 19:00:00,825.0
19,CAUCA,19418,LÓPEZ DE MICAY,19418024,BETANIA - NAYA (LÓPEZ (MICAY) - CAUCA),2020,11,6796.0,2054.0,33280.0,jueves,2020-11-12 23:30:00,1018.0
19,CAUCA,19418,LÓPEZ DE MICAY,19418011,DOS QUEBRADAS RÍO NAYA (LÓPEZ DE MICAY - CAUCA),2020,11,6485.0,2199.0,36420.0,jueves,2020-11-12 19:45:00,73.0
19,CAUCA,19418,LÓPEZ DE MICAY,19418038,ISLA DE GALLO (LÓPEZ DE MICAY - CAUCA),2020,11,2926.0,9730.0,25950.0,jueves,2020-11-26 18:45:00,433.0
19,CAUCA,19418,LÓPEZ DE MICAY,19418009,NOANAMITO (LÓPEZ DE MICAY - CAUCA),2020,11,6193.0,2268.0,360.0,lunes,2020-11-30 20:15:00,827.0
19,CAUCA,19418,LÓPEZ DE MICAY,19418012,SAN ANTONIO DE CHUARÉ (LÓPEZ DE MICAY - CAUCA),2020,11,9302.0,2987.0,54050.0,domingo,2020-11-29 19:15:00,736.0
19,CAUCA,19418,LÓPEZ DE MICAY,19418019,ZARAGOZA (LOPEZ DE MICAY - CAUCA),2020,11,10859.0,511.0,54460.0,domingo,2020-11-15 16:00:00,921.0
19,CAUCA,19809,TIMBIQUÍ,19809014,CHACÓN (TIMBIQUÍ - CAUCA),2020,11,404.0,8880.0,27820.0,jueves,2020-11-05 19:00:00,553.0
19,CAUCA,19809,TIMBIQUÍ,19809010,COMUNIDAD DE CHETE (TIMBIQUÍ - CAUCA),2020,11,6772.0,2157.0,4090.0,sábado,2020-11-07 19:45:00,639.0
19,CAUCA,19809,TIMBIQUÍ,19809003,COTEJE (TIMBIQUÍ - CAUCA),2020,11,6842.0,3913.0,3380.0,sábado,2020-11-21 19:45:00,8.0
19,CAUCA,19809,TIMBIQUÍ,19809023,PUERTO SAIJA (TIMBIQUÍ - CAUCA),2020,11,11866.0,4085.0,170190.0,domingo,2020-11-01 20:15:00,251.0
19,CAUCA,19809,TIMBIQUÍ,19809007,SAN JOSÉ (TIMBIQUÍ - CAUCA),2020,11,679.0,3908.0,44470.0,martes,2020-11-10 18:30:00,556.0
19,CAUCA,19809,TIMBIQUÍ,19809008,SANTA MARÍA (TIMBIQUÍ - CAUCA),2020,11,16222.0,6453.0,74940.0,sábado,2020-11-21 18:30:00,924.0
27,CHOCÓ,27006,ACANDÍ,27006000,ACANDÍ (ACANDÍ - CHOCÓ),2020,11,567399.0,236454.0,109965.0,miércoles,2020-11-04 20:45:00,2323.0
27,CHOCÓ,27006,ACANDÍ,27006003,CAPURGANÁ (ACANDÍ - CHOCO),2020,11,247297.0,98054.0,568130.0,viernes,2020-11-13 18:45:00,2032.0
27,CHOCÓ,27006,ACANDÍ,27006007,SAN FRANCISCO (ACANDÍ - CHOCÓ),2020,11,19669.0,6313.0,122020.0,lunes,2020-11-09 20:00:00,757.0
27,CHOCÓ,27025,ALTO BAUDÓ (PIE DE PATO),27025000,CIUDAD BAUDÓ - PIE DE PATO (ALTO BAUDÓ - CHOCÓ),2020,11,42645.0,11517.0,124780.0,lunes,2020-11-16 18:45:00,2209.0
27,CHOCÓ,27075,BAHÍA SOLANO (MUTIS),27075001,CUPICA (BAHÍA SOLANO - CHOCÓ),2020,11,57471.0,21497.0,137180.0,jueves,2020-11-12 19:15:00,2343.0
27,CHOCÓ,27075,BAHÍA SOLANO (MUTIS),27075002,EL VALLE (BAHÍA SOLANO - CHOCÓ),2020,11,138122.0,59124.0,30360.0,jueves,2020-11-05 18:45:00,232.0
27,CHOCÓ,27077,BAJO BAUDÓ (PIZARRO),27077000,PIZARRO (BAJO BAUDÓ (PIZARRO) - CHOCÓ),2020,11,181765.0,8744.0,36590.0,martes,2020-11-03 19:00:00,2154.0
27,CHOCÓ,27099,BOJAYÁ (BELLAVISTA),27099000,BELLAVISTA (BOJAYÁ (BELLAVISTA) - CHOCÓ),2020,11,98285.0,4241.0,227750.0,martes,2020-11-03 19:00:00,1846.0
27,CHOCÓ,27099,BOJAYÁ (BELLAVISTA),27099002,LA LOMA DE BOJAYÁ (BOJAYÁ (BELLAVISTA) - CHOCÓ),2020,11,11185.0,5391.0,6080.0,martes,2020-11-10 19:00:00,821.0
27,CHOCÓ,27099,BOJAYÁ (BELLAVISTA),27099005,NAPIPÍ (BOJAYÁ (BELLAVISTA) - CHOCÓ),2020,11,8978.0,2942.0,6080.0,lunes,2020-11-23 20:15:00,545.0
27,CHOCÓ,27099,BOJAYÁ (BELLAVISTA),27099008,PUERTO CONTO (BOJAYÁ (BELLAVISTA) - CHOCO),2020,11,10519.0,2669.0,6720.0,domingo,2020-11-29 18:30:00,609.0
27,CHOCÓ,27250,EL LITORAL DEL SAN JUAN,27250000,SANTA GENOVEVA DE DOCORDÓ (EL LITORAL DEL SAN JUAN - CHOCÓ),2020,11,68524.0,346.0,165920.0,miércoles,2020-11-04 19:15:00,1711.0
27,CHOCÓ,27372,JURADÓ,27372000,JURADÓ (JURADÓ - CHOCÓ),2020,11,143913.0,71872.0,280320.0,martes,2020-11-17 18:45:00,2359.0
27,CHOCÓ,27425,MEDIO ATRATO (BETÉ),27425000,BETÉ (MEDIO ATRATO (BETÉ) - CHOCÓ),2020,11,19772.0,9589.0,720.0,sábado,2020-11-14 18:45:00,1242.0
27,CHOCÓ,27495,NUQUÍ,27495001,ARUSÍ (NUQUÍ - CHOCO),2020,11,8892.0,404.0,480.0,martes,2020-11-17 18:45:00,803.0
27,CHOCÓ,27495,NUQUÍ,27495000,NUQUÍ (NUQUÍ - CHOCÓ),2020,11,219005.0,68779.0,454080.0,viernes,2020-11-06 19:00:00,2339.0
27,CHOCÓ,27745,SIPÍ,27745000,SIPÍ (SIPÍ - CHOCO),2020,11,9994.0,3792.0,7480.0,lunes,2020-11-23 19:15:00,621.0
27,CHOCÓ,27800,UNGUÍA,27800001,BALBOA (UNGUÍA - CHOCÓ),2020,11,19366.0,8029.0,81310.0,sábado,2020-11-07 19:30:00,1011.0
27,CHOCÓ,27800,UNGUÍA,27800005,TITUMATE (UNGUÍA - CHOCÓ),2020,11,8962.0,4052.0,83860.0,miércoles,2020-11-11 21:15:00,442.0
27,CHOCÓ,27800,UNGUÍA,27800000,UNGUÍA (UNGUÍA - CHOCÓ),2020,11,335979.0,111322.0,8470.0,miércoles,2020-11-25 18:45:00,1841.0
94,GUAINÍA,94343,BARRANCOMINAS,94343000,BARRANCOMINAS (BARRANCOMINAS - GUAINÍA),2020,11,4645.0,16212.0,18540.0,jueves,2020-11-19 18:15:00,1038.0
94,GUAINÍA,94001,INÍRIDA,94001000,INÍRIDA (INÍRIDA - GUAINÍA),2020,11,7576.0,504476.0,304568.0,jueves,2020-11-12 17:30:00,24.0
95,GUAVIARE,95200,MIRAFLORES,95200000,MIRAFLORES (MIRAFLORES - GUAVIARE),2020,11,80296.0,28321.0,194920.0,lunes,2020-11-30 18:30:00,1906.0
44,LA GUAJIRA,44847,URIBIA,44847012,NAZARETH (URIBIA - LA GUAJIRA),2020,11,2443.0,10951.0,199920.0,lunes,2020-11-23 18:15:00,632.0
47,MAGDALENA,47189,CIÉNAGA,47189018,PALMOR (CIÉNAGA - MAGDALENA),2020,11,6362.0,22537.0,133310.0,lunes,2020-11-02 21:15:00,1938.0
50,META,50325,MAPIRIPÁN,50325000,MAPIRIPÁN (MAPIRIPÁN - META),2020,11,147423.0,61791.0,316360.0,sábado,2020-11-21 18:15:00,2349.0
52,NARIÑO,52250,EL CHARCO,52250023,BAZÁN (EL CHARCO - NARIÑO),2020,11,20585.0,1096.0,10080.0,sábado,2020-11-21 18:45:00,813.0
52,NARIÑO,52250,EL CHARCO,52250003,BOLÍVAR - SAN PEDRO (EL CHARCO - NARIÑO),2020,11,4494.0,2904.0,2230.0,martes,2020-11-03 18:45:00,815.0
52,NARIÑO,52250,EL CHARCO,52250022,EL CUIL PUEBLO NUEVO (EL CHARCO - NARIÑO),2020,11,4511.0,2964.0,33320.0,lunes,2020-11-30 20:45:00,553.0
52,NARIÑO,52250,EL CHARCO,52250007,SAN JOSÉ DEL TAPAJE (EL CHARCO - NARIÑO),2020,11,15522.0,3166.0,880.0,viernes,2020-11-20 20:15:00,748.0
52,NARIÑO,52520,FRANCISCO PIZARRO,52520013,SAN PEDRO DEL VINO (FRANCISCO PIZARRO - NARIÑO),2020,11,5307.0,262.0,31070.0,sábado,2020-11-07 18:15:00,736.0
52,NARIÑO,52390,LA TOLA,52390013,AMÁRALES (LA TOLA - NARIÑO),2020,11,11563.0,3331.0,64480.0,miércoles,2020-11-25 18:45:00,728.0
52,NARIÑO,52390,LA TOLA,52390003,LA VIGÍA DE LA MAR (LA TOLA - NARIÑO),2020,11,5724.0,2861.0,29880.0,sábado,2020-11-21 00:30:00,819.0
52,NARIÑO,52390,LA TOLA,52390009,MULATOS (LA TOLA - NARIÑO),2020,11,3936.0,1957.0,35070.0,lunes,2020-11-09 18:15:00,606.0
52,NARIÑO,52390,LA TOLA,52390016,SAN PABLO DEL MAR (LA TOLA - NARIÑO),2020,11,4974.0,1053.0,30080.0,sábado,2020-11-28 20:45:00,648.0
52,NARIÑO,52473,MOSQUERA,52473010,EL BAJITO DE ECHANDÍA (MOSQUERA - NARIÑO),2020,11,4134.0,5320.0,13750.0,jueves,2020-11-05 18:15:00,1135.0
52,NARIÑO,52490,OLAYA HERRERA,52490913,BOCA DE PRIETA (OLAYA HERRERA - NARIÑO),2020,11,2643.0,7190.0,240.0,domingo,2020-11-15 17:30:00,648.0
52,NARIÑO,52490,OLAYA HERRERA,52490008,SAN JOSÉ CALABAZAL (OLAYA HERRERA - NARIÑO),2020,11,7533.0,3151.0,45620.0,sábado,2020-11-07 20:00:00,628.0
52,NARIÑO,52835,SAN ANDRÉS DE TUMACO,52835055,BOCAS DE CURAY (TUMACO - NARIÑO),2020,11,3836.0,1964.0,5760.0,domingo,2020-11-29 18:45:00,253.0
52,NARIÑO,52835,SAN ANDRÉS DE TUMACO,52835012,CHAJAL (TUMACO - NARIÑO),2020,11,11846.0,4165.0,136930.0,sábado,2020-11-28 19:15:00,324.0
52,NARIÑO,52835,SAN ANDRÉS DE TUMACO,52835016,PITAL DE LA COSTA (TUMACO - NARIÑO),2020,11,15671.0,9359.0,840.0,miércoles,2020-11-25 20:30:00,801.0
52,NARIÑO,52835,SAN ANDRÉS DE TUMACO,52835212,PUEBLO NUEVO (TABLÓN SALADO) (TUMACO - NARIÑO),2020,11,3063.0,115.0,16580.0,miércoles,2020-11-11 18:15:00,826.0
52,NARIÑO,52835,SAN ANDRÉS DE TUMACO,52835021,SAN JOSÉ DEL GUAYABO (TUMACO - NARIÑO),2020,11,2341.0,6030.0,22520.0,sábado,2020-11-14 20:00:00,436.0
52,NARIÑO,52835,SAN ANDRÉS DE TUMACO,52835217,SAN JUAN DE LA COSTA (SAN ANDRÉS DE TUMACO - NARIÑO),2020,11,1896.0,6933.0,1440.0,lunes,2020-11-09 18:30:00,612.0
52,NARIÑO,52835,SAN ANDRÉS DE TUMACO,52835091,SANTA ROSA (TUMACO - NARIÑO),2020,11,255.0,8600.0,29890.0,lunes,2020-11-30 19:00:00,333.0
52,NARIÑO,52835,SAN ANDRÉS DE TUMACO,52835148,TABLÓN DULCE LA PAMPA (TUMACO - NARIÑO),2020,11,2668.0,9960.0,26270.0,jueves,2020-11-12 19:15:00,418.0
52,NARIÑO,52696,SANTA BÁRBARA (ISCUANDÉ),52696014,LA ENSENADA (SANTA BÁRBARA (ISCUANDÉ) - NARIÑO),2020,11,2444.0,3452.0,17660.0,sábado,2020-11-07 20:00:00,548.0
52,NARIÑO,52696,SANTA BÁRBARA (ISCUANDÉ),52696022,SECADERO (SANTA BÁRBARA (ISCUANDÉ) - NARIÑO),2020,11,2997.0,1971.0,14590.0,jueves,2020-11-26 18:45:00,854.0
86,PUTUMAYO,86573,PUERTO LEGUÍZAMO,86573009,PIÑUÑA NEGRO (PUERTO LEGUÍZAMO - PUTUMAYO),2020,11,3718.0,2067.0,2560.0,domingo,2020-11-22 22:00:00,638.0
76,VALLE DEL CAUCA,76109,BUENAVENTURA,76109028,PUERTO MERIZALDE (BUENAVENTURA - VALLE DEL CAUCA),2020,11,4502.0,14919.0,273330.0,jueves,2020-11-12 19:30:00,639.0
76,VALLE DEL CAUCA,76109,BUENAVENTURA,76109032,SAN FRANCISCO NAYA (BUENAVENTURA - VALLE DEL CAUCA),2020,11,6129.0,2256.0,30210.0,jueves,2020-11-26 18:30:00,8.0
97,VAUPÉS,97161,CARURÚ,97161000,CARURÚ (CARURÚ - VAUPÉS),2020,11,1819.0,4704.0,67230.0,jueves,2020-11-26 18:30:00,1235.0
97,VAUPÉS,97001,MITÚ,97001000,MITÚ (MITÚ - VAUPÉS),2020,11,7576.0,350879.0,266124.0,jueves,2020-11-12 23:45:00,2223.0
97,VAUPÉS,97666,TARAIRA,97666000,TARAIRA (TARAIRA - VAUPÉS),2020,11,28749.0,9269.0,120210.0,miércoles,2020-11-11 19:00:00,1015.0
99,VICHADA,99773,CUMARIBO,99773000,CUMARIBO (CUMARIBO - VICHADA),2020,11,294589.0,125934.0,627440.0,lunes,2020-11-23 17:45:00,2359.0
99,VICHADA,99001,PUERTO CARREÑO,99001002,CASUARITO (PUERTO CARREÑO - VICHADA),2020,11,22119.0,8407.0,107010.0,martes,2020-11-24 18:45:00,857.0
99,VICHADA,99001,PUERTO CARREÑO,99001000,PUERTO CARREÑO (PUERTO CARREÑO - VICHADA),2020,11,7576.0,592088.0,419144.0,martes,2020-11-24 14:15:00,2348.0
99,VICHADA,99624,SANTA ROSALÍA,99624000,SANTA ROSALÍA (SANTA ROSALÍA - VICHADA),2020,11,125334.0,61219.0,34570.0,jueves,2020-11-12 18:15:00,1638.0
91,AMAZONAS,91001,LETICIA,91001000,LETICIA (LETICIA - AMAZONAS),2020,12,7576.0,4650.0,708312.0,miércoles,2020-12-02 23:30:00,24.0
91,AMAZONAS,91540,PUERTO NARIÑO,91540000,PUERTO NARIÑO (PUERTO NARIÑO - AMAZONAS),2020,12,103055.0,3763.0,210850.0,jueves,2020-12-31 19:00:00,2358.0
91,AMAZONAS,91798,TARAPACÁ (ANM),91798000,TARAPACÁ (TARAPACÁ (ANM) - AMAZONAS),2020,12,23543.0,9879.0,93120.0,jueves,2020-12-31 19:15:00,1022.0
5,ANTIOQUIA,5873,VIGÍA DEL FUERTE,5873001,SAN ANTONIO DE PADUA (VIGÍA DEL FUERTE - ANTIOQUIA),2020,12,4556.0,173.0,34750.0,jueves,2020-12-31 19:15:00,534.0
5,ANTIOQUIA,5873,VIGÍA DEL FUERTE,5873002,VEGÁEZ (VIGÍA DEL FUERTE - ANTIOQUIA),2020,12,5286.0,5470.0,46940.0,miércoles,2020-12-09 18:15:00,647.0
5,ANTIOQUIA,5873,VIGÍA DEL FUERTE,5873000,VIGÍA DEL FUERTE (VIGÍA DEL FUERTE - ANTIOQUIA),2020,12,105787.0,39101.0,296380.0,lunes,2020-12-29 00:45:00,131.0
13,BOLÍVAR,13001,CARTAGENA DE INDIAS,13001007,ISLA FUERTE (CARTAGENA DE INDIAS - BOLÍVAR),2020,12,1818.0,95.0,133690.0,jueves,2020-12-31 15:30:00,538.0
18,CAQUETÁ,18150,CARTAGENA DEL CHAIRÁ,18150001,REMOLINO DEL CAGUÁN (CARTAGENA DEL CHAIRA - CAQUETÁ),2020,12,16816.0,7999.0,87380.0,jueves,2020-12-31 19:30:00,817.0
18,CAQUETÁ,18150,CARTAGENA DEL CHAIRÁ,18150002,SANTA FE DEL CAGUÁN (CARTAGENA DEL CHAIRA - CAQUETÁ),2020,12,4298.0,2392.0,42960.0,jueves,2020-12-31 19:00:00,411.0
18,CAQUETÁ,18753,SAN VICENTE DEL CAGUÁN,18753002,GUACAMAYAS (SAN VICENTE DEL CAGUÁN - CAQUETÁ),2020,12,13318.0,5565.0,43970.0,jueves,2020-12-31 19:45:00,1835.0
18,CAQUETÁ,18753,SAN VICENTE DEL CAGUÁN,18753015,GUAYABAL (SAN VICENTE DEL CAGUÁN - CAQUETÁ),2020,12,6343.0,3648.0,37170.0,jueves,2020-12-31 18:30:00,73.0
18,CAQUETÁ,18753,SAN VICENTE DEL CAGUÁN,18753009,PUERTO BETANIA (SAN VICENTE DEL CAGUÁN - CAQUETÁ),2020,12,5697.0,2205.0,41560.0,jueves,2020-12-24 19:45:00,548.0
85,CASANARE,85430,TRINIDAD,85430001,BOCAS DEL PAUTO (TRINIDAD - CASANARE),2020,12,13243.0,7673.0,120060.0,sábado,2020-12-19 23:30:00,622.0
19,CAUCA,19318,GUAPI,19318008,LIMONES (GUAPI - CAUCA),2020,12,11455.0,2809.0,54370.0,jueves,2020-12-31 20:30:00,838.0
19,CAUCA,19318,GUAPI,19318013,SAN ANTONIO DE GUAJUÍ (GUAPI - CAUCA),2020,12,12143.0,409.0,64630.0,miércoles,2020-12-09 19:15:00,745.0
19,CAUCA,19418,LÓPEZ DE MICAY,19418011,DOS QUEBRADAS RÍO NAYA (LÓPEZ DE MICAY - CAUCA),2020,12,7196.0,2458.0,35970.0,jueves,2020-12-10 19:30:00,819.0
19,CAUCA,19418,LÓPEZ DE MICAY,19418038,ISLA DE GALLO (LÓPEZ DE MICAY - CAUCA),2020,12,4586.0,1456.0,28640.0,jueves,2020-12-31 19:30:00,641.0
19,CAUCA,19418,LÓPEZ DE MICAY,19418007,LA CONCHA - CONCEPCIÓN NAYA (LOPEZ (MICAY) - CAUCA),2020,12,3448.0,5660.0,17520.0,jueves,2020-12-24 20:00:00,805.0
19,CAUCA,19418,LÓPEZ DE MICAY,19418009,NOANAMITO (LÓPEZ DE MICAY - CAUCA),2020,12,7545.0,2498.0,400.0,miércoles,2020-12-30 20:00:00,758.0
19,CAUCA,19418,LÓPEZ DE MICAY,19418012,SAN ANTONIO DE CHUARÉ (LÓPEZ DE MICAY - CAUCA),2020,12,10021.0,3301.0,60540.0,jueves,2020-12-24 18:45:00,742.0
19,CAUCA,19418,LÓPEZ DE MICAY,19418019,ZARAGOZA (LOPEZ DE MICAY - CAUCA),2020,12,1175.0,5418.0,50080.0,jueves,2020-12-24 20:30:00,941.0
19,CAUCA,19809,TIMBIQUÍ,19809014,CHACÓN (TIMBIQUÍ - CAUCA),2020,12,4584.0,1092.0,27380.0,jueves,2020-12-31 21:45:00,659.0
19,CAUCA,19809,TIMBIQUÍ,19809003,COTEJE (TIMBIQUÍ - CAUCA),2020,12,7629.0,4343.0,32360.0,sábado,2020-12-05 18:30:00,97.0
19,CAUCA,19809,TIMBIQUÍ,19809023,PUERTO SAIJA (TIMBIQUÍ - CAUCA),2020,12,33577.0,11703.0,163330.0,jueves,2020-12-24 19:15:00,75.0
19,CAUCA,19809,TIMBIQUÍ,19809007,SAN JOSÉ (TIMBIQUÍ - CAUCA),2020,12,8763.0,5126.0,44470.0,jueves,2020-12-31 19:30:00,732.0
19,CAUCA,19809,TIMBIQUÍ,19809008,SANTA MARÍA (TIMBIQUÍ - CAUCA),2020,12,17433.0,6834.0,78530.0,miércoles,2020-12-30 19:00:00,941.0
27,CHOCÓ,27006,ACANDÍ,27006000,ACANDÍ (ACANDÍ - CHOCÓ),2020,12,589832.0,244762.0,11037.0,miércoles,2020-12-23 21:00:00,2349.0
27,CHOCÓ,27006,ACANDÍ,27006003,CAPURGANÁ (ACANDÍ - CHOCO),2020,12,29679.0,114181.0,760670.0,jueves,2020-12-31 19:45:00,2017.0
27,CHOCÓ,27006,ACANDÍ,27006007,SAN FRANCISCO,2025,12,26113.0,10473.0,158592.0,jueves,2025-12-31 19:45:00,925.0
27,CHOCÓ,27006,ACANDÍ,27006007,SAN FRANCISCO (ACANDÍ - CHOCÓ),2020,12,22437.0,7054.0,12250.0,jueves,2020-12-31 19:00:00,838.0
27,CHOCÓ,27025,ALTO BAUDÓ (PIE DE PATO),27025000,CIUDAD BAUDÓ - PIE DE PATO (ALTO BAUDÓ - CHOCÓ),2020,12,45363.0,12409.0,108420.0,domingo,2020-12-07 00:15:00,2343.0
27,CHOCÓ,27075,BAHÍA SOLANO (MUTIS),27075001,CUPICA (BAHÍA SOLANO - CHOCÓ),2020,12,58899.0,22302.0,132360.0,domingo,2020-12-20 19:30:00,24.0
27,CHOCÓ,27075,BAHÍA SOLANO (MUTIS),27075002,EL VALLE (BAHÍA SOLANO - CHOCÓ),2020,12,156702.0,6468.0,335020.0,lunes,2020-12-28 19:00:00,2352.0
27,CHOCÓ,27077,BAJO BAUDÓ (PIZARRO),27077905,BUENAVISTA (BAJO BAUDÓ (PIZARRO) - CHOCÓ),2020,12,5787.0,6800.0,27870.0,miércoles,2020-12-23 20:30:00,749.0
27,CHOCÓ,27077,BAJO BAUDÓ (PIZARRO),27077000,PIZARRO (BAJO BAUDÓ (PIZARRO) - CHOCÓ),2020,12,203289.0,95365.0,39230.0,lunes,2020-12-07 19:00:00,2345.0
27,CHOCÓ,27099,BOJAYÁ (BELLAVISTA),27099000,BELLAVISTA (BOJAYÁ (BELLAVISTA) - CHOCÓ),2020,12,41555.0,17093.0,209490.0,lunes,2020-12-07 18:45:00,802.0
27,CHOCÓ,27099,BOJAYÁ (BELLAVISTA),27099002,LA LOMA DE BOJAYÁ (BOJAYÁ (BELLAVISTA) - CHOCÓ),2020,12,12909.0,6126.0,6080.0,sábado,2020-12-05 19:00:00,93.0
27,CHOCÓ,27099,BOJAYÁ (BELLAVISTA),27099005,NAPIPÍ (BOJAYÁ (BELLAVISTA) - CHOCÓ),2020,12,10766.0,3467.0,6080.0,jueves,2020-12-31 22:00:00,637.0
27,CHOCÓ,27099,BOJAYÁ (BELLAVISTA),27099008,PUERTO CONTO (BOJAYÁ (BELLAVISTA) - CHOCO),2020,12,10426.0,2632.0,6960.0,miércoles,2020-12-23 20:15:00,603.0
27,CHOCÓ,27250,EL LITORAL DEL SAN JUAN,27250000,SANTA GENOVEVA DE DOCORDÓ (EL LITORAL DEL SAN JUAN - CHOCÓ),2020,12,70724.0,35325.0,169750.0,jueves,2020-12-10 20:00:00,177.0
27,CHOCÓ,27372,JURADÓ,27372000,JURADÓ (JURADÓ - CHOCÓ),2020,12,158215.0,78341.0,28640.0,jueves,2020-12-17 21:00:00,2357.0
27,CHOCÓ,27425,MEDIO ATRATO (BETÉ),27425000,BETÉ (MEDIO ATRATO (BETÉ) - CHOCÓ),2020,12,2083.0,10015.0,760.0,jueves,2020-12-31 19:00:00,124.0
27,CHOCÓ,27495,NUQUÍ,27495001,ARUSÍ (NUQUÍ - CHOCO),2020,12,9074.0,3826.0,4960.0,miércoles,2020-12-16 19:00:00,745.0
27,CHOCÓ,27495,NUQUÍ,27495000,NUQUÍ (NUQUÍ - CHOCÓ),2020,12,243554.0,78214.0,473790.0,miércoles,2020-12-23 19:15:00,24.0
27,CHOCÓ,27495,NUQUÍ,27495011,PUERTO JAGUA (NUQUÍ - CHOCÓ),2020,12,1196.0,1079.0,6170.0,jueves,2020-12-24 19:15:00,101.0
27,CHOCÓ,27800,UNGUÍA,27800001,BALBOA (UNGUÍA - CHOCÓ),2020,12,2064.0,8643.0,88130.0,jueves,2020-12-24 19:30:00,1022.0
27,CHOCÓ,27800,UNGUÍA,27800005,TITUMATE (UNGUÍA - CHOCÓ),2020,12,14101.0,5866.0,77440.0,miércoles,2020-12-23 21:15:00,803.0
94,GUAINÍA,94343,BARRANCOMINAS,94343000,BARRANCOMINAS (BARRANCOMINAS - GUAINÍA),2020,12,46649.0,16597.0,177920.0,miércoles,2020-12-23 18:00:00,1041.0
94,GUAINÍA,94001,INÍRIDA,94001000,INÍRIDA (INÍRIDA - GUAINÍA),2020,12,7576.0,52898.0,294976.0,jueves,2020-12-03 14:15:00,24.0
95,GUAVIARE,95200,MIRAFLORES,95200000,MIRAFLORES (MIRAFLORES - GUAVIARE),2020,12,85279.0,30687.0,194480.0,lunes,2020-12-28 18:15:00,1919.0
44,LA GUAJIRA,44847,URIBIA,44847012,NAZARETH (URIBIA - LA GUAJIRA),2020,12,31022.0,14828.0,209520.0,martes,2020-12-01 18:30:00,729.0
47,MAGDALENA,47189,CIÉNAGA,47189018,PALMOR (CIÉNAGA - MAGDALENA),2020,12,90408.0,35239.0,194880.0,domingo,2020-12-27 18:30:00,232.0
50,META,50325,MAPIRIPÁN,50325000,MAPIRIPÁN (MAPIRIPÁN - META),2020,12,15046.0,62899.0,298320.0,viernes,2020-12-11 18:45:00,2346.0
52,NARIÑO,52250,EL CHARCO,52250023,BAZÁN (EL CHARCO - NARIÑO),2020,12,21149.0,11563.0,10560.0,jueves,2020-12-31 19:45:00,823.0
52,NARIÑO,52250,EL CHARCO,52250003,BOLÍVAR - SAN PEDRO (EL CHARCO - NARIÑO),2020,12,4061.0,2199.0,25340.0,jueves,2020-12-17 18:15:00,727.0
52,NARIÑO,52250,EL CHARCO,52250022,EL CUIL PUEBLO NUEVO (EL CHARCO - NARIÑO),2020,12,7867.0,8361.0,38980.0,jueves,2020-12-31 19:45:00,813.0
52,NARIÑO,52250,EL CHARCO,52250007,SAN JOSÉ DEL TAPAJE (EL CHARCO - NARIÑO),2020,12,16442.0,2952.0,800.0,domingo,2020-12-27 20:45:00,811.0
52,NARIÑO,52520,FRANCISCO PIZARRO,52520013,SAN PEDRO DEL VINO (FRANCISCO PIZARRO - NARIÑO),2020,12,5683.0,2841.0,29020.0,lunes,2020-12-07 18:30:00,758.0
52,NARIÑO,52390,LA TOLA,52390013,AMÁRALES (LA TOLA - NARIÑO),2020,12,11516.0,338.0,63940.0,martes,2020-12-22 19:45:00,723.0
52,NARIÑO,52390,LA TOLA,52390003,LA VIGÍA DE LA MAR (LA TOLA - NARIÑO),2020,12,607.0,2214.0,31880.0,viernes,2020-12-25 18:45:00,821.0
52,NARIÑO,52390,LA TOLA,52390009,MULATOS (LA TOLA - NARIÑO),2020,12,3883.0,1652.0,34820.0,lunes,2020-12-07 18:30:00,6.0
52,NARIÑO,52490,OLAYA HERRERA,52490913,BOCA DE PRIETA (OLAYA HERRERA - NARIÑO),2020,12,252.0,6640.0,15840.0,jueves,2020-12-31 19:15:00,629.0
52,NARIÑO,52490,OLAYA HERRERA,52490008,SAN JOSÉ CALABAZAL (OLAYA HERRERA - NARIÑO),2020,12,8018.0,3357.0,45840.0,jueves,2020-12-31 18:30:00,641.0
52,NARIÑO,52835,SAN ANDRÉS DE TUMACO,52835055,BOCAS DE CURAY (TUMACO - NARIÑO),2020,12,11186.0,6296.0,6240.0,jueves,2020-12-31 19:45:00,754.0
52,NARIÑO,52835,SAN ANDRÉS DE TUMACO,52835012,CHAJAL (TUMACO - NARIÑO),2020,12,22474.0,7855.0,141150.0,miércoles,2020-12-16 20:00:00,615.0
52,NARIÑO,52835,SAN ANDRÉS DE TUMACO,52835016,PITAL DE LA COSTA (TUMACO - NARIÑO),2020,12,21115.0,12242.0,880.0,jueves,2020-12-31 20:00:00,1008.0
52,NARIÑO,52835,SAN ANDRÉS DE TUMACO,52835212,PUEBLO NUEVO (TABLÓN SALADO) (TUMACO - NARIÑO),2020,12,3539.0,1343.0,19420.0,sábado,2020-12-19 19:45:00,846.0
52,NARIÑO,52835,SAN ANDRÉS DE TUMACO,52835217,SAN JUAN DE LA COSTA (SAN ANDRÉS DE TUMACO - NARIÑO),2020,12,30882.0,11139.0,13760.0,martes,2020-12-22 18:45:00,1009.0
52,NARIÑO,52835,SAN ANDRÉS DE TUMACO,52835091,SANTA ROSA (TUMACO - NARIÑO),2020,12,3125.0,1063.0,29790.0,jueves,2020-12-24 19:15:00,406.0
52,NARIÑO,52835,SAN ANDRÉS DE TUMACO,52835148,TABLÓN DULCE LA PAMPA (TUMACO - NARIÑO),2020,12,2588.0,117.0,26620.0,domingo,2020-12-20 19:15:00,423.0
52,NARIÑO,52696,SANTA BÁRBARA (ISCUANDÉ),52696014,LA ENSENADA (SANTA BÁRBARA (ISCUANDÉ) - NARIÑO),2020,12,1286.0,1161.0,17470.0,jueves,2020-12-31 21:30:00,307.0
52,NARIÑO,52696,SANTA BÁRBARA (ISCUANDÉ),52696022,SECADERO (SANTA BÁRBARA (ISCUANDÉ) - NARIÑO),2020,12,3156.0,1964.0,13460.0,jueves,2020-12-24 20:00:00,923.0
86,PUTUMAYO,86573,PUERTO LEGUÍZAMO,86573009,PIÑUÑA NEGRO (PUERTO LEGUÍZAMO - PUTUMAYO),2020,12,4154.0,2386.0,2880.0,jueves,2020-12-31 21:00:00,622.0
86,PUTUMAYO,86573,PUERTO LEGUÍZAMO,86573000,PUERTO LEGUÍZAMO (PUERTO LEGUÍZAMO - PUTUMAYO),2020,12,892529.0,312804.0,189253.0,lunes,2020-12-14 15:00:00,2343.0
76,VALLE DEL CAUCA,76109,BUENAVENTURA,76109028,PUERTO MERIZALDE (BUENAVENTURA - VALLE DEL CAUCA),2020,12,48844.0,16493.0,288460.0,domingo,2020-12-20 20:00:00,715.0
76,VALLE DEL CAUCA,76109,BUENAVENTURA,76109032,SAN FRANCISCO NAYA (BUENAVENTURA - VALLE DEL CAUCA),2020,12,5242.0,2668.0,3440.0,jueves,2020-12-24 20:45:00,614.0
97,VAUPÉS,97161,CARURÚ,97161000,CARURÚ (CARURÚ - VAUPÉS),2020,12,1943.0,5606.0,72510.0,lunes,2020-12-28 18:45:00,1222.0
97,VAUPÉS,97001,MITÚ,97001000,MITÚ (MITÚ - VAUPÉS),2020,12,7576.0,390514.0,262878.0,lunes,2020-12-15 00:00:00,24.0
97,VAUPÉS,97666,TARAIRA,97666000,TARAIRA (TARAIRA - VAUPÉS),2020,12,29185.0,9632.0,115370.0,miércoles,2020-12-24 00:30:00,1027.0
99,VICHADA,99773,CUMARIBO,99773000,CUMARIBO (CUMARIBO - VICHADA),2020,12,302059.0,132241.0,600160.0,miércoles,2020-12-16 14:15:00,2351.0
99,VICHADA,99524,LA PRIMAVERA,99524000,LA PRIMAVERA (LA PRIMAVERA - VICHADA),2020,12,337755.0,155047.0,705240.0,lunes,2020-12-28 19:00:00,24.0
99,VICHADA,99001,PUERTO CARREÑO,99001002,CASUARITO (PUERTO CARREÑO - VICHADA),2020,12,30719.0,11274.0,105070.0,viernes,2020-12-18 20:30:00,1148.0
99,VICHADA,99001,PUERTO CARREÑO,99001000,PUERTO CARREÑO (PUERTO CARREÑO - VICHADA),2020,12,7576.0,777076.0,421608.0,miércoles,2020-12-09 14:45:00,24.0
99,VICHADA,99624,SANTA ROSALÍA,99624000,SANTA ROSALÍA (SANTA ROSALÍA - VICHADA),2020,12,134784.0,66505.0,325390.0,miércoles,2020-12-23 20:45:00,1701.0
91,AMAZONAS,91001,LETICIA,91001000,LETICIA (LETICIA - AMAZONAS),2021,1,7576.0,4650.0,666981.0,lunes,2021-01-18 15:00:00,24.0
91,AMAZONAS,91540,PUERTO NARIÑO,91540000,PUERTO NARIÑO (PUERTO NARIÑO - AMAZONAS),2021,1,101522.0,36398.0,201170.0,jueves,2021-01-28 19:15:00,24.0
5,ANTIOQUIA,5873,VIGÍA DEL FUERTE,5873001,SAN ANTONIO DE PADUA (VIGÍA DEL FUERTE - ANTIOQUIA),2021,1,3729.0,1427.0,31810.0,sábado,2021-01-30 19:30:00,438.0
88,"ARCHIPIÉLAGO DE SAN ANDRÉS, PROVIDENCIA Y SANTA CATALINA",88001,SAN ANDRÉS,88001000,SAN ANDRÉS (SAN ANDRÉS - ARCHIPIÉLAGO DE SAN ANDRÉS Y PROVIDENCIA),2021,1,7576.0,4650.0,2425773.0,lunes,2021-01-25 15:30:00,24.0
13,BOLÍVAR,13001,CARTAGENA DE INDIAS,13001007,ISLA FUERTE (CARTAGENA DE INDIAS - BOLÍVAR),2021,1,18181.0,9623.0,135270.0,viernes,2021-01-01 14:45:00,532.0
18,CAQUETÁ,18150,CARTAGENA DEL CHAIRÁ,18150001,REMOLINO DEL CAGUÁN (CARTAGENA DEL CHAIRA - CAQUETÁ),2021,1,170.0,8236.0,84970.0,sábado,2021-01-30 18:45:00,835.0
18,CAQUETÁ,18753,SAN VICENTE DEL CAGUÁN,18753002,GUACAMAYAS (SAN VICENTE DEL CAGUÁN - CAQUETÁ),2021,1,11816.0,5099.0,42580.0,sábado,2021-01-02 19:00:00,1708.0
18,CAQUETÁ,18753,SAN VICENTE DEL CAGUÁN,18753015,GUAYABAL (SAN VICENTE DEL CAGUÁN - CAQUETÁ),2021,1,6489.0,3797.0,36750.0,sábado,2021-01-30 19:15:00,721.0
18,CAQUETÁ,18753,SAN VICENTE DEL CAGUÁN,18753009,PUERTO BETANIA (SAN VICENTE DEL CAGUÁN - CAQUETÁ),2021,1,528.0,2076.0,40880.0,sábado,2021-01-30 19:00:00,531.0
85,CASANARE,85430,TRINIDAD,85430001,BOCAS DEL PAUTO (TRINIDAD - CASANARE),2021,1,13538.0,7892.0,118210.0,viernes,2021-01-16 00:30:00,627.0
19,CAUCA,19318,GUAPI,19318008,LIMONES (GUAPI - CAUCA),2021,1,9676.0,2658.0,47830.0,viernes,2021-01-01 19:15:00,845.0
19,CAUCA,19318,GUAPI,19318013,SAN ANTONIO DE GUAJUÍ (GUAPI - CAUCA),2021,1,13686.0,5155.0,57810.0,viernes,2021-01-02 00:45:00,941.0
19,CAUCA,19418,LÓPEZ DE MICAY,19418038,ISLA DE GALLO (LÓPEZ DE MICAY - CAUCA),2021,1,4463.0,1413.0,27970.0,martes,2021-01-05 18:30:00,703.0
19,CAUCA,19418,LÓPEZ DE MICAY,19418007,LA CONCHA - CONCEPCIÓN NAYA (LOPEZ (MICAY) - CAUCA),2021,1,2638.0,4400.0,16280.0,sábado,2021-01-02 18:30:00,649.0
19,CAUCA,19418,LÓPEZ DE MICAY,19418009,NOANAMITO (LÓPEZ DE MICAY - CAUCA),2021,1,7676.0,249.0,360.0,domingo,2021-01-31 20:30:00,823.0
19,CAUCA,19418,LÓPEZ DE MICAY,19418012,SAN ANTONIO DE CHUARÉ (LÓPEZ DE MICAY - CAUCA),2021,1,7386.0,2392.0,61410.0,lunes,2021-01-25 18:30:00,519.0
19,CAUCA,19809,TIMBIQUÍ,19809014,CHACÓN (TIMBIQUÍ - CAUCA),2021,1,3467.0,6700.0,29070.0,martes,2021-01-12 20:00:00,512.0
19,CAUCA,19809,TIMBIQUÍ,19809010,COMUNIDAD DE CHETE (TIMBIQUÍ - CAUCA),2021,1,3741.0,1187.0,39740.0,miércoles,2021-01-13 19:30:00,338.0
19,CAUCA,19809,TIMBIQUÍ,19809003,COTEJE (TIMBIQUÍ - CAUCA),2021,1,5044.0,2807.0,39720.0,miércoles,2021-01-27 21:30:00,548.0
19,CAUCA,19809,TIMBIQUÍ,19809026,LOS BRAZOS (TIMBIQUÍ - CAUCA),2021,1,8283.0,1586.0,45670.0,sábado,2021-01-09 19:30:00,651.0
19,CAUCA,19809,TIMBIQUÍ,19809023,PUERTO SAIJA (TIMBIQUÍ - CAUCA),2021,1,30699.0,10599.0,166140.0,domingo,2021-01-31 19:00:00,708.0
27,CHOCÓ,27006,ACANDÍ,27006000,ACANDÍ (ACANDÍ - CHOCÓ),2021,1,582747.0,239826.0,104104.0,miércoles,2021-01-20 21:15:00,2324.0
27,CHOCÓ,27006,ACANDÍ,27006003,CAPURGANÁ (ACANDÍ - CHOCO),2021,1,342868.0,120789.0,784960.0,jueves,2021-01-07 20:30:00,2006.0
27,CHOCÓ,27025,ALTO BAUDÓ (PIE DE PATO),27025000,CIUDAD BAUDÓ - PIE DE PATO (ALTO BAUDÓ - CHOCÓ),2021,1,42623.0,1205.0,9970.0,miércoles,2021-01-13 00:30:00,2322.0
27,CHOCÓ,27075,BAHÍA SOLANO (MUTIS),27075000,CIUDAD MUTIS (BAHÍA SOLANO - CHOCÓ),2021,1,612501.0,228277.0,118096.0,jueves,2021-01-21 19:00:00,2355.0
27,CHOCÓ,27075,BAHÍA SOLANO (MUTIS),27075001,CUPICA (BAHÍA SOLANO - CHOCÓ),2021,1,60141.0,23512.0,128530.0,viernes,2021-01-15 19:15:00,2351.0
27,CHOCÓ,27075,BAHÍA SOLANO (MUTIS),27075002,EL VALLE (BAHÍA SOLANO - CHOCÓ),2021,1,154611.0,66775.0,327620.0,martes,2021-01-12 19:30:00,2337.0
27,CHOCÓ,27077,BAJO BAUDÓ (PIZARRO),27077905,BUENAVISTA (BAJO BAUDÓ (PIZARRO) - CHOCÓ),2021,1,5223.0,6750.0,360.0,sábado,2021-01-02 16:00:00,743.0
27,CHOCÓ,27077,BAJO BAUDÓ (PIZARRO),27077000,PIZARRO (BAJO BAUDÓ (PIZARRO) - CHOCÓ),2021,1,197087.0,92472.0,37330.0,viernes,2021-01-22 19:30:00,24.0
27,CHOCÓ,27099,BOJAYÁ (BELLAVISTA),27099000,BELLAVISTA (BOJAYÁ (BELLAVISTA) - CHOCÓ),2021,1,5838.0,18188.0,207170.0,lunes,2021-01-18 19:00:00,1233.0
27,CHOCÓ,27099,BOJAYÁ (BELLAVISTA),27099002,LA LOMA DE BOJAYÁ (BOJAYÁ (BELLAVISTA) - CHOCÓ),2021,1,12544.0,5718.0,5760.0,miércoles,2021-01-27 19:15:00,919.0
27,CHOCÓ,27099,BOJAYÁ (BELLAVISTA),27099005,NAPIPÍ (BOJAYÁ (BELLAVISTA) - CHOCÓ),2021,1,9737.0,3077.0,6080.0,viernes,2021-01-29 20:45:00,553.0
27,CHOCÓ,27099,BOJAYÁ (BELLAVISTA),27099008,PUERTO CONTO (BOJAYÁ (BELLAVISTA) - CHOCO),2021,1,8939.0,2206.0,6720.0,sábado,2021-01-30 19:45:00,505.0
27,CHOCÓ,27372,JURADÓ,27372000,JURADÓ (JURADÓ - CHOCÓ),2021,1,157001.0,78058.0,283360.0,jueves,2021-01-21 19:15:00,233.0
27,CHOCÓ,27425,MEDIO ATRATO (BETÉ),27425000,BETÉ (MEDIO ATRATO (BETÉ) - CHOCÓ),2021,1,17856.0,8172.0,720.0,domingo,2021-01-31 20:45:00,1111.0
27,CHOCÓ,27495,NUQUÍ,27495001,ARUSÍ (NUQUÍ - CHOCO),2021,1,9142.0,3694.0,5120.0,miércoles,2021-01-13 19:30:00,735.0
27,CHOCÓ,27495,NUQUÍ,27495912,COMUNIDAD INDÍGENA DE PANGUÍ - EL YUCAL (NUQUÍ - CHOCÓ),2021,1,8149.0,1866.0,1140.0,domingo,2021-01-17 17:15:00,2353.0
27,CHOCÓ,27495,NUQUÍ,27495000,NUQUÍ (NUQUÍ - CHOCÓ),2021,1,241626.0,76946.0,480830.0,martes,2021-01-19 19:00:00,2357.0
27,CHOCÓ,27495,NUQUÍ,27495011,PUERTO JAGUA (NUQUÍ - CHOCÓ),2021,1,8820.0,4290.0,4990.0,viernes,2021-01-02 00:15:00,818.0
27,CHOCÓ,27800,UNGUÍA,27800001,BALBOA (UNGUÍA - CHOCÓ),2021,1,2052.0,8692.0,79150.0,sábado,2021-01-30 20:00:00,1029.0
94,GUAINÍA,94343,BARRANCOMINAS,94343000,BARRANCOMINAS (BARRANCOMINAS - GUAINÍA),2021,1,44355.0,16017.0,187890.0,viernes,2021-01-29 18:45:00,957.0
94,GUAINÍA,94001,INÍRIDA,94001000,INÍRIDA (INÍRIDA - GUAINÍA),2021,1,7576.0,539349.0,304128.0,lunes,2021-01-18 15:15:00,24.0
95,GUAVIARE,95200,MIRAFLORES,95200000,MIRAFLORES (MIRAFLORES - GUAVIARE),2021,1,7789.0,28686.0,1870.0,jueves,2021-01-28 18:45:00,1915.0
44,LA GUAJIRA,44847,URIBIA,44847012,NAZARETH (URIBIA - LA GUAJIRA),2021,1,2752.0,12331.0,221280.0,jueves,2021-01-28 18:45:00,539.0
47,MAGDALENA,47189,CIÉNAGA,47189018,PALMOR (CIÉNAGA - MAGDALENA),2021,1,102284.0,40811.0,196670.0,sábado,2021-01-09 18:15:00,2313.0
50,META,50325,MAPIRIPÁN,50325000,MAPIRIPÁN (MAPIRIPÁN - META),2021,1,143821.0,61945.0,283360.0,domingo,2021-01-31 18:45:00,2344.0
52,NARIÑO,52250,EL CHARCO,52250023,BAZÁN (EL CHARCO - NARIÑO),2021,1,18559.0,10302.0,10080.0,miércoles,2021-01-20 20:15:00,728.0
52,NARIÑO,52250,EL CHARCO,52250003,BOLÍVAR - SAN PEDRO (EL CHARCO - NARIÑO),2021,1,40.0,10.0,5570.0,viernes,2021-01-02 00:00:00,1.0
52,NARIÑO,52250,EL CHARCO,52250022,EL CUIL PUEBLO NUEVO (EL CHARCO - NARIÑO),2021,1,1181.0,1186.0,37690.0,domingo,2021-01-03 19:15:00,111.0
52,NARIÑO,52390,LA TOLA,52390013,AMÁRALES (LA TOLA - NARIÑO),2021,1,7764.0,1897.0,66690.0,sábado,2021-01-30 19:30:00,449.0
52,NARIÑO,52390,LA TOLA,52390003,LA VIGÍA DE LA MAR (LA TOLA - NARIÑO),2021,1,6255.0,2261.0,30080.0,lunes,2021-01-04 00:45:00,843.0
52,NARIÑO,52390,LA TOLA,52390009,MULATOS (LA TOLA - NARIÑO),2021,1,4264.0,1512.0,3350.0,viernes,2021-01-15 18:00:00,626.0
52,NARIÑO,52473,MOSQUERA,52473010,EL BAJITO DE ECHANDÍA (MOSQUERA - NARIÑO),2021,1,3036.0,5470.0,16370.0,martes,2021-01-05 18:45:00,716.0
52,NARIÑO,52490,OLAYA HERRERA,52490913,BOCA DE PRIETA (OLAYA HERRERA - NARIÑO),2021,1,2462.0,5940.0,150.0,lunes,2021-01-04 19:45:00,639.0
52,NARIÑO,52835,SAN ANDRÉS DE TUMACO,52835055,BOCAS DE CURAY (TUMACO - NARIÑO),2021,1,7245.0,398.0,6480.0,sábado,2021-01-16 19:45:00,455.0
52,NARIÑO,52835,SAN ANDRÉS DE TUMACO,52835012,CHAJAL (TUMACO - NARIÑO),2021,1,22307.0,778.0,142560.0,viernes,2021-01-15 19:45:00,619.0
52,NARIÑO,52835,SAN ANDRÉS DE TUMACO,52835212,PUEBLO NUEVO (TABLÓN SALADO) (TUMACO - NARIÑO),2021,1,335.0,123.0,20060.0,sábado,2021-01-16 19:00:00,753.0
52,NARIÑO,52696,SANTA BÁRBARA (ISCUANDÉ),52696014,LA ENSENADA (SANTA BÁRBARA (ISCUANDÉ) - NARIÑO),2021,1,2765.0,2586.0,18180.0,miércoles,2021-01-06 19:30:00,636.0
86,PUTUMAYO,86573,PUERTO LEGUÍZAMO,86573009,PIÑUÑA NEGRO (PUERTO LEGUÍZAMO - PUTUMAYO),2021,1,3927.0,2368.0,2880.0,sábado,2021-01-30 20:45:00,617.0
76,VALLE DEL CAUCA,76109,BUENAVENTURA,76109028,PUERTO MERIZALDE (BUENAVENTURA - VALLE DEL CAUCA),2021,1,47594.0,17184.0,27790.0,viernes,2021-01-29 20:30:00,655.0
97,VAUPÉS,97161,CARURÚ,97161000,CARURÚ (CARURÚ - VAUPÉS),2021,1,1793.0,4487.0,68550.0,sábado,2021-01-30 19:00:00,1208.0
97,VAUPÉS,97001,MITÚ,97001000,MITÚ (MITÚ - VAUPÉS),2021,1,7576.0,383071.0,253152.0,martes,2021-01-19 23:45:00,2359.0
99,VICHADA,99773,CUMARIBO,99773000,CUMARIBO (CUMARIBO - VICHADA),2021,1,264538.0,11693.0,60940.0,miércoles,2021-01-13 18:00:00,2024.0
99,VICHADA,99524,LA PRIMAVERA,99524000,LA PRIMAVERA (LA PRIMAVERA - VICHADA),2021,1,345619.0,16979.0,658710.0,martes,2021-01-26 18:30:00,24.0
99,VICHADA,99001,PUERTO CARREÑO,99001002,CASUARITO (PUERTO CARREÑO - VICHADA),2021,1,30259.0,11254.0,108420.0,martes,2021-01-26 19:00:00,1143.0
99,VICHADA,99001,PUERTO CARREÑO,99001000,PUERTO CARREÑO (PUERTO CARREÑO - VICHADA),2021,1,7576.0,739039.0,410432.0,martes,2021-01-26 14:15:00,24.0
91,AMAZONAS,91001,LETICIA,91001000,LETICIA (LETICIA - AMAZONAS),2021,2,7576.0,978658.0,66091.0,lunes,2021-02-15 15:15:00,24.0
91,AMAZONAS,91540,PUERTO NARIÑO,91540000,PUERTO NARIÑO (PUERTO NARIÑO - AMAZONAS),2021,2,91382.0,31667.0,201520.0,miércoles,2021-02-10 19:00:00,2358.0
91,AMAZONAS,91798,TARAPACÁ (ANM),91798000,TARAPACÁ (TARAPACÁ (ANM) - AMAZONAS),2021,2,19676.0,8856.0,80480.0,martes,2021-02-02 19:15:00,1017.0
5,ANTIOQUIA,5873,VIGÍA DEL FUERTE,5873001,SAN ANTONIO DE PADUA (VIGÍA DEL FUERTE - ANTIOQUIA),2021,2,4452.0,1663.0,34340.0,viernes,2021-02-26 20:45:00,542.0
5,ANTIOQUIA,5873,VIGÍA DEL FUERTE,5873002,VEGÁEZ (VIGÍA DEL FUERTE - ANTIOQUIA),2021,2,4809.0,5780.0,44480.0,miércoles,2021-02-10 20:00:00,657.0
5,ANTIOQUIA,5873,VIGÍA DEL FUERTE,5873000,VIGÍA DEL FUERTE (VIGÍA DEL FUERTE - ANTIOQUIA),2021,2,10319.0,41456.0,298850.0,lunes,2021-02-08 14:30:00,1414.0
88,"ARCHIPIÉLAGO DE SAN ANDRÉS, PROVIDENCIA Y SANTA CATALINA",88001,SAN ANDRÉS,88001000,SAN ANDRÉS (SAN ANDRÉS - ARCHIPIÉLAGO DE SAN ANDRÉS Y PROVIDENCIA),2021,2,7576.0,4650.0,254946.0,lunes,2021-02-15 15:30:00,24.0
13,BOLÍVAR,13001,CARTAGENA DE INDIAS,13001007,ISLA FUERTE (CARTAGENA DE INDIAS - BOLÍVAR),2021,2,29571.0,15821.0,14350.0,viernes,2021-02-19 23:45:00,935.0
13,BOLÍVAR,13001,CARTAGENA DE INDIAS,13001017,SANTA CRUZ DEL ISLOTE (CARTAGENA DE INDIAS - BOLÍVAR),2021,2,1575.0,5352.0,4490.0,jueves,2021-02-18 21:45:00,1729.0
18,CAQUETÁ,18150,CARTAGENA DEL CHAIRÁ,18150001,REMOLINO DEL CAGUÁN (CARTAGENA DEL CHAIRA - CAQUETÁ),2021,2,14088.0,6697.0,86050.0,sábado,2021-02-06 19:15:00,808.0
18,CAQUETÁ,18753,SAN VICENTE DEL CAGUÁN,18753002,GUACAMAYAS (SAN VICENTE DEL CAGUÁN - CAQUETÁ),2021,2,11614.0,4992.0,39380.0,sábado,2021-02-27 19:45:00,1757.0
18,CAQUETÁ,18753,SAN VICENTE DEL CAGUÁN,18753015,GUAYABAL (SAN VICENTE DEL CAGUÁN - CAQUETÁ),2021,2,5869.0,3247.0,380.0,domingo,2021-02-21 23:00:00,713.0
18,CAQUETÁ,18753,SAN VICENTE DEL CAGUÁN,18753009,PUERTO BETANIA (SAN VICENTE DEL CAGUÁN - CAQUETÁ),2021,2,4956.0,1989.0,45120.0,sábado,2021-02-13 20:00:00,535.0
85,CASANARE,85430,TRINIDAD,85430001,BOCAS DEL PAUTO (TRINIDAD - CASANARE),2021,2,1109.0,6335.0,99140.0,jueves,2021-02-11 18:45:00,537.0
19,CAUCA,19318,GUAPI,19318008,LIMONES (GUAPI - CAUCA),2021,2,6659.0,2308.0,72780.0,viernes,2021-02-26 17:00:00,705.0
19,CAUCA,19318,GUAPI,19318013,SAN ANTONIO DE GUAJUÍ (GUAPI - CAUCA),2021,2,11318.0,4398.0,51770.0,miércoles,2021-02-10 19:30:00,921.0
19,CAUCA,19418,LÓPEZ DE MICAY,19418038,ISLA DE GALLO (LÓPEZ DE MICAY - CAUCA),2021,2,3447.0,1186.0,26780.0,viernes,2021-02-12 18:45:00,547.0
19,CAUCA,19418,LÓPEZ DE MICAY,19418007,LA CONCHA - CONCEPCIÓN NAYA (LOPEZ (MICAY) - CAUCA),2021,2,2305.0,4290.0,13840.0,martes,2021-02-16 18:30:00,717.0
19,CAUCA,19418,LÓPEZ DE MICAY,19418009,NOANAMITO (LÓPEZ DE MICAY - CAUCA),2021,2,7259.0,2239.0,400.0,domingo,2021-02-28 19:45:00,816.0
19,CAUCA,19418,LÓPEZ DE MICAY,19418012,SAN ANTONIO DE CHUARÉ (LÓPEZ DE MICAY - CAUCA),2021,2,5532.0,1788.0,6170.0,sábado,2021-02-06 19:30:00,401.0
19,CAUCA,19418,LÓPEZ DE MICAY,19418019,ZARAGOZA (LOPEZ DE MICAY - CAUCA),2021,2,10881.0,5117.0,48030.0,viernes,2021-02-05 19:00:00,957.0
19,CAUCA,19809,TIMBIQUÍ,19809014,CHACÓN (TIMBIQUÍ - CAUCA),2021,2,3046.0,5550.0,27690.0,lunes,2021-02-22 21:30:00,533.0
19,CAUCA,19809,TIMBIQUÍ,19809010,COMUNIDAD DE CHETE (TIMBIQUÍ - CAUCA),2021,2,5235.0,1702.0,39870.0,miércoles,2021-02-24 19:30:00,532.0
19,CAUCA,19809,TIMBIQUÍ,19809003,COTEJE (TIMBIQUÍ - CAUCA),2021,2,6039.0,3472.0,3160.0,lunes,2021-02-22 19:00:00,752.0
19,CAUCA,19809,TIMBIQUÍ,19809026,LOS BRAZOS (TIMBIQUÍ - CAUCA),2021,2,78.0,1477.0,46150.0,viernes,2021-02-05 19:15:00,658.0
19,CAUCA,19809,TIMBIQUÍ,19809023,PUERTO SAIJA (TIMBIQUÍ - CAUCA),2021,2,2889.0,9914.0,186380.0,viernes,2021-02-26 19:00:00,633.0
19,CAUCA,19809,TIMBIQUÍ,19809007,SAN JOSÉ (TIMBIQUÍ - CAUCA),2021,2,6728.0,4179.0,43630.0,lunes,2021-02-08 19:30:00,619.0
19,CAUCA,19809,TIMBIQUÍ,19809008,SANTA MARÍA (TIMBIQUÍ - CAUCA),2021,2,1481.0,6204.0,73660.0,martes,2021-02-02 19:30:00,913.0
27,CHOCÓ,27006,ACANDÍ,27006000,ACANDÍ (ACANDÍ - CHOCÓ),2021,2,539542.0,216056.0,104843.0,lunes,2021-02-08 20:30:00,2309.0
27,CHOCÓ,27006,ACANDÍ,27006003,CAPURGANÁ (ACANDÍ - CHOCO),2021,2,271275.0,104026.0,616350.0,viernes,2021-02-19 21:45:00,201.0
27,CHOCÓ,27006,ACANDÍ,27006007,SAN FRANCISCO (ACANDÍ - CHOCÓ),2021,2,19933.0,7002.0,112180.0,viernes,2021-02-26 20:15:00,81.0
27,CHOCÓ,27025,ALTO BAUDÓ (PIE DE PATO),27025000,CIUDAD BAUDÓ - PIE DE PATO (ALTO BAUDÓ - CHOCÓ),2021,2,43051.0,12574.0,107180.0,martes,2021-02-09 19:45:00,2339.0
27,CHOCÓ,27075,BAHÍA SOLANO (MUTIS),27075000,CIUDAD MUTIS (BAHÍA SOLANO - CHOCÓ),2021,2,61316.0,189501.0,123772.0,jueves,2021-02-25 19:45:00,2358.0
27,CHOCÓ,27075,BAHÍA SOLANO (MUTIS),27075001,CUPICA (BAHÍA SOLANO - CHOCÓ),2021,2,5547.0,22238.0,135350.0,martes,2021-02-09 19:15:00,2304.0
27,CHOCÓ,27075,BAHÍA SOLANO (MUTIS),27075002,EL VALLE (BAHÍA SOLANO - CHOCÓ),2021,2,143405.0,6706.0,333430.0,miércoles,2021-02-03 19:15:00,2339.0
27,CHOCÓ,27077,BAJO BAUDÓ (PIZARRO),27077905,BUENAVISTA (BAJO BAUDÓ (PIZARRO) - CHOCÓ),2021,2,5367.0,7520.0,2410.0,martes,2021-02-02 19:00:00,928.0
27,CHOCÓ,27077,BAJO BAUDÓ (PIZARRO),27077000,PIZARRO (BAJO BAUDÓ (PIZARRO) - CHOCÓ),2021,2,180241.0,84311.0,377520.0,miércoles,2021-02-10 19:30:00,2327.0
27,CHOCÓ,27099,BOJAYÁ (BELLAVISTA),27099000,BELLAVISTA (BOJAYÁ (BELLAVISTA) - CHOCÓ),2021,2,26895.0,8876.0,222110.0,martes,2021-02-09 19:30:00,626.0
27,CHOCÓ,27099,BOJAYÁ (BELLAVISTA),27099002,LA LOMA DE BOJAYÁ (BOJAYÁ (BELLAVISTA) - CHOCÓ),2021,2,10977.0,4951.0,6080.0,sábado,2021-02-13 19:00:00,826.0
27,CHOCÓ,27099,BOJAYÁ (BELLAVISTA),27099005,NAPIPÍ (BOJAYÁ (BELLAVISTA) - CHOCÓ),2021,2,9081.0,2828.0,6080.0,domingo,2021-02-28 18:45:00,554.0
27,CHOCÓ,27099,BOJAYÁ (BELLAVISTA),27099008,PUERTO CONTO (BOJAYÁ (BELLAVISTA) - CHOCO),2021,2,9549.0,2434.0,7920.0,sábado,2021-02-27 23:00:00,542.0
27,CHOCÓ,27250,EL LITORAL DEL SAN JUAN,27250000,SANTA GENOVEVA DE DOCORDÓ (EL LITORAL DEL SAN JUAN - CHOCÓ),2021,2,64914.0,32836.0,175030.0,lunes,2021-02-16 00:45:00,1701.0
27,CHOCÓ,27372,JURADÓ,27372000,JURADÓ (JURADÓ - CHOCÓ),2021,2,145467.0,72286.0,296480.0,jueves,2021-02-04 19:15:00,2357.0
27,CHOCÓ,27425,MEDIO ATRATO (BETÉ),27425000,BETÉ (MEDIO ATRATO (BETÉ) - CHOCÓ),2021,2,19415.0,8333.0,800.0,viernes,2021-02-26 20:00:00,1154.0
27,CHOCÓ,27495,NUQUÍ,27495001,ARUSÍ (NUQUÍ - CHOCO),2021,2,8623.0,3574.0,480.0,martes,2021-02-16 19:15:00,802.0
27,CHOCÓ,27006,ACANDÍ,27006007,SAN FRANCISCO,2026,1,28324.0,10589.0,142336.0,sábado,2026-01-02 19:15:00,911.0
27,CHOCÓ,27495,NUQUÍ,27495912,COMUNIDAD INDÍGENA DE PANGUÍ - EL YUCAL (NUQUÍ - CHOCÓ),2021,2,3466.0,1104.0,11310.0,jueves,2021-02-25 14:30:00,1751.0
27,CHOCÓ,27495,NUQUÍ,27495000,NUQUÍ (NUQUÍ - CHOCÓ),2021,2,227597.0,73614.0,477660.0,martes,2021-02-23 19:45:00,2356.0
27,CHOCÓ,27495,NUQUÍ,27495011,PUERTO JAGUA (NUQUÍ - CHOCÓ),2021,2,6380.0,3410.0,4370.0,martes,2021-02-02 20:30:00,725.0
27,CHOCÓ,27800,UNGUÍA,27800001,BALBOA (UNGUÍA - CHOCÓ),2021,2,18818.0,7894.0,84630.0,sábado,2021-02-27 19:00:00,1016.0
27,CHOCÓ,27800,UNGUÍA,27800005,TITUMATE (UNGUÍA - CHOCÓ),2021,2,15568.0,4826.0,70310.0,miércoles,2021-02-24 20:15:00,112.0
94,GUAINÍA,94343,BARRANCOMINAS,94343000,BARRANCOMINAS (BARRANCOMINAS - GUAINÍA),2021,2,44781.0,1605.0,189060.0,lunes,2021-02-22 18:45:00,1023.0
94,GUAINÍA,94001,INÍRIDA,94001000,INÍRIDA (INÍRIDA - GUAINÍA),2021,2,7576.0,531339.0,325688.0,viernes,2021-02-19 14:45:00,24.0
95,GUAVIARE,95200,MIRAFLORES,95200000,MIRAFLORES (MIRAFLORES - GUAVIARE),2021,2,74114.0,26896.0,193160.0,miércoles,2021-02-10 18:30:00,1919.0
44,LA GUAJIRA,44847,URIBIA,44847012,NAZARETH (URIBIA - LA GUAJIRA),2021,2,23115.0,959.0,235920.0,lunes,2021-02-15 18:45:00,502.0
47,MAGDALENA,47189,CIÉNAGA,47189018,PALMOR (CIÉNAGA - MAGDALENA),2021,2,858.0,3237.0,184450.0,martes,2021-02-23 20:00:00,2243.0
50,META,50325,MAPIRIPÁN,50325000,MAPIRIPÁN (MAPIRIPÁN - META),2021,2,14016.0,59411.0,311080.0,miércoles,2021-02-10 18:45:00,2336.0
52,NARIÑO,52250,EL CHARCO,52250023,BAZÁN (EL CHARCO - NARIÑO),2021,2,18958.0,10468.0,10080.0,miércoles,2021-02-24 19:00:00,819.0
52,NARIÑO,52250,EL CHARCO,52250003,BOLÍVAR - SAN PEDRO (EL CHARCO - NARIÑO),2021,2,3384.0,2488.0,21380.0,viernes,2021-02-19 20:30:00,654.0
52,NARIÑO,52250,EL CHARCO,52250007,SAN JOSÉ DEL TAPAJE (EL CHARCO - NARIÑO),2021,2,13424.0,2208.0,880.0,viernes,2021-02-05 20:45:00,705.0
52,NARIÑO,52520,FRANCISCO PIZARRO,52520013,SAN PEDRO DEL VINO (FRANCISCO PIZARRO - NARIÑO),2021,2,524.0,2562.0,28130.0,domingo,2021-02-21 19:00:00,825.0
52,NARIÑO,52390,LA TOLA,52390005,AGUACATAL (LA TOLA - NARIÑO),2021,2,1963.0,4140.0,12750.0,sábado,2021-02-06 18:45:00,646.0
52,NARIÑO,52390,LA TOLA,52390013,AMÁRALES (LA TOLA - NARIÑO),2021,2,10316.0,2768.0,63040.0,martes,2021-02-02 19:15:00,726.0
52,NARIÑO,52390,LA TOLA,52390003,LA VIGÍA DE LA MAR (LA TOLA - NARIÑO),2021,2,5648.0,2036.0,30480.0,martes,2021-02-17 00:30:00,829.0
52,NARIÑO,52390,LA TOLA,52390009,MULATOS (LA TOLA - NARIÑO),2021,2,3627.0,1507.0,32480.0,domingo,2021-02-28 18:00:00,602.0
52,NARIÑO,52473,MOSQUERA,52473010,EL BAJITO DE ECHANDÍA (MOSQUERA - NARIÑO),2021,2,3173.0,6370.0,15070.0,sábado,2021-02-13 19:00:00,859.0
52,NARIÑO,52490,OLAYA HERRERA,52490913,BOCA DE PRIETA (OLAYA HERRERA - NARIÑO),2021,2,2206.0,7390.0,14780.0,martes,2021-02-23 18:45:00,627.0
52,NARIÑO,52490,OLAYA HERRERA,52490008,SAN JOSÉ CALABAZAL (OLAYA HERRERA - NARIÑO),2021,2,2933.0,1264.0,43420.0,sábado,2021-02-20 19:45:00,247.0
52,NARIÑO,52835,SAN ANDRÉS DE TUMACO,52835055,BOCAS DE CURAY (TUMACO - NARIÑO),2021,2,844.0,4277.0,600.0,viernes,2021-02-19 18:45:00,632.0
52,NARIÑO,52835,SAN ANDRÉS DE TUMACO,52835012,CHAJAL (TUMACO - NARIÑO),2021,2,19123.0,6568.0,14010.0,lunes,2021-02-22 19:30:00,64.0
52,NARIÑO,52835,SAN ANDRÉS DE TUMACO,52835016,PITAL DE LA COSTA (TUMACO - NARIÑO),2021,2,20688.0,12003.0,880.0,sábado,2021-02-20 21:00:00,1043.0
52,NARIÑO,52835,SAN ANDRÉS DE TUMACO,52835212,PUEBLO NUEVO (TABLÓN SALADO) (TUMACO - NARIÑO),2021,2,312.0,1108.0,19970.0,domingo,2021-02-14 23:00:00,834.0
52,NARIÑO,52835,SAN ANDRÉS DE TUMACO,52835217,SAN JUAN DE LA COSTA (SAN ANDRÉS DE TUMACO - NARIÑO),2021,2,22355.0,8222.0,13440.0,martes,2021-02-23 18:45:00,826.0
52,NARIÑO,52835,SAN ANDRÉS DE TUMACO,52835091,SANTA ROSA (TUMACO - NARIÑO),2021,2,2641.0,9200.0,2560.0,miércoles,2021-02-24 20:00:00,44.0
52,NARIÑO,52835,SAN ANDRÉS DE TUMACO,52835148,TABLÓN DULCE LA PAMPA (TUMACO - NARIÑO),2021,2,2425.0,1079.0,26850.0,sábado,2021-02-06 19:00:00,43.0
52,NARIÑO,52696,SANTA BÁRBARA (ISCUANDÉ),52696014,LA ENSENADA (SANTA BÁRBARA (ISCUANDÉ) - NARIÑO),2021,2,13.0,1204.0,17220.0,lunes,2021-02-15 19:00:00,333.0
52,NARIÑO,52696,SANTA BÁRBARA (ISCUANDÉ),52696022,SECADERO (SANTA BÁRBARA (ISCUANDÉ) - NARIÑO),2021,2,2528.0,1777.0,12670.0,martes,2021-02-02 19:30:00,855.0
86,PUTUMAYO,86573,PUERTO LEGUÍZAMO,86573009,PIÑUÑA NEGRO (PUERTO LEGUÍZAMO - PUTUMAYO),2021,2,3993.0,2471.0,2880.0,domingo,2021-02-28 20:15:00,658.0
86,PUTUMAYO,86573,PUERTO LEGUÍZAMO,86573000,PUERTO LEGUÍZAMO (PUERTO LEGUÍZAMO - PUTUMAYO),2021,2,760599.0,240856.0,160178.0,miércoles,2021-02-10 14:45:00,24.0
76,VALLE DEL CAUCA,76109,BUENAVENTURA,76109028,PUERTO MERIZALDE (BUENAVENTURA - VALLE DEL CAUCA),2021,2,3313.0,11989.0,278610.0,jueves,2021-02-18 20:00:00,525.0
76,VALLE DEL CAUCA,76109,BUENAVENTURA,76109032,SAN FRANCISCO NAYA (BUENAVENTURA - VALLE DEL CAUCA),2021,2,491.0,2349.0,32290.0,jueves,2021-02-04 18:30:00,719.0
97,VAUPÉS,97161,CARURÚ,97161000,CARURÚ (CARURÚ - VAUPÉS),2021,2,17881.0,4162.0,76740.0,lunes,2021-02-15 19:30:00,122.0
97,VAUPÉS,97001,MITÚ,97001000,MITÚ (MITÚ - VAUPÉS),2021,2,7576.0,361055.0,278536.0,miércoles,2021-02-17 23:30:00,2357.0
97,VAUPÉS,97666,TARAIRA,97666000,TARAIRA (TARAIRA - VAUPÉS),2021,2,15608.0,4818.0,108420.0,jueves,2021-02-04 19:00:00,623.0
99,VICHADA,99773,CUMARIBO,99773000,CUMARIBO (CUMARIBO - VICHADA),2021,2,272336.0,114908.0,641080.0,lunes,2021-02-08 23:30:00,2021.0
99,VICHADA,99524,LA PRIMAVERA,99524000,LA PRIMAVERA (LA PRIMAVERA - VICHADA),2021,2,33069.0,149455.0,715860.0,lunes,2021-02-22 19:00:00,2357.0
99,VICHADA,99001,PUERTO CARREÑO,99001002,CASUARITO (PUERTO CARREÑO - VICHADA),2021,2,27824.0,10023.0,112820.0,lunes,2021-02-08 19:15:00,1109.0
99,VICHADA,99001,PUERTO CARREÑO,99001000,PUERTO CARREÑO (PUERTO CARREÑO - VICHADA),2021,2,7576.0,716591.0,442376.0,miércoles,2021-02-24 14:15:00,24.0
99,VICHADA,99624,SANTA ROSALÍA,99624000,SANTA ROSALÍA (SANTA ROSALÍA - VICHADA),2021,2,121585.0,58697.0,335620.0,domingo,2021-02-14 19:30:00,1631.0
91,AMAZONAS,91001,LETICIA,91001000,LETICIA (LETICIA - AMAZONAS),2021,3,7576.0,4650.0,628187.0,lunes,2021-03-08 15:00:00,24.0
91,AMAZONAS,91540,PUERTO NARIÑO,91540000,PUERTO NARIÑO (PUERTO NARIÑO - AMAZONAS),2021,3,10325.0,36336.0,199580.0,martes,2021-03-30 18:45:00,24.0
91,AMAZONAS,91798,TARAPACÁ (ANM),91798000,TARAPACÁ (TARAPACÁ (ANM) - AMAZONAS),2021,3,20806.0,9031.0,75820.0,lunes,2021-03-15 19:00:00,1016.0
5,ANTIOQUIA,5873,VIGÍA DEL FUERTE,5873001,SAN ANTONIO DE PADUA (VIGÍA DEL FUERTE - ANTIOQUIA),2021,3,5629.0,1973.0,37440.0,sábado,2021-03-14 00:45:00,61.0
5,ANTIOQUIA,5873,VIGÍA DEL FUERTE,5873002,VEGÁEZ (VIGÍA DEL FUERTE - ANTIOQUIA),2021,3,5046.0,5610.0,4090.0,miércoles,2021-03-10 21:45:00,7.0
5,ANTIOQUIA,5873,VIGÍA DEL FUERTE,5873000,VIGÍA DEL FUERTE (VIGÍA DEL FUERTE - ANTIOQUIA),2021,3,102734.0,44446.0,310820.0,viernes,2021-03-26 15:00:00,1236.0
88,"ARCHIPIÉLAGO DE SAN ANDRÉS, PROVIDENCIA Y SANTA CATALINA",88001,SAN ANDRÉS,88001000,SAN ANDRÉS (SAN ANDRÉS - ARCHIPIÉLAGO DE SAN ANDRÉS Y PROVIDENCIA),2021,3,7576.0,4650.0,2697433.0,miércoles,2021-03-31 15:15:00,24.0
13,BOLÍVAR,13001,CARTAGENA DE INDIAS,13001007,ISLA FUERTE (CARTAGENA DE INDIAS - BOLÍVAR),2021,3,21916.0,11767.0,168440.0,miércoles,2021-03-31 23:15:00,636.0
13,BOLÍVAR,13001,CARTAGENA DE INDIAS,13001017,SANTA CRUZ DEL ISLOTE (CARTAGENA DE INDIAS - BOLÍVAR),2021,3,16798.0,5857.0,50180.0,martes,2021-03-30 21:15:00,1604.0
18,CAQUETÁ,18150,CARTAGENA DEL CHAIRÁ,18150001,REMOLINO DEL CAGUÁN (CARTAGENA DEL CHAIRA - CAQUETÁ),2021,3,15434.0,7378.0,80390.0,sábado,2021-03-20 18:45:00,811.0
18,CAQUETÁ,18753,SAN VICENTE DEL CAGUÁN,18753002,GUACAMAYAS (SAN VICENTE DEL CAGUÁN - CAQUETÁ),2021,3,12504.0,5002.0,38740.0,sábado,2021-03-20 19:15:00,1822.0
18,CAQUETÁ,18753,SAN VICENTE DEL CAGUÁN,18753015,GUAYABAL (SAN VICENTE DEL CAGUÁN - CAQUETÁ),2021,3,6425.0,3436.0,37420.0,domingo,2021-03-07 22:45:00,77.0
18,CAQUETÁ,18753,SAN VICENTE DEL CAGUÁN,18753009,PUERTO BETANIA (SAN VICENTE DEL CAGUÁN - CAQUETÁ),2021,3,5384.0,2143.0,44240.0,sábado,2021-03-27 20:00:00,52.0
85,CASANARE,85430,TRINIDAD,85430001,BOCAS DEL PAUTO (TRINIDAD - CASANARE),2021,3,12839.0,7438.0,90050.0,jueves,2021-03-11 19:00:00,602.0
19,CAUCA,19318,GUAPI,19318008,LIMONES (GUAPI - CAUCA),2021,3,8836.0,3242.0,38130.0,lunes,2021-03-22 19:45:00,931.0
19,CAUCA,19318,GUAPI,19318013,SAN ANTONIO DE GUAJUÍ (GUAPI - CAUCA),2021,3,12101.0,4848.0,53040.0,martes,2021-03-02 19:45:00,915.0
19,CAUCA,19418,LÓPEZ DE MICAY,19418038,ISLA DE GALLO (LÓPEZ DE MICAY - CAUCA),2021,3,3916.0,1356.0,26340.0,martes,2021-03-30 18:30:00,559.0
19,CAUCA,19418,LÓPEZ DE MICAY,19418009,NOANAMITO (LÓPEZ DE MICAY - CAUCA),2021,3,8108.0,2579.0,360.0,miércoles,2021-03-31 21:45:00,827.0
19,CAUCA,19418,LÓPEZ DE MICAY,19418012,SAN ANTONIO DE CHUARÉ (LÓPEZ DE MICAY - CAUCA),2021,3,7596.0,2569.0,60480.0,viernes,2021-03-05 19:45:00,514.0
19,CAUCA,19418,LÓPEZ DE MICAY,19418019,ZARAGOZA (LOPEZ DE MICAY - CAUCA),2021,3,12571.0,5929.0,64220.0,martes,2021-03-30 19:30:00,945.0
19,CAUCA,19809,TIMBIQUÍ,19809014,CHACÓN (TIMBIQUÍ - CAUCA),2021,3,382.0,7520.0,32260.0,domingo,2021-03-28 15:30:00,601.0
19,CAUCA,19809,TIMBIQUÍ,19809010,COMUNIDAD DE CHETE (TIMBIQUÍ - CAUCA),2021,3,5795.0,1927.0,39460.0,miércoles,2021-03-31 20:15:00,543.0
19,CAUCA,19809,TIMBIQUÍ,19809003,COTEJE (TIMBIQUÍ - CAUCA),2021,3,7011.0,3916.0,34840.0,martes,2021-03-30 19:45:00,755.0
19,CAUCA,19809,TIMBIQUÍ,19809026,LOS BRAZOS (TIMBIQUÍ - CAUCA),2021,3,9598.0,1798.0,48290.0,miércoles,2021-03-31 19:15:00,729.0
19,CAUCA,19809,TIMBIQUÍ,19809023,PUERTO SAIJA (TIMBIQUÍ - CAUCA),2021,3,29928.0,10306.0,196240.0,jueves,2021-03-11 19:30:00,627.0
19,CAUCA,19809,TIMBIQUÍ,19809007,SAN JOSÉ (TIMBIQUÍ - CAUCA),2021,3,8306.0,526.0,45580.0,miércoles,2021-03-31 20:15:00,723.0
19,CAUCA,19809,TIMBIQUÍ,19809008,SANTA MARÍA (TIMBIQUÍ - CAUCA),2021,3,16936.0,6932.0,77950.0,miércoles,2021-03-31 20:45:00,921.0
27,CHOCÓ,27006,ACANDÍ,27006000,ACANDÍ (ACANDÍ - CHOCÓ),2021,3,595727.0,237934.0,104738.0,miércoles,2021-03-31 14:15:00,2328.0
27,CHOCÓ,27006,ACANDÍ,27006003,CAPURGANÁ (ACANDÍ - CHOCO),2021,3,297943.0,11112.0,882110.0,lunes,2021-03-29 21:30:00,1844.0
27,CHOCÓ,27006,ACANDÍ,27006007,SAN FRANCISCO (ACANDÍ - CHOCÓ),2021,3,23597.0,8422.0,125180.0,domingo,2021-03-28 19:15:00,841.0
27,CHOCÓ,27025,ALTO BAUDÓ (PIE DE PATO),27025000,CIUDAD BAUDÓ - PIE DE PATO (ALTO BAUDÓ - CHOCÓ),2021,3,42941.0,12923.0,107450.0,lunes,2021-03-16 00:30:00,211.0
27,CHOCÓ,27075,BAHÍA SOLANO (MUTIS),27075000,CIUDAD MUTIS (BAHÍA SOLANO - CHOCÓ),2021,3,669196.0,223396.0,1265.0,miércoles,2021-03-24 19:30:00,2356.0
27,CHOCÓ,27075,BAHÍA SOLANO (MUTIS),27075001,CUPICA (BAHÍA SOLANO - CHOCÓ),2021,3,65429.0,2616.0,138670.0,jueves,2021-03-25 19:00:00,2334.0
27,CHOCÓ,27075,BAHÍA SOLANO (MUTIS),27075002,EL VALLE (BAHÍA SOLANO - CHOCÓ),2021,3,154153.0,71647.0,343990.0,jueves,2021-03-18 19:30:00,2342.0
27,CHOCÓ,27077,BAJO BAUDÓ (PIZARRO),27077905,BUENAVISTA (BAJO BAUDÓ (PIZARRO) - CHOCÓ),2021,3,5262.0,8010.0,30980.0,jueves,2021-03-04 23:30:00,847.0
27,CHOCÓ,27077,BAJO BAUDÓ (PIZARRO),27077000,PIZARRO (BAJO BAUDÓ (PIZARRO) - CHOCÓ),2021,3,20858.0,99409.0,390190.0,miércoles,2021-03-24 19:00:00,2349.0
27,CHOCÓ,27099,BOJAYÁ (BELLAVISTA),27099000,BELLAVISTA (BOJAYÁ (BELLAVISTA) - CHOCÓ),2021,3,98984.0,31167.0,210490.0,miércoles,2021-03-17 19:15:00,201.0
27,CHOCÓ,27099,BOJAYÁ (BELLAVISTA),27099002,LA LOMA DE BOJAYÁ (BOJAYÁ (BELLAVISTA) - CHOCÓ),2021,3,11694.0,531.0,5760.0,domingo,2021-03-07 19:30:00,83.0
27,CHOCÓ,27099,BOJAYÁ (BELLAVISTA),27099005,NAPIPÍ (BOJAYÁ (BELLAVISTA) - CHOCÓ),2021,3,9823.0,3074.0,6080.0,miércoles,2021-03-31 22:00:00,546.0
27,CHOCÓ,27099,BOJAYÁ (BELLAVISTA),27099008,PUERTO CONTO (BOJAYÁ (BELLAVISTA) - CHOCO),2021,3,10563.0,2695.0,720.0,sábado,2021-03-06 19:45:00,54.0
27,CHOCÓ,27250,EL LITORAL DEL SAN JUAN,27250000,SANTA GENOVEVA DE DOCORDÓ (EL LITORAL DEL SAN JUAN - CHOCÓ),2021,3,72058.0,37684.0,184540.0,lunes,2021-03-08 22:15:00,177.0
27,CHOCÓ,27372,JURADÓ,27372000,JURADÓ (JURADÓ - CHOCÓ),2021,3,157427.0,75971.0,282240.0,miércoles,2021-03-31 21:15:00,2358.0
27,CHOCÓ,27425,MEDIO ATRATO (BETÉ),27425000,BETÉ (MEDIO ATRATO (BETÉ) - CHOCÓ),2021,3,21814.0,11045.0,800.0,martes,2021-03-09 19:45:00,1221.0
27,CHOCÓ,27495,NUQUÍ,27495001,ARUSÍ (NUQUÍ - CHOCO),2021,3,11056.0,485.0,480.0,martes,2021-03-30 18:30:00,909.0
27,CHOCÓ,27495,NUQUÍ,27495912,COMUNIDAD INDÍGENA DE PANGUÍ - EL YUCAL (NUQUÍ - CHOCÓ),2021,3,3434.0,1048.0,11240.0,lunes,2021-03-01 19:15:00,1401.0
27,CHOCÓ,27495,NUQUÍ,27495000,NUQUÍ (NUQUÍ - CHOCÓ),2021,3,256445.0,83318.0,505470.0,jueves,2021-03-18 20:00:00,2359.0
27,CHOCÓ,27495,NUQUÍ,27495011,PUERTO JAGUA (NUQUÍ - CHOCÓ),2021,3,9610.0,5070.0,4660.0,domingo,2021-03-07 19:45:00,954.0
27,CHOCÓ,27800,UNGUÍA,27800001,BALBOA (UNGUÍA - CHOCÓ),2021,3,18512.0,7623.0,88290.0,jueves,2021-03-25 19:30:00,91.0
27,CHOCÓ,27800,UNGUÍA,27800005,TITUMATE (UNGUÍA - CHOCÓ),2021,3,17379.0,5246.0,74620.0,martes,2021-03-30 21:15:00,1123.0
27,CHOCÓ,27800,UNGUÍA,27800000,UNGUÍA (UNGUÍA - CHOCÓ),2021,3,404312.0,149475.0,836350.0,martes,2021-03-30 20:00:00,2219.0
94,GUAINÍA,94343,BARRANCOMINAS,94343000,BARRANCOMINAS (BARRANCOMINAS - GUAINÍA),2021,3,52973.0,19162.0,189220.0,sábado,2021-03-20 18:30:00,1145.0
94,GUAINÍA,94001,INÍRIDA,94001000,INÍRIDA (INÍRIDA - GUAINÍA),2021,3,7576.0,563245.0,31108.0,martes,2021-03-02 15:15:00,2354.0
95,GUAVIARE,95200,MIRAFLORES,95200000,MIRAFLORES (MIRAFLORES - GUAVIARE),2021,3,82981.0,3003.0,1980.0,jueves,2021-03-04 20:30:00,1914.0
44,LA GUAJIRA,44847,URIBIA,44847012,NAZARETH (URIBIA - LA GUAJIRA),2021,3,3136.0,16391.0,223920.0,martes,2021-03-02 19:00:00,647.0
47,MAGDALENA,47189,CIÉNAGA,47189018,PALMOR (CIÉNAGA - MAGDALENA),2021,3,92616.0,32632.0,164860.0,miércoles,2021-03-10 18:45:00,2337.0
50,META,50325,MAPIRIPÁN,50325000,MAPIRIPÁN (MAPIRIPÁN - META),2021,3,152534.0,63496.0,313280.0,viernes,2021-03-19 18:45:00,2348.0
52,NARIÑO,52250,EL CHARCO,52250023,BAZÁN (EL CHARCO - NARIÑO),2021,3,20658.0,11334.0,10080.0,jueves,2021-03-18 20:15:00,812.0
52,NARIÑO,52250,EL CHARCO,52250003,BOLÍVAR - SAN PEDRO (EL CHARCO - NARIÑO),2021,3,4448.0,3343.0,21220.0,miércoles,2021-03-31 19:45:00,8.0
52,NARIÑO,52250,EL CHARCO,52250007,SAN JOSÉ DEL TAPAJE (EL CHARCO - NARIÑO),2021,3,15776.0,2962.0,880.0,martes,2021-03-30 19:45:00,754.0
52,NARIÑO,52520,FRANCISCO PIZARRO,52520013,SAN PEDRO DEL VINO (FRANCISCO PIZARRO - NARIÑO),2021,3,5512.0,2615.0,27780.0,miércoles,2021-03-31 17:45:00,806.0
52,NARIÑO,52390,LA TOLA,52390005,AGUACATAL (LA TOLA - NARIÑO),2021,3,2216.0,5160.0,11920.0,miércoles,2021-03-24 19:00:00,705.0
52,NARIÑO,52390,LA TOLA,52390013,AMÁRALES (LA TOLA - NARIÑO),2021,3,10957.0,2796.0,66980.0,sábado,2021-03-20 19:30:00,659.0
52,NARIÑO,52390,LA TOLA,52390003,LA VIGÍA DE LA MAR (LA TOLA - NARIÑO),2021,3,6328.0,2314.0,31080.0,viernes,2021-03-12 19:00:00,823.0
52,NARIÑO,52390,LA TOLA,52390009,MULATOS (LA TOLA - NARIÑO),2021,3,3919.0,2648.0,37120.0,miércoles,2021-03-17 19:00:00,537.0
52,NARIÑO,52390,LA TOLA,52390016,SAN PABLO DEL MAR (LA TOLA - NARIÑO),2021,3,5065.0,1278.0,31650.0,viernes,2021-03-05 19:30:00,634.0
52,NARIÑO,52490,OLAYA HERRERA,52490913,BOCA DE PRIETA (OLAYA HERRERA - NARIÑO),2021,3,2492.0,8620.0,15410.0,miércoles,2021-03-31 19:45:00,63.0
52,NARIÑO,52490,OLAYA HERRERA,52490008,SAN JOSÉ CALABAZAL (OLAYA HERRERA - NARIÑO),2021,3,3721.0,1606.0,42070.0,viernes,2021-03-05 19:45:00,55.0
52,NARIÑO,52835,SAN ANDRÉS DE TUMACO,52835055,BOCAS DE CURAY (TUMACO - NARIÑO),2021,3,9526.0,5024.0,600.0,domingo,2021-03-28 23:45:00,638.0
52,NARIÑO,52835,SAN ANDRÉS DE TUMACO,52835012,CHAJAL (TUMACO - NARIÑO),2021,3,20571.0,6991.0,14080.0,viernes,2021-03-12 19:30:00,6.0
52,NARIÑO,52835,SAN ANDRÉS DE TUMACO,52835016,PITAL DE LA COSTA (TUMACO - NARIÑO),2021,3,23858.0,13741.0,960.0,domingo,2021-03-15 00:30:00,1044.0
52,NARIÑO,52835,SAN ANDRÉS DE TUMACO,52835212,PUEBLO NUEVO (TABLÓN SALADO) (TUMACO - NARIÑO),2021,3,4061.0,1434.0,17280.0,viernes,2021-03-12 19:15:00,1037.0
52,NARIÑO,52835,SAN ANDRÉS DE TUMACO,52835217,SAN JUAN DE LA COSTA (SAN ANDRÉS DE TUMACO - NARIÑO),2021,3,2788.0,1022.0,13760.0,miércoles,2021-03-31 19:00:00,904.0
52,NARIÑO,52835,SAN ANDRÉS DE TUMACO,52835091,SANTA ROSA (TUMACO - NARIÑO),2021,3,4717.0,1636.0,35970.0,sábado,2021-03-13 20:00:00,635.0
52,NARIÑO,52835,SAN ANDRÉS DE TUMACO,52835148,TABLÓN DULCE LA PAMPA (TUMACO - NARIÑO),2021,3,2059.0,9400.0,23490.0,sábado,2021-03-20 19:00:00,336.0
52,NARIÑO,52696,SANTA BÁRBARA (ISCUANDÉ),52696014,LA ENSENADA (SANTA BÁRBARA (ISCUANDÉ) - NARIÑO),2021,3,2743.0,2629.0,18780.0,miércoles,2021-03-31 20:15:00,6.0
52,NARIÑO,52696,SANTA BÁRBARA (ISCUANDÉ),52696022,SECADERO (SANTA BÁRBARA (ISCUANDÉ) - NARIÑO),2021,3,2876.0,1933.0,12720.0,miércoles,2021-03-31 19:00:00,911.0
86,PUTUMAYO,86573,PUERTO LEGUÍZAMO,86573009,PIÑUÑA NEGRO (PUERTO LEGUÍZAMO - PUTUMAYO),2021,3,4475.0,251.0,2880.0,sábado,2021-03-27 21:30:00,702.0
76,VALLE DEL CAUCA,76109,BUENAVENTURA,76109028,PUERTO MERIZALDE (BUENAVENTURA - VALLE DEL CAUCA),2021,3,5612.0,21235.0,294980.0,miércoles,2021-03-31 20:00:00,738.0
76,VALLE DEL CAUCA,76109,BUENAVENTURA,76109032,SAN FRANCISCO NAYA (BUENAVENTURA - VALLE DEL CAUCA),2021,3,6065.0,2597.0,28160.0,sábado,2021-03-27 23:30:00,827.0
97,VAUPÉS,97161,CARURÚ,97161000,CARURÚ (CARURÚ - VAUPÉS),2021,3,19606.0,5039.0,74450.0,martes,2021-03-16 18:30:00,1219.0
97,VAUPÉS,97001,MITÚ,97001000,MITÚ (MITÚ - VAUPÉS),2021,3,7576.0,38222.0,271727.0,lunes,2021-03-15 23:45:00,24.0
99,VICHADA,99773,CUMARIBO,99773000,CUMARIBO (CUMARIBO - VICHADA),2021,3,308352.0,136167.0,64020.0,jueves,2021-03-11 14:15:00,2338.0
99,VICHADA,99524,LA PRIMAVERA,99524000,LA PRIMAVERA (LA PRIMAVERA - VICHADA),2021,3,363668.0,168862.0,787560.0,jueves,2021-03-18 18:45:00,2312.0
99,VICHADA,99001,PUERTO CARREÑO,99001002,CASUARITO (PUERTO CARREÑO - VICHADA),2021,3,30702.0,11079.0,104190.0,miércoles,2021-03-03 20:00:00,115.0
99,VICHADA,99001,PUERTO CARREÑO,99001000,PUERTO CARREÑO (PUERTO CARREÑO - VICHADA),2021,3,7576.0,811894.0,450648.0,lunes,2021-03-08 14:30:00,24.0
99,VICHADA,99624,SANTA ROSALÍA,99624000,SANTA ROSALÍA (SANTA ROSALÍA - VICHADA),2021,3,132848.0,66274.0,341710.0,jueves,2021-03-18 19:15:00,1619.0
91,AMAZONAS,91001,LETICIA,91001000,LETICIA (LETICIA - AMAZONAS),2021,4,7576.0,4650.0,668489.0,jueves,2021-04-08 14:15:00,24.0
91,AMAZONAS,91540,PUERTO NARIÑO,91540000,PUERTO NARIÑO (PUERTO NARIÑO - AMAZONAS),2021,4,103983.0,3671.0,216130.0,lunes,2021-04-12 19:00:00,24.0
91,AMAZONAS,91798,TARAPACÁ (ANM),91798000,TARAPACÁ (TARAPACÁ (ANM) - AMAZONAS),2021,4,222.0,10205.0,84640.0,lunes,2021-04-12 19:45:00,1017.0
5,ANTIOQUIA,5873,VIGÍA DEL FUERTE,5873002,VEGÁEZ (VIGÍA DEL FUERTE - ANTIOQUIA),2021,4,332.0,1610.0,35490.0,sábado,2021-04-24 19:00:00,439.0
5,ANTIOQUIA,5873,VIGÍA DEL FUERTE,5873000,VIGÍA DEL FUERTE (VIGÍA DEL FUERTE - ANTIOQUIA),2021,4,93016.0,38286.0,313980.0,miércoles,2021-04-07 14:00:00,1143.0
88,"ARCHIPIÉLAGO DE SAN ANDRÉS, PROVIDENCIA Y SANTA CATALINA",88001,SAN ANDRÉS,88001000,SAN ANDRÉS (SAN ANDRÉS - ARCHIPIÉLAGO DE SAN ANDRÉS Y PROVIDENCIA),2021,4,7576.0,4650.0,2694319.0,martes,2021-04-20 15:30:00,24.0
13,BOLÍVAR,13001,CARTAGENA DE INDIAS,13001007,ISLA FUERTE (CARTAGENA DE INDIAS - BOLÍVAR),2021,4,17858.0,9518.0,177260.0,sábado,2021-04-03 00:00:00,527.0
13,BOLÍVAR,13001,CARTAGENA DE INDIAS,13001037,ISLA MÚCURA (CARTAGENA DE INDIAS - BOLÍVAR),2021,4,6886.0,2794.0,20320.0,viernes,2021-04-02 23:45:00,1503.0
13,BOLÍVAR,13001,CARTAGENA DE INDIAS,13001017,SANTA CRUZ DEL ISLOTE (CARTAGENA DE INDIAS - BOLÍVAR),2021,4,13114.0,4518.0,49760.0,viernes,2021-04-16 21:30:00,1052.0
18,CAQUETÁ,18150,CARTAGENA DEL CHAIRÁ,18150001,REMOLINO DEL CAGUÁN (CARTAGENA DEL CHAIRA - CAQUETÁ),2021,4,15248.0,7141.0,82970.0,sábado,2021-04-17 19:15:00,813.0
18,CAQUETÁ,18753,SAN VICENTE DEL CAGUÁN,18753002,GUACAMAYAS (SAN VICENTE DEL CAGUÁN - CAQUETÁ),2021,4,11863.0,5017.0,41060.0,viernes,2021-04-30 19:00:00,1732.0
18,CAQUETÁ,18753,SAN VICENTE DEL CAGUÁN,18753015,GUAYABAL (SAN VICENTE DEL CAGUÁN - CAQUETÁ),2021,4,5789.0,3019.0,3680.0,sábado,2021-04-24 18:45:00,654.0
18,CAQUETÁ,18753,SAN VICENTE DEL CAGUÁN,18753009,PUERTO BETANIA (SAN VICENTE DEL CAGUÁN - CAQUETÁ),2021,4,5149.0,2022.0,45520.0,sábado,2021-04-24 20:00:00,526.0
85,CASANARE,85430,TRINIDAD,85430001,BOCAS DEL PAUTO (TRINIDAD - CASANARE),2021,4,3573.0,2106.0,8640.0,viernes,2021-04-30 18:15:00,144.0
19,CAUCA,19318,GUAPI,19318008,LIMONES (GUAPI - CAUCA),2021,4,8156.0,3213.0,37080.0,jueves,2021-04-29 18:45:00,919.0
19,CAUCA,19318,GUAPI,19318013,SAN ANTONIO DE GUAJUÍ (GUAPI - CAUCA),2021,4,11498.0,3048.0,49330.0,sábado,2021-04-10 19:30:00,935.0
19,CAUCA,19418,LÓPEZ DE MICAY,19418024,BETANIA - NAYA (LÓPEZ (MICAY) - CAUCA),2021,4,6286.0,2119.0,28640.0,lunes,2021-04-26 16:15:00,85.0
19,CAUCA,19418,LÓPEZ DE MICAY,19418033,BOCA GRANDE (LÓPEZ (MICAY) - CAUCA),2021,4,4639.0,1015.0,33280.0,jueves,2021-04-22 19:30:00,539.0
19,CAUCA,19418,LÓPEZ DE MICAY,19418038,ISLA DE GALLO (LÓPEZ DE MICAY - CAUCA),2021,4,4112.0,1482.0,26180.0,sábado,2021-04-03 19:00:00,642.0
19,CAUCA,19418,LÓPEZ DE MICAY,19418009,NOANAMITO (LÓPEZ DE MICAY - CAUCA),2021,4,7568.0,2427.0,400.0,viernes,2021-04-30 19:45:00,81.0
19,CAUCA,19418,LÓPEZ DE MICAY,19418015,SAN ISIDRO (LÓPEZ DE MICAY - CAUCA),2021,4,9150.0,3260.0,6340.0,martes,2021-04-21 00:45:00,606.0
19,CAUCA,19418,LÓPEZ DE MICAY,19418019,ZARAGOZA (LOPEZ DE MICAY - CAUCA),2021,4,13407.0,5828.0,7050.0,sábado,2021-04-03 20:00:00,932.0
19,CAUCA,19809,TIMBIQUÍ,19809014,CHACÓN (TIMBIQUÍ - CAUCA),2021,4,4119.0,9870.0,28080.0,viernes,2021-04-09 19:45:00,621.0
19,CAUCA,19809,TIMBIQUÍ,19809010,COMUNIDAD DE CHETE (TIMBIQUÍ - CAUCA),2021,4,6299.0,2199.0,37220.0,sábado,2021-04-10 19:15:00,651.0
19,CAUCA,19809,TIMBIQUÍ,19809003,COTEJE (TIMBIQUÍ - CAUCA),2021,4,736.0,4125.0,350.0,jueves,2021-04-08 20:00:00,831.0
19,CAUCA,19809,TIMBIQUÍ,19809026,LOS BRAZOS (TIMBIQUÍ - CAUCA),2021,4,8793.0,1608.0,4920.0,sábado,2021-04-10 19:45:00,714.0
19,CAUCA,19809,TIMBIQUÍ,19809023,PUERTO SAIJA (TIMBIQUÍ - CAUCA),2021,4,27027.0,9253.0,180050.0,jueves,2021-04-08 18:30:00,608.0
19,CAUCA,19809,TIMBIQUÍ,19809007,SAN JOSÉ (TIMBIQUÍ - CAUCA),2021,4,8109.0,5114.0,45340.0,sábado,2021-04-10 20:00:00,721.0
19,CAUCA,19809,TIMBIQUÍ,19809008,SANTA MARÍA (TIMBIQUÍ - CAUCA),2021,4,15984.0,6527.0,77380.0,jueves,2021-04-01 19:30:00,912.0
27,CHOCÓ,27006,ACANDÍ,27006000,ACANDÍ (ACANDÍ - CHOCÓ),2021,4,556658.0,220397.0,103664.0,jueves,2021-04-22 19:45:00,2221.0
27,CHOCÓ,27006,ACANDÍ,27006003,CAPURGANÁ (ACANDÍ - CHOCO),2021,4,303988.0,112821.0,902180.0,jueves,2021-04-01 22:15:00,1941.0
27,CHOCÓ,27006,ACANDÍ,27006007,SAN FRANCISCO (ACANDÍ - CHOCÓ),2021,4,21655.0,7659.0,131710.0,jueves,2021-04-01 19:15:00,75.0
27,CHOCÓ,27025,ALTO BAUDÓ (PIE DE PATO),27025000,CIUDAD BAUDÓ - PIE DE PATO (ALTO BAUDÓ - CHOCÓ),2021,4,46655.0,13827.0,113340.0,jueves,2021-04-16 00:00:00,2358.0
27,CHOCÓ,27075,BAHÍA SOLANO (MUTIS),27075000,CIUDAD MUTIS (BAHÍA SOLANO - CHOCÓ),2021,4,634355.0,230615.0,124652.0,lunes,2021-04-19 19:30:00,235.0
27,CHOCÓ,27075,BAHÍA SOLANO (MUTIS),27075001,CUPICA (BAHÍA SOLANO - CHOCÓ),2021,4,63113.0,23464.0,17210.0,jueves,2021-04-29 19:30:00,2317.0
27,CHOCÓ,27075,BAHÍA SOLANO (MUTIS),27075002,EL VALLE (BAHÍA SOLANO - CHOCÓ),2021,4,147693.0,65713.0,32340.0,jueves,2021-04-01 19:15:00,233.0
27,CHOCÓ,27077,BAJO BAUDÓ (PIZARRO),27077905,BUENAVISTA (BAJO BAUDÓ (PIZARRO) - CHOCÓ),2021,4,5813.0,1022.0,22820.0,miércoles,2021-04-21 19:45:00,106.0
27,CHOCÓ,27077,BAJO BAUDÓ (PIZARRO),27077000,PIZARRO (BAJO BAUDÓ (PIZARRO) - CHOCÓ),2021,4,19984.0,95308.0,394420.0,jueves,2021-04-29 19:30:00,24.0
27,CHOCÓ,27099,BOJAYÁ (BELLAVISTA),27099000,BELLAVISTA (BOJAYÁ (BELLAVISTA) - CHOCÓ),2021,4,98307.0,13956.0,219780.0,jueves,2021-04-29 19:45:00,1959.0
27,CHOCÓ,27099,BOJAYÁ (BELLAVISTA),27099002,LA LOMA DE BOJAYÁ (BOJAYÁ (BELLAVISTA) - CHOCÓ),2021,4,12049.0,5517.0,6080.0,martes,2021-04-20 19:00:00,912.0
27,CHOCÓ,27099,BOJAYÁ (BELLAVISTA),27099005,NAPIPÍ (BOJAYÁ (BELLAVISTA) - CHOCÓ),2021,4,11723.0,3565.0,640.0,jueves,2021-04-29 18:45:00,714.0
27,CHOCÓ,27099,BOJAYÁ (BELLAVISTA),27099008,PUERTO CONTO (BOJAYÁ (BELLAVISTA) - CHOCO),2021,4,11317.0,2854.0,6960.0,miércoles,2021-04-14 19:30:00,624.0
27,CHOCÓ,27250,EL LITORAL DEL SAN JUAN,27250000,SANTA GENOVEVA DE DOCORDÓ (EL LITORAL DEL SAN JUAN - CHOCÓ),2021,4,66994.0,36181.0,172790.0,miércoles,2021-04-14 13:00:00,1648.0
27,CHOCÓ,27372,JURADÓ,27372000,JURADÓ (JURADÓ - CHOCÓ),2021,4,15467.0,71127.0,302880.0,miércoles,2021-04-28 19:30:00,2357.0
27,CHOCÓ,27425,MEDIO ATRATO (BETÉ),27425000,BETÉ (MEDIO ATRATO (BETÉ) - CHOCÓ),2021,4,21552.0,10592.0,800.0,jueves,2021-04-22 19:15:00,1242.0
27,CHOCÓ,27495,NUQUÍ,27495001,ARUSÍ (NUQUÍ - CHOCO),2021,4,11045.0,4619.0,480.0,martes,2021-04-13 20:30:00,948.0
27,CHOCÓ,27495,NUQUÍ,27495912,COMUNIDAD INDÍGENA DE PANGUÍ - EL YUCAL (NUQUÍ - CHOCÓ),2021,4,33.0,14.0,11230.0,jueves,2021-04-29 18:00:00,2002.0
27,CHOCÓ,27495,NUQUÍ,27495000,NUQUÍ (NUQUÍ - CHOCÓ),2021,4,247974.0,80087.0,480480.0,jueves,2021-04-22 19:45:00,24.0
27,CHOCÓ,27495,NUQUÍ,27495011,PUERTO JAGUA (NUQUÍ - CHOCÓ),2021,4,7940.0,1653.0,6740.0,viernes,2021-04-16 20:45:00,729.0
27,CHOCÓ,27800,UNGUÍA,27800001,BALBOA (UNGUÍA - CHOCÓ),2021,4,2004.0,8148.0,84220.0,sábado,2021-04-24 20:00:00,959.0
27,CHOCÓ,27800,UNGUÍA,27800005,TITUMATE (UNGUÍA - CHOCÓ),2021,4,15783.0,4726.0,79290.0,jueves,2021-04-29 19:30:00,909.0
27,CHOCÓ,27800,UNGUÍA,27800000,UNGUÍA (UNGUÍA - CHOCÓ),2021,4,402583.0,143376.0,873840.0,jueves,2021-04-22 20:30:00,2211.0
94,GUAINÍA,94343,BARRANCOMINAS,94343000,BARRANCOMINAS (BARRANCOMINAS - GUAINÍA),2021,4,57209.0,20041.0,188720.0,jueves,2021-04-22 19:00:00,133.0
94,GUAINÍA,94001,INÍRIDA,94001000,INÍRIDA (INÍRIDA - GUAINÍA),2021,4,7576.0,521989.0,321816.0,jueves,2021-04-22 14:30:00,2357.0
95,GUAVIARE,95200,MIRAFLORES,95200000,MIRAFLORES (MIRAFLORES - GUAVIARE),2021,4,7895.0,28189.0,186560.0,miércoles,2021-04-21 18:30:00,1915.0
44,LA GUAJIRA,44847,URIBIA,44847012,NAZARETH (URIBIA - LA GUAJIRA),2021,4,35845.0,17755.0,232080.0,lunes,2021-04-26 19:45:00,756.0
47,MAGDALENA,47189,CIÉNAGA,47189018,PALMOR (CIÉNAGA - MAGDALENA),2021,4,7755.0,2768.0,164030.0,jueves,2021-04-29 20:30:00,2232.0
50,META,50325,MAPIRIPÁN,50325000,MAPIRIPÁN (MAPIRIPÁN - META),2021,4,149555.0,61921.0,322520.0,viernes,2021-04-23 19:00:00,2347.0
52,NARIÑO,52250,EL CHARCO,52250023,BAZÁN (EL CHARCO - NARIÑO),2021,4,19102.0,10249.0,10080.0,sábado,2021-04-17 20:45:00,8.0
52,NARIÑO,52250,EL CHARCO,52250003,BOLÍVAR - SAN PEDRO (EL CHARCO - NARIÑO),2021,4,4182.0,3196.0,22720.0,viernes,2021-04-16 16:00:00,726.0
52,NARIÑO,52250,EL CHARCO,52250007,SAN JOSÉ DEL TAPAJE (EL CHARCO - NARIÑO),2021,4,15392.0,3048.0,800.0,viernes,2021-04-30 20:15:00,754.0
52,NARIÑO,52520,FRANCISCO PIZARRO,52520013,SAN PEDRO DEL VINO (FRANCISCO PIZARRO - NARIÑO),2021,4,5481.0,2631.0,27620.0,jueves,2021-04-02 00:30:00,828.0
52,NARIÑO,52390,LA TOLA,52390005,AGUACATAL (LA TOLA - NARIÑO),2021,4,2401.0,5530.0,15980.0,domingo,2021-04-25 19:00:00,8.0
52,NARIÑO,52390,LA TOLA,52390013,AMÁRALES (LA TOLA - NARIÑO),2021,4,8736.0,2378.0,65660.0,lunes,2021-04-26 19:45:00,543.0
52,NARIÑO,52390,LA TOLA,52390003,LA VIGÍA DE LA MAR (LA TOLA - NARIÑO),2021,4,5686.0,22.0,29480.0,miércoles,2021-04-07 18:30:00,819.0
52,NARIÑO,52390,LA TOLA,52390009,MULATOS (LA TOLA - NARIÑO),2021,4,3425.0,1531.0,33820.0,jueves,2021-04-29 19:15:00,522.0
52,NARIÑO,52390,LA TOLA,52390016,SAN PABLO DEL MAR (LA TOLA - NARIÑO),2021,4,4886.0,1294.0,28990.0,lunes,2021-04-05 17:00:00,642.0
52,NARIÑO,52490,OLAYA HERRERA,52490913,BOCA DE PRIETA (OLAYA HERRERA - NARIÑO),2021,4,1427.0,4040.0,15020.0,jueves,2021-04-01 19:45:00,336.0
52,NARIÑO,52835,SAN ANDRÉS DE TUMACO,52835012,CHAJAL (TUMACO - NARIÑO),2021,4,10669.0,3619.0,137630.0,martes,2021-04-13 20:00:00,416.0
52,NARIÑO,52835,SAN ANDRÉS DE TUMACO,52835016,PITAL DE LA COSTA (TUMACO - NARIÑO),2021,4,19894.0,11383.0,920.0,sábado,2021-04-17 20:00:00,921.0
52,NARIÑO,52835,SAN ANDRÉS DE TUMACO,52835212,PUEBLO NUEVO (TABLÓN SALADO) (TUMACO - NARIÑO),2021,4,3288.0,1207.0,23390.0,domingo,2021-04-04 21:30:00,92.0
52,NARIÑO,52835,SAN ANDRÉS DE TUMACO,52835217,SAN JUAN DE LA COSTA (SAN ANDRÉS DE TUMACO - NARIÑO),2021,4,16922.0,6309.0,14080.0,viernes,2021-04-02 19:15:00,548.0
52,NARIÑO,52835,SAN ANDRÉS DE TUMACO,52835091,SANTA ROSA (TUMACO - NARIÑO),2021,4,4055.0,1514.0,56770.0,miércoles,2021-04-14 18:45:00,612.0
52,NARIÑO,52835,SAN ANDRÉS DE TUMACO,52835148,TABLÓN DULCE LA PAMPA (TUMACO - NARIÑO),2021,4,9390.0,4370.0,23460.0,sábado,2021-04-10 19:30:00,3.0
52,NARIÑO,52696,SANTA BÁRBARA (ISCUANDÉ),52696014,LA ENSENADA (SANTA BÁRBARA (ISCUANDÉ) - NARIÑO),2021,4,3095.0,2903.0,20130.0,jueves,2021-04-22 19:30:00,612.0
52,NARIÑO,52696,SANTA BÁRBARA (ISCUANDÉ),52696022,SECADERO (SANTA BÁRBARA (ISCUANDÉ) - NARIÑO),2021,4,2761.0,1792.0,12720.0,lunes,2021-04-12 18:15:00,912.0
86,PUTUMAYO,86573,PUERTO LEGUÍZAMO,86573009,PIÑUÑA NEGRO (PUERTO LEGUÍZAMO - PUTUMAYO),2021,4,4159.0,2224.0,2880.0,sábado,2021-04-24 20:00:00,657.0
76,VALLE DEL CAUCA,76109,BUENAVENTURA,76109028,PUERTO MERIZALDE (BUENAVENTURA - VALLE DEL CAUCA),2021,4,30937.0,10601.0,285120.0,viernes,2021-04-09 19:45:00,439.0
76,VALLE DEL CAUCA,76109,BUENAVENTURA,76109032,SAN FRANCISCO NAYA (BUENAVENTURA - VALLE DEL CAUCA),2021,4,5733.0,2769.0,2880.0,lunes,2021-04-12 23:45:00,816.0
97,VAUPÉS,97161,CARURÚ,97161000,CARURÚ (CARURÚ - VAUPÉS),2021,4,20059.0,5339.0,79990.0,jueves,2021-04-22 18:30:00,1237.0
97,VAUPÉS,97001,MITÚ,97001000,MITÚ (MITÚ - VAUPÉS),2021,4,927609.0,280657.0,259039.0,miércoles,2021-04-07 23:30:00,2248.0
97,VAUPÉS,97666,TARAIRA,97666000,TARAIRA (TARAIRA - VAUPÉS),2021,4,2814.0,8763.0,105510.0,viernes,2021-04-09 19:00:00,1117.0
99,VICHADA,99773,CUMARIBO,99773000,CUMARIBO (CUMARIBO - VICHADA),2021,4,303736.0,133946.0,687280.0,viernes,2021-04-23 14:30:00,2357.0
99,VICHADA,99524,LA PRIMAVERA,99524000,LA PRIMAVERA (LA PRIMAVERA - VICHADA),2021,4,33572.0,156561.0,689360.0,viernes,2021-04-23 19:15:00,2322.0
99,VICHADA,99001,PUERTO CARREÑO,99001002,CASUARITO (PUERTO CARREÑO - VICHADA),2021,4,28829.0,10675.0,111060.0,jueves,2021-04-22 18:45:00,113.0
99,VICHADA,99001,PUERTO CARREÑO,99001000,PUERTO CARREÑO (PUERTO CARREÑO - VICHADA),2021,4,7576.0,794934.0,468512.0,viernes,2021-04-23 14:15:00,24.0
99,VICHADA,99624,SANTA ROSALÍA,99624000,SANTA ROSALÍA (SANTA ROSALÍA - VICHADA),2021,4,128741.0,63352.0,366140.0,sábado,2021-04-24 19:30:00,1612.0
91,AMAZONAS,91001,LETICIA,91001000,LETICIA (LETICIA - AMAZONAS),2021,5,7576.0,4650.0,664257.0,viernes,2021-05-21 14:45:00,24.0
91,AMAZONAS,91540,PUERTO NARIÑO,91540000,PUERTO NARIÑO (PUERTO NARIÑO - AMAZONAS),2021,5,104516.0,36339.0,210320.0,miércoles,2021-05-05 19:15:00,24.0
91,AMAZONAS,91798,TARAPACÁ (ANM),91798000,TARAPACÁ (TARAPACÁ (ANM) - AMAZONAS),2021,5,24043.0,10115.0,90620.0,sábado,2021-05-29 19:15:00,1022.0
5,ANTIOQUIA,5873,VIGÍA DEL FUERTE,5873002,VEGÁEZ (VIGÍA DEL FUERTE - ANTIOQUIA),2021,5,3997.0,2940.0,35170.0,miércoles,2021-05-19 19:00:00,518.0
5,ANTIOQUIA,5873,VIGÍA DEL FUERTE,5873000,VIGÍA DEL FUERTE (VIGÍA DEL FUERTE - ANTIOQUIA),2021,5,84101.0,36704.0,313280.0,sábado,2021-05-30 00:00:00,949.0
88,"ARCHIPIÉLAGO DE SAN ANDRÉS, PROVIDENCIA Y SANTA CATALINA",88001,SAN ANDRÉS,88001000,SAN ANDRÉS (SAN ANDRÉS - ARCHIPIÉLAGO DE SAN ANDRÉS Y PROVIDENCIA),2021,5,7576.0,4650.0,2874452.0,viernes,2021-05-21 15:15:00,24.0
13,BOLÍVAR,13001,CARTAGENA DE INDIAS,13001007,ISLA FUERTE (CARTAGENA DE INDIAS - BOLÍVAR),2021,5,15612.0,8376.0,14250.0,domingo,2021-05-16 14:30:00,434.0
13,BOLÍVAR,13001,CARTAGENA DE INDIAS,13001037,ISLA MÚCURA (CARTAGENA DE INDIAS - BOLÍVAR),2021,5,6065.0,25.0,21470.0,viernes,2021-05-07 13:45:00,1458.0
13,BOLÍVAR,13001,CARTAGENA DE INDIAS,13001017,SANTA CRUZ DEL ISLOTE (CARTAGENA DE INDIAS - BOLÍVAR),2021,5,17415.0,5974.0,48830.0,miércoles,2021-05-05 21:15:00,1457.0
18,CAQUETÁ,18150,CARTAGENA DEL CHAIRÁ,18150001,REMOLINO DEL CAGUÁN (CARTAGENA DEL CHAIRA - CAQUETÁ),2021,5,11337.0,4771.0,87790.0,sábado,2021-05-22 18:45:00,518.0
18,CAQUETÁ,18753,SAN VICENTE DEL CAGUÁN,18753002,GUACAMAYAS (SAN VICENTE DEL CAGUÁN - CAQUETÁ),2021,5,917.0,3448.0,37610.0,domingo,2021-05-30 19:00:00,1622.0
18,CAQUETÁ,18753,SAN VICENTE DEL CAGUÁN,18753015,GUAYABAL (SAN VICENTE DEL CAGUÁN - CAQUETÁ),2021,5,5112.0,2627.0,36560.0,domingo,2021-05-03 00:30:00,551.0
18,CAQUETÁ,18753,SAN VICENTE DEL CAGUÁN,18753009,PUERTO BETANIA (SAN VICENTE DEL CAGUÁN - CAQUETÁ),2021,5,4216.0,1582.0,43080.0,jueves,2021-05-27 18:45:00,4.0
85,CASANARE,85430,TRINIDAD,85430001,BOCAS DEL PAUTO (TRINIDAD - CASANARE),2021,5,906.0,5273.0,90560.0,sábado,2021-05-15 18:45:00,411.0
19,CAUCA,19318,GUAPI,19318008,LIMONES (GUAPI - CAUCA),2021,5,869.0,3527.0,36140.0,lunes,2021-05-24 18:45:00,945.0
19,CAUCA,19318,GUAPI,19318013,SAN ANTONIO DE GUAJUÍ (GUAPI - CAUCA),2021,5,11115.0,4889.0,49160.0,viernes,2021-05-21 19:15:00,914.0
19,CAUCA,19418,LÓPEZ DE MICAY,19418024,BETANIA - NAYA (LÓPEZ (MICAY) - CAUCA),2021,5,6403.0,2197.0,29680.0,lunes,2021-05-24 17:30:00,847.0
19,CAUCA,19418,LÓPEZ DE MICAY,19418033,BOCA GRANDE (LÓPEZ (MICAY) - CAUCA),2021,5,4509.0,9830.0,30560.0,viernes,2021-05-07 19:30:00,543.0
19,CAUCA,19418,LÓPEZ DE MICAY,19418038,ISLA DE GALLO (LÓPEZ DE MICAY - CAUCA),2021,5,4218.0,1715.0,25410.0,viernes,2021-05-07 18:30:00,701.0
19,CAUCA,19418,LÓPEZ DE MICAY,19418009,NOANAMITO (LÓPEZ DE MICAY - CAUCA),2021,5,4597.0,1396.0,400.0,martes,2021-05-25 15:45:00,452.0
19,CAUCA,19418,LÓPEZ DE MICAY,19418015,SAN ISIDRO (LÓPEZ DE MICAY - CAUCA),2021,5,9480.0,3470.0,6180.0,lunes,2021-05-31 17:30:00,64.0
19,CAUCA,19418,LÓPEZ DE MICAY,19418019,ZARAGOZA (LOPEZ DE MICAY - CAUCA),2021,5,12556.0,5553.0,64160.0,sábado,2021-05-01 19:15:00,9.0
19,CAUCA,19809,TIMBIQUÍ,19809014,CHACÓN (TIMBIQUÍ - CAUCA),2021,5,4445.0,1298.0,34140.0,sábado,2021-05-01 20:00:00,624.0
19,CAUCA,19809,TIMBIQUÍ,19809010,COMUNIDAD DE CHETE (TIMBIQUÍ - CAUCA),2021,5,419.0,1471.0,36770.0,viernes,2021-05-07 20:00:00,427.0
19,CAUCA,19809,TIMBIQUÍ,19809003,COTEJE (TIMBIQUÍ - CAUCA),2021,5,693.0,4043.0,340.0,jueves,2021-05-27 19:15:00,745.0
19,CAUCA,19809,TIMBIQUÍ,19809026,LOS BRAZOS (TIMBIQUÍ - CAUCA),2021,5,491.0,9000.0,45620.0,jueves,2021-05-13 19:15:00,406.0
19,CAUCA,19809,TIMBIQUÍ,19809023,PUERTO SAIJA (TIMBIQUÍ - CAUCA),2021,5,15238.0,5047.0,171780.0,viernes,2021-05-07 19:00:00,321.0
19,CAUCA,19809,TIMBIQUÍ,19809007,SAN JOSÉ (TIMBIQUÍ - CAUCA),2021,5,7549.0,4853.0,41160.0,martes,2021-05-11 18:30:00,706.0
19,CAUCA,19809,TIMBIQUÍ,19809008,SANTA MARÍA (TIMBIQUÍ - CAUCA),2021,5,14585.0,5922.0,69950.0,viernes,2021-05-28 19:00:00,819.0
27,CHOCÓ,27006,ACANDÍ,27006000,ACANDÍ (ACANDÍ - CHOCÓ),2021,5,60475.0,232018.0,105389.0,miércoles,2021-05-05 19:00:00,2331.0
27,CHOCÓ,27006,ACANDÍ,27006003,CAPURGANÁ (ACANDÍ - CHOCO),2021,5,268997.0,100681.0,645920.0,viernes,2021-05-14 21:45:00,1703.0
27,CHOCÓ,27006,ACANDÍ,27006007,SAN FRANCISCO (ACANDÍ - CHOCÓ),2021,5,21171.0,7639.0,108770.0,sábado,2021-05-15 18:45:00,757.0
27,CHOCÓ,27025,ALTO BAUDÓ (PIE DE PATO),27025000,CIUDAD BAUDÓ - PIE DE PATO (ALTO BAUDÓ - CHOCÓ),2021,5,47415.0,14585.0,118010.0,martes,2021-05-12 00:00:00,2342.0
27,CHOCÓ,27075,BAHÍA SOLANO (MUTIS),27075000,CIUDAD MUTIS (BAHÍA SOLANO - CHOCÓ),2021,5,687123.0,252377.0,125972.0,miércoles,2021-05-26 19:30:00,2354.0
27,CHOCÓ,27075,BAHÍA SOLANO (MUTIS),27075001,CUPICA (BAHÍA SOLANO - CHOCÓ),2021,5,65489.0,23692.0,142330.0,lunes,2021-05-24 19:15:00,2311.0
27,CHOCÓ,27075,BAHÍA SOLANO (MUTIS),27075002,EL VALLE (BAHÍA SOLANO - CHOCÓ),2021,5,152969.0,64056.0,314160.0,lunes,2021-05-17 19:30:00,2345.0
27,CHOCÓ,27077,BAJO BAUDÓ (PIZARRO),27077905,BUENAVISTA (BAJO BAUDÓ (PIZARRO) - CHOCÓ),2021,5,6458.0,1053.0,2480.0,domingo,2021-05-23 18:15:00,958.0
27,CHOCÓ,27077,BAJO BAUDÓ (PIZARRO),27077000,PIZARRO (BAJO BAUDÓ (PIZARRO) - CHOCÓ),2021,5,203902.0,96357.0,38280.0,jueves,2021-05-20 19:45:00,2355.0
27,CHOCÓ,27099,BOJAYÁ (BELLAVISTA),27099000,BELLAVISTA (BOJAYÁ (BELLAVISTA) - CHOCÓ),2021,5,104812.0,30818.0,229080.0,jueves,2021-05-13 19:15:00,1941.0
27,CHOCÓ,27099,BOJAYÁ (BELLAVISTA),27099002,LA LOMA DE BOJAYÁ (BOJAYÁ (BELLAVISTA) - CHOCÓ),2021,5,4754.0,2098.0,6080.0,sábado,2021-05-15 21:00:00,316.0
27,CHOCÓ,27099,BOJAYÁ (BELLAVISTA),27099005,NAPIPÍ (BOJAYÁ (BELLAVISTA) - CHOCÓ),2021,5,12609.0,3742.0,6080.0,lunes,2021-05-31 21:30:00,735.0
27,CHOCÓ,27099,BOJAYÁ (BELLAVISTA),27099008,PUERTO CONTO (BOJAYÁ (BELLAVISTA) - CHOCO),2021,5,13107.0,3413.0,840.0,domingo,2021-05-23 18:15:00,704.0
27,CHOCÓ,27250,EL LITORAL DEL SAN JUAN,27250000,SANTA GENOVEVA DE DOCORDÓ (EL LITORAL DEL SAN JUAN - CHOCÓ),2021,5,70139.0,3852.0,176480.0,martes,2021-05-26 00:30:00,1757.0
27,CHOCÓ,27372,JURADÓ,27372000,JURADÓ (JURADÓ - CHOCÓ),2021,5,161498.0,73009.0,303680.0,miércoles,2021-05-19 19:45:00,24.0
27,CHOCÓ,27425,MEDIO ATRATO (BETÉ),27425000,BETÉ (MEDIO ATRATO (BETÉ) - CHOCÓ),2021,5,21576.0,10795.0,720.0,lunes,2021-05-31 20:00:00,1236.0
27,CHOCÓ,27495,NUQUÍ,27495001,ARUSÍ (NUQUÍ - CHOCO),2021,5,11042.0,4901.0,480.0,jueves,2021-05-27 19:15:00,92.0
27,CHOCÓ,27495,NUQUÍ,27495912,COMUNIDAD INDÍGENA DE PANGUÍ - EL YUCAL (NUQUÍ - CHOCÓ),2021,5,529.0,1951.0,11320.0,domingo,2021-05-30 16:00:00,1908.0
27,CHOCÓ,27495,NUQUÍ,27495000,NUQUÍ (NUQUÍ - CHOCÓ),2021,5,243203.0,77055.0,472740.0,sábado,2021-05-08 19:45:00,2339.0
27,CHOCÓ,27495,NUQUÍ,27495011,PUERTO JAGUA (NUQUÍ - CHOCÓ),2021,5,7950.0,3990.0,3790.0,miércoles,2021-05-19 19:00:00,804.0
27,CHOCÓ,27001,QUIBDÓ,27001029,TAGACHI (QUIBDÓ - CHOCÓ),2021,5,9391.0,3091.0,41040.0,domingo,2021-05-10 00:45:00,841.0
27,CHOCÓ,27800,UNGUÍA,27800001,BALBOA (UNGUÍA - CHOCÓ),2021,5,21339.0,8718.0,85380.0,viernes,2021-05-14 20:15:00,1015.0
27,CHOCÓ,27800,UNGUÍA,27800005,TITUMATE (UNGUÍA - CHOCÓ),2021,5,17127.0,5084.0,91960.0,miércoles,2021-05-26 19:45:00,851.0
27,CHOCÓ,27800,UNGUÍA,27800000,UNGUÍA (UNGUÍA - CHOCÓ),2021,5,411243.0,143941.0,909220.0,martes,2021-05-11 20:30:00,2218.0
94,GUAINÍA,94343,BARRANCOMINAS,94343000,BARRANCOMINAS (BARRANCOMINAS - GUAINÍA),2021,5,51807.0,15993.0,164120.0,viernes,2021-05-28 18:45:00,1337.0
94,GUAINÍA,94001,INÍRIDA,94001000,INÍRIDA (INÍRIDA - GUAINÍA),2021,5,7576.0,528498.0,299992.0,viernes,2021-05-21 14:30:00,24.0
95,GUAVIARE,95200,MIRAFLORES,95200000,MIRAFLORES (MIRAFLORES - GUAVIARE),2021,5,74794.0,25564.0,185680.0,jueves,2021-05-20 19:00:00,1804.0
47,MAGDALENA,47189,CIÉNAGA,47189018,PALMOR (CIÉNAGA - MAGDALENA),2021,5,92113.0,33292.0,181630.0,sábado,2021-05-22 22:30:00,232.0
50,META,50325,MAPIRIPÁN,50325000,MAPIRIPÁN (MAPIRIPÁN - META),2021,5,146793.0,58974.0,3080.0,jueves,2021-05-20 18:45:00,2337.0
52,NARIÑO,52250,EL CHARCO,52250023,BAZÁN (EL CHARCO - NARIÑO),2021,5,18944.0,8303.0,960.0,jueves,2021-05-20 20:00:00,808.0
52,NARIÑO,52250,EL CHARCO,52250003,BOLÍVAR - SAN PEDRO (EL CHARCO - NARIÑO),2021,5,4217.0,3171.0,27520.0,martes,2021-05-25 18:45:00,7.0
52,NARIÑO,52250,EL CHARCO,52250007,SAN JOSÉ DEL TAPAJE (EL CHARCO - NARIÑO),2021,5,13298.0,3176.0,800.0,lunes,2021-05-31 19:30:00,655.0
52,NARIÑO,52390,LA TOLA,52390005,AGUACATAL (LA TOLA - NARIÑO),2021,5,214.0,4550.0,13470.0,martes,2021-05-18 18:15:00,634.0
52,NARIÑO,52390,LA TOLA,52390013,AMÁRALES (LA TOLA - NARIÑO),2021,5,9668.0,2976.0,61660.0,martes,2021-05-25 20:30:00,629.0
52,NARIÑO,52390,LA TOLA,52390003,LA VIGÍA DE LA MAR (LA TOLA - NARIÑO),2021,5,6076.0,3261.0,310.0,domingo,2021-05-31 00:45:00,824.0
52,NARIÑO,52390,LA TOLA,52390009,MULATOS (LA TOLA - NARIÑO),2021,5,4295.0,2401.0,35070.0,lunes,2021-05-10 18:30:00,619.0
52,NARIÑO,52390,LA TOLA,52390016,SAN PABLO DEL MAR (LA TOLA - NARIÑO),2021,5,4918.0,1494.0,27520.0,martes,2021-05-25 18:45:00,702.0
52,NARIÑO,52835,SAN ANDRÉS DE TUMACO,52835016,PITAL DE LA COSTA (TUMACO - NARIÑO),2021,5,19821.0,11634.0,960.0,martes,2021-05-11 19:00:00,853.0
52,NARIÑO,52835,SAN ANDRÉS DE TUMACO,52835212,PUEBLO NUEVO (TABLÓN SALADO) (TUMACO - NARIÑO),2021,5,2842.0,1022.0,19420.0,sábado,2021-05-29 18:15:00,717.0
52,NARIÑO,52835,SAN ANDRÉS DE TUMACO,52835217,SAN JUAN DE LA COSTA (SAN ANDRÉS DE TUMACO - NARIÑO),2021,5,18638.0,6634.0,13440.0,miércoles,2021-05-26 19:00:00,616.0
52,NARIÑO,52835,SAN ANDRÉS DE TUMACO,52835091,SANTA ROSA (TUMACO - NARIÑO),2021,5,3795.0,1466.0,35260.0,miércoles,2021-05-05 18:15:00,551.0
52,NARIÑO,52696,SANTA BÁRBARA (ISCUANDÉ),52696022,SECADERO (SANTA BÁRBARA (ISCUANDÉ) - NARIÑO),2021,5,2719.0,1876.0,13250.0,miércoles,2021-05-26 18:45:00,859.0
86,PUTUMAYO,86573,PUERTO LEGUÍZAMO,86573009,PIÑUÑA NEGRO (PUERTO LEGUÍZAMO - PUTUMAYO),2021,5,4428.0,2394.0,2880.0,domingo,2021-05-16 20:00:00,715.0
76,VALLE DEL CAUCA,76109,BUENAVENTURA,76109032,SAN FRANCISCO NAYA (BUENAVENTURA - VALLE DEL CAUCA),2021,5,5578.0,2264.0,29730.0,martes,2021-05-25 23:30:00,8.0
97,VAUPÉS,97161,CARURÚ,97161000,CARURÚ (CARURÚ - VAUPÉS),2021,5,20423.0,5268.0,86770.0,miércoles,2021-05-19 18:45:00,1141.0
97,VAUPÉS,97001,MITÚ,97001000,MITÚ (MITÚ - VAUPÉS),2021,5,7576.0,375515.0,267438.0,miércoles,2021-05-06 00:00:00,24.0
97,VAUPÉS,97666,TARAIRA,97666000,TARAIRA (TARAIRA - VAUPÉS),2021,5,29461.0,916.0,110790.0,lunes,2021-05-25 00:45:00,1117.0
99,VICHADA,99773,CUMARIBO,99773000,CUMARIBO (CUMARIBO - VICHADA),2021,5,299048.0,130192.0,6380.0,viernes,2021-05-21 14:45:00,2352.0
99,VICHADA,99524,LA PRIMAVERA,99524000,LA PRIMAVERA (LA PRIMAVERA - VICHADA),2021,5,346303.0,160982.0,680580.0,miércoles,2021-05-05 18:30:00,2347.0
99,VICHADA,99001,PUERTO CARREÑO,99001002,CASUARITO (PUERTO CARREÑO - VICHADA),2021,5,23418.0,8498.0,109820.0,sábado,2021-05-22 18:30:00,901.0
99,VICHADA,99001,PUERTO CARREÑO,99001000,PUERTO CARREÑO (PUERTO CARREÑO - VICHADA),2021,5,7576.0,769016.0,429264.0,viernes,2021-05-21 14:15:00,24.0
99,VICHADA,99624,SANTA ROSALÍA,99624000,SANTA ROSALÍA (SANTA ROSALÍA - VICHADA),2021,5,133752.0,68289.0,33610.0,miércoles,2021-05-26 19:00:00,1813.0
91,AMAZONAS,91001,LETICIA,91001000,LETICIA (LETICIA - AMAZONAS),2021,6,7576.0,4650.0,680293.0,jueves,2021-06-10 14:45:00,24.0
91,AMAZONAS,91540,PUERTO NARIÑO,91540000,PUERTO NARIÑO (PUERTO NARIÑO - AMAZONAS),2021,6,100352.0,34091.0,221060.0,jueves,2021-06-03 18:30:00,2357.0
91,AMAZONAS,91798,TARAPACÁ (ANM),91798000,TARAPACÁ (TARAPACÁ (ANM) - AMAZONAS),2021,6,22248.0,9635.0,83470.0,jueves,2021-06-17 15:15:00,1015.0
5,ANTIOQUIA,5873,VIGÍA DEL FUERTE,5873002,VEGÁEZ (VIGÍA DEL FUERTE - ANTIOQUIA),2021,6,4629.0,3050.0,42210.0,viernes,2021-06-18 17:30:00,633.0
5,ANTIOQUIA,5873,VIGÍA DEL FUERTE,5873000,VIGÍA DEL FUERTE (VIGÍA DEL FUERTE - ANTIOQUIA),2021,6,114198.0,50553.0,320320.0,domingo,2021-06-06 19:30:00,14.0
88,"ARCHIPIÉLAGO DE SAN ANDRÉS, PROVIDENCIA Y SANTA CATALINA",88001,SAN ANDRÉS,88001000,SAN ANDRÉS (SAN ANDRÉS - ARCHIPIÉLAGO DE SAN ANDRÉS Y PROVIDENCIA),2021,6,7576.0,4650.0,2840276.0,jueves,2021-06-17 15:45:00,24.0
13,BOLÍVAR,13001,CARTAGENA DE INDIAS,13001007,ISLA FUERTE (CARTAGENA DE INDIAS - BOLÍVAR),2021,6,27979.0,15039.0,165370.0,sábado,2021-06-19 21:00:00,722.0
13,BOLÍVAR,13001,CARTAGENA DE INDIAS,13001037,ISLA MÚCURA (CARTAGENA DE INDIAS - BOLÍVAR),2021,6,6701.0,2324.0,19870.0,lunes,2021-06-07 14:45:00,1532.0
13,BOLÍVAR,13001,CARTAGENA DE INDIAS,13001017,SANTA CRUZ DEL ISLOTE (CARTAGENA DE INDIAS - BOLÍVAR),2021,6,18743.0,6651.0,46910.0,martes,2021-06-29 22:15:00,1742.0
18,CAQUETÁ,18150,CARTAGENA DEL CHAIRÁ,18150001,REMOLINO DEL CAGUÁN (CARTAGENA DEL CHAIRA - CAQUETÁ),2021,6,14606.0,6595.0,78570.0,sábado,2021-06-19 18:45:00,809.0
18,CAQUETÁ,18753,SAN VICENTE DEL CAGUÁN,18753002,GUACAMAYAS (SAN VICENTE DEL CAGUÁN - CAQUETÁ),2021,6,1137.0,4550.0,33460.0,jueves,2021-06-03 19:15:00,148.0
18,CAQUETÁ,18753,SAN VICENTE DEL CAGUÁN,18753015,GUAYABAL (SAN VICENTE DEL CAGUÁN - CAQUETÁ),2021,6,5187.0,2622.0,35730.0,domingo,2021-06-07 00:00:00,615.0
18,CAQUETÁ,18753,SAN VICENTE DEL CAGUÁN,18753009,PUERTO BETANIA (SAN VICENTE DEL CAGUÁN - CAQUETÁ),2021,6,5144.0,1989.0,44360.0,sábado,2021-06-05 19:00:00,511.0
85,CASANARE,85430,TRINIDAD,85430001,BOCAS DEL PAUTO (TRINIDAD - CASANARE),2021,6,12348.0,7301.0,8250.0,miércoles,2021-06-09 18:45:00,635.0
19,CAUCA,19318,GUAPI,19318008,LIMONES (GUAPI - CAUCA),2021,6,8067.0,3358.0,36030.0,viernes,2021-06-25 16:30:00,944.0
19,CAUCA,19318,GUAPI,19318013,SAN ANTONIO DE GUAJUÍ (GUAPI - CAUCA),2021,6,11594.0,5021.0,5110.0,sábado,2021-06-12 19:30:00,957.0
19,CAUCA,19418,LÓPEZ DE MICAY,19418024,BETANIA - NAYA (LÓPEZ (MICAY) - CAUCA),2021,6,6346.0,2215.0,29520.0,sábado,2021-06-26 19:45:00,854.0
19,CAUCA,19418,LÓPEZ DE MICAY,19418033,BOCA GRANDE (LÓPEZ (MICAY) - CAUCA),2021,6,4352.0,8550.0,28760.0,lunes,2021-06-21 18:45:00,66.0
19,CAUCA,19418,LÓPEZ DE MICAY,19418038,ISLA DE GALLO (LÓPEZ DE MICAY - CAUCA),2021,6,359.0,1456.0,24580.0,sábado,2021-06-26 18:30:00,558.0
19,CAUCA,19418,LÓPEZ DE MICAY,19418009,NOANAMITO (LÓPEZ DE MICAY - CAUCA),2021,6,7106.0,2037.0,400.0,sábado,2021-06-26 19:00:00,811.0
19,CAUCA,19418,LÓPEZ DE MICAY,19418015,SAN ISIDRO (LÓPEZ DE MICAY - CAUCA),2021,6,8460.0,3160.0,6050.0,viernes,2021-06-04 18:15:00,624.0
19,CAUCA,19418,LÓPEZ DE MICAY,19418019,ZARAGOZA (LOPEZ DE MICAY - CAUCA),2021,6,11364.0,5167.0,61250.0,viernes,2021-06-25 18:45:00,909.0
19,CAUCA,19809,TIMBIQUÍ,19809014,CHACÓN (TIMBIQUÍ - CAUCA),2021,6,4179.0,1136.0,28460.0,lunes,2021-06-28 20:00:00,558.0
19,CAUCA,19809,TIMBIQUÍ,19809010,COMUNIDAD DE CHETE (TIMBIQUÍ - CAUCA),2021,6,4504.0,1712.0,36160.0,jueves,2021-06-03 19:15:00,506.0
19,CAUCA,19809,TIMBIQUÍ,19809003,COTEJE (TIMBIQUÍ - CAUCA),2021,6,7137.0,4191.0,33880.0,miércoles,2021-06-30 19:00:00,821.0
19,CAUCA,19809,TIMBIQUÍ,19809026,LOS BRAZOS (TIMBIQUÍ - CAUCA),2021,6,3521.0,6820.0,46540.0,sábado,2021-06-05 19:45:00,303.0
19,CAUCA,19809,TIMBIQUÍ,19809023,PUERTO SAIJA (TIMBIQUÍ - CAUCA),2021,6,15392.0,5516.0,166850.0,domingo,2021-06-13 20:15:00,453.0
19,CAUCA,19809,TIMBIQUÍ,19809007,SAN JOSÉ (TIMBIQUÍ - CAUCA),2021,6,7047.0,4288.0,40940.0,domingo,2021-06-20 18:45:00,651.0
19,CAUCA,19809,TIMBIQUÍ,19809008,SANTA MARÍA (TIMBIQUÍ - CAUCA),2021,6,10462.0,4312.0,6650.0,sábado,2021-06-19 19:45:00,637.0
27,CHOCÓ,27006,ACANDÍ,27006000,ACANDÍ (ACANDÍ - CHOCÓ),2021,6,553208.0,210812.0,11792.0,martes,2021-06-29 20:00:00,2139.0
27,CHOCÓ,27006,ACANDÍ,27006003,CAPURGANÁ (ACANDÍ - CHOCO),2021,6,282317.0,98813.0,750460.0,domingo,2021-06-13 22:15:00,1725.0
27,CHOCÓ,27006,ACANDÍ,27006007,SAN FRANCISCO (ACANDÍ - CHOCÓ),2021,6,20512.0,7599.0,117170.0,sábado,2021-06-12 19:30:00,753.0
27,CHOCÓ,27025,ALTO BAUDÓ (PIE DE PATO),27025000,CIUDAD BAUDÓ - PIE DE PATO (ALTO BAUDÓ - CHOCÓ),2021,6,46537.0,1467.0,109910.0,lunes,2021-06-28 19:30:00,2358.0
27,CHOCÓ,27075,BAHÍA SOLANO (MUTIS),27075000,CIUDAD MUTIS (BAHÍA SOLANO - CHOCÓ),2021,6,638399.0,234941.0,123992.0,jueves,2021-06-10 19:00:00,2351.0
27,CHOCÓ,27075,BAHÍA SOLANO (MUTIS),27075001,CUPICA (BAHÍA SOLANO - CHOCÓ),2021,6,56613.0,20817.0,136680.0,jueves,2021-06-24 19:45:00,2336.0
27,CHOCÓ,27075,BAHÍA SOLANO (MUTIS),27075002,EL VALLE (BAHÍA SOLANO - CHOCÓ),2021,6,148007.0,6077.0,325780.0,martes,2021-06-08 19:15:00,2352.0
27,CHOCÓ,27077,BAJO BAUDÓ (PIZARRO),27077905,BUENAVISTA (BAJO BAUDÓ (PIZARRO) - CHOCÓ),2021,6,5274.0,8630.0,25150.0,sábado,2021-06-19 19:00:00,808.0
27,CHOCÓ,27077,BAJO BAUDÓ (PIZARRO),27077000,PIZARRO (BAJO BAUDÓ (PIZARRO) - CHOCÓ),2021,6,192293.0,92453.0,373820.0,jueves,2021-06-03 19:15:00,2359.0
27,CHOCÓ,27099,BOJAYÁ (BELLAVISTA),27099000,BELLAVISTA (BOJAYÁ (BELLAVISTA) - CHOCÓ),2021,6,89218.0,26542.0,246510.0,martes,2021-06-29 19:30:00,1717.0
27,CHOCÓ,27099,BOJAYÁ (BELLAVISTA),27099002,LA LOMA DE BOJAYÁ (BOJAYÁ (BELLAVISTA) - CHOCÓ),2021,6,12198.0,5787.0,5760.0,martes,2021-06-01 14:15:00,106.0
27,CHOCÓ,27099,BOJAYÁ (BELLAVISTA),27099005,NAPIPÍ (BOJAYÁ (BELLAVISTA) - CHOCÓ),2021,6,11897.0,3596.0,6080.0,miércoles,2021-06-30 20:45:00,724.0
91,AMAZONAS,91540,PUERTO NARIÑO,91540000,PUERTO NARIÑO,2025,12,138439.0,42399.0,2784.0,miércoles,2025-12-10 18:30:00,2.306
27,CHOCÓ,27099,BOJAYÁ (BELLAVISTA),27099008,PUERTO CONTO (BOJAYÁ (BELLAVISTA) - CHOCO),2021,6,13748.0,3748.0,6960.0,sábado,2021-06-19 19:30:00,748.0
27,CHOCÓ,27250,EL LITORAL DEL SAN JUAN,27250000,SANTA GENOVEVA DE DOCORDÓ (EL LITORAL DEL SAN JUAN - CHOCÓ),2021,6,71708.0,39399.0,170150.0,sábado,2021-06-19 23:30:00,1849.0
27,CHOCÓ,27372,JURADÓ,27372000,JURADÓ (JURADÓ - CHOCÓ),2021,6,150303.0,6854.0,289440.0,lunes,2021-06-28 19:30:00,2357.0
27,CHOCÓ,27425,MEDIO ATRATO (BETÉ),27425000,BETÉ (MEDIO ATRATO (BETÉ) - CHOCÓ),2021,6,19853.0,10197.0,760.0,sábado,2021-06-12 20:00:00,1215.0
27,CHOCÓ,27495,NUQUÍ,27495001,ARUSÍ (NUQUÍ - CHOCO),2021,6,10799.0,5055.0,480.0,martes,2021-06-29 19:15:00,957.0
27,CHOCÓ,27495,NUQUÍ,27495912,COMUNIDAD INDÍGENA DE PANGUÍ - EL YUCAL (NUQUÍ - CHOCÓ),2021,6,7572.0,2492.0,1160.0,lunes,2021-06-29 00:45:00,2345.0
27,CHOCÓ,27495,NUQUÍ,27495000,NUQUÍ (NUQUÍ - CHOCÓ),2021,6,229898.0,69451.0,468860.0,martes,2021-06-29 19:30:00,2356.0
27,CHOCÓ,27495,NUQUÍ,27495011,PUERTO JAGUA (NUQUÍ - CHOCÓ),2021,6,9190.0,3890.0,3840.0,martes,2021-06-15 19:45:00,1018.0
27,CHOCÓ,27001,QUIBDÓ,27001029,TAGACHI (QUIBDÓ - CHOCÓ),2021,6,8794.0,3002.0,41090.0,sábado,2021-06-12 13:15:00,841.0
27,CHOCÓ,27800,UNGUÍA,27800001,BALBOA (UNGUÍA - CHOCÓ),2021,6,20048.0,8075.0,88040.0,sábado,2021-06-05 18:45:00,1005.0
27,CHOCÓ,27800,UNGUÍA,27800005,TITUMATE (UNGUÍA - CHOCÓ),2021,6,15235.0,4545.0,89410.0,sábado,2021-06-19 21:45:00,751.0
27,CHOCÓ,27800,UNGUÍA,27800000,UNGUÍA (UNGUÍA - CHOCÓ),2021,6,375976.0,132286.0,868560.0,miércoles,2021-06-16 20:00:00,2112.0
91,AMAZONAS,91001,LETICIA,91001000,LETICIA (LETICIA - AMAZONAS),2021,7,7576.0,4650.0,699584.0,viernes,2021-07-23 14:30:00,24.0
91,AMAZONAS,91540,PUERTO NARIÑO,91540000,PUERTO NARIÑO (PUERTO NARIÑO - AMAZONAS),2021,7,101229.0,35227.0,216480.0,viernes,2021-07-09 19:00:00,24.0
91,AMAZONAS,91798,TARAPACÁ (ANM),91798000,TARAPACÁ (TARAPACÁ (ANM) - AMAZONAS),2021,7,22753.0,10194.0,83810.0,viernes,2021-07-23 19:30:00,1016.0
5,ANTIOQUIA,5873,VIGÍA DEL FUERTE,5873002,VEGÁEZ (VIGÍA DEL FUERTE - ANTIOQUIA),2021,7,5563.0,3390.0,41950.0,miércoles,2021-07-07 19:15:00,815.0
5,ANTIOQUIA,5873,VIGÍA DEL FUERTE,5873000,VIGÍA DEL FUERTE (VIGÍA DEL FUERTE - ANTIOQUIA),2021,7,107662.0,47536.0,312220.0,miércoles,2021-07-07 19:15:00,1259.0
88,"ARCHIPIÉLAGO DE SAN ANDRÉS, PROVIDENCIA Y SANTA CATALINA",88001,SAN ANDRÉS,88001000,SAN ANDRÉS (SAN ANDRÉS - ARCHIPIÉLAGO DE SAN ANDRÉS Y PROVIDENCIA),2021,7,7576.0,4650.0,2946266.0,lunes,2021-07-19 15:45:00,24.0
13,BOLÍVAR,13001,CARTAGENA DE INDIAS,13001007,ISLA FUERTE (CARTAGENA DE INDIAS - BOLÍVAR),2021,7,28819.0,15362.0,172020.0,sábado,2021-07-17 22:45:00,709.0
13,BOLÍVAR,13001,CARTAGENA DE INDIAS,13001037,ISLA MÚCURA (CARTAGENA DE INDIAS - BOLÍVAR),2021,7,6984.0,2342.0,21150.0,domingo,2021-07-04 14:15:00,1437.0
13,BOLÍVAR,13001,CARTAGENA DE INDIAS,13001017,SANTA CRUZ DEL ISLOTE (CARTAGENA DE INDIAS - BOLÍVAR),2021,7,20586.0,7161.0,48420.0,martes,2021-07-13 22:30:00,187.0
18,CAQUETÁ,18150,CARTAGENA DEL CHAIRÁ,18150001,REMOLINO DEL CAGUÁN (CARTAGENA DEL CHAIRA - CAQUETÁ),2021,7,15208.0,6995.0,75910.0,sábado,2021-07-17 18:30:00,9.0
18,CAQUETÁ,18753,SAN VICENTE DEL CAGUÁN,18753002,GUACAMAYAS (SAN VICENTE DEL CAGUÁN - CAQUETÁ),2021,7,10049.0,5073.0,40030.0,sábado,2021-07-24 19:15:00,177.0
18,CAQUETÁ,18753,SAN VICENTE DEL CAGUÁN,18753015,GUAYABAL (SAN VICENTE DEL CAGUÁN - CAQUETÁ),2021,7,5762.0,2817.0,37360.0,sábado,2021-07-10 00:15:00,64.0
18,CAQUETÁ,18753,SAN VICENTE DEL CAGUÁN,18753009,PUERTO BETANIA (SAN VICENTE DEL CAGUÁN - CAQUETÁ),2021,7,523.0,2088.0,4280.0,jueves,2021-07-08 19:30:00,53.0
85,CASANARE,85430,TRINIDAD,85430001,BOCAS DEL PAUTO (TRINIDAD - CASANARE),2021,7,12206.0,691.0,86460.0,sábado,2021-07-17 19:00:00,617.0
19,CAUCA,19318,GUAPI,19318008,LIMONES (GUAPI - CAUCA),2021,7,8397.0,3349.0,35810.0,viernes,2021-07-02 19:00:00,933.0
19,CAUCA,19318,GUAPI,19318013,SAN ANTONIO DE GUAJUÍ (GUAPI - CAUCA),2021,7,11919.0,5301.0,48770.0,miércoles,2021-07-21 19:00:00,946.0
19,CAUCA,19418,LÓPEZ DE MICAY,19418024,BETANIA - NAYA (LÓPEZ (MICAY) - CAUCA),2021,7,5777.0,2059.0,30120.0,domingo,2021-07-25 19:00:00,724.0
19,CAUCA,19418,LÓPEZ DE MICAY,19418033,BOCA GRANDE (LÓPEZ (MICAY) - CAUCA),2021,7,4135.0,8540.0,29560.0,martes,2021-07-06 19:15:00,531.0
19,CAUCA,19418,LÓPEZ DE MICAY,19418038,ISLA DE GALLO (LÓPEZ DE MICAY - CAUCA),2021,7,392.0,1615.0,24220.0,viernes,2021-07-30 19:00:00,629.0
19,CAUCA,19418,LÓPEZ DE MICAY,19418007,LA CONCHA - CONCEPCIÓN NAYA (LOPEZ (MICAY) - CAUCA),2021,7,1034.0,2470.0,14320.0,sábado,2021-07-31 18:15:00,308.0
19,CAUCA,19418,LÓPEZ DE MICAY,19418009,NOANAMITO (LÓPEZ DE MICAY - CAUCA),2021,7,766.0,2416.0,400.0,sábado,2021-07-31 21:00:00,811.0
19,CAUCA,19418,LÓPEZ DE MICAY,19418012,SAN ANTONIO DE CHUARÉ (LÓPEZ DE MICAY - CAUCA),2021,7,744.0,2566.0,55550.0,domingo,2021-07-25 19:30:00,526.0
19,CAUCA,19418,LÓPEZ DE MICAY,19418015,SAN ISIDRO (LÓPEZ DE MICAY - CAUCA),2021,7,8970.0,3340.0,5980.0,sábado,2021-07-31 17:30:00,623.0
19,CAUCA,19418,LÓPEZ DE MICAY,19418019,ZARAGOZA (LOPEZ DE MICAY - CAUCA),2021,7,9865.0,4618.0,7040.0,viernes,2021-07-23 20:30:00,714.0
19,CAUCA,19809,TIMBIQUÍ,19809010,COMUNIDAD DE CHETE (TIMBIQUÍ - CAUCA),2021,7,5521.0,2254.0,33820.0,jueves,2021-07-15 20:30:00,625.0
19,CAUCA,19809,TIMBIQUÍ,19809003,COTEJE (TIMBIQUÍ - CAUCA),2021,7,7378.0,4256.0,34840.0,sábado,2021-07-10 19:30:00,803.0
19,CAUCA,19809,TIMBIQUÍ,19809026,LOS BRAZOS (TIMBIQUÍ - CAUCA),2021,7,8936.0,1727.0,46870.0,sábado,2021-07-17 19:30:00,714.0
19,CAUCA,19809,TIMBIQUÍ,19809023,PUERTO SAIJA (TIMBIQUÍ - CAUCA),2021,7,26959.0,9298.0,172130.0,miércoles,2021-07-28 19:15:00,554.0
19,CAUCA,19809,TIMBIQUÍ,19809007,SAN JOSÉ (TIMBIQUÍ - CAUCA),2021,7,7033.0,4386.0,40250.0,martes,2021-07-27 19:45:00,636.0
19,CAUCA,19809,TIMBIQUÍ,19809008,SANTA MARÍA (TIMBIQUÍ - CAUCA),2021,7,15828.0,6815.0,67970.0,jueves,2021-07-15 21:00:00,928.0
19,CAUCA,19809,TIMBIQUÍ,19809009,SANTA ROSA DE SAIJA (TIMBIQUÍ - CAUCA),2021,7,4556.0,2748.0,25660.0,martes,2021-07-13 19:00:00,76.0
27,CHOCÓ,27006,ACANDÍ,27006000,ACANDÍ (ACANDÍ - CHOCÓ),2021,7,514513.0,198418.0,12533.0,viernes,2021-07-23 19:45:00,1853.0
27,CHOCÓ,27006,ACANDÍ,27006003,CAPURGANÁ (ACANDÍ - CHOCO),2021,7,337622.0,128121.0,81840.0,domingo,2021-07-04 20:00:00,1851.0
27,CHOCÓ,27006,ACANDÍ,27006007,SAN FRANCISCO (ACANDÍ - CHOCÓ),2021,7,24539.0,8898.0,122830.0,lunes,2021-07-19 19:45:00,844.0
27,CHOCÓ,27025,ALTO BAUDÓ (PIE DE PATO),27025000,CIUDAD BAUDÓ - PIE DE PATO (ALTO BAUDÓ - CHOCÓ),2021,7,49047.0,14855.0,118980.0,lunes,2021-07-19 00:00:00,2358.0
27,CHOCÓ,27075,BAHÍA SOLANO (MUTIS),27075000,CIUDAD MUTIS (BAHÍA SOLANO - CHOCÓ),2021,7,674516.0,236268.0,128656.0,jueves,2021-07-22 19:45:00,2352.0
27,CHOCÓ,27075,BAHÍA SOLANO (MUTIS),27075001,CUPICA (BAHÍA SOLANO - CHOCÓ),2021,7,59119.0,20817.0,139510.0,lunes,2021-07-12 19:30:00,2149.0
27,CHOCÓ,27075,BAHÍA SOLANO (MUTIS),27075002,EL VALLE (BAHÍA SOLANO - CHOCÓ),2021,7,159362.0,65978.0,338450.0,jueves,2021-07-22 19:30:00,2346.0
27,CHOCÓ,27077,BAJO BAUDÓ (PIZARRO),27077011,PILIZA (BAJO BAUDÓ (PIZARRO) - CHOCÓ),2021,7,5959.0,5988.0,3520.0,viernes,2021-07-02 19:00:00,62.0
27,CHOCÓ,27077,BAJO BAUDÓ (PIZARRO),27077000,PIZARRO (BAJO BAUDÓ (PIZARRO) - CHOCÓ),2021,7,206504.0,102075.0,401280.0,martes,2021-07-06 19:15:00,2348.0
27,CHOCÓ,27099,BOJAYÁ (BELLAVISTA),27099000,BELLAVISTA (BOJAYÁ (BELLAVISTA) - CHOCÓ),2021,7,84736.0,24667.0,25830.0,lunes,2021-07-05 19:00:00,144.0
27,CHOCÓ,27099,BOJAYÁ (BELLAVISTA),27099002,LA LOMA DE BOJAYÁ (BOJAYÁ (BELLAVISTA) - CHOCÓ),2021,7,11242.0,5062.0,640.0,jueves,2021-07-08 19:30:00,81.0
27,CHOCÓ,27099,BOJAYÁ (BELLAVISTA),27099005,NAPIPÍ (BOJAYÁ (BELLAVISTA) - CHOCÓ),2021,7,10215.0,3108.0,640.0,viernes,2021-07-09 19:30:00,612.0
27,CHOCÓ,27099,BOJAYÁ (BELLAVISTA),27099008,PUERTO CONTO (BOJAYÁ (BELLAVISTA) - CHOCO),2021,7,9421.0,2585.0,7440.0,jueves,2021-07-22 19:15:00,503.0
27,CHOCÓ,27250,EL LITORAL DEL SAN JUAN,27250000,SANTA GENOVEVA DE DOCORDÓ (EL LITORAL DEL SAN JUAN - CHOCÓ),2021,7,70378.0,39934.0,168960.0,viernes,2021-07-16 13:30:00,1752.0
27,CHOCÓ,27372,JURADÓ,27372000,JURADÓ (JURADÓ - CHOCÓ),2021,7,161638.0,74315.0,303360.0,miércoles,2021-07-07 19:45:00,2331.0
27,CHOCÓ,27425,MEDIO ATRATO (BETÉ),27425000,BETÉ (MEDIO ATRATO (BETÉ) - CHOCÓ),2021,7,20289.0,10538.0,840.0,miércoles,2021-07-21 19:45:00,1159.0
27,CHOCÓ,27425,MEDIO ATRATO (BETÉ),27425008,SAN ROQUE (MEDIO ATRATO (BETÉ) - CHOCÓ),2021,7,3181.0,8890.0,27580.0,jueves,2021-07-15 19:15:00,434.0
27,CHOCÓ,27495,NUQUÍ,27495001,ARUSÍ (NUQUÍ - CHOCO),2021,7,10999.0,5376.0,480.0,viernes,2021-07-09 20:00:00,912.0
27,CHOCÓ,27495,NUQUÍ,27495912,COMUNIDAD INDÍGENA DE PANGUÍ - EL YUCAL (NUQUÍ - CHOCÓ),2021,7,7175.0,2445.0,11230.0,sábado,2021-07-24 17:45:00,2246.0
27,CHOCÓ,27495,NUQUÍ,27495000,NUQUÍ (NUQUÍ - CHOCÓ),2021,7,250756.0,76581.0,505470.0,jueves,2021-07-15 19:45:00,2328.0
27,CHOCÓ,27495,NUQUÍ,27495011,PUERTO JAGUA (NUQUÍ - CHOCÓ),2021,7,4260.0,750.0,3480.0,jueves,2021-07-01 21:00:00,543.0
27,CHOCÓ,27001,QUIBDÓ,27001029,TAGACHI (QUIBDÓ - CHOCÓ),2021,7,8633.0,2975.0,41230.0,lunes,2021-07-26 13:15:00,815.0
27,CHOCÓ,27800,UNGUÍA,27800001,BALBOA (UNGUÍA - CHOCÓ),2021,7,21354.0,8561.0,87380.0,sábado,2021-07-17 19:45:00,954.0
27,CHOCÓ,27800,UNGUÍA,27800005,TITUMATE (UNGUÍA - CHOCÓ),2021,7,18246.0,5516.0,94070.0,miércoles,2021-07-07 20:30:00,926.0
27,CHOCÓ,27800,UNGUÍA,27800000,UNGUÍA (UNGUÍA - CHOCÓ),2021,7,426751.0,15103.0,911860.0,lunes,2021-07-19 20:30:00,2159.0
94,GUAINÍA,94343,BARRANCOMINAS,94343000,BARRANCOMINAS (BARRANCOMINAS - GUAINÍA),2021,7,53463.0,17307.0,161950.0,miércoles,2021-07-21 19:00:00,1348.0
94,GUAINÍA,94001,INÍRIDA,94001000,INÍRIDA (INÍRIDA - GUAINÍA),2021,7,7576.0,51774.0,297088.0,jueves,2021-07-29 14:45:00,24.0
95,GUAVIARE,95200,MIRAFLORES,95200000,MIRAFLORES (MIRAFLORES - GUAVIARE),2021,7,72315.0,24881.0,168960.0,viernes,2021-07-23 18:46:00,199.0
47,MAGDALENA,47189,CIÉNAGA,47189018,PALMOR (CIÉNAGA - MAGDALENA),2021,7,80159.0,30431.0,16640.0,domingo,2021-07-04 00:45:00,2151.0
50,META,50325,MAPIRIPÁN,50325000,MAPIRIPÁN (MAPIRIPÁN - META),2021,7,149997.0,59258.0,308880.0,miércoles,2021-07-28 18:45:00,2356.0
52,NARIÑO,52250,EL CHARCO,52250016,ALTERÓN (URIBE URIBE) (EL CHARCO - NARIÑO),2021,7,1321.0,2380.0,18140.0,martes,2021-07-27 18:45:00,557.0
52,NARIÑO,52250,EL CHARCO,52250023,BAZÁN (EL CHARCO - NARIÑO),2021,7,18182.0,8786.0,10080.0,viernes,2021-07-30 20:15:00,724.0
52,NARIÑO,52250,EL CHARCO,52250003,BOLÍVAR - SAN PEDRO (EL CHARCO - NARIÑO),2021,7,3677.0,2501.0,22240.0,jueves,2021-07-15 19:15:00,613.0
52,NARIÑO,52250,EL CHARCO,52250022,EL CUIL PUEBLO NUEVO (EL CHARCO - NARIÑO),2021,7,5563.0,7257.0,28220.0,viernes,2021-07-09 19:30:00,736.0
52,NARIÑO,52250,EL CHARCO,52250005,LAS MERCEDES (EL CHARCO - NARIÑO),2021,7,1921.0,8050.0,15870.0,sábado,2021-07-10 19:00:00,341.0
52,NARIÑO,52250,EL CHARCO,52250007,SAN JOSÉ DEL TAPAJE (EL CHARCO - NARIÑO),2021,7,16244.0,4164.0,800.0,sábado,2021-07-31 21:15:00,804.0
52,NARIÑO,52520,FRANCISCO PIZARRO,52520013,SAN PEDRO DEL VINO (FRANCISCO PIZARRO - NARIÑO),2021,7,4411.0,2141.0,29060.0,sábado,2021-07-10 19:15:00,63.0
52,NARIÑO,52390,LA TOLA,52390005,AGUACATAL (LA TOLA - NARIÑO),2021,7,2053.0,4240.0,13550.0,jueves,2021-07-15 18:45:00,625.0
52,NARIÑO,52390,LA TOLA,52390013,AMÁRALES (LA TOLA - NARIÑO),2021,7,7561.0,2063.0,58980.0,miércoles,2021-07-21 20:00:00,529.0
52,NARIÑO,52390,LA TOLA,52390003,LA VIGÍA DE LA MAR (LA TOLA - NARIÑO),2021,7,6297.0,2533.0,3040.0,sábado,2021-07-03 00:30:00,858.0
52,NARIÑO,52390,LA TOLA,52390009,MULATOS (LA TOLA - NARIÑO),2021,7,4832.0,3888.0,38020.0,miércoles,2021-07-21 19:15:00,624.0
52,NARIÑO,52390,LA TOLA,52390016,SAN PABLO DEL MAR (LA TOLA - NARIÑO),2021,7,5049.0,1511.0,28670.0,jueves,2021-07-08 18:45:00,704.0
52,NARIÑO,52473,MOSQUERA,52473010,EL BAJITO DE ECHANDÍA (MOSQUERA - NARIÑO),2021,7,3705.0,8210.0,15070.0,jueves,2021-07-08 18:30:00,911.0
52,NARIÑO,52490,OLAYA HERRERA,52490913,BOCA DE PRIETA (OLAYA HERRERA - NARIÑO),2021,7,3654.0,9960.0,19250.0,viernes,2021-07-16 19:45:00,711.0
52,NARIÑO,52835,SAN ANDRÉS DE TUMACO,52835055,BOCAS DE CURAY (TUMACO - NARIÑO),2021,7,8487.0,2807.0,5520.0,jueves,2021-07-15 18:30:00,633.0
52,NARIÑO,52835,SAN ANDRÉS DE TUMACO,52835016,PITAL DE LA COSTA (TUMACO - NARIÑO),2021,7,19896.0,11314.0,1000.0,sábado,2021-07-31 00:00:00,845.0
52,NARIÑO,52835,SAN ANDRÉS DE TUMACO,52835217,SAN JUAN DE LA COSTA (SAN ANDRÉS DE TUMACO - NARIÑO),2021,7,24442.0,8274.0,13440.0,viernes,2021-07-23 18:30:00,801.0
52,NARIÑO,52696,SANTA BÁRBARA (ISCUANDÉ),52696014,LA ENSENADA (SANTA BÁRBARA (ISCUANDÉ) - NARIÑO),2021,7,1956.0,1972.0,18460.0,miércoles,2021-07-28 19:45:00,455.0
52,NARIÑO,52696,SANTA BÁRBARA (ISCUANDÉ),52696017,SANTA RITA (SANTA BARBARA (ISCUANDÉ) - NARIÑO),2021,7,3384.0,1769.0,26280.0,jueves,2021-07-22 19:15:00,436.0
52,NARIÑO,52696,SANTA BÁRBARA (ISCUANDÉ),52696022,SECADERO (SANTA BÁRBARA (ISCUANDÉ) - NARIÑO),2021,7,2704.0,1945.0,13440.0,martes,2021-07-27 18:30:00,854.0
86,PUTUMAYO,86573,PUERTO LEGUÍZAMO,86573009,PIÑUÑA NEGRO (PUERTO LEGUÍZAMO - PUTUMAYO),2021,7,435.0,2478.0,2880.0,sábado,2021-07-31 20:00:00,648.0
86,PUTUMAYO,86573,PUERTO LEGUÍZAMO,86573000,PUERTO LEGUÍZAMO (PUERTO LEGUÍZAMO - PUTUMAYO),2021,7,861962.0,34204.0,177874.0,jueves,2021-07-08 14:30:00,2342.0
76,VALLE DEL CAUCA,76109,BUENAVENTURA,76109032,SAN FRANCISCO NAYA (BUENAVENTURA - VALLE DEL CAUCA),2021,7,5823.0,2633.0,28510.0,miércoles,2021-07-07 23:45:00,805.0
97,VAUPÉS,97161,CARURÚ,97161000,CARURÚ (CARURÚ - VAUPÉS),2021,7,17752.0,2813.0,71370.0,jueves,2021-07-29 19:15:00,1216.0
97,VAUPÉS,97001,MITÚ,97001000,MITÚ (MITÚ - VAUPÉS),2021,7,7576.0,377485.0,255994.0,jueves,2021-07-29 23:45:00,24.0
97,VAUPÉS,97666,TARAIRA,97666000,TARAIRA (TARAIRA - VAUPÉS),2021,7,28872.0,892.0,121880.0,martes,2021-07-27 00:30:00,1049.0
99,VICHADA,99773,CUMARIBO,99773000,CUMARIBO (CUMARIBO - VICHADA),2021,7,278417.0,122022.0,609840.0,martes,2021-07-13 14:45:00,2332.0
99,VICHADA,99524,LA PRIMAVERA,99524000,LA PRIMAVERA (LA PRIMAVERA - VICHADA),2021,7,302496.0,137297.0,576360.0,lunes,2021-07-12 18:30:00,24.0
99,VICHADA,99001,PUERTO CARREÑO,99001002,CASUARITO (PUERTO CARREÑO - VICHADA),2021,7,2227.0,864.0,113870.0,jueves,2021-07-15 19:15:00,831.0
99,VICHADA,99001,PUERTO CARREÑO,99001000,PUERTO CARREÑO (PUERTO CARREÑO - VICHADA),2021,7,7576.0,748079.0,397584.0,jueves,2021-07-29 14:15:00,2359.0
99,VICHADA,99624,SANTA ROSALÍA,99624000,SANTA ROSALÍA (SANTA ROSALÍA - VICHADA),2021,7,126001.0,6615.0,314450.0,martes,2021-07-06 19:30:00,1816.0
91,AMAZONAS,91001,LETICIA,91001000,LETICIA (LETICIA - AMAZONAS),2021,8,7576.0,4650.0,794633.0,miércoles,2021-08-25 15:15:00,24.0
91,AMAZONAS,91540,PUERTO NARIÑO,91540000,PUERTO NARIÑO (PUERTO NARIÑO - AMAZONAS),2021,8,110682.0,39445.0,237780.0,martes,2021-08-24 18:45:00,24.0
91,AMAZONAS,91798,TARAPACÁ (ANM),91798000,TARAPACÁ (TARAPACÁ (ANM) - AMAZONAS),2021,8,23827.0,10761.0,88960.0,jueves,2021-08-26 18:30:00,1016.0
5,ANTIOQUIA,5873,VIGÍA DEL FUERTE,5873001,SAN ANTONIO DE PADUA (VIGÍA DEL FUERTE - ANTIOQUIA),2021,8,5399.0,2044.0,36990.0,sábado,2021-08-21 13:00:00,602.0
5,ANTIOQUIA,5873,VIGÍA DEL FUERTE,5873002,VEGÁEZ (VIGÍA DEL FUERTE - ANTIOQUIA),2021,8,147.0,1060.0,40770.0,lunes,2021-08-02 19:15:00,157.0
5,ANTIOQUIA,5873,VIGÍA DEL FUERTE,5873000,VIGÍA DEL FUERTE (VIGÍA DEL FUERTE - ANTIOQUIA),2021,8,86883.0,378.0,320670.0,sábado,2021-08-28 13:30:00,1016.0
88,"ARCHIPIÉLAGO DE SAN ANDRÉS, PROVIDENCIA Y SANTA CATALINA",88001,SAN ANDRÉS,88001000,SAN ANDRÉS (SAN ANDRÉS - ARCHIPIÉLAGO DE SAN ANDRÉS Y PROVIDENCIA),2021,8,7576.0,4650.0,3022927.0,viernes,2021-08-13 15:30:00,24.0
13,BOLÍVAR,13001,CARTAGENA DE INDIAS,13001007,ISLA FUERTE (CARTAGENA DE INDIAS - BOLÍVAR),2021,8,1479.0,7712.0,137020.0,domingo,2021-08-01 15:00:00,424.0
13,BOLÍVAR,13001,CARTAGENA DE INDIAS,13001037,ISLA MÚCURA (CARTAGENA DE INDIAS - BOLÍVAR),2021,8,617.0,2136.0,22820.0,domingo,2021-08-15 00:30:00,1227.0
13,BOLÍVAR,13001,CARTAGENA DE INDIAS,13001017,SANTA CRUZ DEL ISLOTE (CARTAGENA DE INDIAS - BOLÍVAR),2021,8,20083.0,7311.0,47460.0,miércoles,2021-08-18 22:15:00,1729.0
18,CAQUETÁ,18150,CARTAGENA DEL CHAIRÁ,18150001,REMOLINO DEL CAGUÁN (CARTAGENA DEL CHAIRA - CAQUETÁ),2021,8,17548.0,7603.0,82890.0,sábado,2021-08-28 20:00:00,951.0
18,CAQUETÁ,18753,SAN VICENTE DEL CAGUÁN,18753002,GUACAMAYAS (SAN VICENTE DEL CAGUÁN - CAQUETÁ),2021,8,12445.0,6071.0,44330.0,jueves,2021-08-26 18:45:00,1723.0
18,CAQUETÁ,18753,SAN VICENTE DEL CAGUÁN,18753015,GUAYABAL (SAN VICENTE DEL CAGUÁN - CAQUETÁ),2021,8,6469.0,3127.0,36960.0,sábado,2021-08-14 18:30:00,709.0
18,CAQUETÁ,18753,SAN VICENTE DEL CAGUÁN,18753009,PUERTO BETANIA (SAN VICENTE DEL CAGUÁN - CAQUETÁ),2021,8,5662.0,2226.0,46040.0,viernes,2021-08-27 18:30:00,53.0
85,CASANARE,85430,TRINIDAD,85430001,BOCAS DEL PAUTO (TRINIDAD - CASANARE),2021,8,12634.0,7253.0,82430.0,martes,2021-08-31 18:45:00,628.0
19,CAUCA,19318,GUAPI,19318008,LIMONES (GUAPI - CAUCA),2021,8,895.0,3734.0,37470.0,sábado,2021-08-21 20:15:00,10.0
19,CAUCA,19318,GUAPI,19318013,SAN ANTONIO DE GUAJUÍ (GUAPI - CAUCA),2021,8,11744.0,5105.0,48050.0,viernes,2021-08-06 19:45:00,938.0
19,CAUCA,19418,LÓPEZ DE MICAY,19418033,BOCA GRANDE (LÓPEZ (MICAY) - CAUCA),2021,8,4112.0,8450.0,30520.0,martes,2021-08-24 19:15:00,537.0
19,CAUCA,19418,LÓPEZ DE MICAY,19418038,ISLA DE GALLO (LÓPEZ DE MICAY - CAUCA),2021,8,372.0,1509.0,25090.0,sábado,2021-08-14 19:45:00,619.0
19,CAUCA,19418,LÓPEZ DE MICAY,19418007,LA CONCHA - CONCEPCIÓN NAYA (LOPEZ (MICAY) - CAUCA),2021,8,2213.0,4790.0,1420.0,sábado,2021-08-14 19:30:00,622.0
19,CAUCA,19418,LÓPEZ DE MICAY,19418009,NOANAMITO (LÓPEZ DE MICAY - CAUCA),2021,8,5418.0,1801.0,400.0,miércoles,2021-08-18 20:15:00,6.0
19,CAUCA,19418,LÓPEZ DE MICAY,19418012,SAN ANTONIO DE CHUARÉ (LÓPEZ DE MICAY - CAUCA),2021,8,8774.0,3212.0,54530.0,jueves,2021-08-05 19:00:00,644.0
19,CAUCA,19418,LÓPEZ DE MICAY,19418015,SAN ISIDRO (LÓPEZ DE MICAY - CAUCA),2021,8,8360.0,3600.0,5660.0,miércoles,2021-08-25 18:45:00,551.0
19,CAUCA,19809,TIMBIQUÍ,19809010,COMUNIDAD DE CHETE (TIMBIQUÍ - CAUCA),2021,8,4619.0,1957.0,3210.0,jueves,2021-08-19 18:30:00,528.0
19,CAUCA,19809,TIMBIQUÍ,19809003,COTEJE (TIMBIQUÍ - CAUCA),2021,8,6831.0,4015.0,35080.0,viernes,2021-08-06 19:15:00,742.0
19,CAUCA,19809,TIMBIQUÍ,19809007,SAN JOSÉ (TIMBIQUÍ - CAUCA),2021,8,7907.0,5353.0,38280.0,lunes,2021-08-09 20:00:00,804.0
19,CAUCA,19809,TIMBIQUÍ,19809008,SANTA MARÍA (TIMBIQUÍ - CAUCA),2021,8,16142.0,6865.0,69820.0,lunes,2021-08-02 19:15:00,942.0
19,CAUCA,19809,TIMBIQUÍ,19809009,SANTA ROSA DE SAIJA (TIMBIQUÍ - CAUCA),2021,8,5031.0,30.0,25270.0,sábado,2021-08-28 20:45:00,81.0
27,CHOCÓ,27006,ACANDÍ,27006000,ACANDÍ (ACANDÍ - CHOCÓ),2021,8,557523.0,215995.0,118659.0,jueves,2021-08-05 20:15:00,195.0
27,CHOCÓ,27006,ACANDÍ,27006003,CAPURGANÁ (ACANDÍ - CHOCO),2021,8,223554.0,91867.0,694850.0,jueves,2021-08-05 21:00:00,144.0
27,CHOCÓ,27006,ACANDÍ,27006007,SAN FRANCISCO (ACANDÍ - CHOCÓ),2021,8,22177.0,7911.0,121340.0,lunes,2021-08-30 18:45:00,747.0
27,CHOCÓ,27025,ALTO BAUDÓ (PIE DE PATO),27025000,CIUDAD BAUDÓ - PIE DE PATO (ALTO BAUDÓ - CHOCÓ),2021,8,48295.0,14438.0,113160.0,viernes,2021-08-06 00:00:00,24.0
27,CHOCÓ,27075,BAHÍA SOLANO (MUTIS),27075000,CIUDAD MUTIS (BAHÍA SOLANO - CHOCÓ),2021,8,657328.0,214127.0,125928.0,lunes,2021-08-02 19:15:00,2352.0
27,CHOCÓ,27075,BAHÍA SOLANO (MUTIS),27075001,CUPICA (BAHÍA SOLANO - CHOCÓ),2021,8,58747.0,2351.0,144660.0,lunes,2021-08-23 23:30:00,2345.0
27,CHOCÓ,27075,BAHÍA SOLANO (MUTIS),27075002,EL VALLE (BAHÍA SOLANO - CHOCÓ),2021,8,149273.0,64719.0,321820.0,miércoles,2021-08-04 19:15:00,2238.0
27,CHOCÓ,27077,BAJO BAUDÓ (PIZARRO),27077905,BUENAVISTA (BAJO BAUDÓ (PIZARRO) - CHOCÓ),2021,8,1494.0,2670.0,22560.0,jueves,2021-08-26 17:45:00,224.0
27,CHOCÓ,27077,BAJO BAUDÓ (PIZARRO),27077000,PIZARRO (BAJO BAUDÓ (PIZARRO) - CHOCÓ),2021,8,204214.0,99883.0,387550.0,miércoles,2021-08-04 19:45:00,2344.0
27,CHOCÓ,27099,BOJAYÁ (BELLAVISTA),27099000,BELLAVISTA (BOJAYÁ (BELLAVISTA) - CHOCÓ),2021,8,92763.0,26609.0,236220.0,jueves,2021-08-05 19:30:00,164.0
27,CHOCÓ,27099,BOJAYÁ (BELLAVISTA),27099002,LA LOMA DE BOJAYÁ (BOJAYÁ (BELLAVISTA) - CHOCÓ),2021,8,1207.0,5437.0,640.0,viernes,2021-08-06 19:00:00,83.0
27,CHOCÓ,27099,BOJAYÁ (BELLAVISTA),27099005,NAPIPÍ (BOJAYÁ (BELLAVISTA) - CHOCÓ),2021,8,11006.0,2945.0,6080.0,lunes,2021-08-30 20:15:00,643.0
27,CHOCÓ,27099,BOJAYÁ (BELLAVISTA),27099008,PUERTO CONTO (BOJAYÁ (BELLAVISTA) - CHOCO),2021,8,12719.0,3531.0,7440.0,viernes,2021-08-27 19:00:00,654.0
27,CHOCÓ,27250,EL LITORAL DEL SAN JUAN,27250000,SANTA GENOVEVA DE DOCORDÓ (EL LITORAL DEL SAN JUAN - CHOCÓ),2021,8,51902.0,30085.0,149030.0,lunes,2021-08-02 19:15:00,1844.0
27,CHOCÓ,27372,JURADÓ,27372000,JURADÓ (JURADÓ - CHOCÓ),2021,8,157126.0,7149.0,313760.0,sábado,2021-08-21 19:15:00,2257.0
27,CHOCÓ,27425,MEDIO ATRATO (BETÉ),27425000,BETÉ (MEDIO ATRATO (BETÉ) - CHOCÓ),2021,8,14772.0,8182.0,560.0,martes,2021-08-03 19:45:00,122.0
27,CHOCÓ,27495,NUQUÍ,27495001,ARUSÍ (NUQUÍ - CHOCO),2021,8,10316.0,4993.0,4480.0,domingo,2021-08-22 19:30:00,93.0
27,CHOCÓ,27495,NUQUÍ,27495912,COMUNIDAD INDÍGENA DE PANGUÍ - EL YUCAL (NUQUÍ - CHOCÓ),2021,8,6132.0,2262.0,11330.0,domingo,2021-08-22 18:30:00,2218.0
27,CHOCÓ,27495,NUQUÍ,27495000,NUQUÍ (NUQUÍ - CHOCÓ),2021,8,24314.0,74218.0,489980.0,viernes,2021-08-13 18:45:00,235.0
27,CHOCÓ,27495,NUQUÍ,27495011,PUERTO JAGUA (NUQUÍ - CHOCÓ),2021,8,8800.0,1280.0,3290.0,lunes,2021-08-09 18:45:00,739.0
27,CHOCÓ,27001,QUIBDÓ,27001029,TAGACHI (QUIBDÓ - CHOCÓ),2021,8,8686.0,3061.0,40610.0,domingo,2021-08-22 19:15:00,828.0
27,CHOCÓ,27800,UNGUÍA,27800001,BALBOA (UNGUÍA - CHOCÓ),2021,8,20171.0,7392.0,90370.0,sábado,2021-08-07 19:30:00,847.0
27,CHOCÓ,27800,UNGUÍA,27800005,TITUMATE (UNGUÍA - CHOCÓ),2021,8,18716.0,5483.0,94690.0,jueves,2021-08-12 20:00:00,859.0
27,CHOCÓ,27800,UNGUÍA,27800000,UNGUÍA (UNGUÍA - CHOCÓ),2021,8,420962.0,149705.0,92770.0,viernes,2021-08-06 20:15:00,2151.0
94,GUAINÍA,94343,BARRANCOMINAS,94343000,BARRANCOMINAS (BARRANCOMINAS - GUAINÍA),2021,8,59261.0,19836.0,180910.0,jueves,2021-08-26 18:15:00,1333.0
94,GUAINÍA,94001,INÍRIDA,94001000,INÍRIDA (INÍRIDA - GUAINÍA),2021,8,7576.0,556149.0,320056.0,martes,2021-08-24 14:45:00,2351.0
95,GUAVIARE,95200,MIRAFLORES,95200000,MIRAFLORES (MIRAFLORES - GUAVIARE),2021,8,75422.0,26209.0,187880.0,jueves,2021-08-19 19:00:00,1911.0
44,LA GUAJIRA,44847,URIBIA,44847012,NAZARETH (URIBIA - LA GUAJIRA),2021,8,70977.0,22091.0,30670.0,lunes,2021-08-23 19:00:00,122.0
47,MAGDALENA,47189,CIÉNAGA,47189018,PALMOR (CIÉNAGA - MAGDALENA),2021,8,85325.0,3076.0,169410.0,domingo,2021-08-08 23:00:00,229.0
50,META,50325,MAPIRIPÁN,50325000,MAPIRIPÁN (MAPIRIPÁN - META),2021,8,154955.0,61917.0,312840.0,jueves,2021-08-19 18:30:00,24.0
52,NARIÑO,52250,EL CHARCO,52250023,BAZÁN (EL CHARCO - NARIÑO),2021,8,20533.0,12886.0,10080.0,sábado,2021-08-28 19:45:00,807.0
52,NARIÑO,52250,EL CHARCO,52250003,BOLÍVAR - SAN PEDRO (EL CHARCO - NARIÑO),2021,8,338.0,2051.0,23620.0,sábado,2021-08-14 19:30:00,53.0
52,NARIÑO,52250,EL CHARCO,52250022,EL CUIL PUEBLO NUEVO (EL CHARCO - NARIÑO),2021,8,6046.0,7853.0,30180.0,sábado,2021-08-21 19:30:00,757.0
52,NARIÑO,52250,EL CHARCO,52250007,SAN JOSÉ DEL TAPAJE (EL CHARCO - NARIÑO),2021,8,16506.0,414.0,880.0,sábado,2021-08-07 20:00:00,811.0
52,NARIÑO,52520,FRANCISCO PIZARRO,52520013,SAN PEDRO DEL VINO (FRANCISCO PIZARRO - NARIÑO),2021,8,4834.0,2334.0,28060.0,domingo,2021-08-01 00:00:00,716.0
52,NARIÑO,52390,LA TOLA,52390005,AGUACATAL (LA TOLA - NARIÑO),2021,8,2261.0,4470.0,13940.0,miércoles,2021-08-04 17:45:00,708.0
52,NARIÑO,52390,LA TOLA,52390013,AMÁRALES (LA TOLA - NARIÑO),2021,8,6967.0,1817.0,55580.0,miércoles,2021-08-11 19:15:00,532.0
52,NARIÑO,52390,LA TOLA,52390003,LA VIGÍA DE LA MAR (LA TOLA - NARIÑO),2021,8,6064.0,2461.0,30560.0,jueves,2021-08-26 23:30:00,905.0
52,NARIÑO,52390,LA TOLA,52390009,MULATOS (LA TOLA - NARIÑO),2021,8,4746.0,3922.0,3930.0,miércoles,2021-08-11 19:00:00,614.0
52,NARIÑO,52390,LA TOLA,52390016,SAN PABLO DEL MAR (LA TOLA - NARIÑO),2021,8,4761.0,1351.0,29340.0,miércoles,2021-08-04 19:00:00,646.0
52,NARIÑO,52473,MOSQUERA,52473010,EL BAJITO DE ECHANDÍA (MOSQUERA - NARIÑO),2021,8,4205.0,9290.0,16580.0,lunes,2021-08-16 18:45:00,1032.0
52,NARIÑO,52490,OLAYA HERRERA,52490913,BOCA DE PRIETA (OLAYA HERRERA - NARIÑO),2021,8,3546.0,8990.0,19630.0,martes,2021-08-10 18:15:00,79.0
52,NARIÑO,52835,SAN ANDRÉS DE TUMACO,52835055,BOCAS DE CURAY (TUMACO - NARIÑO),2021,8,9664.0,3078.0,5520.0,martes,2021-08-31 19:00:00,729.0
52,NARIÑO,52835,SAN ANDRÉS DE TUMACO,52835016,PITAL DE LA COSTA (TUMACO - NARIÑO),2021,8,20977.0,11894.0,960.0,martes,2021-08-31 19:30:00,856.0
52,NARIÑO,52835,SAN ANDRÉS DE TUMACO,52835217,SAN JUAN DE LA COSTA (SAN ANDRÉS DE TUMACO - NARIÑO),2021,8,23247.0,8498.0,13440.0,sábado,2021-08-21 18:45:00,741.0
52,NARIÑO,52696,SANTA BÁRBARA (ISCUANDÉ),52696014,LA ENSENADA (SANTA BÁRBARA (ISCUANDÉ) - NARIÑO),2021,8,2474.0,1349.0,17540.0,domingo,2021-08-01 20:00:00,54.0
52,NARIÑO,52696,SANTA BÁRBARA (ISCUANDÉ),52696022,SECADERO (SANTA BÁRBARA (ISCUANDÉ) - NARIÑO),2021,8,2899.0,2219.0,14540.0,sábado,2021-08-21 00:15:00,857.0
86,PUTUMAYO,86573,PUERTO LEGUÍZAMO,86573009,PIÑUÑA NEGRO (PUERTO LEGUÍZAMO - PUTUMAYO),2021,8,4394.0,2594.0,2880.0,sábado,2021-08-28 18:30:00,7.0
86,PUTUMAYO,86573,PUERTO LEGUÍZAMO,86573000,PUERTO LEGUÍZAMO (PUERTO LEGUÍZAMO - PUTUMAYO),2021,8,961358.0,369644.0,197595.0,jueves,2021-08-26 14:15:00,2359.0
76,VALLE DEL CAUCA,76109,BUENAVENTURA,76109032,SAN FRANCISCO NAYA (BUENAVENTURA - VALLE DEL CAUCA),2021,8,5921.0,2588.0,30140.0,lunes,2021-08-30 23:30:00,8.0
97,VAUPÉS,97161,CARURÚ,97161000,CARURÚ (CARURÚ - VAUPÉS),2021,8,1939.0,3104.0,74450.0,martes,2021-08-24 19:00:00,1219.0
97,VAUPÉS,97001,MITÚ,97001000,MITÚ (MITÚ - VAUPÉS),2021,8,7576.0,390768.0,269634.0,miércoles,2021-08-11 23:45:00,2358.0
97,VAUPÉS,97666,TARAIRA,97666000,TARAIRA (TARAIRA - VAUPÉS),2021,8,30762.0,9153.0,123460.0,martes,2021-08-24 00:30:00,105.0
99,VICHADA,99773,CUMARIBO,99773000,CUMARIBO (CUMARIBO - VICHADA),2021,8,294302.0,126008.0,66220.0,jueves,2021-08-26 14:45:00,2359.0
99,VICHADA,99524,LA PRIMAVERA,99524000,LA PRIMAVERA (LA PRIMAVERA - VICHADA),2021,8,31298.0,139626.0,611820.0,miércoles,2021-08-18 15:45:00,2359.0
99,VICHADA,99001,PUERTO CARREÑO,99001002,CASUARITO (PUERTO CARREÑO - VICHADA),2021,8,23993.0,9524.0,114050.0,domingo,2021-08-29 19:00:00,849.0
99,VICHADA,99001,PUERTO CARREÑO,99001000,PUERTO CARREÑO (PUERTO CARREÑO - VICHADA),2021,8,7576.0,745045.0,417208.0,viernes,2021-08-27 13:15:00,24.0
99,VICHADA,99624,SANTA ROSALÍA,99624000,SANTA ROSALÍA (SANTA ROSALÍA - VICHADA),2021,8,134645.0,70101.0,346370.0,jueves,2021-08-26 18:45:00,1812.0
19,CAUCA,19418,LÓPEZ DE MICAY,19418009,NOANAMITO (LÓPEZ DE MICAY - CAUCA),2021,9,5674.0,1841.0,440.0,sábado,2021-09-18 20:30:00,618.0
91,AMAZONAS,91001,LETICIA,91001000,LETICIA (LETICIA - AMAZONAS),2021,9,7576.0,4650.0,734851.0,lunes,2021-09-20 15:45:00,24.0
91,AMAZONAS,91540,PUERTO NARIÑO,91540000,PUERTO NARIÑO (PUERTO NARIÑO - AMAZONAS),2021,9,109597.0,38862.0,231970.0,sábado,2021-09-04 19:00:00,24.0
91,AMAZONAS,91798,TARAPACÁ (ANM),91798000,TARAPACÁ (TARAPACÁ (ANM) - AMAZONAS),2021,9,23838.0,10769.0,90960.0,martes,2021-09-28 18:15:00,1021.0
5,ANTIOQUIA,5873,VIGÍA DEL FUERTE,5873001,SAN ANTONIO DE PADUA (VIGÍA DEL FUERTE - ANTIOQUIA),2021,9,452.0,1671.0,3850.0,martes,2021-09-21 19:00:00,58.0
5,ANTIOQUIA,5873,VIGÍA DEL FUERTE,5873002,VEGÁEZ (VIGÍA DEL FUERTE - ANTIOQUIA),2021,9,4371.0,5110.0,38370.0,jueves,2021-09-16 19:30:00,651.0
5,ANTIOQUIA,5873,VIGÍA DEL FUERTE,5873000,VIGÍA DEL FUERTE (VIGÍA DEL FUERTE - ANTIOQUIA),2021,9,95811.0,39504.0,328770.0,lunes,2021-09-06 00:30:00,1126.0
88,"ARCHIPIÉLAGO DE SAN ANDRÉS, PROVIDENCIA Y SANTA CATALINA",88564,PROVIDENCIA,88564000,PROVIDENCIA (PROVIDENCIA - ARCHIPIÉLAGO DE SAN ANDRÉS Y PROVIDENCIA),2021,9,7576.0,278455.0,176232.0,jueves,2021-09-16 21:15:00,24.0
88,"ARCHIPIÉLAGO DE SAN ANDRÉS, PROVIDENCIA Y SANTA CATALINA",88001,SAN ANDRÉS,88001000,SAN ANDRÉS (SAN ANDRÉS - ARCHIPIÉLAGO DE SAN ANDRÉS Y PROVIDENCIA),2021,9,7576.0,4650.0,302402.0,jueves,2021-09-23 15:30:00,24.0
13,BOLÍVAR,13001,CARTAGENA DE INDIAS,13001007,ISLA FUERTE (CARTAGENA DE INDIAS - BOLÍVAR),2021,9,13611.0,7311.0,140510.0,viernes,2021-09-17 15:00:00,421.0
13,BOLÍVAR,13001,CARTAGENA DE INDIAS,13001037,ISLA MÚCURA (CARTAGENA DE INDIAS - BOLÍVAR),2021,9,6464.0,2355.0,19230.0,sábado,2021-09-25 22:15:00,148.0
13,BOLÍVAR,13001,CARTAGENA DE INDIAS,13001017,SANTA CRUZ DEL ISLOTE (CARTAGENA DE INDIAS - BOLÍVAR),2021,9,19617.0,7176.0,49060.0,jueves,2021-09-30 21:45:00,1727.0
18,CAQUETÁ,18150,CARTAGENA DEL CHAIRÁ,18150001,REMOLINO DEL CAGUÁN (CARTAGENA DEL CHAIRA - CAQUETÁ),2021,9,15904.0,6818.0,83890.0,sábado,2021-09-11 18:45:00,827.0
18,CAQUETÁ,18753,SAN VICENTE DEL CAGUÁN,18753002,GUACAMAYAS (SAN VICENTE DEL CAGUÁN - CAQUETÁ),2021,9,12661.0,6607.0,3830.0,sábado,2021-09-25 19:00:00,1822.0
18,CAQUETÁ,18753,SAN VICENTE DEL CAGUÁN,18753015,GUAYABAL (SAN VICENTE DEL CAGUÁN - CAQUETÁ),2021,9,6544.0,3157.0,40780.0,sábado,2021-09-25 18:30:00,721.0
18,CAQUETÁ,18753,SAN VICENTE DEL CAGUÁN,18753009,PUERTO BETANIA (SAN VICENTE DEL CAGUÁN - CAQUETÁ),2021,9,5861.0,2302.0,4520.0,jueves,2021-09-09 19:30:00,553.0
85,CASANARE,85430,TRINIDAD,85430001,BOCAS DEL PAUTO (TRINIDAD - CASANARE),2021,9,13022.0,7142.0,88770.0,martes,2021-09-14 19:00:00,626.0
19,CAUCA,19318,GUAPI,19318008,LIMONES (GUAPI - CAUCA),2021,9,7729.0,3452.0,58970.0,jueves,2021-09-02 18:00:00,919.0
19,CAUCA,19318,GUAPI,19318013,SAN ANTONIO DE GUAJUÍ (GUAPI - CAUCA),2021,9,8896.0,3861.0,47330.0,miércoles,2021-09-15 18:45:00,742.0
19,CAUCA,19418,LÓPEZ DE MICAY,19418033,BOCA GRANDE (LÓPEZ (MICAY) - CAUCA),2021,9,4195.0,8590.0,29840.0,martes,2021-09-21 18:45:00,554.0
19,CAUCA,19418,LÓPEZ DE MICAY,19418011,DOS QUEBRADAS RÍO NAYA (LÓPEZ DE MICAY - CAUCA),2021,9,2874.0,1215.0,31550.0,lunes,2021-09-20 18:30:00,346.0
19,CAUCA,19418,LÓPEZ DE MICAY,19418038,ISLA DE GALLO (LÓPEZ DE MICAY - CAUCA),2021,9,3573.0,1572.0,2640.0,sábado,2021-09-18 18:30:00,548.0
19,CAUCA,19418,LÓPEZ DE MICAY,19418007,LA CONCHA - CONCEPCIÓN NAYA (LOPEZ (MICAY) - CAUCA),2021,9,2518.0,4620.0,15160.0,viernes,2021-09-10 19:45:00,645.0
19,CAUCA,19418,LÓPEZ DE MICAY,19418012,SAN ANTONIO DE CHUARÉ (LÓPEZ DE MICAY - CAUCA),2021,9,8156.0,2975.0,52030.0,viernes,2021-09-17 18:45:00,637.0
19,CAUCA,19418,LÓPEZ DE MICAY,19418015,SAN ISIDRO (LÓPEZ DE MICAY - CAUCA),2021,9,7760.0,3330.0,5630.0,viernes,2021-09-17 17:30:00,553.0
19,CAUCA,19418,LÓPEZ DE MICAY,19418019,ZARAGOZA (LOPEZ DE MICAY - CAUCA),2021,9,409.0,1786.0,52580.0,domingo,2021-09-19 19:15:00,321.0
19,CAUCA,19809,TIMBIQUÍ,19809014,CHACÓN (TIMBIQUÍ - CAUCA),2021,9,380.0,60.0,14560.0,jueves,2021-09-09 15:00:00,6.0
19,CAUCA,19809,TIMBIQUÍ,19809010,COMUNIDAD DE CHETE (TIMBIQUÍ - CAUCA),2021,9,5737.0,2711.0,31780.0,lunes,2021-09-06 20:00:00,741.0
19,CAUCA,19809,TIMBIQUÍ,19809003,COTEJE (TIMBIQUÍ - CAUCA),2021,9,7108.0,4204.0,33680.0,miércoles,2021-09-22 19:30:00,83.0
19,CAUCA,19809,TIMBIQUÍ,19809007,SAN JOSÉ (TIMBIQUÍ - CAUCA),2021,9,7793.0,54.0,38520.0,sábado,2021-09-18 20:15:00,803.0
19,CAUCA,19809,TIMBIQUÍ,19809008,SANTA MARÍA (TIMBIQUÍ - CAUCA),2021,9,14985.0,647.0,65540.0,jueves,2021-09-02 19:45:00,923.0
19,CAUCA,19809,TIMBIQUÍ,19809009,SANTA ROSA DE SAIJA (TIMBIQUÍ - CAUCA),2021,9,5154.0,3102.0,27170.0,martes,2021-09-07 19:15:00,836.0
27,CHOCÓ,27006,ACANDÍ,27006000,ACANDÍ (ACANDÍ - CHOCÓ),2021,9,555951.0,214374.0,123288.0,viernes,2021-09-17 21:00:00,1933.0
27,CHOCÓ,27006,ACANDÍ,27006003,CAPURGANÁ (ACANDÍ - CHOCO),2021,9,284499.0,111601.0,708220.0,viernes,2021-09-17 21:15:00,1926.0
27,CHOCÓ,27006,ACANDÍ,27006007,SAN FRANCISCO (ACANDÍ - CHOCÓ),2021,9,21444.0,7742.0,120430.0,domingo,2021-09-26 20:15:00,744.0
27,CHOCÓ,27025,ALTO BAUDÓ (PIE DE PATO),27025000,CIUDAD BAUDÓ - PIE DE PATO (ALTO BAUDÓ - CHOCÓ),2021,9,47784.0,15047.0,113080.0,miércoles,2021-09-08 19:30:00,2357.0
27,CHOCÓ,27075,BAHÍA SOLANO (MUTIS),27075000,CIUDAD MUTIS (BAHÍA SOLANO - CHOCÓ),2021,9,670181.0,241618.0,137192.0,sábado,2021-09-25 23:30:00,2357.0
27,CHOCÓ,27075,BAHÍA SOLANO (MUTIS),27075001,CUPICA (BAHÍA SOLANO - CHOCÓ),2021,9,61966.0,22999.0,135180.0,martes,2021-09-07 19:15:00,24.0
27,CHOCÓ,27075,BAHÍA SOLANO (MUTIS),27075002,EL VALLE (BAHÍA SOLANO - CHOCÓ),2021,9,149526.0,65553.0,327620.0,jueves,2021-09-02 19:15:00,2348.0
27,CHOCÓ,27077,BAJO BAUDÓ (PIZARRO),27077011,PILIZA (BAJO BAUDÓ (PIZARRO) - CHOCÓ),2021,9,544.0,6529.0,320.0,sábado,2021-09-25 18:30:00,732.0
27,CHOCÓ,27077,BAJO BAUDÓ (PIZARRO),27077000,PIZARRO (BAJO BAUDÓ (PIZARRO) - CHOCÓ),2021,9,198443.0,96052.0,396530.0,viernes,2021-09-10 19:15:00,2321.0
27,CHOCÓ,27099,BOJAYÁ (BELLAVISTA),27099000,BELLAVISTA (BOJAYÁ (BELLAVISTA) - CHOCÓ),2021,9,96786.0,2838.0,231070.0,lunes,2021-09-06 19:45:00,18.0
27,CHOCÓ,27099,BOJAYÁ (BELLAVISTA),27099002,LA LOMA DE BOJAYÁ (BOJAYÁ (BELLAVISTA) - CHOCÓ),2021,9,10188.0,4506.0,6080.0,sábado,2021-09-18 19:45:00,736.0
27,CHOCÓ,27099,BOJAYÁ (BELLAVISTA),27099005,NAPIPÍ (BOJAYÁ (BELLAVISTA) - CHOCÓ),2021,9,5946.0,1558.0,6080.0,domingo,2021-09-12 18:30:00,341.0
27,CHOCÓ,27099,BOJAYÁ (BELLAVISTA),27099008,PUERTO CONTO (BOJAYÁ (BELLAVISTA) - CHOCO),2021,9,10991.0,3086.0,720.0,viernes,2021-09-03 18:45:00,62.0
27,CHOCÓ,27250,EL LITORAL DEL SAN JUAN,27250000,SANTA GENOVEVA DE DOCORDÓ (EL LITORAL DEL SAN JUAN - CHOCÓ),2021,9,50714.0,2907.0,15220.0,viernes,2021-09-03 00:45:00,1848.0
27,CHOCÓ,27372,JURADÓ,27372000,JURADÓ (JURADÓ - CHOCÓ),2021,9,157094.0,71722.0,289120.0,lunes,2021-09-20 19:15:00,2357.0
27,CHOCÓ,27425,MEDIO ATRATO (BETÉ),27425000,BETÉ (MEDIO ATRATO (BETÉ) - CHOCÓ),2021,9,15956.0,9568.0,560.0,jueves,2021-09-30 19:30:00,1231.0
27,CHOCÓ,27425,MEDIO ATRATO (BETÉ),27425008,SAN ROQUE (MEDIO ATRATO (BETÉ) - CHOCÓ),2021,9,2148.0,6110.0,2710.0,miércoles,2021-09-01 19:30:00,309.0
27,CHOCÓ,27495,NUQUÍ,27495001,ARUSÍ (NUQUÍ - CHOCO),2021,9,9379.0,4585.0,4480.0,lunes,2021-09-06 19:30:00,845.0
27,CHOCÓ,27495,NUQUÍ,27495912,COMUNIDAD INDÍGENA DE PANGUÍ - EL YUCAL (NUQUÍ - CHOCÓ),2021,9,6811.0,1707.0,1140.0,lunes,2021-09-06 19:00:00,2218.0
27,CHOCÓ,27495,NUQUÍ,27495000,NUQUÍ (NUQUÍ - CHOCÓ),2021,9,241075.0,74436.0,501250.0,viernes,2021-09-17 19:15:00,24.0
27,CHOCÓ,27495,NUQUÍ,27495011,PUERTO JAGUA (NUQUÍ - CHOCÓ),2021,9,6710.0,5590.0,5020.0,miércoles,2021-09-22 18:45:00,7.0
27,CHOCÓ,27001,QUIBDÓ,27001029,TAGACHI (QUIBDÓ - CHOCÓ),2021,9,7785.0,2827.0,42220.0,sábado,2021-09-25 13:45:00,737.0
27,CHOCÓ,27800,UNGUÍA,27800001,BALBOA (UNGUÍA - CHOCÓ),2021,9,2146.0,8135.0,91040.0,sábado,2021-09-04 20:15:00,954.0
27,CHOCÓ,27800,UNGUÍA,27800005,TITUMATE (UNGUÍA - CHOCÓ),2021,9,2048.0,6066.0,94860.0,domingo,2021-09-12 19:00:00,1034.0
27,CHOCÓ,27800,UNGUÍA,27800000,UNGUÍA (UNGUÍA - CHOCÓ),2021,9,411202.0,144187.0,927170.0,viernes,2021-09-03 13:45:00,2138.0
94,GUAINÍA,94001,INÍRIDA,94001000,INÍRIDA (INÍRIDA - GUAINÍA),2021,9,7576.0,536099.0,32824.0,jueves,2021-09-02 15:15:00,2353.0
95,GUAVIARE,95200,MIRAFLORES,95200000,MIRAFLORES (MIRAFLORES - GUAVIARE),2021,9,77896.0,28647.0,196680.0,lunes,2021-09-13 18:45:00,1917.0
44,LA GUAJIRA,44847,URIBIA,44847012,NAZARETH (URIBIA - LA GUAJIRA),2021,9,71218.0,22324.0,297960.0,jueves,2021-09-02 19:00:00,1324.0
47,MAGDALENA,47189,CIÉNAGA,47189018,PALMOR (CIÉNAGA - MAGDALENA),2021,9,84503.0,30837.0,187390.0,sábado,2021-09-18 18:45:00,2144.0
50,META,50325,MAPIRIPÁN,50325000,MAPIRIPÁN (MAPIRIPÁN - META),2021,9,15712.0,61697.0,320760.0,jueves,2021-09-09 18:45:00,2358.0
52,NARIÑO,52250,EL CHARCO,52250016,ALTERÓN (URIBE URIBE) (EL CHARCO - NARIÑO),2021,9,1133.0,2190.0,14230.0,martes,2021-09-07 17:45:00,516.0
52,NARIÑO,52250,EL CHARCO,52250023,BAZÁN (EL CHARCO - NARIÑO),2021,9,9806.0,6036.0,10080.0,sábado,2021-09-18 19:00:00,352.0
52,NARIÑO,52250,EL CHARCO,52250003,BOLÍVAR - SAN PEDRO (EL CHARCO - NARIÑO),2021,9,3516.0,2167.0,22820.0,jueves,2021-09-16 19:30:00,557.0
52,NARIÑO,52250,EL CHARCO,52250022,EL CUIL PUEBLO NUEVO (EL CHARCO - NARIÑO),2021,9,5054.0,6476.0,30410.0,domingo,2021-09-12 18:45:00,628.0
52,NARIÑO,52250,EL CHARCO,52250005,LAS MERCEDES (EL CHARCO - NARIÑO),2021,9,2034.0,7590.0,13220.0,viernes,2021-09-10 20:00:00,63.0
52,NARIÑO,52250,EL CHARCO,52250007,SAN JOSÉ DEL TAPAJE (EL CHARCO - NARIÑO),2021,9,16044.0,425.0,880.0,sábado,2021-09-18 18:45:00,8.0
52,NARIÑO,52520,FRANCISCO PIZARRO,52520013,SAN PEDRO DEL VINO (FRANCISCO PIZARRO - NARIÑO),2021,9,4073.0,2024.0,29310.0,miércoles,2021-09-01 19:30:00,608.0
52,NARIÑO,52390,LA TOLA,52390005,AGUACATAL (LA TOLA - NARIÑO),2021,9,2088.0,4680.0,12160.0,miércoles,2021-09-22 16:45:00,71.0
52,NARIÑO,52390,LA TOLA,52390003,LA VIGÍA DE LA MAR (LA TOLA - NARIÑO),2021,9,597.0,2647.0,28160.0,sábado,2021-09-11 23:30:00,945.0
52,NARIÑO,52390,LA TOLA,52390009,MULATOS (LA TOLA - NARIÑO),2021,9,4026.0,3335.0,37790.0,lunes,2021-09-27 18:45:00,542.0
52,NARIÑO,52390,LA TOLA,52390016,SAN PABLO DEL MAR (LA TOLA - NARIÑO),2021,9,4675.0,1318.0,29570.0,sábado,2021-09-18 18:45:00,642.0
52,NARIÑO,52490,OLAYA HERRERA,52490913,BOCA DE PRIETA (OLAYA HERRERA - NARIÑO),2021,9,3466.0,8470.0,18890.0,jueves,2021-09-30 19:15:00,706.0
52,NARIÑO,52835,SAN ANDRÉS DE TUMACO,52835055,BOCAS DE CURAY (TUMACO - NARIÑO),2021,9,8557.0,2698.0,5520.0,miércoles,2021-09-29 18:15:00,659.0
52,NARIÑO,52835,SAN ANDRÉS DE TUMACO,52835016,PITAL DE LA COSTA (TUMACO - NARIÑO),2021,9,12194.0,6995.0,960.0,sábado,2021-09-18 13:00:00,524.0
52,NARIÑO,52835,SAN ANDRÉS DE TUMACO,52835217,SAN JUAN DE LA COSTA (SAN ANDRÉS DE TUMACO - NARIÑO),2021,9,23581.0,8294.0,14720.0,sábado,2021-09-18 18:45:00,745.0
52,NARIÑO,52696,SANTA BÁRBARA (ISCUANDÉ),52696014,LA ENSENADA (SANTA BÁRBARA (ISCUANDÉ) - NARIÑO),2021,9,2664.0,1037.0,16540.0,jueves,2021-09-30 19:15:00,624.0
52,NARIÑO,52696,SANTA BÁRBARA (ISCUANDÉ),52696022,SECADERO (SANTA BÁRBARA (ISCUANDÉ) - NARIÑO),2021,9,2813.0,2084.0,13490.0,viernes,2021-09-10 18:30:00,85.0
86,PUTUMAYO,86573,PUERTO LEGUÍZAMO,86573009,PIÑUÑA NEGRO (PUERTO LEGUÍZAMO - PUTUMAYO),2021,9,3863.0,2238.0,2560.0,lunes,2021-09-27 19:00:00,649.0
86,PUTUMAYO,86573,PUERTO LEGUÍZAMO,86573000,PUERTO LEGUÍZAMO (PUERTO LEGUÍZAMO - PUTUMAYO),2021,9,938441.0,362606.0,197569.0,lunes,2021-09-27 15:15:00,24.0
76,VALLE DEL CAUCA,76109,BUENAVENTURA,76109032,SAN FRANCISCO NAYA (BUENAVENTURA - VALLE DEL CAUCA),2021,9,5735.0,3014.0,33890.0,sábado,2021-09-18 00:00:00,739.0
97,VAUPÉS,97001,MITÚ,97001000,MITÚ (MITÚ - VAUPÉS),2021,9,7576.0,397946.0,276564.0,lunes,2021-09-06 00:00:00,2357.0
97,VAUPÉS,97666,TARAIRA,97666000,TARAIRA (TARAIRA - VAUPÉS),2021,9,32757.0,10214.0,133760.0,martes,2021-09-14 00:30:00,1112.0
99,VICHADA,99773,CUMARIBO,99773000,CUMARIBO (CUMARIBO - VICHADA),2021,9,313026.0,12926.0,7040.0,lunes,2021-09-20 14:45:00,2359.0
99,VICHADA,99524,LA PRIMAVERA,99524000,LA PRIMAVERA (LA PRIMAVERA - VICHADA),2021,9,314855.0,138177.0,623590.0,jueves,2021-09-02 18:15:00,2349.0
99,VICHADA,99001,PUERTO CARREÑO,99001002,CASUARITO (PUERTO CARREÑO - VICHADA),2021,9,25753.0,97.0,117740.0,jueves,2021-09-09 18:45:00,912.0
99,VICHADA,99001,PUERTO CARREÑO,99001000,PUERTO CARREÑO (PUERTO CARREÑO - VICHADA),2021,9,7576.0,757876.0,440968.0,jueves,2021-09-02 14:30:00,24.0
99,VICHADA,99624,SANTA ROSALÍA,99624000,SANTA ROSALÍA (SANTA ROSALÍA - VICHADA),2021,9,135039.0,69389.0,343970.0,lunes,2021-09-20 18:45:00,189.0
91,AMAZONAS,91001,LETICIA,91001000,LETICIA (LETICIA - AMAZONAS),2021,10,7576.0,4650.0,789422.0,viernes,2021-10-15 14:30:00,2359.0
91,AMAZONAS,91540,PUERTO NARIÑO,91540000,PUERTO NARIÑO (PUERTO NARIÑO - AMAZONAS),2021,10,110001.0,40089.0,225810.0,jueves,2021-10-07 18:15:00,24.0
91,AMAZONAS,91798,TARAPACÁ (ANM),91798000,TARAPACÁ (TARAPACÁ (ANM) - AMAZONAS),2021,10,24608.0,11094.0,93620.0,viernes,2021-10-15 18:45:00,1017.0
5,ANTIOQUIA,5873,VIGÍA DEL FUERTE,5873002,VEGÁEZ (VIGÍA DEL FUERTE - ANTIOQUIA),2021,10,5006.0,5000.0,37020.0,sábado,2021-10-23 19:45:00,7.0
5,ANTIOQUIA,5873,VIGÍA DEL FUERTE,5873000,VIGÍA DEL FUERTE (VIGÍA DEL FUERTE - ANTIOQUIA),2021,10,64864.0,24729.0,330530.0,jueves,2021-10-28 20:30:00,731.0
88,"ARCHIPIÉLAGO DE SAN ANDRÉS, PROVIDENCIA Y SANTA CATALINA",88564,PROVIDENCIA,88564000,PROVIDENCIA (PROVIDENCIA - ARCHIPIÉLAGO DE SAN ANDRÉS Y PROVIDENCIA),2021,10,7576.0,291374.0,18051.0,jueves,2021-10-28 22:00:00,24.0
88,"ARCHIPIÉLAGO DE SAN ANDRÉS, PROVIDENCIA Y SANTA CATALINA",88001,SAN ANDRÉS,88001000,SAN ANDRÉS (SAN ANDRÉS - ARCHIPIÉLAGO DE SAN ANDRÉS Y PROVIDENCIA),2021,10,7576.0,4650.0,3067125.0,viernes,2021-10-29 15:30:00,24.0
13,BOLÍVAR,13001,CARTAGENA DE INDIAS,13001007,ISLA FUERTE (CARTAGENA DE INDIAS - BOLÍVAR),2021,10,16314.0,8875.0,134270.0,domingo,2021-10-31 15:00:00,452.0
13,BOLÍVAR,13001,CARTAGENA DE INDIAS,13001037,ISLA MÚCURA (CARTAGENA DE INDIAS - BOLÍVAR),2021,10,719.0,2522.0,21180.0,lunes,2021-10-18 15:15:00,143.0
13,BOLÍVAR,13001,CARTAGENA DE INDIAS,13001017,SANTA CRUZ DEL ISLOTE (CARTAGENA DE INDIAS - BOLÍVAR),2021,10,2004.0,7202.0,52030.0,jueves,2021-10-14 21:30:00,1606.0
18,CAQUETÁ,18150,CARTAGENA DEL CHAIRÁ,18150001,REMOLINO DEL CAGUÁN (CARTAGENA DEL CHAIRA - CAQUETÁ),2021,10,16823.0,7085.0,88130.0,sábado,2021-10-23 18:30:00,824.0
18,CAQUETÁ,18753,SAN VICENTE DEL CAGUÁN,18753002,GUACAMAYAS (SAN VICENTE DEL CAGUÁN - CAQUETÁ),2021,10,12852.0,6491.0,39360.0,domingo,2021-10-03 19:00:00,1717.0
18,CAQUETÁ,18753,SAN VICENTE DEL CAGUÁN,18753015,GUAYABAL (SAN VICENTE DEL CAGUÁN - CAQUETÁ),2021,10,7139.0,3543.0,42420.0,martes,2021-10-26 17:45:00,714.0
18,CAQUETÁ,18753,SAN VICENTE DEL CAGUÁN,18753009,PUERTO BETANIA (SAN VICENTE DEL CAGUÁN - CAQUETÁ),2021,10,5993.0,2322.0,4660.0,miércoles,2021-10-20 19:00:00,539.0
85,CASANARE,85430,TRINIDAD,85430001,BOCAS DEL PAUTO (TRINIDAD - CASANARE),2021,10,12327.0,6694.0,91580.0,lunes,2021-10-25 19:00:00,537.0
19,CAUCA,19318,GUAPI,19318008,LIMONES (GUAPI - CAUCA),2021,10,8323.0,3782.0,36470.0,viernes,2021-10-22 18:15:00,935.0
19,CAUCA,19318,GUAPI,19318013,SAN ANTONIO DE GUAJUÍ (GUAPI - CAUCA),2021,10,10113.0,421.0,47440.0,domingo,2021-10-17 20:00:00,835.0
19,CAUCA,19418,LÓPEZ DE MICAY,19418033,BOCA GRANDE (LÓPEZ (MICAY) - CAUCA),2021,10,4429.0,8630.0,29480.0,domingo,2021-10-31 18:30:00,605.0
19,CAUCA,19418,LÓPEZ DE MICAY,19418011,DOS QUEBRADAS RÍO NAYA (LÓPEZ DE MICAY - CAUCA),2021,10,4914.0,204.0,3040.0,martes,2021-10-12 18:15:00,63.0
19,CAUCA,19418,LÓPEZ DE MICAY,19418038,ISLA DE GALLO (LÓPEZ DE MICAY - CAUCA),2021,10,3436.0,1553.0,24580.0,sábado,2021-10-09 19:00:00,545.0
19,CAUCA,19418,LÓPEZ DE MICAY,19418009,NOANAMITO (LÓPEZ DE MICAY - CAUCA),2021,10,6657.0,207.0,440.0,jueves,2021-10-28 18:30:00,622.0
19,CAUCA,19418,LÓPEZ DE MICAY,19418012,SAN ANTONIO DE CHUARÉ (LÓPEZ DE MICAY - CAUCA),2021,10,6339.0,2235.0,55260.0,jueves,2021-10-28 18:45:00,443.0
19,CAUCA,19418,LÓPEZ DE MICAY,19418015,SAN ISIDRO (LÓPEZ DE MICAY - CAUCA),2021,10,8340.0,3900.0,5730.0,lunes,2021-10-04 18:00:00,601.0
19,CAUCA,19418,LÓPEZ DE MICAY,19418019,ZARAGOZA (LOPEZ DE MICAY - CAUCA),2021,10,9358.0,3864.0,64930.0,sábado,2021-10-09 20:00:00,636.0
19,CAUCA,19809,TIMBIQUÍ,19809014,CHACÓN (TIMBIQUÍ - CAUCA),2021,10,2967.0,6940.0,29540.0,domingo,2021-10-17 19:30:00,41.0
19,CAUCA,19809,TIMBIQUÍ,19809010,COMUNIDAD DE CHETE (TIMBIQUÍ - CAUCA),2021,10,5093.0,2472.0,34140.0,sábado,2021-10-30 19:00:00,557.0
19,CAUCA,19809,TIMBIQUÍ,19809003,COTEJE (TIMBIQUÍ - CAUCA),2021,10,546.0,3118.0,34640.0,jueves,2021-10-28 19:15:00,556.0
19,CAUCA,19809,TIMBIQUÍ,19809007,SAN JOSÉ (TIMBIQUÍ - CAUCA),2021,10,7706.0,541.0,37460.0,miércoles,2021-10-27 19:30:00,747.0
19,CAUCA,19809,TIMBIQUÍ,19809008,SANTA MARÍA (TIMBIQUÍ - CAUCA),2021,10,9591.0,3958.0,75580.0,viernes,2021-10-15 19:15:00,53.0
19,CAUCA,19809,TIMBIQUÍ,19809009,SANTA ROSA DE SAIJA (TIMBIQUÍ - CAUCA),2021,10,4002.0,2418.0,22560.0,sábado,2021-10-02 22:00:00,649.0
27,CHOCÓ,27006,ACANDÍ,27006000,ACANDÍ (ACANDÍ - CHOCÓ),2021,10,550551.0,211845.0,126104.0,martes,2021-10-19 19:15:00,196.0
27,CHOCÓ,27006,ACANDÍ,27006003,CAPURGANÁ (ACANDÍ - CHOCO),2021,10,341968.0,125983.0,894780.0,domingo,2021-10-17 19:45:00,2025.0
27,CHOCÓ,27025,ALTO BAUDÓ (PIE DE PATO),27025000,CIUDAD BAUDÓ - PIE DE PATO (ALTO BAUDÓ - CHOCÓ),2021,10,48365.0,14617.0,115020.0,viernes,2021-10-08 00:15:00,233.0
27,CHOCÓ,27075,BAHÍA SOLANO (MUTIS),27075000,CIUDAD MUTIS (BAHÍA SOLANO - CHOCÓ),2021,10,680368.0,247385.0,127732.0,jueves,2021-10-28 19:00:00,24.0
27,CHOCÓ,27075,BAHÍA SOLANO (MUTIS),27075001,CUPICA (BAHÍA SOLANO - CHOCÓ),2021,10,62953.0,21749.0,139340.0,lunes,2021-10-11 19:00:00,2328.0
27,CHOCÓ,27075,BAHÍA SOLANO (MUTIS),27075002,EL VALLE (BAHÍA SOLANO - CHOCÓ),2021,10,157458.0,68223.0,326570.0,jueves,2021-10-28 19:00:00,2353.0
27,CHOCÓ,27077,BAJO BAUDÓ (PIZARRO),27077905,BUENAVISTA (BAJO BAUDÓ (PIZARRO) - CHOCÓ),2021,10,499.0,5810.0,40290.0,miércoles,2021-10-06 17:45:00,43.0
27,CHOCÓ,27077,BAJO BAUDÓ (PIZARRO),27077011,PILIZA (BAJO BAUDÓ (PIZARRO) - CHOCÓ),2021,10,567.0,6342.0,320.0,sábado,2021-10-02 19:45:00,71.0
27,CHOCÓ,27077,BAJO BAUDÓ (PIZARRO),27077000,PIZARRO (BAJO BAUDÓ (PIZARRO) - CHOCÓ),2021,10,212097.0,102147.0,389140.0,sábado,2021-10-16 19:00:00,2359.0
27,CHOCÓ,27099,BOJAYÁ (BELLAVISTA),27099000,BELLAVISTA (BOJAYÁ (BELLAVISTA) - CHOCÓ),2021,10,100361.0,28454.0,236050.0,jueves,2021-10-28 19:00:00,1743.0
27,CHOCÓ,27099,BOJAYÁ (BELLAVISTA),27099002,LA LOMA DE BOJAYÁ (BOJAYÁ (BELLAVISTA) - CHOCÓ),2021,10,11785.0,593.0,640.0,miércoles,2021-10-13 19:30:00,835.0
27,CHOCÓ,27099,BOJAYÁ (BELLAVISTA),27099005,NAPIPÍ (BOJAYÁ (BELLAVISTA) - CHOCÓ),2021,10,7662.0,2113.0,6080.0,sábado,2021-10-30 21:30:00,449.0
27,CHOCÓ,27250,EL LITORAL DEL SAN JUAN,27250000,SANTA GENOVEVA DE DOCORDÓ (EL LITORAL DEL SAN JUAN - CHOCÓ),2021,10,51775.0,29429.0,156820.0,martes,2021-10-12 21:30:00,1835.0
27,CHOCÓ,27372,JURADÓ,27372000,JURADÓ (JURADÓ - CHOCÓ),2021,10,163233.0,71738.0,290080.0,jueves,2021-10-28 20:15:00,24.0
27,CHOCÓ,27425,MEDIO ATRATO (BETÉ),27425000,BETÉ (MEDIO ATRATO (BETÉ) - CHOCÓ),2021,10,16522.0,10113.0,600.0,lunes,2021-10-11 19:00:00,1233.0
27,CHOCÓ,27495,NUQUÍ,27495912,COMUNIDAD INDÍGENA DE PANGUÍ - EL YUCAL (NUQUÍ - CHOCÓ),2021,10,8207.0,1799.0,11250.0,lunes,2021-10-11 23:15:00,2346.0
27,CHOCÓ,27495,NUQUÍ,27495000,NUQUÍ (NUQUÍ - CHOCÓ),2021,10,249402.0,75889.0,479070.0,miércoles,2021-10-13 19:30:00,24.0
27,CHOCÓ,27495,NUQUÍ,27495011,PUERTO JAGUA (NUQUÍ - CHOCÓ),2021,10,9960.0,7550.0,470.0,domingo,2021-10-17 19:45:00,938.0
27,CHOCÓ,27001,QUIBDÓ,27001029,TAGACHI (QUIBDÓ - CHOCÓ),2021,10,9699.0,3527.0,42340.0,domingo,2021-10-24 19:30:00,906.0
27,CHOCÓ,27800,UNGUÍA,27800001,BALBOA (UNGUÍA - CHOCÓ),2021,10,22124.0,8431.0,89790.0,jueves,2021-10-07 21:00:00,959.0
27,CHOCÓ,27800,UNGUÍA,27800005,TITUMATE (UNGUÍA - CHOCÓ),2021,10,19142.0,5428.0,93540.0,viernes,2021-10-08 19:00:00,916.0
27,CHOCÓ,27800,UNGUÍA,27800000,UNGUÍA (UNGUÍA - CHOCÓ),2021,10,432673.0,151105.0,913970.0,domingo,2021-10-24 20:00:00,22.0
94,GUAINÍA,94343,BARRANCOMINAS,94343000,BARRANCOMINAS (BARRANCOMINAS - GUAINÍA),2021,10,69451.0,2446.0,214330.0,jueves,2021-10-14 18:30:00,1525.0
94,GUAINÍA,94001,INÍRIDA,94001000,INÍRIDA (INÍRIDA - GUAINÍA),2021,10,7576.0,583191.0,341968.0,jueves,2021-10-14 17:45:00,24.0
95,GUAVIARE,95200,MIRAFLORES,95200000,MIRAFLORES (MIRAFLORES - GUAVIARE),2021,10,82653.0,30237.0,192720.0,jueves,2021-10-21 18:30:00,191.0
44,LA GUAJIRA,44847,URIBIA,44847012,NAZARETH (URIBIA - LA GUAJIRA),2021,10,60853.0,16581.0,264840.0,martes,2021-10-26 18:15:00,1135.0
47,MAGDALENA,47189,CIÉNAGA,47189018,PALMOR (CIÉNAGA - MAGDALENA),2021,10,96684.0,35992.0,179780.0,martes,2021-10-12 00:30:00,233.0
50,META,50325,MAPIRIPÁN,50325000,MAPIRIPÁN (MAPIRIPÁN - META),2021,10,16793.0,65062.0,348920.0,jueves,2021-10-14 18:00:00,2346.0
52,NARIÑO,52250,EL CHARCO,52250016,ALTERÓN (URIBE URIBE) (EL CHARCO - NARIÑO),2021,10,1401.0,2750.0,8780.0,viernes,2021-10-29 19:00:00,602.0
52,NARIÑO,52250,EL CHARCO,52250023,BAZÁN (EL CHARCO - NARIÑO),2021,10,18786.0,11821.0,10080.0,sábado,2021-10-30 18:45:00,727.0
52,NARIÑO,52250,EL CHARCO,52250003,BOLÍVAR - SAN PEDRO (EL CHARCO - NARIÑO),2021,10,3887.0,2545.0,21950.0,lunes,2021-10-18 19:30:00,634.0
52,NARIÑO,52250,EL CHARCO,52250022,EL CUIL PUEBLO NUEVO (EL CHARCO - NARIÑO),2021,10,5885.0,776.0,30180.0,sábado,2021-10-23 18:15:00,728.0
52,NARIÑO,52250,EL CHARCO,52250005,LAS MERCEDES (EL CHARCO - NARIÑO),2021,10,1981.0,6080.0,12830.0,viernes,2021-10-01 21:00:00,614.0
52,NARIÑO,52250,EL CHARCO,52250007,SAN JOSÉ DEL TAPAJE (EL CHARCO - NARIÑO),2021,10,15568.0,432.0,800.0,domingo,2021-10-31 13:15:00,751.0
52,NARIÑO,52520,FRANCISCO PIZARRO,52520013,SAN PEDRO DEL VINO (FRANCISCO PIZARRO - NARIÑO),2021,10,3698.0,1842.0,27460.0,viernes,2021-10-29 19:15:00,54.0
52,NARIÑO,52390,LA TOLA,52390005,AGUACATAL (LA TOLA - NARIÑO),2021,10,167.0,4160.0,11950.0,jueves,2021-10-21 18:30:00,532.0
52,NARIÑO,52390,LA TOLA,52390003,LA VIGÍA DE LA MAR (LA TOLA - NARIÑO),2021,10,6619.0,2859.0,300.0,miércoles,2021-10-06 23:15:00,101.0
52,NARIÑO,52390,LA TOLA,52390009,MULATOS (LA TOLA - NARIÑO),2021,10,2491.0,1489.0,36610.0,lunes,2021-10-04 18:30:00,331.0
52,NARIÑO,52390,LA TOLA,52390016,SAN PABLO DEL MAR (LA TOLA - NARIÑO),2021,10,4906.0,1381.0,30050.0,sábado,2021-10-02 19:15:00,648.0
52,NARIÑO,52490,OLAYA HERRERA,52490913,BOCA DE PRIETA (OLAYA HERRERA - NARIÑO),2021,10,3807.0,1027.0,1968.0,jueves,2021-10-14 15:15:00,721.0
52,NARIÑO,52835,SAN ANDRÉS DE TUMACO,52835055,BOCAS DE CURAY (TUMACO - NARIÑO),2021,10,944.0,2821.0,5760.0,domingo,2021-10-31 23:45:00,729.0
52,NARIÑO,52835,SAN ANDRÉS DE TUMACO,52835016,PITAL DE LA COSTA (TUMACO - NARIÑO),2021,10,12205.0,6959.0,920.0,miércoles,2021-10-06 19:00:00,538.0
52,NARIÑO,52835,SAN ANDRÉS DE TUMACO,52835217,SAN JUAN DE LA COSTA (SAN ANDRÉS DE TUMACO - NARIÑO),2021,10,17961.0,6334.0,13760.0,jueves,2021-10-07 18:30:00,544.0
52,NARIÑO,52696,SANTA BÁRBARA (ISCUANDÉ),52696014,LA ENSENADA (SANTA BÁRBARA (ISCUANDÉ) - NARIÑO),2021,10,2719.0,1134.0,1670.0,miércoles,2021-10-20 19:45:00,615.0
52,NARIÑO,52696,SANTA BÁRBARA (ISCUANDÉ),52696022,SECADERO (SANTA BÁRBARA (ISCUANDÉ) - NARIÑO),2021,10,308.0,2233.0,12940.0,sábado,2021-10-30 00:15:00,951.0
86,PUTUMAYO,86573,PUERTO LEGUÍZAMO,86573009,PIÑUÑA NEGRO (PUERTO LEGUÍZAMO - PUTUMAYO),2021,10,4256.0,2501.0,2880.0,sábado,2021-10-23 18:30:00,703.0
86,PUTUMAYO,86573,PUERTO LEGUÍZAMO,86573000,PUERTO LEGUÍZAMO (PUERTO LEGUÍZAMO - PUTUMAYO),2021,10,999016.0,389395.0,2167.0,jueves,2021-10-14 14:30:00,2345.0
76,VALLE DEL CAUCA,76109,BUENAVENTURA,76109032,SAN FRANCISCO NAYA (BUENAVENTURA - VALLE DEL CAUCA),2021,10,6084.0,354.0,32130.0,sábado,2021-10-30 23:45:00,745.0
97,VAUPÉS,97161,CARURÚ,97161000,CARURÚ (CARURÚ - VAUPÉS),2021,10,20535.0,371.0,77260.0,viernes,2021-10-22 18:30:00,1221.0
97,VAUPÉS,97001,MITÚ,97001000,MITÚ (MITÚ - VAUPÉS),2021,10,7576.0,415274.0,28096.0,jueves,2021-10-14 23:45:00,24.0
97,VAUPÉS,97666,TARAIRA,97666000,TARAIRA (TARAIRA - VAUPÉS),2021,10,22286.0,6711.0,133850.0,martes,2021-10-19 00:30:00,725.0
99,VICHADA,99773,CUMARIBO,99773000,CUMARIBO (CUMARIBO - VICHADA),2021,10,342503.0,141923.0,72160.0,viernes,2021-10-15 14:30:00,24.0
99,VICHADA,99524,LA PRIMAVERA,99524000,LA PRIMAVERA (LA PRIMAVERA - VICHADA),2021,10,334634.0,146934.0,636710.0,viernes,2021-10-15 19:45:00,2354.0
99,VICHADA,99001,PUERTO CARREÑO,99001002,CASUARITO (PUERTO CARREÑO - VICHADA),2021,10,25408.0,9467.0,122850.0,jueves,2021-10-28 19:00:00,841.0
99,VICHADA,99001,PUERTO CARREÑO,99001000,PUERTO CARREÑO (PUERTO CARREÑO - VICHADA),2021,10,7576.0,812783.0,4664.0,lunes,2021-10-04 13:30:00,2359.0
99,VICHADA,99624,SANTA ROSALÍA,99624000,SANTA ROSALÍA (SANTA ROSALÍA - VICHADA),2021,10,144935.0,72513.0,39610.0,viernes,2021-10-15 18:45:00,1728.0
91,AMAZONAS,91001,LETICIA,91001000,LETICIA (LETICIA - AMAZONAS),2021,11,7576.0,4650.0,75314.0,miércoles,2021-11-03 15:00:00,24.0
91,AMAZONAS,91540,PUERTO NARIÑO,91540000,PUERTO NARIÑO (PUERTO NARIÑO - AMAZONAS),2021,11,109712.0,38533.0,228270.0,viernes,2021-11-26 19:15:00,2358.0
91,AMAZONAS,91798,TARAPACÁ (ANM),91798000,TARAPACÁ (TARAPACÁ (ANM) - AMAZONAS),2021,11,24076.0,11003.0,89960.0,viernes,2021-11-26 18:30:00,1021.0
5,ANTIOQUIA,5873,VIGÍA DEL FUERTE,5873002,VEGÁEZ (VIGÍA DEL FUERTE - ANTIOQUIA),2021,11,3965.0,4950.0,36320.0,martes,2021-11-23 18:30:00,544.0
5,ANTIOQUIA,5873,VIGÍA DEL FUERTE,5873000,VIGÍA DEL FUERTE (VIGÍA DEL FUERTE - ANTIOQUIA),2021,11,65658.0,25385.0,330880.0,martes,2021-11-09 18:30:00,753.0
88,"ARCHIPIÉLAGO DE SAN ANDRÉS, PROVIDENCIA Y SANTA CATALINA",88564,PROVIDENCIA,88564000,PROVIDENCIA (PROVIDENCIA - ARCHIPIÉLAGO DE SAN ANDRÉS Y PROVIDENCIA),2021,11,7576.0,275967.0,176729.0,viernes,2021-11-05 20:15:00,24.0
88,"ARCHIPIÉLAGO DE SAN ANDRÉS, PROVIDENCIA Y SANTA CATALINA",88001,SAN ANDRÉS,88001000,SAN ANDRÉS (SAN ANDRÉS - ARCHIPIÉLAGO DE SAN ANDRÉS Y PROVIDENCIA),2021,11,7576.0,4650.0,2970878.0,martes,2021-11-02 15:30:00,24.0
13,BOLÍVAR,13001,CARTAGENA DE INDIAS,13001007,ISLA FUERTE (CARTAGENA DE INDIAS - BOLÍVAR),2021,11,14532.0,7927.0,135770.0,domingo,2021-11-14 00:00:00,441.0
13,BOLÍVAR,13001,CARTAGENA DE INDIAS,13001037,ISLA MÚCURA (CARTAGENA DE INDIAS - BOLÍVAR),2021,11,6776.0,2469.0,22720.0,domingo,2021-11-14 00:15:00,1413.0
13,BOLÍVAR,13001,CARTAGENA DE INDIAS,13001017,SANTA CRUZ DEL ISLOTE (CARTAGENA DE INDIAS - BOLÍVAR),2021,11,19273.0,6881.0,50660.0,martes,2021-11-09 21:45:00,145.0
18,CAQUETÁ,18150,CARTAGENA DEL CHAIRÁ,18150001,REMOLINO DEL CAGUÁN (CARTAGENA DEL CHAIRA - CAQUETÁ),2021,11,16425.0,6853.0,87630.0,sábado,2021-11-13 18:15:00,814.0
18,CAQUETÁ,18753,SAN VICENTE DEL CAGUÁN,18753002,GUACAMAYAS (SAN VICENTE DEL CAGUÁN - CAQUETÁ),2021,11,9164.0,3854.0,39340.0,sábado,2021-11-27 19:15:00,1237.0
18,CAQUETÁ,18753,SAN VICENTE DEL CAGUÁN,18753015,GUAYABAL (SAN VICENTE DEL CAGUÁN - CAQUETÁ),2021,11,5573.0,2721.0,41580.0,sábado,2021-11-20 18:15:00,547.0
18,CAQUETÁ,18753,SAN VICENTE DEL CAGUÁN,18753009,PUERTO BETANIA (SAN VICENTE DEL CAGUÁN - CAQUETÁ),2021,11,5542.0,208.0,4760.0,viernes,2021-11-12 18:15:00,517.0
85,CASANARE,85430,TRINIDAD,85430001,BOCAS DEL PAUTO (TRINIDAD - CASANARE),2021,11,13748.0,7698.0,88640.0,lunes,2021-11-15 18:30:00,625.0
19,CAUCA,19318,GUAPI,19318008,LIMONES (GUAPI - CAUCA),2021,11,8593.0,3789.0,41180.0,martes,2021-11-09 17:00:00,942.0
19,CAUCA,19318,GUAPI,19318013,SAN ANTONIO DE GUAJUÍ (GUAPI - CAUCA),2021,11,9404.0,3897.0,45890.0,domingo,2021-11-21 19:15:00,911.0
19,CAUCA,19418,LÓPEZ DE MICAY,19418033,BOCA GRANDE (LÓPEZ (MICAY) - CAUCA),2021,11,4101.0,8080.0,29720.0,martes,2021-11-30 18:30:00,556.0
19,CAUCA,19418,LÓPEZ DE MICAY,19418011,DOS QUEBRADAS RÍO NAYA (LÓPEZ DE MICAY - CAUCA),2021,11,5485.0,2173.0,31870.0,martes,2021-11-02 17:15:00,723.0
19,CAUCA,19418,LÓPEZ DE MICAY,19418038,ISLA DE GALLO (LÓPEZ DE MICAY - CAUCA),2021,11,2969.0,1187.0,24480.0,sábado,2021-11-06 19:15:00,52.0
19,CAUCA,19418,LÓPEZ DE MICAY,19418009,NOANAMITO (LÓPEZ DE MICAY - CAUCA),2021,11,652.0,1917.0,440.0,sábado,2021-11-13 19:15:00,616.0
19,CAUCA,19418,LÓPEZ DE MICAY,19418012,SAN ANTONIO DE CHUARÉ (LÓPEZ DE MICAY - CAUCA),2021,11,6479.0,2281.0,56960.0,martes,2021-11-02 18:30:00,449.0
19,CAUCA,19418,LÓPEZ DE MICAY,19418015,SAN ISIDRO (LÓPEZ DE MICAY - CAUCA),2021,11,8320.0,3960.0,5860.0,martes,2021-11-09 17:30:00,617.0
19,CAUCA,19418,LÓPEZ DE MICAY,19418019,ZARAGOZA (LOPEZ DE MICAY - CAUCA),2021,11,6325.0,2653.0,57280.0,martes,2021-11-02 19:00:00,503.0
19,CAUCA,19809,TIMBIQUÍ,19809014,CHACÓN (TIMBIQUÍ - CAUCA),2021,11,4588.0,1137.0,29460.0,domingo,2021-11-14 18:45:00,639.0
19,CAUCA,19809,TIMBIQUÍ,19809010,COMUNIDAD DE CHETE (TIMBIQUÍ - CAUCA),2021,11,5405.0,2678.0,33790.0,martes,2021-11-30 18:30:00,635.0
19,CAUCA,19809,TIMBIQUÍ,19809003,COTEJE (TIMBIQUÍ - CAUCA),2021,11,6493.0,3956.0,35160.0,domingo,2021-11-28 19:00:00,719.0
19,CAUCA,19809,TIMBIQUÍ,19809007,SAN JOSÉ (TIMBIQUÍ - CAUCA),2021,11,7362.0,4794.0,38350.0,sábado,2021-11-13 19:45:00,721.0
19,CAUCA,19809,TIMBIQUÍ,19809008,SANTA MARÍA (TIMBIQUÍ - CAUCA),2021,11,12559.0,499.0,6950.0,sábado,2021-11-27 19:00:00,718.0
19,CAUCA,19809,TIMBIQUÍ,19809009,SANTA ROSA DE SAIJA (TIMBIQUÍ - CAUCA),2021,11,3804.0,2234.0,23570.0,martes,2021-11-02 19:00:00,627.0
27,CHOCÓ,27006,ACANDÍ,27006000,ACANDÍ (ACANDÍ - CHOCÓ),2021,11,546662.0,207743.0,122936.0,jueves,2021-11-11 19:15:00,208.0
27,CHOCÓ,27025,ALTO BAUDÓ (PIE DE PATO),27025000,CIUDAD BAUDÓ - PIE DE PATO (ALTO BAUDÓ - CHOCÓ),2021,11,47086.0,1433.0,11370.0,lunes,2021-11-01 00:00:00,2359.0
27,CHOCÓ,27075,BAHÍA SOLANO (MUTIS),27075000,CIUDAD MUTIS (BAHÍA SOLANO - CHOCÓ),2021,11,638416.0,23541.0,12034.0,martes,2021-11-16 19:00:00,2359.0
27,CHOCÓ,27075,BAHÍA SOLANO (MUTIS),27075001,CUPICA (BAHÍA SOLANO - CHOCÓ),2021,11,61967.0,21137.0,135350.0,jueves,2021-11-11 19:15:00,24.0
27,CHOCÓ,27075,BAHÍA SOLANO (MUTIS),27075002,EL VALLE (BAHÍA SOLANO - CHOCÓ),2021,11,149429.0,63547.0,312050.0,jueves,2021-11-11 19:00:00,2348.0
27,CHOCÓ,27077,BAJO BAUDÓ (PIZARRO),27077011,PILIZA (BAJO BAUDÓ (PIZARRO) - CHOCÓ),2021,11,491.0,5279.0,320.0,lunes,2021-11-01 20:15:00,707.0
27,CHOCÓ,27077,BAJO BAUDÓ (PIZARRO),27077000,PIZARRO (BAJO BAUDÓ (PIZARRO) - CHOCÓ),2021,11,188254.0,89881.0,417120.0,miércoles,2021-11-17 18:15:00,2159.0
27,CHOCÓ,27099,BOJAYÁ (BELLAVISTA),27099000,BELLAVISTA (BOJAYÁ (BELLAVISTA) - CHOCÓ),2021,11,9376.0,26921.0,242360.0,martes,2021-11-16 19:00:00,1709.0
27,CHOCÓ,27099,BOJAYÁ (BELLAVISTA),27099002,LA LOMA DE BOJAYÁ (BOJAYÁ (BELLAVISTA) - CHOCÓ),2021,11,1192.0,5958.0,6080.0,viernes,2021-11-19 18:45:00,859.0
27,CHOCÓ,27099,BOJAYÁ (BELLAVISTA),27099005,NAPIPÍ (BOJAYÁ (BELLAVISTA) - CHOCÓ),2021,11,9217.0,2553.0,6080.0,lunes,2021-11-29 18:00:00,553.0
27,CHOCÓ,27250,EL LITORAL DEL SAN JUAN,27250002,CUCURRUPÍ (EL LITORAL DEL SAN JUAN - CHOCÓ),2021,11,3091.0,102.0,21090.0,sábado,2021-11-27 19:15:00,554.0
27,CHOCÓ,27250,EL LITORAL DEL SAN JUAN,27250000,SANTA GENOVEVA DE DOCORDÓ (EL LITORAL DEL SAN JUAN - CHOCÓ),2021,11,55891.0,34418.0,143620.0,viernes,2021-11-26 00:15:00,2251.0
27,CHOCÓ,27250,EL LITORAL DEL SAN JUAN,27250914,TOGOROMA PLAYA (EL LITORAL DEL SAN JUAN - CHOCÓ),2021,11,1148.0,190.0,9740.0,viernes,2021-11-05 18:00:00,45.0
27,CHOCÓ,27372,JURADÓ,27372000,JURADÓ (JURADÓ - CHOCÓ),2021,11,158959.0,68705.0,300640.0,viernes,2021-11-12 19:00:00,2356.0
27,CHOCÓ,27425,MEDIO ATRATO (BETÉ),27425000,BETÉ (MEDIO ATRATO (BETÉ) - CHOCÓ),2021,11,15747.0,10162.0,560.0,miércoles,2021-11-03 19:00:00,123.0
27,CHOCÓ,27495,NUQUÍ,27495912,COMUNIDAD INDÍGENA DE PANGUÍ - EL YUCAL (NUQUÍ - CHOCÓ),2021,11,7855.0,1767.0,11440.0,jueves,2021-11-18 15:45:00,2324.0
27,CHOCÓ,27495,NUQUÍ,27495000,NUQUÍ (NUQUÍ - CHOCÓ),2021,11,233841.0,68503.0,473790.0,viernes,2021-11-05 18:45:00,24.0
27,CHOCÓ,27495,NUQUÍ,27495011,PUERTO JAGUA (NUQUÍ - CHOCÓ),2021,11,4460.0,2420.0,4340.0,jueves,2021-11-25 18:15:00,449.0
27,CHOCÓ,27001,QUIBDÓ,27001029,TAGACHI (QUIBDÓ - CHOCÓ),2021,11,9452.0,3326.0,43510.0,sábado,2021-11-27 13:30:00,912.0
27,CHOCÓ,27800,UNGUÍA,27800001,BALBOA (UNGUÍA - CHOCÓ),2021,11,1915.0,7324.0,90540.0,jueves,2021-11-04 18:45:00,918.0
27,CHOCÓ,27800,UNGUÍA,27800005,TITUMATE (UNGUÍA - CHOCÓ),2021,11,18453.0,5046.0,10490.0,jueves,2021-11-11 19:30:00,846.0
27,CHOCÓ,27800,UNGUÍA,27800000,UNGUÍA (UNGUÍA - CHOCÓ),2021,11,4029.0,141932.0,89390.0,viernes,2021-11-05 19:15:00,2154.0
94,GUAINÍA,94343,BARRANCOMINAS,94343000,BARRANCOMINAS (BARRANCOMINAS - GUAINÍA),2021,11,62478.0,2192.0,210840.0,miércoles,2021-11-17 18:00:00,1358.0
94,GUAINÍA,94001,INÍRIDA,94001000,INÍRIDA (INÍRIDA - GUAINÍA),2021,11,7576.0,649948.0,38456.0,miércoles,2021-11-17 14:15:00,24.0
95,GUAVIARE,95200,MIRAFLORES,95200000,MIRAFLORES (MIRAFLORES - GUAVIARE),2021,11,8444.0,31684.0,199320.0,viernes,2021-11-19 18:00:00,193.0
44,LA GUAJIRA,44847,URIBIA,44847012,NAZARETH (URIBIA - LA GUAJIRA),2021,11,59512.0,16885.0,263380.0,lunes,2021-11-08 19:00:00,1143.0
47,MAGDALENA,47189,CIÉNAGA,47189018,PALMOR (CIÉNAGA - MAGDALENA),2021,11,98914.0,36419.0,196220.0,jueves,2021-11-18 18:30:00,2241.0
50,META,50325,MAPIRIPÁN,50325000,MAPIRIPÁN (MAPIRIPÁN - META),2021,11,170433.0,67624.0,342760.0,sábado,2021-11-06 18:30:00,2342.0
52,NARIÑO,52250,EL CHARCO,52250016,ALTERÓN (URIBE URIBE) (EL CHARCO - NARIÑO),2021,11,1388.0,2700.0,15410.0,jueves,2021-11-04 18:15:00,628.0
52,NARIÑO,52250,EL CHARCO,52250023,BAZÁN (EL CHARCO - NARIÑO),2021,11,19668.0,12482.0,10080.0,jueves,2021-11-11 19:30:00,809.0
52,NARIÑO,52250,EL CHARCO,52250007,SAN JOSÉ DEL TAPAJE (EL CHARCO - NARIÑO),2021,11,15278.0,4134.0,800.0,viernes,2021-11-26 18:45:00,744.0
52,NARIÑO,52520,FRANCISCO PIZARRO,52520013,SAN PEDRO DEL VINO (FRANCISCO PIZARRO - NARIÑO),2021,11,4187.0,2206.0,29440.0,jueves,2021-11-18 19:00:00,619.0
52,NARIÑO,52390,LA TOLA,52390005,AGUACATAL (LA TOLA - NARIÑO),2021,11,2106.0,5220.0,12610.0,miércoles,2021-11-03 18:30:00,726.0
52,NARIÑO,52390,LA TOLA,52390003,LA VIGÍA DE LA MAR (LA TOLA - NARIÑO),2021,11,5853.0,2524.0,29760.0,viernes,2021-11-12 23:15:00,93.0
52,NARIÑO,52390,LA TOLA,52390009,MULATOS (LA TOLA - NARIÑO),2021,11,4142.0,1994.0,34530.0,miércoles,2021-11-03 18:15:00,627.0
52,NARIÑO,52390,LA TOLA,52390016,SAN PABLO DEL MAR (LA TOLA - NARIÑO),2021,11,4697.0,1349.0,29060.0,domingo,2021-11-07 19:00:00,651.0
52,NARIÑO,52490,OLAYA HERRERA,52490913,BOCA DE PRIETA (OLAYA HERRERA - NARIÑO),2021,11,3322.0,9070.0,18740.0,lunes,2021-11-08 18:30:00,645.0
52,NARIÑO,52835,SAN ANDRÉS DE TUMACO,52835055,BOCAS DE CURAY (TUMACO - NARIÑO),2021,11,8589.0,2549.0,5520.0,domingo,2021-11-07 23:45:00,645.0
52,NARIÑO,52835,SAN ANDRÉS DE TUMACO,52835016,PITAL DE LA COSTA (TUMACO - NARIÑO),2021,11,17575.0,9485.0,880.0,viernes,2021-11-19 13:00:00,856.0
52,NARIÑO,52835,SAN ANDRÉS DE TUMACO,52835217,SAN JUAN DE LA COSTA (SAN ANDRÉS DE TUMACO - NARIÑO),2021,11,18194.0,653.0,1440.0,martes,2021-11-23 18:45:00,601.0
52,NARIÑO,52696,SANTA BÁRBARA (ISCUANDÉ),52696014,LA ENSENADA (SANTA BÁRBARA (ISCUANDÉ) - NARIÑO),2021,11,1855.0,6330.0,17150.0,viernes,2021-11-26 19:45:00,429.0
52,NARIÑO,52696,SANTA BÁRBARA (ISCUANDÉ),52696022,SECADERO (SANTA BÁRBARA (ISCUANDÉ) - NARIÑO),2021,11,2779.0,2033.0,12960.0,miércoles,2021-11-03 19:15:00,851.0
86,PUTUMAYO,86573,PUERTO LEGUÍZAMO,86573009,PIÑUÑA NEGRO (PUERTO LEGUÍZAMO - PUTUMAYO),2021,11,3906.0,2403.0,2880.0,sábado,2021-11-27 20:45:00,645.0
86,PUTUMAYO,86573,PUERTO LEGUÍZAMO,86573000,PUERTO LEGUÍZAMO (PUERTO LEGUÍZAMO - PUTUMAYO),2021,11,992047.0,400518.0,195184.0,martes,2021-11-16 15:15:00,2353.0
76,VALLE DEL CAUCA,76109,BUENAVENTURA,76109032,SAN FRANCISCO NAYA (BUENAVENTURA - VALLE DEL CAUCA),2021,11,5919.0,2589.0,43940.0,jueves,2021-11-25 17:45:00,743.0
97,VAUPÉS,97161,CARURÚ,97161000,CARURÚ (CARURÚ - VAUPÉS),2021,11,26121.0,7678.0,92930.0,jueves,2021-11-18 18:30:00,1258.0
97,VAUPÉS,97001,MITÚ,97001000,MITÚ (MITÚ - VAUPÉS),2021,11,7576.0,379678.0,272019.0,miércoles,2021-11-17 23:45:00,2303.0
97,VAUPÉS,97666,TARAIRA,97666000,TARAIRA (TARAIRA - VAUPÉS),2021,11,29213.0,9089.0,125840.0,lunes,2021-11-30 00:30:00,1032.0
99,VICHADA,99773,CUMARIBO,99773000,CUMARIBO (CUMARIBO - VICHADA),2021,11,331422.0,137011.0,696960.0,martes,2021-11-16 14:15:00,2353.0
99,VICHADA,99524,LA PRIMAVERA,99524000,LA PRIMAVERA (LA PRIMAVERA - VICHADA),2021,11,330853.0,138094.0,654190.0,martes,2021-11-30 18:15:00,2354.0
99,VICHADA,99001,PUERTO CARREÑO,99001002,CASUARITO (PUERTO CARREÑO - VICHADA),2021,11,25865.0,9443.0,126190.0,martes,2021-11-16 18:15:00,845.0
99,VICHADA,99001,PUERTO CARREÑO,99001000,PUERTO CARREÑO (PUERTO CARREÑO - VICHADA),2021,11,7576.0,801104.0,449768.0,jueves,2021-11-04 13:45:00,24.0
99,VICHADA,99624,SANTA ROSALÍA,99624000,SANTA ROSALÍA (SANTA ROSALÍA - VICHADA),2021,11,150513.0,7559.0,391680.0,martes,2021-11-16 18:30:00,1815.0
91,AMAZONAS,91001,LETICIA,91001000,LETICIA (LETICIA - AMAZONAS),2021,12,7576.0,4650.0,742824.0,lunes,2021-12-13 15:00:00,24.0
91,AMAZONAS,91540,PUERTO NARIÑO,91540000,PUERTO NARIÑO (PUERTO NARIÑO - AMAZONAS),2021,12,114582.0,39961.0,221410.0,lunes,2021-12-27 19:00:00,24.0
91,AMAZONAS,91798,TARAPACÁ (ANM),91798000,TARAPACÁ (TARAPACÁ (ANM) - AMAZONAS),2021,12,24153.0,10613.0,90460.0,jueves,2021-12-02 15:30:00,1015.0
5,ANTIOQUIA,5873,VIGÍA DEL FUERTE,5873002,VEGÁEZ (VIGÍA DEL FUERTE - ANTIOQUIA),2021,12,3721.0,4290.0,51140.0,jueves,2021-12-23 19:00:00,505.0
88,"ARCHIPIÉLAGO DE SAN ANDRÉS, PROVIDENCIA Y SANTA CATALINA",88564,PROVIDENCIA,88564000,PROVIDENCIA (PROVIDENCIA - ARCHIPIÉLAGO DE SAN ANDRÉS Y PROVIDENCIA),2021,12,7576.0,268745.0,172719.0,lunes,2021-12-06 21:15:00,24.0
88,"ARCHIPIÉLAGO DE SAN ANDRÉS, PROVIDENCIA Y SANTA CATALINA",88001,SAN ANDRÉS,88001000,SAN ANDRÉS (SAN ANDRÉS - ARCHIPIÉLAGO DE SAN ANDRÉS Y PROVIDENCIA),2021,12,7576.0,4650.0,289534.0,jueves,2021-12-30 15:45:00,2359.0
13,BOLÍVAR,13001,CARTAGENA DE INDIAS,13001007,ISLA FUERTE (CARTAGENA DE INDIAS - BOLÍVAR),2021,12,14819.0,8437.0,184820.0,viernes,2021-12-31 22:00:00,503.0
13,BOLÍVAR,13001,CARTAGENA DE INDIAS,13001037,ISLA MÚCURA (CARTAGENA DE INDIAS - BOLÍVAR),2021,12,6715.0,2639.0,20640.0,miércoles,2021-12-09 00:30:00,1517.0
13,BOLÍVAR,13001,CARTAGENA DE INDIAS,13001017,SANTA CRUZ DEL ISLOTE (CARTAGENA DE INDIAS - BOLÍVAR),2021,12,13297.0,4463.0,34240.0,miércoles,2021-12-29 22:00:00,1636.0
18,CAQUETÁ,18150,CARTAGENA DEL CHAIRÁ,18150001,REMOLINO DEL CAGUÁN (CARTAGENA DEL CHAIRA - CAQUETÁ),2021,12,18509.0,91.0,93360.0,viernes,2021-12-31 18:45:00,832.0
18,CAQUETÁ,18150,CARTAGENA DEL CHAIRÁ,18150002,SANTA FE DEL CAGUÁN (CARTAGENA DEL CHAIRA - CAQUETÁ),2021,12,4758.0,2196.0,45120.0,sábado,2021-12-04 18:15:00,501.0
18,CAQUETÁ,18753,SAN VICENTE DEL CAGUÁN,18753002,GUACAMAYAS (SAN VICENTE DEL CAGUÁN - CAQUETÁ),2021,12,15996.0,6347.0,4980.0,viernes,2021-12-31 18:30:00,1843.0
18,CAQUETÁ,18753,SAN VICENTE DEL CAGUÁN,18753015,GUAYABAL (SAN VICENTE DEL CAGUÁN - CAQUETÁ),2021,12,6968.0,3531.0,40640.0,lunes,2021-12-06 18:00:00,711.0
18,CAQUETÁ,18753,SAN VICENTE DEL CAGUÁN,18753009,PUERTO BETANIA (SAN VICENTE DEL CAGUÁN - CAQUETÁ),2021,12,6174.0,2393.0,48040.0,sábado,2021-12-18 18:45:00,547.0
85,CASANARE,85430,TRINIDAD,85430001,BOCAS DEL PAUTO (TRINIDAD - CASANARE),2021,12,14236.0,7725.0,93120.0,viernes,2021-12-31 18:30:00,612.0
19,CAUCA,19318,GUAPI,19318008,LIMONES (GUAPI - CAUCA),2021,12,8928.0,3931.0,38910.0,jueves,2021-12-30 18:45:00,10.0
19,CAUCA,19318,GUAPI,19318013,SAN ANTONIO DE GUAJUÍ (GUAPI - CAUCA),2021,12,12223.0,4838.0,4950.0,jueves,2021-12-30 18:45:00,1021.0
19,CAUCA,19418,LÓPEZ DE MICAY,19418011,DOS QUEBRADAS RÍO NAYA (LÓPEZ DE MICAY - CAUCA),2021,12,516.0,2184.0,2950.0,miércoles,2021-12-29 18:00:00,712.0
19,CAUCA,19418,LÓPEZ DE MICAY,19418038,ISLA DE GALLO (LÓPEZ DE MICAY - CAUCA),2021,12,3727.0,1504.0,23970.0,viernes,2021-12-31 19:00:00,658.0
19,CAUCA,19418,LÓPEZ DE MICAY,19418009,NOANAMITO (LÓPEZ DE MICAY - CAUCA),2021,12,6828.0,1988.0,520.0,domingo,2021-12-19 20:30:00,636.0
19,CAUCA,19418,LÓPEZ DE MICAY,19418012,SAN ANTONIO DE CHUARÉ (LÓPEZ DE MICAY - CAUCA),2021,12,8525.0,2868.0,57790.0,viernes,2021-12-24 19:30:00,61.0
19,CAUCA,19418,LÓPEZ DE MICAY,19418015,SAN ISIDRO (LÓPEZ DE MICAY - CAUCA),2021,12,9310.0,4570.0,6080.0,miércoles,2021-12-29 18:45:00,706.0
19,CAUCA,19418,LÓPEZ DE MICAY,19418019,ZARAGOZA (LOPEZ DE MICAY - CAUCA),2021,12,72.0,2989.0,5110.0,jueves,2021-12-02 19:30:00,542.0
19,CAUCA,19809,TIMBIQUÍ,19809014,CHACÓN (TIMBIQUÍ - CAUCA),2021,12,4535.0,1071.0,32460.0,martes,2021-12-07 18:45:00,619.0
19,CAUCA,19809,TIMBIQUÍ,19809010,COMUNIDAD DE CHETE (TIMBIQUÍ - CAUCA),2021,12,519.0,2822.0,33090.0,jueves,2021-12-09 19:30:00,621.0
19,CAUCA,19809,TIMBIQUÍ,19809003,COTEJE (TIMBIQUÍ - CAUCA),2021,12,6959.0,46.0,34920.0,miércoles,2021-12-08 18:30:00,802.0
19,CAUCA,19809,TIMBIQUÍ,19809026,LOS BRAZOS (TIMBIQUÍ - CAUCA),2021,12,8236.0,1602.0,44450.0,martes,2021-12-07 19:30:00,71.0
19,CAUCA,19809,TIMBIQUÍ,19809023,PUERTO SAIJA (TIMBIQUÍ - CAUCA),2021,12,17508.0,8514.0,146960.0,viernes,2021-12-31 19:00:00,447.0
19,CAUCA,19809,TIMBIQUÍ,19809007,SAN JOSÉ (TIMBIQUÍ - CAUCA),2021,12,9283.0,6251.0,39360.0,jueves,2021-12-30 19:45:00,933.0
19,CAUCA,19809,TIMBIQUÍ,19809008,SANTA MARÍA (TIMBIQUÍ - CAUCA),2021,12,12877.0,5113.0,74050.0,viernes,2021-12-31 19:30:00,729.0
19,CAUCA,19809,TIMBIQUÍ,19809009,SANTA ROSA DE SAIJA (TIMBIQUÍ - CAUCA),2021,12,3994.0,25.0,2220.0,miércoles,2021-12-01 19:30:00,735.0
27,CHOCÓ,27006,ACANDÍ,27006000,ACANDÍ (ACANDÍ - CHOCÓ),2021,12,522324.0,195138.0,125752.0,viernes,2021-12-31 18:45:00,197.0
27,CHOCÓ,27006,ACANDÍ,27006007,SAN FRANCISCO (ACANDÍ - CHOCÓ),2021,12,22309.0,6892.0,118030.0,miércoles,2021-12-29 20:15:00,827.0
27,CHOCÓ,27025,ALTO BAUDÓ (PIE DE PATO),27025000,CIUDAD BAUDÓ - PIE DE PATO (ALTO BAUDÓ - CHOCÓ),2021,12,45837.0,14481.0,106570.0,martes,2021-12-08 00:15:00,2347.0
27,CHOCÓ,27075,BAHÍA SOLANO (MUTIS),27075000,CIUDAD MUTIS (BAHÍA SOLANO - CHOCÓ),2021,12,639792.0,26079.0,124872.0,viernes,2021-12-18 00:00:00,24.0
27,CHOCÓ,27075,BAHÍA SOLANO (MUTIS),27075001,CUPICA (BAHÍA SOLANO - CHOCÓ),2021,12,67376.0,24294.0,158960.0,sábado,2021-12-04 20:00:00,24.0
27,CHOCÓ,27075,BAHÍA SOLANO (MUTIS),27075002,EL VALLE (BAHÍA SOLANO - CHOCÓ),2021,12,161254.0,65484.0,356660.0,lunes,2021-12-27 18:45:00,2331.0
27,CHOCÓ,27077,BAJO BAUDÓ (PIZARRO),27077011,PILIZA (BAJO BAUDÓ (PIZARRO) - CHOCÓ),2021,12,723.0,6342.0,320.0,jueves,2021-12-30 19:00:00,10.0
27,CHOCÓ,27077,BAJO BAUDÓ (PIZARRO),27077000,PIZARRO (BAJO BAUDÓ (PIZARRO) - CHOCÓ),2021,12,212096.0,99661.0,394940.0,martes,2021-12-07 19:00:00,2359.0
27,CHOCÓ,27099,BOJAYÁ (BELLAVISTA),27099000,BELLAVISTA (BOJAYÁ (BELLAVISTA) - CHOCÓ),2021,12,9531.0,2744.0,228080.0,miércoles,2021-12-15 19:00:00,1744.0
27,CHOCÓ,27099,BOJAYÁ (BELLAVISTA),27099002,LA LOMA DE BOJAYÁ (BOJAYÁ (BELLAVISTA) - CHOCÓ),2021,12,11874.0,5942.0,5760.0,miércoles,2021-12-01 19:00:00,908.0
27,CHOCÓ,27099,BOJAYÁ (BELLAVISTA),27099005,NAPIPÍ (BOJAYÁ (BELLAVISTA) - CHOCÓ),2021,12,841.0,2213.0,640.0,miércoles,2021-12-29 19:45:00,513.0
27,CHOCÓ,27099,BOJAYÁ (BELLAVISTA),27099008,PUERTO CONTO (BOJAYÁ (BELLAVISTA) - CHOCO),2021,12,8024.0,2285.0,6960.0,viernes,2021-12-24 20:00:00,511.0
27,CHOCÓ,27250,EL LITORAL DEL SAN JUAN,27250002,CUCURRUPÍ (EL LITORAL DEL SAN JUAN - CHOCÓ),2021,12,2995.0,1063.0,320.0,viernes,2021-12-24 13:00:00,458.0
27,CHOCÓ,27250,EL LITORAL DEL SAN JUAN,27250000,SANTA GENOVEVA DE DOCORDÓ (EL LITORAL DEL SAN JUAN - CHOCÓ),2021,12,64753.0,37259.0,1650.0,jueves,2021-12-09 23:00:00,2326.0
27,CHOCÓ,27250,EL LITORAL DEL SAN JUAN,27250914,TOGOROMA PLAYA (EL LITORAL DEL SAN JUAN - CHOCÓ),2021,12,1126.0,2080.0,10940.0,lunes,2021-12-06 18:00:00,502.0
27,CHOCÓ,27372,JURADÓ,27372000,JURADÓ (JURADÓ - CHOCÓ),2021,12,170787.0,72659.0,308320.0,jueves,2021-12-09 19:15:00,2352.0
27,CHOCÓ,27425,MEDIO ATRATO (BETÉ),27425000,BETÉ (MEDIO ATRATO (BETÉ) - CHOCÓ),2021,12,15691.0,10231.0,560.0,sábado,2021-12-11 19:30:00,1232.0
27,CHOCÓ,27425,MEDIO ATRATO (BETÉ),27425008,SAN ROQUE (MEDIO ATRATO (BETÉ) - CHOCÓ),2021,12,4173.0,1301.0,25540.0,viernes,2021-12-24 18:45:00,633.0
27,CHOCÓ,27495,NUQUÍ,27495912,COMUNIDAD INDÍGENA DE PANGUÍ - EL YUCAL (NUQUÍ - CHOCÓ),2021,12,8167.0,1892.0,11350.0,lunes,2021-12-20 00:00:00,2329.0
27,CHOCÓ,27495,NUQUÍ,27495000,NUQUÍ (NUQUÍ - CHOCÓ),2021,12,259262.0,8934.0,511810.0,domingo,2021-12-19 19:00:00,2354.0
27,CHOCÓ,27495,NUQUÍ,27495011,PUERTO JAGUA (NUQUÍ - CHOCÓ),2021,12,8090.0,4700.0,470.0,jueves,2021-12-23 18:45:00,717.0
27,CHOCÓ,27001,QUIBDÓ,27001029,TAGACHI (QUIBDÓ - CHOCÓ),2021,12,9949.0,3488.0,56020.0,jueves,2021-12-30 13:45:00,826.0
27,CHOCÓ,27800,UNGUÍA,27800001,BALBOA (UNGUÍA - CHOCÓ),2021,12,20287.0,8071.0,8430.0,viernes,2021-12-31 18:45:00,954.0
27,CHOCÓ,27800,UNGUÍA,27800005,TITUMATE (UNGUÍA - CHOCÓ),2021,12,18197.0,4683.0,10050.0,domingo,2021-12-19 19:00:00,815.0
27,CHOCÓ,27800,UNGUÍA,27800000,UNGUÍA (UNGUÍA - CHOCÓ),2021,12,424583.0,147401.0,855890.0,jueves,2021-12-16 21:30:00,2217.0
94,GUAINÍA,94343,BARRANCOMINAS,94343000,BARRANCOMINAS (BARRANCOMINAS - GUAINÍA),2021,12,7131.0,24211.0,187060.0,viernes,2021-12-03 19:00:00,16.0
94,GUAINÍA,94001,INÍRIDA,94001000,INÍRIDA (INÍRIDA - GUAINÍA),2021,12,7576.0,666182.0,37268.0,lunes,2021-12-06 17:45:00,24.0
95,GUAVIARE,95200,MIRAFLORES,95200000,MIRAFLORES (MIRAFLORES - GUAVIARE),2021,12,8821.0,32159.0,193160.0,jueves,2021-12-23 18:15:00,1936.0
44,LA GUAJIRA,44847,URIBIA,44847012,NAZARETH (URIBIA - LA GUAJIRA),2021,12,46448.0,17396.0,194880.0,miércoles,2021-12-01 18:15:00,1211.0
47,MAGDALENA,47189,CIÉNAGA,47189018,PALMOR (CIÉNAGA - MAGDALENA),2021,12,108744.0,39858.0,208320.0,martes,2021-12-07 18:30:00,2323.0
50,META,50325,MAPIRIPÁN,50325000,MAPIRIPÁN (MAPIRIPÁN - META),2021,12,182933.0,73333.0,348480.0,miércoles,2021-12-22 18:30:00,2351.0
52,NARIÑO,52250,EL CHARCO,52250016,ALTERÓN (URIBE URIBE) (EL CHARCO - NARIÑO),2021,12,1389.0,2510.0,910.0,sábado,2021-12-18 19:15:00,605.0
52,NARIÑO,52250,EL CHARCO,52250023,BAZÁN (EL CHARCO - NARIÑO),2021,12,20899.0,12895.0,10560.0,viernes,2021-12-10 19:30:00,8.0
52,NARIÑO,52250,EL CHARCO,52250003,BOLÍVAR - SAN PEDRO (EL CHARCO - NARIÑO),2021,12,1843.0,1402.0,24930.0,viernes,2021-12-24 19:45:00,309.0
52,NARIÑO,52250,EL CHARCO,52250007,SAN JOSÉ DEL TAPAJE (EL CHARCO - NARIÑO),2021,12,17048.0,4186.0,800.0,jueves,2021-12-30 21:45:00,829.0
52,NARIÑO,52390,LA TOLA,52390005,AGUACATAL (LA TOLA - NARIÑO),2021,12,2156.0,4970.0,13680.0,domingo,2021-12-19 18:15:00,712.0
52,NARIÑO,52390,LA TOLA,52390003,LA VIGÍA DE LA MAR (LA TOLA - NARIÑO),2021,12,6502.0,295.0,31520.0,miércoles,2021-12-08 23:15:00,935.0
52,NARIÑO,52390,LA TOLA,52390009,MULATOS (LA TOLA - NARIÑO),2021,12,4102.0,1882.0,38430.0,lunes,2021-12-27 18:00:00,546.0
52,NARIÑO,52390,LA TOLA,52390016,SAN PABLO DEL MAR (LA TOLA - NARIÑO),2021,12,4474.0,1287.0,28670.0,viernes,2021-12-24 19:45:00,629.0
52,NARIÑO,52490,OLAYA HERRERA,52490913,BOCA DE PRIETA (OLAYA HERRERA - NARIÑO),2021,12,2876.0,8000.0,1930.0,miércoles,2021-12-01 19:30:00,731.0
52,NARIÑO,52835,SAN ANDRÉS DE TUMACO,52835055,BOCAS DE CURAY (TUMACO - NARIÑO),2021,12,10189.0,3188.0,5760.0,viernes,2021-12-24 19:00:00,753.0
52,NARIÑO,52835,SAN ANDRÉS DE TUMACO,52835016,PITAL DE LA COSTA (TUMACO - NARIÑO),2021,12,18848.0,10118.0,840.0,sábado,2021-12-04 00:45:00,931.0
52,NARIÑO,52835,SAN ANDRÉS DE TUMACO,52835217,SAN JUAN DE LA COSTA (SAN ANDRÉS DE TUMACO - NARIÑO),2021,12,24319.0,9134.0,1280.0,jueves,2021-12-30 19:00:00,822.0
52,NARIÑO,52696,SANTA BÁRBARA (ISCUANDÉ),52696014,LA ENSENADA (SANTA BÁRBARA (ISCUANDÉ) - NARIÑO),2021,12,2748.0,1098.0,17440.0,viernes,2021-12-24 20:00:00,625.0
52,NARIÑO,52696,SANTA BÁRBARA (ISCUANDÉ),52696022,SECADERO (SANTA BÁRBARA (ISCUANDÉ) - NARIÑO),2021,12,2729.0,1926.0,13610.0,miércoles,2021-12-08 18:45:00,901.0
86,PUTUMAYO,86573,PUERTO LEGUÍZAMO,86573009,PIÑUÑA NEGRO (PUERTO LEGUÍZAMO - PUTUMAYO),2021,12,4492.0,2941.0,2880.0,sábado,2021-12-25 17:30:00,728.0
76,VALLE DEL CAUCA,76109,BUENAVENTURA,76109028,PUERTO MERIZALDE (BUENAVENTURA - VALLE DEL CAUCA),2021,12,58393.0,19668.0,18850.0,viernes,2021-12-17 20:00:00,1314.0
76,VALLE DEL CAUCA,76109,BUENAVENTURA,76109032,SAN FRANCISCO NAYA (BUENAVENTURA - VALLE DEL CAUCA),2021,12,4366.0,20.0,31230.0,domingo,2021-12-12 00:00:00,533.0
97,VAUPÉS,97161,CARURÚ,97161000,CARURÚ (CARURÚ - VAUPÉS),2021,12,29197.0,889.0,96980.0,miércoles,2021-12-01 18:15:00,1251.0
97,VAUPÉS,97001,MITÚ,97001000,MITÚ (MITÚ - VAUPÉS),2021,12,7576.0,419135.0,282812.0,lunes,2021-12-06 23:45:00,24.0
97,VAUPÉS,97666,TARAIRA,97666000,TARAIRA (TARAIRA - VAUPÉS),2021,12,33243.0,10338.0,118180.0,lunes,2021-12-27 18:00:00,1127.0
99,VICHADA,99773,CUMARIBO,99773000,CUMARIBO (CUMARIBO - VICHADA),2021,12,354309.0,146964.0,705760.0,lunes,2021-12-13 18:00:00,2358.0
99,VICHADA,99524,LA PRIMAVERA,99524000,LA PRIMAVERA (LA PRIMAVERA - VICHADA),2021,12,349787.0,146817.0,69060.0,lunes,2021-12-27 18:15:00,2354.0
99,VICHADA,99001,PUERTO CARREÑO,99001002,CASUARITO (PUERTO CARREÑO - VICHADA),2021,12,3812.0,1466.0,107540.0,viernes,2021-12-10 19:15:00,1416.0
99,VICHADA,99001,PUERTO CARREÑO,99001000,PUERTO CARREÑO (PUERTO CARREÑO - VICHADA),2021,12,7576.0,817352.0,435424.0,lunes,2021-12-06 14:00:00,24.0
99,VICHADA,99624,SANTA ROSALÍA,99624000,SANTA ROSALÍA (SANTA ROSALÍA - VICHADA),2021,12,157971.0,79928.0,369940.0,miércoles,2021-12-22 18:30:00,183.0
91,AMAZONAS,91001,LETICIA,91001000,LETICIA (LETICIA - AMAZONAS),2022,1,7576.0,4650.0,71715.0,miércoles,2022-01-19 15:15:00,24.0
91,AMAZONAS,91540,PUERTO NARIÑO,91540000,PUERTO NARIÑO (PUERTO NARIÑO - AMAZONAS),2022,1,104004.0,37309.0,227220.0,miércoles,2022-01-05 19:15:00,2355.0
27,CHOCÓ,27372,JURADO,27372000,JURADO,2025,12,200343.0,58239.0,3560.0,jueves,2025-12-24 19:30:00,2.393
91,AMAZONAS,91798,TARAPACÁ (ANM),91798000,TARAPACÁ (TARAPACÁ (ANM) - AMAZONAS),2022,1,23629.0,10738.0,8680.0,domingo,2022-01-16 18:00:00,1024.0
5,ANTIOQUIA,5873,VIGÍA DEL FUERTE,5873002,VEGÁEZ (VIGÍA DEL FUERTE - ANTIOQUIA),2022,1,3438.0,4230.0,39710.0,lunes,2022-01-03 19:30:00,423.0
88,"ARCHIPIÉLAGO DE SAN ANDRÉS, PROVIDENCIA Y SANTA CATALINA",88564,PROVIDENCIA,88564000,PROVIDENCIA (PROVIDENCIA - ARCHIPIÉLAGO DE SAN ANDRÉS Y PROVIDENCIA),2022,1,936385.0,255183.0,156115.0,jueves,2022-01-20 21:30:00,24.0
88,"ARCHIPIÉLAGO DE SAN ANDRÉS, PROVIDENCIA Y SANTA CATALINA",88001,SAN ANDRÉS,88001000,SAN ANDRÉS (SAN ANDRÉS - ARCHIPIÉLAGO DE SAN ANDRÉS Y PROVIDENCIA),2022,1,7576.0,4650.0,2840001.0,lunes,2022-01-03 23:30:00,2359.0
13,BOLÍVAR,13001,CARTAGENA DE INDIAS,13001007,ISLA FUERTE (CARTAGENA DE INDIAS - BOLÍVAR),2022,1,20571.0,11791.0,187320.0,sábado,2022-01-01 23:15:00,523.0
13,BOLÍVAR,13001,CARTAGENA DE INDIAS,13001037,ISLA MÚCURA (CARTAGENA DE INDIAS - BOLÍVAR),2022,1,7048.0,2701.0,2080.0,miércoles,2022-01-05 14:30:00,1601.0
13,BOLÍVAR,13001,CARTAGENA DE INDIAS,13001017,SANTA CRUZ DEL ISLOTE (CARTAGENA DE INDIAS - BOLÍVAR),2022,1,13431.0,4523.0,33380.0,domingo,2022-01-09 21:45:00,1724.0
18,CAQUETÁ,18150,CARTAGENA DEL CHAIRÁ,18150001,REMOLINO DEL CAGUÁN (CARTAGENA DEL CHAIRA - CAQUETÁ),2022,1,16339.0,8129.0,89290.0,sábado,2022-01-15 19:00:00,753.0
18,CAQUETÁ,18150,CARTAGENA DEL CHAIRÁ,18150002,SANTA FE DEL CAGUÁN (CARTAGENA DEL CHAIRA - CAQUETÁ),2022,1,3669.0,1701.0,39920.0,domingo,2022-01-30 18:45:00,356.0
18,CAQUETÁ,18753,SAN VICENTE DEL CAGUÁN,18753002,GUACAMAYAS (SAN VICENTE DEL CAGUÁN - CAQUETÁ),2022,1,15105.0,6256.0,42310.0,domingo,2022-01-02 18:30:00,1821.0
18,CAQUETÁ,18753,SAN VICENTE DEL CAGUÁN,18753009,PUERTO BETANIA (SAN VICENTE DEL CAGUÁN - CAQUETÁ),2022,1,622.0,2452.0,51240.0,sábado,2022-01-29 19:15:00,538.0
85,CASANARE,85430,TRINIDAD,85430001,BOCAS DEL PAUTO (TRINIDAD - CASANARE),2022,1,14414.0,8102.0,9670.0,jueves,2022-01-06 18:30:00,601.0
19,CAUCA,19318,GUAPI,19318008,LIMONES (GUAPI - CAUCA),2022,1,7662.0,3177.0,3630.0,jueves,2022-01-13 19:00:00,855.0
19,CAUCA,19318,GUAPI,19318013,SAN ANTONIO DE GUAJUÍ (GUAPI - CAUCA),2022,1,11541.0,4806.0,48160.0,viernes,2022-01-07 18:30:00,941.0
19,CAUCA,19418,LÓPEZ DE MICAY,19418011,DOS QUEBRADAS RÍO NAYA (LÓPEZ DE MICAY - CAUCA),2022,1,5401.0,2361.0,30530.0,martes,2022-01-25 16:15:00,734.0
19,CAUCA,19418,LÓPEZ DE MICAY,19418038,ISLA DE GALLO (LÓPEZ DE MICAY - CAUCA),2022,1,3673.0,1647.0,24350.0,miércoles,2022-01-05 18:45:00,646.0
19,CAUCA,19418,LÓPEZ DE MICAY,19418009,NOANAMITO (LÓPEZ DE MICAY - CAUCA),2022,1,6526.0,199.0,440.0,domingo,2022-01-30 19:15:00,623.0
19,CAUCA,19418,LÓPEZ DE MICAY,19418012,SAN ANTONIO DE CHUARÉ (LÓPEZ DE MICAY - CAUCA),2022,1,8262.0,2868.0,61150.0,viernes,2022-01-21 18:45:00,53.0
19,CAUCA,19418,LÓPEZ DE MICAY,19418015,SAN ISIDRO (LÓPEZ DE MICAY - CAUCA),2022,1,1053.0,5700.0,6340.0,jueves,2022-01-13 19:00:00,721.0
19,CAUCA,19418,LÓPEZ DE MICAY,19418019,ZARAGOZA (LOPEZ DE MICAY - CAUCA),2022,1,6137.0,2391.0,56480.0,domingo,2022-01-23 19:00:00,455.0
19,CAUCA,19809,TIMBIQUÍ,19809014,CHACÓN (TIMBIQUÍ - CAUCA),2022,1,245.0,6160.0,29810.0,jueves,2022-01-13 19:45:00,328.0
19,CAUCA,19809,TIMBIQUÍ,19809010,COMUNIDAD DE CHETE (TIMBIQUÍ - CAUCA),2022,1,4581.0,2748.0,31780.0,jueves,2022-01-20 19:00:00,551.0
19,CAUCA,19809,TIMBIQUÍ,19809003,COTEJE (TIMBIQUÍ - CAUCA),2022,1,5863.0,4178.0,330.0,lunes,2022-01-24 18:45:00,701.0
19,CAUCA,19809,TIMBIQUÍ,19809026,LOS BRAZOS (TIMBIQUÍ - CAUCA),2022,1,8045.0,1531.0,42340.0,miércoles,2022-01-19 19:45:00,705.0
19,CAUCA,19809,TIMBIQUÍ,19809023,PUERTO SAIJA (TIMBIQUÍ - CAUCA),2022,1,24669.0,11861.0,151540.0,miércoles,2022-01-19 20:00:00,626.0
19,CAUCA,19809,TIMBIQUÍ,19809007,SAN JOSÉ (TIMBIQUÍ - CAUCA),2022,1,8205.0,5676.0,39260.0,lunes,2022-01-31 19:45:00,83.0
19,CAUCA,19809,TIMBIQUÍ,19809008,SANTA MARÍA (TIMBIQUÍ - CAUCA),2022,1,13803.0,5622.0,7110.0,jueves,2022-01-06 18:45:00,759.0
19,CAUCA,19809,TIMBIQUÍ,19809009,SANTA ROSA DE SAIJA (TIMBIQUÍ - CAUCA),2022,1,3882.0,2566.0,22680.0,miércoles,2022-01-26 18:30:00,721.0
27,CHOCÓ,27006,ACANDÍ,27006000,ACANDÍ (ACANDÍ - CHOCÓ),2022,1,560845.0,210349.0,110774.0,domingo,2022-01-02 20:30:00,217.0
27,CHOCÓ,27006,ACANDÍ,27006007,SAN FRANCISCO (ACANDÍ - CHOCÓ),2022,1,10598.0,3551.0,84820.0,miércoles,2022-01-05 19:30:00,548.0
27,CHOCÓ,27025,ALTO BAUDÓ (PIE DE PATO),27025000,CIUDAD BAUDÓ - PIE DE PATO (ALTO BAUDÓ - CHOCÓ),2022,1,45799.0,14594.0,107890.0,sábado,2022-01-30 00:15:00,235.0
27,CHOCÓ,27075,BAHÍA SOLANO (MUTIS),27075000,CIUDAD MUTIS (BAHÍA SOLANO - CHOCÓ),2022,1,6646.0,240197.0,128612.0,jueves,2022-01-20 19:15:00,2354.0
27,CHOCÓ,27075,BAHÍA SOLANO (MUTIS),27075001,CUPICA (BAHÍA SOLANO - CHOCÓ),2022,1,67016.0,22507.0,145990.0,sábado,2022-01-29 19:30:00,2359.0
27,CHOCÓ,27075,BAHÍA SOLANO (MUTIS),27075002,EL VALLE (BAHÍA SOLANO - CHOCÓ),2022,1,166124.0,69597.0,349270.0,martes,2022-01-04 19:15:00,2348.0
27,CHOCÓ,27077,BAJO BAUDÓ (PIZARRO),27077905,BUENAVISTA (BAJO BAUDÓ (PIZARRO) - CHOCÓ),2022,1,2346.0,2880.0,34660.0,miércoles,2022-01-26 20:00:00,227.0
27,CHOCÓ,27077,BAJO BAUDÓ (PIZARRO),27077011,PILIZA (BAJO BAUDÓ (PIZARRO) - CHOCÓ),2022,1,6045.0,5855.0,320.0,viernes,2022-01-28 19:00:00,755.0
27,CHOCÓ,27077,BAJO BAUDÓ (PIZARRO),27077000,PIZARRO (BAJO BAUDÓ (PIZARRO) - CHOCÓ),2022,1,207075.0,9633.0,416060.0,lunes,2022-01-31 19:45:00,2301.0
27,CHOCÓ,27099,BOJAYÁ (BELLAVISTA),27099000,BELLAVISTA (BOJAYÁ (BELLAVISTA) - CHOCÓ),2022,1,92871.0,2691.0,255810.0,jueves,2022-01-27 19:15:00,1642.0
27,CHOCÓ,27099,BOJAYÁ (BELLAVISTA),27099002,LA LOMA DE BOJAYÁ (BOJAYÁ (BELLAVISTA) - CHOCÓ),2022,1,13026.0,6487.0,6080.0,lunes,2022-01-31 19:15:00,93.0
27,CHOCÓ,27099,BOJAYÁ (BELLAVISTA),27099005,NAPIPÍ (BOJAYÁ (BELLAVISTA) - CHOCÓ),2022,1,9644.0,2507.0,640.0,lunes,2022-01-03 20:15:00,551.0
27,CHOCÓ,27250,EL LITORAL DEL SAN JUAN,27250000,SANTA GENOVEVA DE DOCORDÓ (EL LITORAL DEL SAN JUAN - CHOCÓ),2022,1,60799.0,34401.0,167640.0,martes,2022-01-26 00:45:00,2245.0
27,CHOCÓ,27372,JURADÓ,27372000,JURADÓ (JURADÓ - CHOCÓ),2022,1,16483.0,72505.0,318880.0,jueves,2022-01-20 19:30:00,2347.0
27,CHOCÓ,27425,MEDIO ATRATO (BETÉ),27425000,BETÉ (MEDIO ATRATO (BETÉ) - CHOCÓ),2022,1,14515.0,9906.0,520.0,lunes,2022-01-31 20:00:00,1156.0
27,CHOCÓ,27425,MEDIO ATRATO (BETÉ),27425008,SAN ROQUE (MEDIO ATRATO (BETÉ) - CHOCÓ),2022,1,404.0,1287.0,24430.0,sábado,2022-01-22 19:15:00,638.0
27,CHOCÓ,27495,NUQUÍ,27495912,COMUNIDAD INDÍGENA DE PANGUÍ - EL YUCAL (NUQUÍ - CHOCÓ),2022,1,6776.0,1851.0,11340.0,sábado,2022-01-08 16:30:00,2346.0
27,CHOCÓ,27495,NUQUÍ,27495000,NUQUÍ (NUQUÍ - CHOCÓ),2022,1,251923.0,97354.0,493860.0,sábado,2022-01-08 19:00:00,24.0
27,CHOCÓ,27495,NUQUÍ,27495011,PUERTO JAGUA (NUQUÍ - CHOCÓ),2022,1,5600.0,3140.0,4340.0,martes,2022-01-18 19:45:00,502.0
27,CHOCÓ,27001,QUIBDÓ,27001029,TAGACHI (QUIBDÓ - CHOCÓ),2022,1,828.0,297.0,56860.0,martes,2022-01-04 13:15:00,712.0
27,CHOCÓ,27800,UNGUÍA,27800001,BALBOA (UNGUÍA - CHOCÓ),2022,1,19504.0,7918.0,81140.0,domingo,2022-01-02 20:00:00,957.0
27,CHOCÓ,27800,UNGUÍA,27800005,TITUMATE (UNGUÍA - CHOCÓ),2022,1,17535.0,4497.0,9530.0,sábado,2022-01-22 20:15:00,825.0
27,CHOCÓ,27800,UNGUÍA,27800000,UNGUÍA (UNGUÍA - CHOCÓ),2022,1,38638.0,137484.0,799390.0,jueves,2022-01-20 19:15:00,2215.0
94,GUAINÍA,94343,BARRANCOMINAS,94343000,BARRANCOMINAS (BARRANCOMINAS - GUAINÍA),2022,1,60972.0,19836.0,202860.0,domingo,2022-01-02 18:30:00,1414.0
94,GUAINÍA,94001,INÍRIDA,94001000,INÍRIDA (INÍRIDA - GUAINÍA),2022,1,7576.0,673698.0,358952.0,viernes,2022-01-14 15:15:00,24.0
95,GUAVIARE,95200,MIRAFLORES,95200000,MIRAFLORES (MIRAFLORES - GUAVIARE),2022,1,76973.0,28414.0,199320.0,lunes,2022-01-31 18:30:00,174.0
44,LA GUAJIRA,44847,URIBIA,44847012,NAZARETH (URIBIA - LA GUAJIRA),2022,1,42883.0,17085.0,185520.0,martes,2022-01-18 18:30:00,1322.0
47,MAGDALENA,47189,CIÉNAGA,47189018,PALMOR (CIÉNAGA - MAGDALENA),2022,1,98133.0,3454.0,184060.0,sábado,2022-01-15 18:45:00,2323.0
50,META,50325,MAPIRIPÁN,50325000,MAPIRIPÁN (MAPIRIPÁN - META),2022,1,172163.0,71286.0,345840.0,jueves,2022-01-27 18:45:00,2354.0
52,NARIÑO,52250,EL CHARCO,52250007,SAN JOSÉ DEL TAPAJE (EL CHARCO - NARIÑO),2022,1,16612.0,4662.0,800.0,lunes,2022-01-31 21:15:00,81.0
52,NARIÑO,52390,LA TOLA,52390003,LA VIGÍA DE LA MAR (LA TOLA - NARIÑO),2022,1,7083.0,3306.0,35480.0,miércoles,2022-01-12 23:15:00,93.0
52,NARIÑO,52390,LA TOLA,52390009,MULATOS (LA TOLA - NARIÑO),2022,1,4201.0,1947.0,35360.0,lunes,2022-01-31 17:30:00,619.0
52,NARIÑO,52390,LA TOLA,52390016,SAN PABLO DEL MAR (LA TOLA - NARIÑO),2022,1,1149.0,3500.0,27010.0,jueves,2022-01-06 20:00:00,144.0
52,NARIÑO,52490,OLAYA HERRERA,52490913,BOCA DE PRIETA (OLAYA HERRERA - NARIÑO),2022,1,2675.0,7490.0,17640.0,martes,2022-01-11 19:30:00,722.0
52,NARIÑO,52835,SAN ANDRÉS DE TUMACO,52835055,BOCAS DE CURAY (TUMACO - NARIÑO),2022,1,8122.0,2524.0,600.0,lunes,2022-01-03 18:45:00,553.0
52,NARIÑO,52835,SAN ANDRÉS DE TUMACO,52835016,PITAL DE LA COSTA (TUMACO - NARIÑO),2022,1,14171.0,7383.0,800.0,domingo,2022-01-30 19:15:00,736.0
52,NARIÑO,52835,SAN ANDRÉS DE TUMACO,52835217,SAN JUAN DE LA COSTA (SAN ANDRÉS DE TUMACO - NARIÑO),2022,1,16552.0,6129.0,1440.0,martes,2022-01-04 18:45:00,546.0
52,NARIÑO,52696,SANTA BÁRBARA (ISCUANDÉ),52696014,LA ENSENADA (SANTA BÁRBARA (ISCUANDÉ) - NARIÑO),2022,1,2621.0,1179.0,1680.0,miércoles,2022-01-19 19:45:00,601.0
52,NARIÑO,52696,SANTA BÁRBARA (ISCUANDÉ),52696022,SECADERO (SANTA BÁRBARA (ISCUANDÉ) - NARIÑO),2022,1,2814.0,2067.0,12460.0,miércoles,2022-01-26 19:00:00,923.0
86,PUTUMAYO,86573,PUERTO LEGUÍZAMO,86573009,PIÑUÑA NEGRO (PUERTO LEGUÍZAMO - PUTUMAYO),2022,1,4221.0,2702.0,2560.0,lunes,2022-01-31 19:45:00,655.0
76,VALLE DEL CAUCA,76109,BUENAVENTURA,76109028,PUERTO MERIZALDE (BUENAVENTURA - VALLE DEL CAUCA),2022,1,6379.0,20259.0,201170.0,jueves,2022-01-20 20:15:00,1323.0
76,VALLE DEL CAUCA,76109,BUENAVENTURA,76109032,SAN FRANCISCO NAYA (BUENAVENTURA - VALLE DEL CAUCA),2022,1,2649.0,1068.0,29820.0,jueves,2022-01-06 18:30:00,334.0
97,VAUPÉS,97161,CARURÚ,97161000,CARURÚ (CARURÚ - VAUPÉS),2022,1,19768.0,4438.0,99090.0,jueves,2022-01-27 16:15:00,1218.0
97,VAUPÉS,97001,MITÚ,97001000,MITÚ (MITÚ - VAUPÉS),2022,1,7576.0,411611.0,269406.0,viernes,2022-01-15 00:00:00,2356.0
97,VAUPÉS,97666,TARAIRA,97666000,TARAIRA (TARAIRA - VAUPÉS),2022,1,31365.0,9992.0,111850.0,jueves,2022-01-06 18:45:00,1123.0
99,VICHADA,99773,CUMARIBO,99773000,CUMARIBO (CUMARIBO - VICHADA),2022,1,33832.0,145066.0,67980.0,viernes,2022-01-14 18:15:00,24.0
99,VICHADA,99524,LA PRIMAVERA,99524000,LA PRIMAVERA (LA PRIMAVERA - VICHADA),2022,1,349259.0,148899.0,664260.0,viernes,2022-01-21 18:30:00,24.0
99,VICHADA,99001,PUERTO CARREÑO,99001002,CASUARITO (PUERTO CARREÑO - VICHADA),2022,1,30981.0,119.0,113870.0,martes,2022-01-25 18:45:00,1132.0
99,VICHADA,99001,PUERTO CARREÑO,99001000,PUERTO CARREÑO (PUERTO CARREÑO - VICHADA),2022,1,7576.0,819682.0,435776.0,martes,2022-01-25 14:15:00,24.0
99,VICHADA,99624,SANTA ROSALÍA,99624000,SANTA ROSALÍA (SANTA ROSALÍA - VICHADA),2022,1,148679.0,76843.0,36010.0,martes,2022-01-25 19:15:00,1811.0
91,AMAZONAS,91001,LETICIA,91001000,LETICIA (LETICIA - AMAZONAS),2022,2,7576.0,4650.0,728815.0,martes,2022-02-01 15:00:00,24.0
91,AMAZONAS,91540,PUERTO NARIÑO,91540000,PUERTO NARIÑO (PUERTO NARIÑO - AMAZONAS),2022,2,97153.0,34791.0,213490.0,jueves,2022-02-10 19:00:00,24.0
91,AMAZONAS,91798,TARAPACÁ (ANM),91798000,TARAPACÁ (TARAPACÁ (ANM) - AMAZONAS),2022,2,21154.0,9652.0,85140.0,martes,2022-02-01 19:45:00,102.0
5,ANTIOQUIA,5873,VIGÍA DEL FUERTE,5873002,VEGÁEZ (VIGÍA DEL FUERTE - ANTIOQUIA),2022,2,2753.0,2720.0,46620.0,sábado,2022-02-26 19:45:00,401.0
88,"ARCHIPIÉLAGO DE SAN ANDRÉS, PROVIDENCIA Y SANTA CATALINA",88564,PROVIDENCIA,88564000,PROVIDENCIA (PROVIDENCIA - ARCHIPIÉLAGO DE SAN ANDRÉS Y PROVIDENCIA),2022,2,903471.0,236728.0,167916.0,jueves,2022-02-17 21:30:00,24.0
27,CHOCÓ,27372,JURADO,27372000,JURADO,2026,1,194368.0,57797.0,35296.0,viernes,2026-01-29 20:00:00,2.36
88,"ARCHIPIÉLAGO DE SAN ANDRÉS, PROVIDENCIA Y SANTA CATALINA",88001,SAN ANDRÉS,88001000,SAN ANDRÉS (SAN ANDRÉS - ARCHIPIÉLAGO DE SAN ANDRÉS Y PROVIDENCIA),2022,2,7576.0,4650.0,2871091.0,jueves,2022-02-17 15:45:00,24.0
13,BOLÍVAR,13001,CARTAGENA DE INDIAS,13001007,ISLA FUERTE (CARTAGENA DE INDIAS - BOLÍVAR),2022,2,1498.0,805.0,160630.0,jueves,2022-02-17 22:15:00,44.0
13,BOLÍVAR,13001,CARTAGENA DE INDIAS,13001037,ISLA MÚCURA (CARTAGENA DE INDIAS - BOLÍVAR),2022,2,6153.0,2518.0,18210.0,miércoles,2022-02-09 22:15:00,1618.0
13,BOLÍVAR,13001,CARTAGENA DE INDIAS,13001017,SANTA CRUZ DEL ISLOTE (CARTAGENA DE INDIAS - BOLÍVAR),2022,2,11959.0,4111.0,34210.0,jueves,2022-02-17 22:30:00,1621.0
18,CAQUETÁ,18150,CARTAGENA DEL CHAIRÁ,18150001,REMOLINO DEL CAGUÁN (CARTAGENA DEL CHAIRA - CAQUETÁ),2022,2,16018.0,7882.0,87880.0,sábado,2022-02-19 18:45:00,848.0
18,CAQUETÁ,18150,CARTAGENA DEL CHAIRÁ,18150002,SANTA FE DEL CAGUÁN (CARTAGENA DEL CHAIRA - CAQUETÁ),2022,2,3067.0,1392.0,40440.0,martes,2022-02-22 18:45:00,331.0
18,CAQUETÁ,18753,SAN VICENTE DEL CAGUÁN,18753002,GUACAMAYAS (SAN VICENTE DEL CAGUÁN - CAQUETÁ),2022,2,13566.0,5492.0,48120.0,domingo,2022-02-13 19:00:00,175.0
18,CAQUETÁ,18753,SAN VICENTE DEL CAGUÁN,18753009,PUERTO BETANIA (SAN VICENTE DEL CAGUÁN - CAQUETÁ),2022,2,518.0,2007.0,48040.0,lunes,2022-02-14 19:00:00,513.0
85,CASANARE,85430,TRINIDAD,85430001,BOCAS DEL PAUTO (TRINIDAD - CASANARE),2022,2,11762.0,6282.0,10950.0,miércoles,2022-02-23 18:30:00,513.0
19,CAUCA,19318,GUAPI,19318008,LIMONES (GUAPI - CAUCA),2022,2,7453.0,3213.0,40790.0,viernes,2022-02-25 17:00:00,927.0
19,CAUCA,19318,GUAPI,19318013,SAN ANTONIO DE GUAJUÍ (GUAPI - CAUCA),2022,2,1006.0,4088.0,46830.0,lunes,2022-02-07 19:45:00,929.0
19,CAUCA,19418,LÓPEZ DE MICAY,19418011,DOS QUEBRADAS RÍO NAYA (LÓPEZ DE MICAY - CAUCA),2022,2,3659.0,1437.0,33790.0,miércoles,2022-02-16 20:00:00,511.0
19,CAUCA,19418,LÓPEZ DE MICAY,19418038,ISLA DE GALLO (LÓPEZ DE MICAY - CAUCA),2022,2,2655.0,1284.0,22370.0,sábado,2022-02-12 19:15:00,523.0
19,CAUCA,19418,LÓPEZ DE MICAY,19418012,SAN ANTONIO DE CHUARÉ (LÓPEZ DE MICAY - CAUCA),2022,2,7457.0,2635.0,63140.0,viernes,2022-02-25 19:00:00,533.0
19,CAUCA,19418,LÓPEZ DE MICAY,19418015,SAN ISIDRO (LÓPEZ DE MICAY - CAUCA),2022,2,8000.0,4440.0,6180.0,domingo,2022-02-13 19:00:00,551.0
19,CAUCA,19418,LÓPEZ DE MICAY,19418019,ZARAGOZA (LOPEZ DE MICAY - CAUCA),2022,2,6783.0,2665.0,59490.0,viernes,2022-02-18 19:15:00,539.0
19,CAUCA,19809,TIMBIQUÍ,19809003,COTEJE (TIMBIQUÍ - CAUCA),2022,2,5856.0,414.0,3360.0,lunes,2022-02-14 19:00:00,734.0
19,CAUCA,19809,TIMBIQUÍ,19809026,LOS BRAZOS (TIMBIQUÍ - CAUCA),2022,2,7455.0,1431.0,43820.0,viernes,2022-02-04 19:30:00,7.0
19,CAUCA,19809,TIMBIQUÍ,19809023,PUERTO SAIJA (TIMBIQUÍ - CAUCA),2022,2,26685.0,13584.0,163150.0,miércoles,2022-02-23 19:30:00,74.0
19,CAUCA,19809,TIMBIQUÍ,19809007,SAN JOSÉ (TIMBIQUÍ - CAUCA),2022,2,5856.0,4186.0,39820.0,jueves,2022-02-03 18:45:00,628.0
19,CAUCA,19809,TIMBIQUÍ,19809008,SANTA MARÍA (TIMBIQUÍ - CAUCA),2022,2,11127.0,4506.0,65790.0,miércoles,2022-02-16 18:45:00,728.0
19,CAUCA,19809,TIMBIQUÍ,19809009,SANTA ROSA DE SAIJA (TIMBIQUÍ - CAUCA),2022,2,3481.0,1987.0,2350.0,domingo,2022-02-20 20:15:00,619.0
27,CHOCÓ,27006,ACANDÍ,27006000,ACANDÍ (ACANDÍ - CHOCÓ),2022,2,505932.0,186015.0,109472.0,jueves,2022-02-17 20:30:00,2157.0
27,CHOCÓ,27006,ACANDÍ,27006007,SAN FRANCISCO (ACANDÍ - CHOCÓ),2022,2,12345.0,3916.0,74740.0,sábado,2022-02-05 19:30:00,754.0
27,CHOCÓ,27025,ALTO BAUDÓ (PIE DE PATO),27025000,CIUDAD BAUDÓ - PIE DE PATO (ALTO BAUDÓ - CHOCÓ),2022,2,4373.0,13247.0,118010.0,martes,2022-02-22 19:30:00,235.0
27,CHOCÓ,27075,BAHÍA SOLANO (MUTIS),27075000,CIUDAD MUTIS (BAHÍA SOLANO - CHOCÓ),2022,2,642422.0,222922.0,132396.0,jueves,2022-02-24 19:30:00,2357.0
27,CHOCÓ,27075,BAHÍA SOLANO (MUTIS),27075001,CUPICA (BAHÍA SOLANO - CHOCÓ),2022,2,64803.0,24321.0,15530.0,miércoles,2022-02-23 19:00:00,2356.0
27,CHOCÓ,27075,BAHÍA SOLANO (MUTIS),27075002,EL VALLE (BAHÍA SOLANO - CHOCÓ),2022,2,142185.0,62946.0,333170.0,miércoles,2022-02-09 19:00:00,2333.0
27,CHOCÓ,27077,BAJO BAUDÓ (PIZARRO),27077905,BUENAVISTA (BAJO BAUDÓ (PIZARRO) - CHOCÓ),2022,2,6459.0,8170.0,36510.0,domingo,2022-02-06 20:00:00,712.0
27,CHOCÓ,27077,BAJO BAUDÓ (PIZARRO),27077011,PILIZA (BAJO BAUDÓ (PIZARRO) - CHOCÓ),2022,2,5232.0,5278.0,320.0,lunes,2022-02-28 20:00:00,714.0
27,CHOCÓ,27077,BAJO BAUDÓ (PIZARRO),27077000,PIZARRO (BAJO BAUDÓ (PIZARRO) - CHOCÓ),2022,2,196013.0,89798.0,403920.0,lunes,2022-02-21 19:45:00,24.0
27,CHOCÓ,27099,BOJAYÁ (BELLAVISTA),27099000,BELLAVISTA (BOJAYÁ (BELLAVISTA) - CHOCÓ),2022,2,89123.0,26794.0,243690.0,miércoles,2022-02-02 20:00:00,1719.0
27,CHOCÓ,27099,BOJAYÁ (BELLAVISTA),27099002,LA LOMA DE BOJAYÁ (BOJAYÁ (BELLAVISTA) - CHOCÓ),2022,2,10922.0,5334.0,6080.0,lunes,2022-02-21 19:30:00,82.0
27,CHOCÓ,27099,BOJAYÁ (BELLAVISTA),27099005,NAPIPÍ (BOJAYÁ (BELLAVISTA) - CHOCÓ),2022,2,8663.0,2202.0,640.0,viernes,2022-02-04 20:30:00,602.0
27,CHOCÓ,27250,EL LITORAL DEL SAN JUAN,27250000,SANTA GENOVEVA DE DOCORDÓ (EL LITORAL DEL SAN JUAN - CHOCÓ),2022,2,55875.0,3161.0,154180.0,sábado,2022-02-20 00:30:00,2355.0
27,CHOCÓ,27250,EL LITORAL DEL SAN JUAN,27250914,TOGOROMA PLAYA (EL LITORAL DEL SAN JUAN - CHOCÓ),2022,2,1076.0,1910.0,10530.0,domingo,2022-02-20 19:00:00,417.0
27,CHOCÓ,27372,JURADÓ,27372000,JURADÓ (JURADÓ - CHOCÓ),2022,2,157964.0,65281.0,32320.0,miércoles,2022-02-23 19:45:00,2352.0
27,CHOCÓ,27425,MEDIO ATRATO (BETÉ),27425000,BETÉ (MEDIO ATRATO (BETÉ) - CHOCÓ),2022,2,14569.0,9425.0,600.0,jueves,2022-02-10 19:30:00,121.0
27,CHOCÓ,27425,MEDIO ATRATO (BETÉ),27425008,SAN ROQUE (MEDIO ATRATO (BETÉ) - CHOCÓ),2022,2,3212.0,1227.0,22750.0,martes,2022-02-22 19:45:00,559.0
27,CHOCÓ,27495,NUQUÍ,27495912,COMUNIDAD INDÍGENA DE PANGUÍ - EL YUCAL (NUQUÍ - CHOCÓ),2022,2,5597.0,1564.0,11380.0,domingo,2022-02-20 17:15:00,2202.0
27,CHOCÓ,27495,NUQUÍ,27495000,NUQUÍ (NUQUÍ - CHOCÓ),2022,2,230501.0,9146.0,49280.0,miércoles,2022-02-02 19:15:00,2359.0
27,CHOCÓ,27495,NUQUÍ,27495011,PUERTO JAGUA (NUQUÍ - CHOCÓ),2022,2,8390.0,4910.0,4270.0,miércoles,2022-02-02 19:30:00,945.0
27,CHOCÓ,27001,QUIBDÓ,27001029,TAGACHI (QUIBDÓ - CHOCÓ),2022,2,4837.0,1647.0,47830.0,domingo,2022-02-06 19:30:00,434.0
27,CHOCÓ,27800,UNGUÍA,27800001,BALBOA (UNGUÍA - CHOCÓ),2022,2,17751.0,7325.0,79560.0,viernes,2022-02-18 20:15:00,109.0
27,CHOCÓ,27800,UNGUÍA,27800005,TITUMATE (UNGUÍA - CHOCÓ),2022,2,16504.0,4348.0,91960.0,domingo,2022-02-13 20:00:00,901.0
27,CHOCÓ,27800,UNGUÍA,27800000,UNGUÍA (UNGUÍA - CHOCÓ),2022,2,356031.0,126265.0,803090.0,lunes,2022-02-21 20:45:00,2224.0
94,GUAINÍA,94343,BARRANCOMINAS,94343000,BARRANCOMINAS (BARRANCOMINAS - GUAINÍA),2022,2,66161.0,21146.0,196370.0,lunes,2022-02-21 18:45:00,1608.0
94,GUAINÍA,94001,INÍRIDA,94001000,INÍRIDA (INÍRIDA - GUAINÍA),2022,2,7576.0,626265.0,385088.0,martes,2022-02-22 18:00:00,24.0
95,GUAVIARE,95200,MIRAFLORES,95200000,MIRAFLORES (MIRAFLORES - GUAVIARE),2022,2,8034.0,28067.0,208120.0,miércoles,2022-02-16 19:00:00,1904.0
44,LA GUAJIRA,44847,URIBIA,44847012,NAZARETH (URIBIA - LA GUAJIRA),2022,2,23811.0,10629.0,103440.0,jueves,2022-02-10 19:15:00,1249.0
47,MAGDALENA,47189,CIÉNAGA,47189018,PALMOR (CIÉNAGA - MAGDALENA),2022,2,89796.0,30989.0,183550.0,sábado,2022-02-05 18:45:00,2254.0
50,META,50325,MAPIRIPÁN,50325000,MAPIRIPÁN (MAPIRIPÁN - META),2022,2,15561.0,63124.0,345840.0,miércoles,2022-02-16 19:00:00,2348.0
52,NARIÑO,52250,EL CHARCO,52250023,BAZÁN (EL CHARCO - NARIÑO),2022,2,14506.0,9264.0,960.0,domingo,2022-02-20 18:45:00,631.0
52,NARIÑO,52250,EL CHARCO,52250005,LAS MERCEDES (EL CHARCO - NARIÑO),2022,2,1328.0,4230.0,13090.0,domingo,2022-02-27 19:45:00,442.0
52,NARIÑO,52250,EL CHARCO,52250007,SAN JOSÉ DEL TAPAJE (EL CHARCO - NARIÑO),2022,2,12832.0,3306.0,800.0,lunes,2022-02-28 21:00:00,652.0
52,NARIÑO,52520,FRANCISCO PIZARRO,52520013,SAN PEDRO DEL VINO (FRANCISCO PIZARRO - NARIÑO),2022,2,0.0,0.0,0.0,lunes,2022-02-28 23:45:00,0.0
52,NARIÑO,52390,LA TOLA,52390005,AGUACATAL (LA TOLA - NARIÑO),2022,2,1557.0,3600.0,11310.0,domingo,2022-02-27 15:45:00,613.0
52,NARIÑO,52390,LA TOLA,52390003,LA VIGÍA DE LA MAR (LA TOLA - NARIÑO),2022,2,5427.0,2153.0,3160.0,sábado,2022-02-06 00:30:00,829.0
52,NARIÑO,52390,LA TOLA,52390009,MULATOS (LA TOLA - NARIÑO),2022,2,3849.0,1691.0,3510.0,martes,2022-02-15 19:00:00,613.0
52,NARIÑO,52390,LA TOLA,52390016,SAN PABLO DEL MAR (LA TOLA - NARIÑO),2022,2,4013.0,125.0,27170.0,lunes,2022-02-07 19:15:00,643.0
52,NARIÑO,52490,OLAYA HERRERA,52490913,BOCA DE PRIETA (OLAYA HERRERA - NARIÑO),2022,2,2187.0,6240.0,17040.0,viernes,2022-02-18 17:45:00,629.0
52,NARIÑO,52835,SAN ANDRÉS DE TUMACO,52835055,BOCAS DE CURAY (TUMACO - NARIÑO),2022,2,7743.0,2444.0,5760.0,lunes,2022-02-28 19:00:00,621.0
52,NARIÑO,52835,SAN ANDRÉS DE TUMACO,52835016,PITAL DE LA COSTA (TUMACO - NARIÑO),2022,2,15566.0,8061.0,800.0,lunes,2022-02-21 20:15:00,904.0
52,NARIÑO,52835,SAN ANDRÉS DE TUMACO,52835217,SAN JUAN DE LA COSTA (SAN ANDRÉS DE TUMACO - NARIÑO),2022,2,2203.0,8253.0,12160.0,miércoles,2022-02-23 19:15:00,833.0
52,NARIÑO,52696,SANTA BÁRBARA (ISCUANDÉ),52696022,SECADERO (SANTA BÁRBARA (ISCUANDÉ) - NARIÑO),2022,2,2267.0,1509.0,12790.0,domingo,2022-02-06 19:00:00,842.0
86,PUTUMAYO,86573,PUERTO LEGUÍZAMO,86573009,PIÑUÑA NEGRO (PUERTO LEGUÍZAMO - PUTUMAYO),2022,2,3526.0,2066.0,2560.0,domingo,2022-02-27 20:45:00,64.0
76,VALLE DEL CAUCA,76109,BUENAVENTURA,76109028,PUERTO MERIZALDE (BUENAVENTURA - VALLE DEL CAUCA),2022,2,59324.0,19666.0,207680.0,miércoles,2022-02-23 19:45:00,1229.0
76,VALLE DEL CAUCA,76109,BUENAVENTURA,76109032,SAN FRANCISCO NAYA (BUENAVENTURA - VALLE DEL CAUCA),2022,2,2686.0,1108.0,31620.0,viernes,2022-02-26 00:15:00,401.0
97,VAUPÉS,97161,CARURÚ,97161000,CARURÚ (CARURÚ - VAUPÉS),2022,2,1885.0,3264.0,75420.0,lunes,2022-02-21 19:00:00,1201.0
97,VAUPÉS,97001,MITÚ,97001000,MITÚ (MITÚ - VAUPÉS),2022,2,7576.0,361477.0,277444.0,miércoles,2022-02-03 00:00:00,24.0
97,VAUPÉS,97666,TARAIRA,97666000,TARAIRA (TARAIRA - VAUPÉS),2022,2,17043.0,4932.0,129180.0,lunes,2022-02-21 19:00:00,619.0
99,VICHADA,99773,CUMARIBO,99773000,CUMARIBO (CUMARIBO - VICHADA),2022,2,307928.0,122974.0,740960.0,martes,2022-02-01 15:30:00,2047.0
99,VICHADA,99524,LA PRIMAVERA,99524000,LA PRIMAVERA (LA PRIMAVERA - VICHADA),2022,2,3459.0,141059.0,711090.0,martes,2022-02-22 19:00:00,2358.0
99,VICHADA,99001,PUERTO CARREÑO,99001002,CASUARITO (PUERTO CARREÑO - VICHADA),2022,2,31961.0,11659.0,120210.0,lunes,2022-02-14 18:15:00,1136.0
99,VICHADA,99001,PUERTO CARREÑO,99001000,PUERTO CARREÑO (PUERTO CARREÑO - VICHADA),2022,2,7576.0,765683.0,476696.0,jueves,2022-02-24 13:45:00,2359.0
99,VICHADA,99624,SANTA ROSALÍA,99624000,SANTA ROSALÍA (SANTA ROSALÍA - VICHADA),2022,2,140866.0,71137.0,383710.0,jueves,2022-02-17 18:45:00,1824.0
91,AMAZONAS,91001,LETICIA,91001000,LETICIA (LETICIA - AMAZONAS),2022,3,7576.0,4650.0,732214.0,viernes,2022-03-18 15:30:00,2357.0
91,AMAZONAS,91540,PUERTO NARIÑO,91540000,PUERTO NARIÑO (PUERTO NARIÑO - AMAZONAS),2022,3,117539.0,39742.0,239010.0,martes,2022-03-15 18:45:00,24.0
91,AMAZONAS,91798,TARAPACÁ (ANM),91798000,TARAPACÁ (TARAPACÁ (ANM) - AMAZONAS),2022,3,23711.0,10758.0,8480.0,martes,2022-03-22 18:30:00,1024.0
5,ANTIOQUIA,5873,VIGÍA DEL FUERTE,5873002,VEGÁEZ (VIGÍA DEL FUERTE - ANTIOQUIA),2022,3,3508.0,3790.0,55970.0,miércoles,2022-03-09 19:45:00,439.0
88,"ARCHIPIÉLAGO DE SAN ANDRÉS, PROVIDENCIA Y SANTA CATALINA",88564,PROVIDENCIA,88564000,PROVIDENCIA (PROVIDENCIA - ARCHIPIÉLAGO DE SAN ANDRÉS Y PROVIDENCIA),2022,3,7576.0,271254.0,174572.0,miércoles,2022-03-30 21:00:00,24.0
88,"ARCHIPIÉLAGO DE SAN ANDRÉS, PROVIDENCIA Y SANTA CATALINA",88001,SAN ANDRÉS,88001000,SAN ANDRÉS (SAN ANDRÉS - ARCHIPIÉLAGO DE SAN ANDRÉS Y PROVIDENCIA),2022,3,7576.0,4650.0,2996555.0,jueves,2022-03-24 15:45:00,24.0
13,BOLÍVAR,13001,CARTAGENA DE INDIAS,13001037,ISLA MÚCURA (CARTAGENA DE INDIAS - BOLÍVAR),2022,3,6967.0,2812.0,19520.0,domingo,2022-03-20 14:00:00,1552.0
13,BOLÍVAR,13001,CARTAGENA DE INDIAS,13001017,SANTA CRUZ DEL ISLOTE (CARTAGENA DE INDIAS - BOLÍVAR),2022,3,13014.0,4343.0,35710.0,jueves,2022-03-31 21:45:00,15.0
18,CAQUETÁ,18150,CARTAGENA DEL CHAIRÁ,18150001,REMOLINO DEL CAGUÁN (CARTAGENA DEL CHAIRA - CAQUETÁ),2022,3,16473.0,7912.0,84970.0,sábado,2022-03-05 19:15:00,89.0
18,CAQUETÁ,18150,CARTAGENA DEL CHAIRÁ,18150002,SANTA FE DEL CAGUÁN (CARTAGENA DEL CHAIRA - CAQUETÁ),2022,3,3423.0,1576.0,38040.0,sábado,2022-03-26 18:45:00,337.0
18,CAQUETÁ,18753,SAN VICENTE DEL CAGUÁN,18753002,GUACAMAYAS (SAN VICENTE DEL CAGUÁN - CAQUETÁ),2022,3,15279.0,6406.0,43390.0,jueves,2022-03-24 19:30:00,1737.0
18,CAQUETÁ,18753,SAN VICENTE DEL CAGUÁN,18753009,PUERTO BETANIA (SAN VICENTE DEL CAGUÁN - CAQUETÁ),2022,3,5381.0,2106.0,4740.0,martes,2022-03-08 19:00:00,56.0
85,CASANARE,85430,TRINIDAD,85430001,BOCAS DEL PAUTO (TRINIDAD - CASANARE),2022,3,1283.0,6922.0,116220.0,miércoles,2022-03-02 18:30:00,5.0
19,CAUCA,19318,GUAPI,19318008,LIMONES (GUAPI - CAUCA),2022,3,8709.0,3984.0,38470.0,jueves,2022-03-17 19:30:00,925.0
19,CAUCA,19318,GUAPI,19318013,SAN ANTONIO DE GUAJUÍ (GUAPI - CAUCA),2022,3,11843.0,4878.0,49610.0,viernes,2022-03-25 18:15:00,936.0
19,CAUCA,19418,LÓPEZ DE MICAY,19418038,ISLA DE GALLO (LÓPEZ DE MICAY - CAUCA),2022,3,312.0,1512.0,22590.0,sábado,2022-03-12 20:00:00,529.0
19,CAUCA,19418,LÓPEZ DE MICAY,19418012,SAN ANTONIO DE CHUARÉ (LÓPEZ DE MICAY - CAUCA),2022,3,8882.0,3063.0,62750.0,martes,2022-03-29 19:00:00,558.0
19,CAUCA,19418,LÓPEZ DE MICAY,19418015,SAN ISIDRO (LÓPEZ DE MICAY - CAUCA),2022,3,1025.0,5580.0,6820.0,miércoles,2022-03-30 18:45:00,623.0
19,CAUCA,19418,LÓPEZ DE MICAY,19418019,ZARAGOZA (LOPEZ DE MICAY - CAUCA),2022,3,8651.0,3554.0,5530.0,lunes,2022-03-28 19:00:00,619.0
19,CAUCA,19809,TIMBIQUÍ,19809003,COTEJE (TIMBIQUÍ - CAUCA),2022,3,6306.0,4681.0,31960.0,sábado,2022-03-05 19:30:00,737.0
19,CAUCA,19809,TIMBIQUÍ,19809026,LOS BRAZOS (TIMBIQUÍ - CAUCA),2022,3,8298.0,1653.0,44640.0,lunes,2022-03-21 18:45:00,711.0
19,CAUCA,19809,TIMBIQUÍ,19809023,PUERTO SAIJA (TIMBIQUÍ - CAUCA),2022,3,26934.0,13283.0,168080.0,lunes,2022-03-14 19:00:00,617.0
19,CAUCA,19809,TIMBIQUÍ,19809008,SANTA MARÍA (TIMBIQUÍ - CAUCA),2022,3,12465.0,5224.0,71360.0,miércoles,2022-03-30 19:00:00,79.0
19,CAUCA,19809,TIMBIQUÍ,19809009,SANTA ROSA DE SAIJA (TIMBIQUÍ - CAUCA),2022,3,4009.0,2215.0,25370.0,miércoles,2022-03-23 19:15:00,624.0
27,CHOCÓ,27006,ACANDÍ,27006000,ACANDÍ (ACANDÍ - CHOCÓ),2022,3,559371.0,19962.0,112834.0,miércoles,2022-03-23 14:00:00,2137.0
27,CHOCÓ,27006,ACANDÍ,27006007,SAN FRANCISCO (ACANDÍ - CHOCÓ),2022,3,15462.0,5375.0,73440.0,domingo,2022-03-20 19:15:00,97.0
27,CHOCÓ,27025,ALTO BAUDÓ (PIE DE PATO),27025000,CIUDAD BAUDÓ - PIE DE PATO (ALTO BAUDÓ - CHOCÓ),2022,3,49787.0,15418.0,110880.0,jueves,2022-03-18 00:00:00,2359.0
27,CHOCÓ,27075,BAHÍA SOLANO (MUTIS),27075000,CIUDAD MUTIS (BAHÍA SOLANO - CHOCÓ),2022,3,712773.0,249392.0,135124.0,martes,2022-03-22 19:30:00,2354.0
27,CHOCÓ,27075,BAHÍA SOLANO (MUTIS),27075001,CUPICA (BAHÍA SOLANO - CHOCÓ),2022,3,69029.0,24655.0,150150.0,viernes,2022-03-25 19:15:00,2351.0
27,CHOCÓ,27075,BAHÍA SOLANO (MUTIS),27075002,EL VALLE (BAHÍA SOLANO - CHOCÓ),2022,3,160287.0,69743.0,334220.0,martes,2022-03-22 19:15:00,2353.0
27,CHOCÓ,27077,BAJO BAUDÓ (PIZARRO),27077905,BUENAVISTA (BAJO BAUDÓ (PIZARRO) - CHOCÓ),2022,3,1077.0,1445.0,38340.0,domingo,2022-03-20 17:30:00,1055.0
27,CHOCÓ,27077,BAJO BAUDÓ (PIZARRO),27077011,PILIZA (BAJO BAUDÓ (PIZARRO) - CHOCÓ),2022,3,6126.0,5786.0,3520.0,jueves,2022-03-31 20:30:00,76.0
27,CHOCÓ,27077,BAJO BAUDÓ (PIZARRO),27077000,PIZARRO (BAJO BAUDÓ (PIZARRO) - CHOCÓ),2022,3,226243.0,101762.0,427150.0,jueves,2022-03-17 20:15:00,2353.0
27,CHOCÓ,27099,BOJAYÁ (BELLAVISTA),27099000,BELLAVISTA (BOJAYÁ (BELLAVISTA) - CHOCÓ),2022,3,91654.0,27016.0,258460.0,miércoles,2022-03-23 19:15:00,1521.0
27,CHOCÓ,27099,BOJAYÁ (BELLAVISTA),27099002,LA LOMA DE BOJAYÁ (BOJAYÁ (BELLAVISTA) - CHOCÓ),2022,3,13182.0,6506.0,640.0,sábado,2022-03-12 21:30:00,859.0
27,CHOCÓ,27250,EL LITORAL DEL SAN JUAN,27250000,SANTA GENOVEVA DE DOCORDÓ (EL LITORAL DEL SAN JUAN - CHOCÓ),2022,3,63598.0,35437.0,182420.0,sábado,2022-03-27 00:45:00,2343.0
27,CHOCÓ,27250,EL LITORAL DEL SAN JUAN,27250914,TOGOROMA PLAYA (EL LITORAL DEL SAN JUAN - CHOCÓ),2022,3,8350.0,1820.0,8530.0,sábado,2022-03-12 18:15:00,455.0
27,CHOCÓ,27372,JURADÓ,27372000,JURADÓ (JURADÓ - CHOCÓ),2022,3,181279.0,73946.0,336960.0,miércoles,2022-03-23 19:15:00,2353.0
27,CHOCÓ,27425,MEDIO ATRATO (BETÉ),27425000,BETÉ (MEDIO ATRATO (BETÉ) - CHOCÓ),2022,3,11625.0,7199.0,600.0,jueves,2022-03-24 20:15:00,834.0
27,CHOCÓ,27495,NUQUÍ,27495000,NUQUÍ (NUQUÍ - CHOCÓ),2022,3,265385.0,105584.0,518140.0,martes,2022-03-22 19:45:00,24.0
27,CHOCÓ,27495,NUQUÍ,27495011,PUERTO JAGUA (NUQUÍ - CHOCÓ),2022,3,8580.0,4470.0,4220.0,viernes,2022-03-04 19:15:00,857.0
27,CHOCÓ,27001,QUIBDÓ,27001029,TAGACHI (QUIBDÓ - CHOCÓ),2022,3,5609.0,2114.0,58490.0,miércoles,2022-03-30 18:45:00,57.0
27,CHOCÓ,27800,UNGUÍA,27800001,BALBOA (UNGUÍA - CHOCÓ),2022,3,19752.0,8062.0,77730.0,sábado,2022-03-19 19:30:00,1015.0
27,CHOCÓ,27800,UNGUÍA,27800005,TITUMATE (UNGUÍA - CHOCÓ),2022,3,18508.0,4593.0,96270.0,miércoles,2022-03-02 19:00:00,842.0
27,CHOCÓ,27800,UNGUÍA,27800000,UNGUÍA (UNGUÍA - CHOCÓ),2022,3,408353.0,141961.0,839520.0,martes,2022-03-22 20:00:00,2222.0
94,GUAINÍA,94343,BARRANCOMINAS,94343000,BARRANCOMINAS (BARRANCOMINAS - GUAINÍA),2022,3,73081.0,2226.0,196040.0,martes,2022-03-08 18:30:00,1612.0
94,GUAINÍA,94001,INÍRIDA,94001000,INÍRIDA (INÍRIDA - GUAINÍA),2022,3,7576.0,677023.0,385792.0,martes,2022-03-08 14:30:00,24.0
95,GUAVIARE,95200,MIRAFLORES,95200000,MIRAFLORES (MIRAFLORES - GUAVIARE),2022,3,89189.0,31103.0,215160.0,martes,2022-03-08 19:00:00,1913.0
44,LA GUAJIRA,44847,URIBIA,44847012,NAZARETH (URIBIA - LA GUAJIRA),2022,3,34967.0,11798.0,161330.0,jueves,2022-03-31 20:00:00,1221.0
47,MAGDALENA,47189,CIÉNAGA,47189018,PALMOR (CIÉNAGA - MAGDALENA),2022,3,95104.0,31642.0,179140.0,jueves,2022-03-24 19:15:00,2246.0
50,META,50325,MAPIRIPÁN,50325000,MAPIRIPÁN (MAPIRIPÁN - META),2022,3,167394.0,66247.0,344080.0,martes,2022-03-15 19:15:00,233.0
52,NARIÑO,52250,EL CHARCO,52250023,BAZÁN (EL CHARCO - NARIÑO),2022,3,21594.0,13528.0,10560.0,jueves,2022-03-31 19:00:00,815.0
52,NARIÑO,52250,EL CHARCO,52250003,BOLÍVAR - SAN PEDRO (EL CHARCO - NARIÑO),2022,3,4174.0,2888.0,22910.0,sábado,2022-03-05 19:15:00,715.0
52,NARIÑO,52250,EL CHARCO,52250022,EL CUIL PUEBLO NUEVO (EL CHARCO - NARIÑO),2022,3,4206.0,5873.0,30410.0,viernes,2022-03-11 20:45:00,527.0
52,NARIÑO,52250,EL CHARCO,52250005,LAS MERCEDES (EL CHARCO - NARIÑO),2022,3,1708.0,6040.0,12960.0,martes,2022-03-01 20:00:00,51.0
52,NARIÑO,52250,EL CHARCO,52250007,SAN JOSÉ DEL TAPAJE (EL CHARCO - NARIÑO),2022,3,14084.0,3704.0,880.0,miércoles,2022-03-09 20:15:00,638.0
52,NARIÑO,52520,FRANCISCO PIZARRO,52520013,SAN PEDRO DEL VINO (FRANCISCO PIZARRO - NARIÑO),2022,3,2062.0,1089.0,2490.0,sábado,2022-03-26 19:00:00,313.0
52,NARIÑO,52390,LA TOLA,52390005,AGUACATAL (LA TOLA - NARIÑO),2022,3,2315.0,5020.0,13330.0,domingo,2022-03-06 19:00:00,81.0
52,NARIÑO,52390,LA TOLA,52390003,LA VIGÍA DE LA MAR (LA TOLA - NARIÑO),2022,3,6194.0,2488.0,3220.0,viernes,2022-03-12 00:15:00,83.0
52,NARIÑO,52390,LA TOLA,52390009,MULATOS (LA TOLA - NARIÑO),2022,3,4267.0,1934.0,37310.0,lunes,2022-03-28 19:00:00,61.0
52,NARIÑO,52390,LA TOLA,52390016,SAN PABLO DEL MAR (LA TOLA - NARIÑO),2022,3,4059.0,1221.0,29630.0,martes,2022-03-29 19:00:00,6.0
52,NARIÑO,52473,MOSQUERA,52473010,EL BAJITO DE ECHANDÍA (MOSQUERA - NARIÑO),2022,3,1717.0,2380.0,8930.0,jueves,2022-03-24 18:30:00,813.0
52,NARIÑO,52490,OLAYA HERRERA,52490913,BOCA DE PRIETA (OLAYA HERRERA - NARIÑO),2022,3,2107.0,6030.0,1920.0,martes,2022-03-15 19:15:00,53.0
52,NARIÑO,52835,SAN ANDRÉS DE TUMACO,52835055,BOCAS DE CURAY (TUMACO - NARIÑO),2022,3,10001.0,3192.0,5760.0,sábado,2022-03-12 19:00:00,734.0
52,NARIÑO,52835,SAN ANDRÉS DE TUMACO,52835217,SAN JUAN DE LA COSTA (SAN ANDRÉS DE TUMACO - NARIÑO),2022,3,21462.0,8021.0,13440.0,miércoles,2022-03-30 19:00:00,656.0
52,NARIÑO,52696,SANTA BÁRBARA (ISCUANDÉ),52696022,SECADERO (SANTA BÁRBARA (ISCUANDÉ) - NARIÑO),2022,3,2715.0,1502.0,12860.0,martes,2022-03-15 18:45:00,9.0
86,PUTUMAYO,86573,PUERTO LEGUÍZAMO,86573009,PIÑUÑA NEGRO (PUERTO LEGUÍZAMO - PUTUMAYO),2022,3,3709.0,1771.0,2560.0,domingo,2022-03-27 20:45:00,62.0
86,PUTUMAYO,86573,PUERTO LEGUÍZAMO,86573000,PUERTO LEGUÍZAMO (PUERTO LEGUÍZAMO - PUTUMAYO),2022,3,7576.0,332945.0,205665.0,jueves,2022-03-10 14:15:00,235.0
76,VALLE DEL CAUCA,76109,BUENAVENTURA,76109028,PUERTO MERIZALDE (BUENAVENTURA - VALLE DEL CAUCA),2022,3,83174.0,27378.0,219120.0,viernes,2022-03-18 20:00:00,1548.0
76,VALLE DEL CAUCA,76109,BUENAVENTURA,76109032,SAN FRANCISCO NAYA (BUENAVENTURA - VALLE DEL CAUCA),2022,3,6136.0,2677.0,32930.0,viernes,2022-03-04 23:45:00,8.0
97,VAUPÉS,97161,CARURÚ,97161000,CARURÚ (CARURÚ - VAUPÉS),2022,3,2226.0,5712.0,95660.0,miércoles,2022-03-16 18:45:00,117.0
97,VAUPÉS,97001,MITÚ,97001000,MITÚ (MITÚ - VAUPÉS),2022,3,7576.0,386115.0,274788.0,jueves,2022-03-10 13:00:00,24.0
97,VAUPÉS,97666,TARAIRA,97666000,TARAIRA (TARAIRA - VAUPÉS),2022,3,26374.0,8027.0,133140.0,martes,2022-03-08 19:00:00,843.0
99,VICHADA,99773,CUMARIBO,99773000,CUMARIBO (CUMARIBO - VICHADA),2022,3,341589.0,138667.0,722480.0,miércoles,2022-03-09 14:30:00,2215.0
99,VICHADA,99524,LA PRIMAVERA,99524000,LA PRIMAVERA (LA PRIMAVERA - VICHADA),2022,3,402405.0,16155.0,741130.0,jueves,2022-03-31 18:15:00,2358.0
99,VICHADA,99001,PUERTO CARREÑO,99001002,CASUARITO (PUERTO CARREÑO - VICHADA),2022,3,29865.0,11256.0,121620.0,martes,2022-03-22 19:45:00,1002.0
99,VICHADA,99001,PUERTO CARREÑO,99001000,PUERTO CARREÑO (PUERTO CARREÑO - VICHADA),2022,3,7576.0,845214.0,488752.0,jueves,2022-03-24 13:45:00,24.0
99,VICHADA,99624,SANTA ROSALÍA,99624000,SANTA ROSALÍA (SANTA ROSALÍA - VICHADA),2022,3,162505.0,79821.0,368260.0,jueves,2022-03-10 19:45:00,1827.0
91,AMAZONAS,91001,LETICIA,91001000,LETICIA (LETICIA - AMAZONAS),2022,3,7576.0,4650.0,732214.0,viernes,2022-03-18 15:30:00,2357.0
91,AMAZONAS,91001,LETICIA,91001000,LETICIA (LETICIA - AMAZONAS),2022,4,7576.0,4650.0,721066.0,Miércoles,2022-04-27 15:15:00,24.0
91,AMAZONAS,91540,PUERTO NARIÑO,91540000,PUERTO NARIÑO (PUERTO NARIÑO - AMAZONAS),2022,4,111006.0,38389.0,240590.0,Martes,2022-04-05 18:45:00,239.0
91,AMAZONAS,91798,TARAPACÁ,91798000,TARAPACÁ (TARAPACÁ - AMAZONAS),2022,4,207.0,9568.0,82640.0,Sábado,2022-04-09 18:30:00,962.0
5,ANTIOQUIA,5873,VIGÍA DEL FUERTE,5873002,VEGÁEZ (VIGÍA DEL FUERTE - ANTIOQUIA),2022,4,1236.0,1910.0,47070.0,Jueves,2022-04-21 09:45:00,14.0
88,ARCHIPIÉLAGO DE SAN ANDRÉS,88564,PROVIDENCIA,88564000,PROVIDENCIA (PROVIDENCIA - ARCHIPIÉLAGO DE SAN ANDRÉS),2022,4,7576.0,26882.0,181235.0,Miércoles,2022-04-06 20:45:00,24.0
88,ARCHIPIÉLAGO DE SAN ANDRÉS,88001,SAN ANDRÉS,88001000,SAN ANDRÉS (SAN ANDRÉS - ARCHIPIÉLAGO DE SAN ANDRÉS),2022,4,7576.0,4650.0,3019103.0,Miércoles,2022-04-06 15:30:00,24.0
13,BOLÍVAR,13001,CARTAGENA,13001037,ISLA MÚCURA (CARTAGENA - BOLÍVAR),2022,4,6932.0,2677.0,21860.0,Sábado,2022-04-30 01:00:00,1483.0
13,BOLÍVAR,13001,CARTAGENA,13001037,SANTA CRUZ DEL ISLOTE (CARTAGENA - BOLÍVAR),2022,4,13261.0,4326.0,39620.0,Lunes,2022-04-11 22:00:00,143.0
18,CAQUETÁ,18753,SAN VICENTE DEL CAGUÁN,18753002,GUACAMAYAS (SAN VICENTE DEL CAGUÁN - CAQUETÁ),2022,4,1424.0,4925.0,39820.0,Jueves,2022-04-21 19:00:00,1767.0
18,CAQUETÁ,18753,SAN VICENTE DEL CAGUÁN,18753002,GUAYABAL (SAN VICENTE DEL CAGUÁN - CAQUETÁ),2022,4,5614.0,2585.0,51630.0,Lunes,2022-04-11 18:15:00,61.0
18,CAQUETÁ,18150,CARTAGENA DEL CHAIRA,18150001,REMOLINO DEL CAGUÁN (CARTAGENA DEL CHAIRA - CAQUETÁ),2022,4,15973.0,7841.0,86550.0,Sábado,2022-04-30 19:00:00,805.0
18,CAQUETÁ,18150,CARTAGENA DEL CHAIRA,18150001,SANTA FE DEL CAGUÁN (CARTAGENA DEL CHAIRA - CAQUETÁ),2022,4,3081.0,1467.0,39960.0,Sábado,2022-04-23 19:00:00,34.0
85,CASANARE,85430,TRINIDAD,85430001,BOCAS DEL PAUTO (TRINIDAD - CASANARE),2022,4,11309.0,6104.0,102210.0,Martes,2022-04-12 18:45:00,46.0
19,CAUCA,19809,TIMBIQUÍ,19809003,CHACÓN (TIMBIQUÍ - CAUCA),2022,4,4438.0,1424.0,2870.0,Sábado,2022-04-09 19:15:00,685.0
19,CAUCA,19809,TIMBIQUÍ,19809003,COTEJE (TIMBIQUÍ - CAUCA),2022,4,6659.0,4901.0,32520.0,Miércoles,2022-04-27 19:45:00,838.0
19,CAUCA,19418,LÓPEZ (MICAY),19418038,ISLA DE GALLO (LÓPEZ (MICAY) - CAUCA),2022,4,2704.0,1333.0,23170.0,Martes,2022-04-05 19:00:00,498.0
19,CAUCA,19318,GUAPI,19318008,LIMONES (GUAPI - CAUCA),2022,4,8641.0,3982.0,38190.0,Viernes,2022-04-29 18:45:00,985.0
19,CAUCA,19809,TIMBIQUÍ,19809003,LOS BRAZOS (TIMBIQUÍ - CAUCA),2022,4,7496.0,1548.0,43850.0,Domingo,2022-04-03 19:00:00,685.0
19,CAUCA,19809,TIMBIQUÍ,19809003,PUERTO SAIJA (TIMBIQUÍ - CAUCA),2022,4,243.0,12112.0,167380.0,Sábado,2022-04-02 19:00:00,577.0
19,CAUCA,19418,LÓPEZ (MICAY),19418038,SAN ANTONIO DE CHUARÉ (LÓPEZ (MICAY) - CAUCA),2022,4,7681.0,2611.0,6310.0,Viernes,2022-04-01 19:00:00,528.0
19,CAUCA,19418,LÓPEZ (MICAY),19418038,SAN ISIDRO (LÓPEZ (MICAY) - CAUCA),2022,4,1046.0,5390.0,7360.0,Viernes,2022-04-29 18:45:00,633.0
19,CAUCA,19809,TIMBIQUÍ,19809003,SAN JOSÉ (TIMBIQUÍ - CAUCA),2022,4,8189.0,6136.0,36940.0,Miércoles,2022-04-13 20:45:00,923.0
19,CAUCA,19809,TIMBIQUÍ,19809003,SANTA MARÍA (TIMBIQUÍ - CAUCA),2022,4,12243.0,5103.0,75070.0,Miércoles,2022-04-13 19:15:00,708.0
19,CAUCA,19809,TIMBIQUÍ,19809003,SANTA ROSA DE SAIJA (TIMBIQUÍ - CAUCA),2022,4,4221.0,2369.0,24410.0,Domingo,2022-04-03 19:15:00,695.0
19,CAUCA,19418,LÓPEZ (MICAY),19418038,ZARAGOZA (LÓPEZ (MICAY) - CAUCA),2022,4,5366.0,2023.0,60320.0,Lunes,2022-04-11 18:30:00,467.0
27,CHOCO,27006,ACANDÍ,27006000,ACANDÍ (ACANDÍ - CHOCO),2022,4,552462.0,196436.0,107378.0,Miércoles,2022-04-06 21:30:00,2215.0
27,CHOCO,27800,UNGUÍA,27800001,BALBOA (UNGUÍA - CHOCO),2022,4,20278.0,767.0,84880.0,Jueves,2022-04-28 20:00:00,1017.0
27,CHOCO,27099,BOJAYÁ (BELLAVISTA),27099000,BELLAVISTA (BOJAYÁ (BELLAVISTA) - CHOCO),2022,4,53311.0,1515.0,275730.0,Martes,2022-04-05 20:15:00,87.0
27,CHOCO,27425,MEDIO ATRATO (BETÉ),27425000,BETÉ (MEDIO ATRATO (BETÉ) - CHOCO),2022,4,15763.0,8691.0,600.0,Viernes,2022-04-29 12:00:00,122.0
27,CHOCO,27077,BAJO BAUDÓ (PIZARRO),27077905,BUENAVISTA (BAJO BAUDÓ (PIZARRO) - CHOCO),2022,4,677.0,9230.0,38910.0,Miércoles,2022-04-13 11:00:00,7.0
27,CHOCO,27025,ALTO BAUDÓ (PIE DE PATO),27025000,CIUDAD BAUDÓ (ALTO BAUDÓ (PIE DE PATO) - CHOCO),2022,4,42964.0,14475.0,135520.0,Jueves,2022-04-07 19:30:00,2173.0
27,CHOCO,27495,NUQUÍ,27495000,COMUNIDAD INDÍGENA DE PANGUÍ - (EL YUCAL) (NUQUÍ - CHOCO),2022,4,7153.0,2012.0,11410.0,Domingo,2022-04-17 16:00:00,2373.0
27,CHOCO,27250,EL LITORAL DEL SAN JUAN,27250000,CUCURRUPÍ (EL LITORAL DEL SAN JUAN - CHOCO),2022,4,3262.0,8790.0,20220.0,Lunes,2022-04-18 18:45:00,665.0
27,CHOCO,27075,BAHÍA SOLANO (MUTIS),27075001,CUPICA (BAHÍA SOLANO (MUTIS) - CHOCO),2022,4,56886.0,20834.0,160120.0,Sábado,2022-04-23 19:30:00,197.0
27,CHOCO,27075,BAHÍA SOLANO (MUTIS),27075001,EL VALLE (BAHÍA SOLANO (MUTIS) - CHOCO),2022,4,159552.0,66952.0,331580.0,Martes,2022-04-12 19:15:00,238.0
27,CHOCO,27372,JURADO,27372000,JURADO (JURADO - CHOCO),2022,4,164555.0,70508.0,321920.0,Martes,2022-04-05 19:45:00,2283.0
27,CHOCO,27099,BOJAYÁ (BELLAVISTA),27099000,LA LOMA DE BOJAYÁ (BOJAYÁ (BELLAVISTA) - CHOCO),2022,4,11689.0,6006.0,6080.0,Viernes,2022-04-08 19:00:00,88.0
27,CHOCO,27075,BAHÍA SOLANO (MUTIS),27075001,MUTIS (BAHÍA SOLANO (MUTIS) - CHOCO),2022,4,688977.0,228068.0,13266.0,Lunes,2022-04-18 19:45:00,2388.0
27,CHOCO,27099,BOJAYÁ (BELLAVISTA),27099000,NAPIPÍ (BOJAYÁ (BELLAVISTA) - CHOCO),2022,4,2648.0,7240.0,640.0,Martes,2022-04-26 21:00:00,175.0
27,CHOCO,27495,NUQUÍ,27495000,NUQUÍ (NUQUÍ - CHOCO),2022,4,250918.0,100644.0,494910.0,Martes,2022-04-05 19:15:00,2398.0
27,CHOCO,27077,BAJO BAUDÓ (PIZARRO),27077905,PILIZA (BAJO BAUDÓ (PIZARRO) - CHOCO),2022,4,6915.0,5898.0,3520.0,Miércoles,2022-04-27 20:15:00,855.0
27,CHOCO,27077,BAJO BAUDÓ (PIZARRO),27077905,PIZARRO (BAJO BAUDÓ (PIZARRO) - CHOCO),2022,4,20181.0,91051.0,444580.0,Martes,2022-04-12 19:45:00,2198.0
27,CHOCO,27495,NUQUÍ,27495000,PUERTO JAGUA (NUQUÍ - CHOCO),2022,4,6610.0,3320.0,4320.0,Jueves,2022-04-14 19:15:00,648.0
27,CHOCO,27250,EL LITORAL DEL SAN JUAN,27250000,SANTA GENOVEVA DE DOCORDÓ (EL LITORAL DEL SAN JUAN - CHOCO),2022,4,54053.0,29739.0,16870.0,Viernes,2022-04-08 18:30:00,188.0
27,CHOCO,27001,QUIBDÓ,27001029,TAGACHI (QUIBDÓ - CHOCO),2022,4,4111.0,1485.0,46680.0,Jueves,2022-04-21 19:15:00,365.0
27,CHOCO,27800,UNGUÍA,27800001,TITUMATE (UNGUÍA - CHOCO),2022,4,18478.0,4604.0,101820.0,Domingo,2022-04-24 20:30:00,88.0
27,CHOCO,27250,EL LITORAL DEL SAN JUAN,27250000,TOGOROMA PLAYA (EL LITORAL DEL SAN JUAN - CHOCO),2022,4,7700.0,2070.0,7950.0,Martes,2022-04-19 18:30:00,445.0
27,CHOCO,27800,UNGUÍA,27800001,UNGUÍA (UNGUÍA - CHOCO),2022,4,398357.0,134764.0,850080.0,Viernes,2022-04-29 20:45:00,224.0
94,GUAINÍA,94343,BARRANCO MINAS,94343000,BARRANCO MINAS (BARRANCO MINAS - GUAINÍA),2022,4,7551.0,23554.0,206350.0,Jueves,2022-04-28 18:45:00,1628.0
94,GUAINÍA,94001,INÍRIDA,94001000,INÍRIDA (INÍRIDA - GUAINÍA),2022,4,7576.0,646285.0,378048.0,Viernes,2022-04-01 15:00:00,24.0
95,GUAVIARE,95200,MIRAFLORES,95200000,MIRAFLORES (MIRAFLORES - GUAVIARE),2022,4,84458.0,29114.0,205040.0,Viernes,2022-04-08 18:30:00,19.0
44,LA GUAJIRA,44847,URIBÍA,44847012,NAZARETH (URIBÍA - LA GUAJIRA),2022,4,4101.0,11121.0,182380.0,Martes,2022-04-19 19:15:00,1238.0
47,MAGDALENA,47189,CIÉNAGA,47189018,PALMOR (CIÉNAGA - MAGDALENA),2022,4,68569.0,24212.0,171840.0,Viernes,2022-04-01 18:45:00,215.0
50,META,50325,MAPIRIPÁN,50325000,MAPIRIPÁN (MAPIRIPÁN - META),2022,4,159262.0,63613.0,324720.0,Viernes,2022-04-01 18:45:00,2363.0
52,NARIÑO,52390,LA TOLA,52390005,AMARALES (LA TOLA - NARIÑO),2022,4,6815.0,2977.0,39810.0,Miércoles,2022-04-27 19:15:00,738.0
52,NARIÑO,52250,EL CHARCO,52250023,BAZÁN (EL CHARCO - NARIÑO),2022,4,13552.0,8401.0,11040.0,Lunes,2022-04-11 20:15:00,527.0
52,NARIÑO,52835,TUMACO,52835055,BOCAS DE CURAY (TUMACO - NARIÑO),2022,4,9019.0,2817.0,5520.0,Sábado,2022-04-23 19:30:00,71.0
52,NARIÑO,52490,OLAYA HERRERA,52490913,BOCAS DE PRIETA (OLAYA HERRERA - NARIÑO),2022,4,1602.0,4310.0,20590.0,Jueves,2022-04-28 19:45:00,43.0
52,NARIÑO,52696,SANTA BÁRBARA (ISCUANDÉ),52696022,LA ENSENADA (SANTA BÁRBARA (ISCUANDÉ) - NARIÑO),2022,4,3075.0,4874.0,22780.0,Miércoles,2022-04-27 19:30:00,555.0
52,NARIÑO,52390,LA TOLA,52390005,LA VIGÍA (LA TOLA - NARIÑO),2022,4,5881.0,2281.0,31280.0,Martes,2022-04-05 12:15:00,837.0
52,NARIÑO,52250,EL CHARCO,52250023,LAS MERCEDES (EL CHARCO - NARIÑO),2022,4,172.0,5790.0,12450.0,Sábado,2022-04-23 19:15:00,545.0
52,NARIÑO,52390,LA TOLA,52390005,MULATOS (LA TOLA - NARIÑO),2022,4,4345.0,2121.0,37180.0,Martes,2022-04-12 18:15:00,617.0
52,NARIÑO,52250,EL CHARCO,52250023,SAN JOSÉ (EL CHARCO - NARIÑO),2022,4,15022.0,3066.0,800.0,Sábado,2022-04-30 21:45:00,79.0
52,NARIÑO,52835,TUMACO,52835055,SAN JUAN COSTA (TUMACO - NARIÑO),2022,4,20778.0,7886.0,14080.0,Viernes,2022-04-01 19:15:00,743.0
52,NARIÑO,52390,LA TOLA,52390005,SAN PABLO DE LA MAR (LA TOLA - NARIÑO),2022,4,3826.0,1319.0,30530.0,Domingo,2022-04-03 19:15:00,58.0
52,NARIÑO,52520,FRANCISCO PIZARRO,52520013,SAN PEDRO DEL VINO (FRANCISCO PIZARRO - NARIÑO),2022,4,4694.0,2361.0,29410.0,Sábado,2022-04-09 20:00:00,7.0
52,NARIÑO,52696,SANTA BÁRBARA (ISCUANDÉ),52696022,SECADERO (SANTA BÁRBARA (ISCUANDÉ) - NARIÑO),2022,4,2591.0,1134.0,11660.0,Miércoles,2022-04-13 17:30:00,933.0
86,PUTUMAYO,86573,PUERTO LEGUÍZAMO,86573009,PIÑUÑA NEGRO (PUERTO LEGUÍZAMO - PUTUMAYO),2022,4,4083.0,1814.0,2880.0,Sábado,2022-04-09 17:30:00,663.0
86,PUTUMAYO,86573,PUERTO LEGUÍZAMO,86573009,PUERTO LEGUÍZAMO (PUERTO LEGUÍZAMO - PUTUMAYO),2022,4,946982.0,312723.0,199998.0,Miércoles,2022-04-27 14:45:00,2395.0
76,VALLE DEL CAUCA,76109,BUENAVENTURA,76109028,PUERTO MERIZALDE (BUENAVENTURA - VALLE DEL CAUCA),2022,4,82693.0,27964.0,221760.0,Viernes,2022-04-29 19:30:00,1628.0
76,VALLE DEL CAUCA,76109,BUENAVENTURA,76109028,SAN FRANCISCO DE NAYA (BUENAVENTURA - VALLE DEL CAUCA),2022,4,59.0,2559.0,32420.0,Lunes,2022-04-18 11:45:00,793.0
97,VAUPÉS,97161,CARURÚ,97161000,CARURÚ (CARURÚ - VAUPÉS),2022,4,26106.0,7609.0,98820.0,Viernes,2022-04-08 18:15:00,1192.0
97,VAUPÉS,97001,MITÚ,97001000,MITÚ (MITÚ - VAUPÉS),2022,4,7576.0,377527.0,272238.0,Miércoles,2022-04-27 13:00:00,24.0
97,VAUPÉS,97666,TARAIRA,97666000,TARAIRA (TARAIRA - VAUPÉS),2022,4,31504.0,9934.0,12390.0,Miércoles,2022-04-27 18:45:00,1123.0
99,VICHADA,99001,PUERTO CARREÑO,99001002,CASUARITO (PUERTO CARREÑO - VICHADA),2022,4,24941.0,9541.0,118620.0,Martes,2022-04-19 11:45:00,873.0
99,VICHADA,99773,CUMARIBO,99773000,CUMARIBO (CUMARIBO - VICHADA),2022,4,328382.0,139769.0,725120.0,Viernes,2022-04-01 14:30:00,2393.0
99,VICHADA,99524,LA PRIMAVERA,99524000,LA PRIMAVERA (LA PRIMAVERA - VICHADA),2022,4,365987.0,145437.0,724340.0,Viernes,2022-04-01 18:30:00,239.0
99,VICHADA,99001,PUERTO CARREÑO,99001002,PUERTO CARREÑO (PUERTO CARREÑO - VICHADA),2022,4,7576.0,800671.0,50512.0,Viernes,2022-04-01 14:30:00,2397.0
99,VICHADA,99624,SANTA ROSALÍA,99624000,SANTA ROSALÍA (SANTA ROSALÍA - VICHADA),2022,4,146203.0,73686.0,36470.0,Viernes,2022-04-01 18:45:00,179.0
91,AMAZONAS,91001,LETICIA,91001000,LETICIA (LETICIA - AMAZONAS),2022,5,7576.0,4650.0,71468.0,Miércoles,2022-05-11 14:30:00,24.0
91,AMAZONAS,91540,PUERTO NARIÑO,91540000,PUERTO NARIÑO (PUERTO NARIÑO - AMAZONAS),2022,5,110906.0,39659.0,22440.0,Miércoles,2022-05-11 18:30:00,24.0
91,AMAZONAS,91798,TARAPACÁ,91798000,TARAPACÁ (TARAPACÁ - AMAZONAS),2022,5,23816.0,10652.0,88130.0,Lunes,2022-05-09 19:00:00,1043.0
5,ANTIOQUIA,5873,VIGÍA DEL FUERTE,5873002,VEGÁEZ (VIGÍA DEL FUERTE - ANTIOQUIA),2022,5,3577.0,4780.0,34210.0,Domingo,2022-05-01 19:45:00,612.0
88,ARCHIPIÉLAGO DE SAN ANDRÉS,88564,PROVIDENCIA,88564000,PROVIDENCIA (PROVIDENCIA - ARCHIPIÉLAGO DE SAN ANDRÉS),2022,5,7576.0,278914.0,188811.0,Jueves,2022-05-26 20:45:00,24.0
88,ARCHIPIÉLAGO DE SAN ANDRÉS,88001,SAN ANDRÉS,88001000,SAN ANDRÉS (SAN ANDRÉS - ARCHIPIÉLAGO DE SAN ANDRÉS),2022,5,7576.0,4650.0,3043083.0,Martes,2022-05-10 15:30:00,24.0
13,BOLÍVAR,13001,CARTAGENA,13001037,ISLA MÚCURA (CARTAGENA - BOLÍVAR),2022,5,7082.0,2825.0,22340.0,Martes,2022-05-17 21:45:00,1462.0
13,BOLÍVAR,13001,CARTAGENA,13001037,SANTA CRUZ DEL ISLOTE (CARTAGENA - BOLÍVAR),2022,5,13696.0,4346.0,38780.0,Martes,2022-05-10 21:45:00,1418.0
18,CAQUETÁ,18753,SAN VICENTE DEL CAGUÁN,18753002,GUACAMAYAS (SAN VICENTE DEL CAGUÁN - CAQUETÁ),2022,5,1255.0,3979.0,41230.0,Sábado,2022-05-21 19:30:00,1543.0
18,CAQUETÁ,18753,SAN VICENTE DEL CAGUÁN,18753002,GUAYABAL (SAN VICENTE DEL CAGUÁN - CAQUETÁ),2022,5,6389.0,305.0,37440.0,Lunes,2022-05-16 18:30:00,712.0
18,CAQUETÁ,18150,CARTAGENA DEL CHAIRA,18150001,REMOLINO DEL CAGUÁN (CARTAGENA DEL CHAIRA - CAQUETÁ),2022,5,17111.0,8453.0,92620.0,Sábado,2022-05-21 18:30:00,802.0
18,CAQUETÁ,18150,CARTAGENA DEL CHAIRA,18150001,SANTA FE DEL CAGUÁN (CARTAGENA DEL CHAIRA - CAQUETÁ),2022,5,3599.0,1804.0,3960.0,Domingo,2022-05-01 18:30:00,382.0
85,CASANARE,85430,TRINIDAD,85430001,BOCAS DEL PAUTO (TRINIDAD - CASANARE),2022,5,13744.0,7767.0,111420.0,Miércoles,2022-05-18 11:15:00,6.0
19,CAUCA,19809,TIMBIQUÍ,19809003,CHACÓN (TIMBIQUÍ - CAUCA),2022,5,4516.0,1432.0,28110.0,Viernes,2022-05-27 20:00:00,652.0
19,CAUCA,19809,TIMBIQUÍ,19809003,COTEJE (TIMBIQUÍ - CAUCA),2022,5,6577.0,4898.0,32080.0,Lunes,2022-05-30 19:15:00,802.0
19,CAUCA,19418,LÓPEZ (MICAY),19418038,ISLA DE GALLO (LÓPEZ (MICAY) - CAUCA),2022,5,2889.0,1383.0,2410.0,Sábado,2022-05-14 18:30:00,515.0
19,CAUCA,19318,GUAPI,19318008,LIMONES (GUAPI - CAUCA),2022,5,8949.0,4217.0,39520.0,Domingo,2022-05-08 13:00:00,98.0
19,CAUCA,19809,TIMBIQUÍ,19809003,LOS BRAZOS (TIMBIQUÍ - CAUCA),2022,5,8099.0,1696.0,4440.0,Martes,2022-05-03 19:15:00,728.0
19,CAUCA,19418,LÓPEZ (MICAY),19418038,NOANAMITO (LÓPEZ (MICAY) - CAUCA),2022,5,6369.0,1818.0,440.0,Martes,2022-05-31 19:00:00,575.0
19,CAUCA,19809,TIMBIQUÍ,19809003,PUERTO SAIJA (TIMBIQUÍ - CAUCA),2022,5,2918.0,14604.0,173180.0,Domingo,2022-05-29 19:15:00,665.0
19,CAUCA,19418,LÓPEZ (MICAY),19418038,SAN ANTONIO DE CHUARÉ (LÓPEZ (MICAY) - CAUCA),2022,5,10368.0,3716.0,61630.0,Domingo,2022-05-01 18:45:00,648.0
19,CAUCA,19318,GUAPI,19318008,SAN ANTONIO DE GUAJUI (GUAPI - CAUCA),2022,5,11916.0,4987.0,49940.0,Martes,2022-05-31 20:00:00,955.0
19,CAUCA,19418,LÓPEZ (MICAY),19418038,SAN ISIDRO (LÓPEZ (MICAY) - CAUCA),2022,5,1188.0,6030.0,8320.0,Martes,2022-05-03 19:15:00,715.0
19,CAUCA,19809,TIMBIQUÍ,19809003,SANTA MARÍA (TIMBIQUÍ - CAUCA),2022,5,12262.0,5108.0,71490.0,Sábado,2022-05-07 20:00:00,7.0
19,CAUCA,19418,LÓPEZ (MICAY),19418038,ZARAGOZA (LÓPEZ (MICAY) - CAUCA),2022,5,7305.0,2807.0,52220.0,Domingo,2022-05-08 19:15:00,64.0
27,CHOCO,27800,UNGUÍA,27800001,BALBOA (UNGUÍA - CHOCO),2022,5,21873.0,8265.0,89370.0,Domingo,2022-05-01 20:15:00,1025.0
27,CHOCO,27099,BOJAYÁ (BELLAVISTA),27099000,BELLAVISTA (BOJAYÁ (BELLAVISTA) - CHOCO),2022,5,81611.0,2356.0,261120.0,Lunes,2022-05-09 18:45:00,1418.0
27,CHOCO,27425,MEDIO ATRATO (BETÉ),27425000,BETÉ (MEDIO ATRATO (BETÉ) - CHOCO),2022,5,16854.0,9058.0,640.0,Lunes,2022-05-02 19:00:00,1248.0
27,CHOCO,27025,ALTO BAUDÓ (PIE DE PATO),27025000,CIUDAD BAUDÓ (ALTO BAUDÓ (PIE DE PATO) - CHOCO),2022,5,47152.0,15698.0,129010.0,Jueves,2022-05-19 19:30:00,2323.0
27,CHOCO,27495,NUQUÍ,27495000,COMUNIDAD INDÍGENA DE PANGUÍ - (EL YUCAL) (NUQUÍ - CHOCO),2022,5,5725.0,1723.0,11420.0,Viernes,2022-05-02 19:15:00,2302.0
27,CHOCO,27250,EL LITORAL DEL SAN JUAN,27250000,CUCURRUPÍ (EL LITORAL DEL SAN JUAN - CHOCO),2022,5,3318.0,9170.0,20350.0,Viernes,2022-05-20 17:30:00,627.0
27,CHOCO,27075,BAHÍA SOLANO (MUTIS),27075001,CUPICA (BAHÍA SOLANO (MUTIS) - CHOCO),2022,5,72895.0,25205.0,167270.0,Martes,2022-05-27 18:45:00,2392.0
27,CHOCO,27075,BAHÍA SOLANO (MUTIS),27075001,EL VALLE (BAHÍA SOLANO (MUTIS) - CHOCO),2022,5,164833.0,68266.0,344260.0,Lunes,2022-05-03 20:00:00,2387.0
27,CHOCO,27372,JURADO,27372000,JURADO (JURADO - CHOCO),2022,5,173706.0,73275.0,324480.0,Lunes,2022-05-30 19:15:00,2393.0
27,CHOCO,27099,BOJAYÁ (BELLAVISTA),27099000,LA LOMA DE BOJAYÁ (BOJAYÁ (BELLAVISTA) - CHOCO),2022,5,10591.0,5672.0,6080.0,Miércoles,2022-05-16 19:00:00,82.0
27,CHOCO,27075,BAHÍA SOLANO (MUTIS),27075001,MUTIS (BAHÍA SOLANO (MUTIS) - CHOCO),2022,5,714719.0,260059.0,138028.0,Lunes,2022-05-25 19:15:00,2388.0
27,CHOCO,27495,NUQUÍ,27495000,NUQUÍ (NUQUÍ - CHOCO),2022,5,257578.0,105758.0,508640.0,Viernes,2022-05-27 19:00:00,236.0
27,CHOCO,27077,BAJO BAUDÓ (PIZARRO),27077905,PILIZA (BAJO BAUDÓ (PIZARRO) - CHOCO),2022,5,6763.0,6146.0,3520.0,Lunes,2022-05-16 19:00:00,782.0
27,CHOCO,27077,BAJO BAUDÓ (PIZARRO),27077905,PIZARRO (BAJO BAUDÓ (PIZARRO) - CHOCO),2022,5,218269.0,100015.0,469920.0,Miércoles,2022-05-11 19:00:00,2223.0
27,CHOCO,27495,NUQUÍ,27495000,PUERTO JAGUA (NUQUÍ - CHOCO),2022,5,8470.0,4200.0,4660.0,Miércoles,2022-05-25 19:30:00,792.0
27,CHOCO,27006,ACANDÍ,27006000,SAN FRANCISCO (ACANDÍ - CHOCO),2022,5,259.0,1089.0,31780.0,Martes,2022-05-24 20:45:00,358.0
27,CHOCO,27001,QUIBDÓ,27001029,TAGACHI (QUIBDÓ - CHOCO),2022,5,6141.0,2262.0,54480.0,Lunes,2022-05-09 19:30:00,55.0
27,CHOCO,27800,UNGUÍA,27800001,TITUMATE (UNGUÍA - CHOCO),2022,5,17922.0,4439.0,104020.0,Domingo,2022-05-01 19:15:00,817.0
27,CHOCO,27250,EL LITORAL DEL SAN JUAN,27250000,TOGOROMA PLAYA (EL LITORAL DEL SAN JUAN - CHOCO),2022,5,8950.0,2400.0,7950.0,Jueves,2022-05-19 18:30:00,502.0
27,CHOCO,27800,UNGUÍA,27800001,UNGUÍA (UNGUÍA - CHOCO),2022,5,430371.0,143541.0,902350.0,Jueves,2022-05-12 21:15:00,224.0
94,GUAINÍA,94343,BARRANCO MINAS,94343000,BARRANCO MINAS (BARRANCO MINAS - GUAINÍA),2022,5,67155.0,18386.0,181570.0,Martes,2022-05-03 18:45:00,1632.0
94,GUAINÍA,94001,INÍRIDA,94001000,INÍRIDA (INÍRIDA - GUAINÍA),2022,5,7576.0,645033.0,38368.0,Martes,2022-05-03 14:30:00,24.0
95,GUAVIARE,95200,MIRAFLORES,95200000,MIRAFLORES (MIRAFLORES - GUAVIARE),2022,5,90318.0,31378.0,206360.0,Jueves,2022-05-12 19:15:00,1933.0
44,LA GUAJIRA,44847,URIBÍA,44847012,NAZARETH (URIBÍA - LA GUAJIRA),2022,5,45811.0,0.0,189740.0,Miércoles,2022-05-18 19:15:00,121.0
47,MAGDALENA,47189,CIÉNAGA,47189018,PALMOR (CIÉNAGA - MAGDALENA),2022,5,76093.0,26666.0,172930.0,Sábado,2022-05-21 20:00:00,2115.0
52,NARIÑO,52390,LA TOLA,52390005,AGUACATAL (LA TOLA - NARIÑO),2022,5,6720.0,1850.0,11920.0,Martes,2022-05-31 19:15:00,238.0
52,NARIÑO,52390,LA TOLA,52390005,AMARALES (LA TOLA - NARIÑO),2022,5,7231.0,3115.0,4330.0,Jueves,2022-05-26 19:00:00,733.0
52,NARIÑO,52250,EL CHARCO,52250023,BAZÁN (EL CHARCO - NARIÑO),2022,5,20063.0,7394.0,10080.0,Martes,2022-05-24 18:45:00,792.0
52,NARIÑO,52835,TUMACO,52835055,BOCAS DE CURAY (TUMACO - NARIÑO),2022,5,7885.0,25.0,5520.0,Martes,2022-05-31 19:30:00,61.0
52,NARIÑO,52473,MOSQUERA,52473010,EL BAJITO DE ECHANDÍA (MOSQUERA - NARIÑO),2022,5,3073.0,6710.0,11980.0,Jueves,2022-05-26 11:15:00,1082.0
52,NARIÑO,52696,SANTA BÁRBARA (ISCUANDÉ),52696022,LA ENSENADA (SANTA BÁRBARA (ISCUANDÉ) - NARIÑO),2022,5,3063.0,4831.0,21950.0,Jueves,2022-05-26 19:30:00,535.0
52,NARIÑO,52390,LA TOLA,52390005,LA VIGÍA (LA TOLA - NARIÑO),2022,5,6234.0,2416.0,31480.0,Domingo,2022-05-08 12:15:00,85.0
52,NARIÑO,52250,EL CHARCO,52250023,LAS MERCEDES (EL CHARCO - NARIÑO),2022,5,1836.0,5890.0,12860.0,Jueves,2022-05-26 20:45:00,572.0
52,NARIÑO,52390,LA TOLA,52390005,MULATOS (LA TOLA - NARIÑO),2022,5,4427.0,2217.0,35970.0,Lunes,2022-05-16 17:30:00,632.0
52,NARIÑO,52250,EL CHARCO,52250023,SAN JOSÉ (EL CHARCO - NARIÑO),2022,5,14134.0,3676.0,800.0,Martes,2022-05-17 17:45:00,863.0
52,NARIÑO,52835,TUMACO,52835055,SAN JUAN COSTA (TUMACO - NARIÑO),2022,5,2064.0,7946.0,12160.0,Martes,2022-05-03 18:45:00,787.0
52,NARIÑO,52390,LA TOLA,52390005,SAN PABLO DE LA MAR (LA TOLA - NARIÑO),2022,5,3961.0,1232.0,28190.0,Martes,2022-05-17 18:45:00,602.0
52,NARIÑO,52520,FRANCISCO PIZARRO,52520013,SAN PEDRO DEL VINO (FRANCISCO PIZARRO - NARIÑO),2022,5,4682.0,2405.0,28510.0,Sábado,2022-05-21 20:00:00,683.0
52,NARIÑO,52696,SANTA BÁRBARA (ISCUANDÉ),52696022,SECADERO (SANTA BÁRBARA (ISCUANDÉ) - NARIÑO),2022,5,3048.0,116.0,14280.0,Jueves,2022-05-26 19:15:00,907.0
86,PUTUMAYO,86573,PUERTO LEGUÍZAMO,86573009,PIÑUÑA NEGRO (PUERTO LEGUÍZAMO - PUTUMAYO),2022,5,3728.0,1627.0,2560.0,Domingo,2022-05-22 19:00:00,625.0
86,PUTUMAYO,86573,PUERTO LEGUÍZAMO,86573009,PUERTO LEGUÍZAMO (PUERTO LEGUÍZAMO - PUTUMAYO),2022,5,982942.0,318175.0,195149.0,Martes,2022-05-03 15:00:00,2398.0
76,VALLE DEL CAUCA,76109,BUENAVENTURA,76109028,PUERTO MERIZALDE (BUENAVENTURA - VALLE DEL CAUCA),2022,5,81388.0,28005.0,213840.0,Domingo,2022-05-01 20:30:00,1563.0
76,VALLE DEL CAUCA,76109,BUENAVENTURA,76109028,SAN FRANCISCO DE NAYA (BUENAVENTURA - VALLE DEL CAUCA),2022,5,6098.0,2552.0,33630.0,Viernes,2022-05-27 11:45:00,8.0
97,VAUPÉS,97161,CARURÚ,97161000,CARURÚ (CARURÚ - VAUPÉS),2022,5,28056.0,846.0,96540.0,Miércoles,2022-05-11 18:00:00,1245.0
97,VAUPÉS,97001,MITÚ,97001000,MITÚ (MITÚ - VAUPÉS),2022,5,7576.0,391911.0,279589.0,Miércoles,2022-05-04 12:00:00,24.0
97,VAUPÉS,97666,TARAIRA,97666000,TARAIRA (TARAIRA - VAUPÉS),2022,5,33234.0,9974.0,126460.0,Miércoles,2022-05-11 18:30:00,1122.0
99,VICHADA,99001,PUERTO CARREÑO,99001002,CASUARITO (PUERTO CARREÑO - VICHADA),2022,5,24622.0,9578.0,120380.0,Miércoles,2022-05-04 12:30:00,86.0
99,VICHADA,99773,CUMARIBO,99773000,CUMARIBO (CUMARIBO - VICHADA),2022,5,32408.0,137209.0,700480.0,Martes,2022-05-03 15:00:00,2393.0
99,VICHADA,99524,LA PRIMAVERA,99524000,LA PRIMAVERA (LA PRIMAVERA - VICHADA),2022,5,353229.0,137702.0,711510.0,Miércoles,2022-05-04 18:30:00,2397.0
99,VICHADA,99001,PUERTO CARREÑO,99001002,PUERTO CARREÑO (PUERTO CARREÑO - VICHADA),2022,5,7576.0,827054.0,483736.0,Miércoles,2022-05-04 14:15:00,2397.0
99,VICHADA,99624,SANTA ROSALÍA,99624000,SANTA ROSALÍA (SANTA ROSALÍA - VICHADA),2022,5,144726.0,73964.0,36350.0,Miércoles,2022-05-04 18:30:00,184.0
91,AMAZONAS,91001,LETICIA,91001000,LETICIA (LETICIA - AMAZONAS),2022,6,7576.0,4650.0,72336.0,Jueves,2022-06-23 14:30:00,24.0
91,AMAZONAS,91540,PUERTO NARIÑO,91540000,PUERTO NARIÑO (PUERTO NARIÑO - AMAZONAS),2022,6,104812.0,36619.0,22420.0,Jueves,2022-06-30 18:45:00,2395.0
91,AMAZONAS,91798,TARAPACÁ,91798000,TARAPACÁ (TARAPACÁ - AMAZONAS),2022,6,2216.0,10472.0,890.0,Martes,2022-06-21 14:45:00,1043.0
5,ANTIOQUIA,5873,VIGÍA DEL FUERTE,5873002,VEGÁEZ (VIGÍA DEL FUERTE - ANTIOQUIA),2022,6,4622.0,5450.0,4160.0,Martes,2022-06-21 17:15:00,645.0
88,ARCHIPIÉLAGO DE SAN ANDRÉS,88564,PROVIDENCIA,88564000,PROVIDENCIA (PROVIDENCIA - ARCHIPIÉLAGO DE SAN ANDRÉS),2022,6,7576.0,261734.0,19833.0,Miércoles,2022-06-29 21:15:00,24.0
88,ARCHIPIÉLAGO DE SAN ANDRÉS,88001,SAN ANDRÉS,88001000,SAN ANDRÉS (SAN ANDRÉS - ARCHIPIÉLAGO DE SAN ANDRÉS),2022,6,7576.0,4650.0,296971.0,Miércoles,2022-06-08 15:30:00,24.0
13,BOLÍVAR,13001,CARTAGENA,13001037,ISLA FUERTE (CARTAGENA - BOLÍVAR),2022,6,52039.0,24778.0,17930.0,Jueves,2022-06-23 23:00:00,1268.0
13,BOLÍVAR,13001,CARTAGENA,13001037,ISLA MÚCURA (CARTAGENA - BOLÍVAR),2022,6,6662.0,2473.0,2370.0,Jueves,2022-06-23 22:00:00,1398.0
13,BOLÍVAR,13001,CARTAGENA,13001037,SANTA CRUZ DEL ISLOTE (CARTAGENA - BOLÍVAR),2022,6,12585.0,3947.0,3840.0,Miércoles,2022-06-29 21:30:00,1373.0
18,CAQUETÁ,18753,SAN VICENTE DEL CAGUÁN,18753002,GUACAMAYAS (SAN VICENTE DEL CAGUÁN - CAQUETÁ),2022,6,13567.0,4441.0,4180.0,Lunes,2022-06-27 19:30:00,1815.0
18,CAQUETÁ,18753,SAN VICENTE DEL CAGUÁN,18753002,GUAYABAL (SAN VICENTE DEL CAGUÁN - CAQUETÁ),2022,6,5878.0,2779.0,3790.0,Domingo,2022-06-05 10:30:00,663.0
18,CAQUETÁ,18150,CARTAGENA DEL CHAIRA,18150001,REMOLINO DEL CAGUÁN (CARTAGENA DEL CHAIRA - CAQUETÁ),2022,6,16113.0,8181.0,8780.0,Viernes,2022-06-03 18:45:00,807.0
18,CAQUETÁ,18150,CARTAGENA DEL CHAIRA,18150001,SANTA FE DEL CAGUÁN (CARTAGENA DEL CHAIRA - CAQUETÁ),2022,6,3731.0,1864.0,4160.0,Jueves,2022-06-09 18:45:00,427.0
85,CASANARE,85430,TRINIDAD,85430001,BOCAS DEL PAUTO (TRINIDAD - CASANARE),2022,6,13194.0,7595.0,9420.0,Martes,2022-06-28 18:30:00,62.0
19,CAUCA,19809,TIMBIQUÍ,19809003,CHACÓN (TIMBIQUÍ - CAUCA),2022,6,4233.0,1293.0,2790.0,Jueves,2022-06-09 19:15:00,64.0
19,CAUCA,19809,TIMBIQUÍ,19809003,COMUNIDAD DE CHETE (TIMBIQUÍ - CAUCA),2022,6,2433.0,9160.0,2610.0,Sábado,2022-06-11 19:00:00,387.0
19,CAUCA,19809,TIMBIQUÍ,19809003,COTEJE (TIMBIQUÍ - CAUCA),2022,6,6034.0,4499.0,3170.0,Martes,2022-06-07 19:30:00,77.0
19,CAUCA,19418,LÓPEZ (MICAY),19418038,ISLA DE GALLO (LÓPEZ (MICAY) - CAUCA),2022,6,3459.0,1632.0,2190.0,Viernes,2022-06-10 18:15:00,678.0
19,CAUCA,19318,GUAPI,19318008,LIMONES (GUAPI - CAUCA),2022,6,7833.0,3788.0,350.0,Miércoles,2022-06-01 19:30:00,982.0
19,CAUCA,19809,TIMBIQUÍ,19809003,LOS BRAZOS (TIMBIQUÍ - CAUCA),2022,6,7685.0,158.0,410.0,Miércoles,2022-06-01 18:00:00,743.0
19,CAUCA,19418,LÓPEZ (MICAY),19418038,NOANAMITO (LÓPEZ (MICAY) - CAUCA),2022,6,6867.0,2021.0,440.0,Miércoles,2022-06-01 18:30:00,662.0
19,CAUCA,19809,TIMBIQUÍ,19809003,PUERTO SAIJA (TIMBIQUÍ - CAUCA),2022,6,27313.0,13763.0,16910.0,Miércoles,2022-06-08 19:30:00,645.0
19,CAUCA,19418,LÓPEZ (MICAY),19418038,SAN ANTONIO DE CHUARÉ (LÓPEZ (MICAY) - CAUCA),2022,6,8248.0,2683.0,5970.0,Jueves,2022-06-09 19:00:00,78.0
19,CAUCA,19318,GUAPI,19318008,SAN ANTONIO DE GUAJUI (GUAPI - CAUCA),2022,6,11513.0,552.0,490.0,Miércoles,2022-06-08 19:45:00,955.0
19,CAUCA,19809,TIMBIQUÍ,19809003,SANTA MARÍA (TIMBIQUÍ - CAUCA),2022,6,12224.0,5201.0,7010.0,Miércoles,2022-06-08 18:45:00,738.0
19,CAUCA,19809,TIMBIQUÍ,19809003,SANTA ROSA DE SAIJA (TIMBIQUÍ - CAUCA),2022,6,3959.0,2173.0,250.0,Sábado,2022-06-04 19:30:00,673.0
19,CAUCA,19418,LÓPEZ (MICAY),19418038,ZARAGOZA (LÓPEZ (MICAY) - CAUCA),2022,6,4981.0,188.0,4740.0,Sábado,2022-06-11 18:45:00,438.0
27,CHOCO,27800,UNGUÍA,27800001,BALBOA (UNGUÍA - CHOCO),2022,6,19962.0,8206.0,9090.0,Viernes,2022-06-10 20:30:00,1003.0
27,CHOCO,27099,BOJAYÁ (BELLAVISTA),27099000,BELLAVISTA (BOJAYÁ (BELLAVISTA) - CHOCO),2022,6,94094.0,27441.0,22690.0,Viernes,2022-06-03 19:45:00,177.0
27,CHOCO,27425,MEDIO ATRATO (BETÉ),27425000,BETÉ (MEDIO ATRATO (BETÉ) - CHOCO),2022,6,14249.0,7518.0,560.0,Miércoles,2022-06-22 19:30:00,1203.0
27,CHOCO,27025,ALTO BAUDÓ (PIE DE PATO),27025000,CIUDAD BAUDÓ (ALTO BAUDÓ (PIE DE PATO) - CHOCO),2022,6,43555.0,14905.0,10830.0,Sábado,2022-06-04 11:45:00,24.0
27,CHOCO,27495,NUQUÍ,27495000,COMUNIDAD INDÍGENA DE PANGUÍ - (EL YUCAL) (NUQUÍ - CHOCO),2022,6,7868.0,1762.0,1140.0,Jueves,2022-06-02 18:15:00,238.0
27,CHOCO,27250,EL LITORAL DEL SAN JUAN,27250000,CUCURRUPÍ (EL LITORAL DEL SAN JUAN - CHOCO),2022,6,3078.0,9460.0,2010.0,Miércoles,2022-06-08 19:00:00,623.0
27,CHOCO,27075,BAHÍA SOLANO (MUTIS),27075001,CUPICA (BAHÍA SOLANO (MUTIS) - CHOCO),2022,6,66925.0,23714.0,1500.0,Viernes,2022-06-03 19:30:00,2368.0
27,CHOCO,27075,BAHÍA SOLANO (MUTIS),27075001,EL VALLE (BAHÍA SOLANO (MUTIS) - CHOCO),2022,6,154438.0,63802.0,32630.0,Miércoles,2022-06-29 19:30:00,2385.0
27,CHOCO,27372,JURADO,27372000,JURADO (JURADO - CHOCO),2022,6,156651.0,68498.0,28660.0,Miércoles,2022-06-15 19:30:00,2387.0
27,CHOCO,27099,BOJAYÁ (BELLAVISTA),27099000,LA LOMA DE BOJAYÁ (BOJAYÁ (BELLAVISTA) - CHOCO),2022,6,10777.0,5754.0,5760.0,Lunes,2022-06-06 19:15:00,88.0
27,CHOCO,27099,BOJAYÁ (BELLAVISTA),27099000,NAPIPÍ (BOJAYÁ (BELLAVISTA) - CHOCO),2022,6,8914.0,2289.0,6080.0,Sábado,2022-06-04 18:45:00,6.0
27,CHOCO,27495,NUQUÍ,27495000,NUQUÍ (NUQUÍ - CHOCO),2022,6,242342.0,95501.0,4840.0,Sábado,2022-06-04 20:00:00,2393.0
27,CHOCO,27077,BAJO BAUDÓ (PIZARRO),27077905,PILIZA (BAJO BAUDÓ (PIZARRO) - CHOCO),2022,6,576.0,4579.0,3520.0,Martes,2022-06-07 18:30:00,675.0
27,CHOCO,27077,BAJO BAUDÓ (PIZARRO),27077905,PIZARRO (BAJO BAUDÓ (PIZARRO) - CHOCO),2022,6,207574.0,94136.0,49260.0,Miércoles,2022-06-08 19:00:00,2277.0
27,CHOCO,27495,NUQUÍ,27495000,PUERTO JAGUA (NUQUÍ - CHOCO),2022,6,7420.0,3790.0,480.0,Jueves,2022-06-30 19:15:00,668.0
27,CHOCO,27001,QUIBDÓ,27001029,TAGACHI (QUIBDÓ - CHOCO),2022,6,5703.0,2049.0,5040.0,Sábado,2022-06-25 12:30:00,527.0
27,CHOCO,27800,UNGUÍA,27800001,TITUMATE (UNGUÍA - CHOCO),2022,6,16907.0,4374.0,8980.0,Viernes,2022-06-17 19:00:00,885.0
27,CHOCO,27250,EL LITORAL DEL SAN JUAN,27250000,TOGOROMA PLAYA (EL LITORAL DEL SAN JUAN - CHOCO),2022,6,9840.0,2350.0,750.0,Miércoles,2022-06-01 19:15:00,558.0
27,CHOCO,27800,UNGUÍA,27800001,UNGUÍA (UNGUÍA - CHOCO),2022,6,391559.0,133588.0,86750.0,Viernes,2022-06-03 20:30:00,2235.0
94,GUAINÍA,94343,BARRANCO MINAS,94343000,BARRANCO MINAS (BARRANCO MINAS - GUAINÍA),2022,6,63193.0,17154.0,18760.0,Miércoles,2022-06-29 18:30:00,1633.0
94,GUAINÍA,94001,INÍRIDA,94001000,INÍRIDA (INÍRIDA - GUAINÍA),2022,6,7576.0,595336.0,35631.0,Jueves,2022-06-09 15:00:00,24.0
95,GUAVIARE,95200,MIRAFLORES,95200000,MIRAFLORES (MIRAFLORES - GUAVIARE),2022,6,83248.0,29949.0,20810.0,Jueves,2022-06-02 19:00:00,1922.0
44,LA GUAJIRA,44847,URIBÍA,44847012,NAZARETH (URIBÍA - LA GUAJIRA),2022,6,4411.0,11665.0,19010.0,Lunes,2022-06-13 20:00:00,1183.0
47,MAGDALENA,47189,CIÉNAGA,47189018,PALMOR (CIÉNAGA - MAGDALENA),2022,6,84901.0,28344.0,17320.0,Domingo,2022-06-26 08:00:00,2205.0
52,NARIÑO,52390,LA TOLA,52390005,AGUACATAL (LA TOLA - NARIÑO),2022,6,2158.0,6100.0,1220.0,Sábado,2022-06-11 16:45:00,787.0
52,NARIÑO,52250,EL CHARCO,52250023,BAZÁN (EL CHARCO - NARIÑO),2022,6,188.0,6784.0,960.0,Viernes,2022-06-03 18:45:00,8.0
52,NARIÑO,52835,TUMACO,52835055,BOCAS DE CURAY (TUMACO - NARIÑO),2022,6,7273.0,2379.0,5760.0,Viernes,2022-06-03 19:15:00,588.0
52,NARIÑO,52490,OLAYA HERRERA,52490913,BOCAS DE PRIETA (OLAYA HERRERA - NARIÑO),2022,6,2819.0,6570.0,1910.0,Martes,2022-06-07 18:00:00,657.0
52,NARIÑO,52473,MOSQUERA,52473010,EL BAJITO DE ECHANDÍA (MOSQUERA - NARIÑO),2022,6,2602.0,6000.0,1230.0,Viernes,2022-06-17 18:15:00,838.0
52,NARIÑO,52696,SANTA BÁRBARA (ISCUANDÉ),52696022,LA ENSENADA (SANTA BÁRBARA (ISCUANDÉ) - NARIÑO),2022,6,1875.0,3026.0,2240.0,Miércoles,2022-06-08 19:00:00,358.0
52,NARIÑO,52390,LA TOLA,52390005,LA VIGÍA (LA TOLA - NARIÑO),2022,6,6007.0,2323.0,3170.0,Jueves,2022-06-30 12:15:00,85.0
52,NARIÑO,52390,LA TOLA,52390005,MULATOS (LA TOLA - NARIÑO),2022,6,3981.0,2012.0,3550.0,Viernes,2022-06-03 18:30:00,598.0
52,NARIÑO,52250,EL CHARCO,52250023,SAN JOSÉ (EL CHARCO - NARIÑO),2022,6,10776.0,3662.0,560.0,Miércoles,2022-06-01 19:00:00,792.0
52,NARIÑO,52835,TUMACO,52835055,SAN JUAN COSTA (TUMACO - NARIÑO),2022,6,23053.0,922.0,11520.0,Lunes,2022-06-20 19:15:00,897.0
52,NARIÑO,52390,LA TOLA,52390005,SAN PABLO DE LA MAR (LA TOLA - NARIÑO),2022,6,1966.0,4910.0,2370.0,Jueves,2022-06-02 19:00:00,398.0
52,NARIÑO,52520,FRANCISCO PIZARRO,52520013,SAN PEDRO DEL VINO (FRANCISCO PIZARRO - NARIÑO),2022,6,4341.0,2312.0,2990.0,Jueves,2022-06-16 18:00:00,675.0
52,NARIÑO,52696,SANTA BÁRBARA (ISCUANDÉ),52696022,SECADERO (SANTA BÁRBARA (ISCUANDÉ) - NARIÑO),2022,6,3022.0,1516.0,1480.0,Sábado,2022-06-04 12:45:00,902.0
86,PUTUMAYO,86573,PUERTO LEGUÍZAMO,86573009,PIÑUÑA NEGRO (PUERTO LEGUÍZAMO - PUTUMAYO),2022,6,3814.0,1751.0,2560.0,Viernes,2022-06-03 19:00:00,647.0
86,PUTUMAYO,86573,PUERTO LEGUÍZAMO,86573009,PUERTO LEGUÍZAMO (PUERTO LEGUÍZAMO - PUTUMAYO),2022,6,925729.0,297857.0,19393.0,Viernes,2022-06-10 14:45:00,2387.0
76,VALLE DEL CAUCA,76109,BUENAVENTURA,76109028,PUERTO MERIZALDE (BUENAVENTURA - VALLE DEL CAUCA),2022,6,81787.0,27791.0,20840.0,Jueves,2022-06-23 19:45:00,1652.0
76,VALLE DEL CAUCA,76109,BUENAVENTURA,76109028,SAN FRANCISCO DE NAYA (BUENAVENTURA - VALLE DEL CAUCA),2022,6,6358.0,2623.0,3150.0,Sábado,2022-06-18 11:45:00,842.0
97,VAUPÉS,97161,CARURÚ,97161000,CARURÚ (CARURÚ - VAUPÉS),2022,6,26887.0,7778.0,9440.0,Viernes,2022-06-17 18:45:00,1222.0
97,VAUPÉS,97001,MITÚ,97001000,MITÚ (MITÚ - VAUPÉS),2022,6,7576.0,363471.0,26453.0,Lunes,2022-06-06 12:00:00,24.0
27,CHOCÓ,27372,JURADO,27372901,SANTA TERESITA,2025,12,3480.0,310.0,96392.0,lunes,2025-12-01 18:15:00,341.0
97,VAUPÉS,97666,TARAIRA,97666000,TARAIRA (TARAIRA - VAUPÉS),2022,6,31514.0,9744.0,12830.0,Miércoles,2022-06-15 19:00:00,111.0
99,VICHADA,99001,PUERTO CARREÑO,99001002,CASUARITO (PUERTO CARREÑO - VICHADA),2022,6,22785.0,9026.0,11460.0,Miércoles,2022-06-22 19:00:00,86.0
99,VICHADA,99773,CUMARIBO,99773000,CUMARIBO (CUMARIBO - VICHADA),2022,6,297085.0,127405.0,62660.0,Martes,2022-06-07 13:45:00,239.0
99,VICHADA,99524,LA PRIMAVERA,99524000,LA PRIMAVERA (LA PRIMAVERA - VICHADA),2022,6,317589.0,125767.0,63220.0,Martes,2022-06-21 18:45:00,2397.0
99,VICHADA,99001,PUERTO CARREÑO,99001002,PUERTO CARREÑO (PUERTO CARREÑO - VICHADA),2022,6,7576.0,773785.0,46297.0,Viernes,2022-06-10 14:15:00,2397.0
99,VICHADA,99624,SANTA ROSALÍA,99624000,SANTA ROSALÍA (SANTA ROSALÍA - VICHADA),2022,6,134535.0,68879.0,3340.0,Miércoles,2022-06-22 18:30:00,1845.0
91,AMAZONAS,91001,LETICIA,91001000,LETICIA (LETICIA - AMAZONAS),2022,7,7576.0,4650.0,705986.0,Viernes,2022-07-01 15:15:00,24.0
91,AMAZONAS,91540,PUERTO NARIÑO,91540000,PUERTO NARIÑO (PUERTO NARIÑO - AMAZONAS),2022,7,113898.0,40782.0,233730.0,Martes,2022-07-12 19:15:00,2397.0
91,AMAZONAS,91798,TARAPACA,91798000,TARAPACA (TARAPACA - AMAZONAS),2022,7,24254.0,10571.0,90290.0,Martes,2022-07-12 14:00:00,1045.0
5,ANTIOQUIA,5873,VIGIA DEL FUERTE,5873002,VEGAEZ (VIGIA DEL FUERTE - ANTIOQUIA),2022,7,3567.0,3930.0,35810.0,Lunes,2022-07-11 21:00:00,495.0
88,ARCHIPIELAGO DE SAN ANDRES,88564,PROVIDENCIA,88564000,PROVIDENCIA (PROVIDENCIA - ARCHIPIELAGO DE SAN ANDRES),2022,7,7576.0,292504.0,214596.0,Lunes,2022-07-18 21:15:00,24.0
88,ARCHIPIELAGO DE SAN ANDRES,88001,SAN ANDRES,88001000,SAN ANDRES (SAN ANDRES - ARCHIPIELAGO DE SAN ANDRES),2022,7,7576.0,4650.0,3061796.0,Miercoles,2022-07-13 15:30:00,24.0
13,BOLIVAR,13001,CARTAGENA,13001037,ISLA FUERTE (CARTAGENA - BOLIVAR),2022,7,5592.0,26452.0,20020.0,Domingo,2022-07-03 22:45:00,1287.0
13,BOLIVAR,13001,CARTAGENA,13001037,ISLA MUCURA (CARTAGENA - BOLIVAR),2022,7,7101.0,2763.0,22850.0,Sabado,2022-07-09 23:00:00,1475.0
13,BOLIVAR,13001,CARTAGENA,13001037,SANTA CRUZ DEL ISLOTE (CARTAGENA - BOLIVAR),2022,7,1409.0,4483.0,40420.0,Domingo,2022-07-17 21:00:00,1435.0
18,CAQUETA,18753,SAN VICENTE DEL CAGUAN,18753002,GUACAMAYAS (SAN VICENTE DEL CAGUAN - CAQUETA),2022,7,14478.0,4626.0,42050.0,Sabado,2022-07-16 19:15:00,178.0
18,CAQUETA,18753,SAN VICENTE DEL CAGUAN,18753002,GUAYABAL (SAN VICENTE DEL CAGUAN - CAQUETA),2022,7,5958.0,2847.0,37820.0,Miercoles,2022-07-20 19:00:00,645.0
18,CAQUETA,18150,CARTAGENA DEL CHAIRA,18150001,SANTA FE DEL CAGUAN (CARTAGENA DEL CHAIRA - CAQUETA),2022,7,3177.0,1523.0,37560.0,Jueves,2022-07-21 18:45:00,348.0
19,CAUCA,19809,TIMBIQUI,19809003,CHACON (TIMBIQUI - CAUCA),2022,7,4097.0,1243.0,27620.0,Sabado,2022-07-09 19:30:00,613.0
19,CAUCA,19809,TIMBIQUI,19809003,COMUNIDAD DE CHETE (TIMBIQUI - CAUCA),2022,7,4185.0,1626.0,25980.0,Viernes,2022-07-08 19:00:00,658.0
19,CAUCA,19809,TIMBIQUI,19809003,COTEJE (TIMBIQUI - CAUCA),2022,7,6266.0,4628.0,32480.0,Martes,2022-07-26 19:00:00,765.0
19,CAUCA,19418,LOPEZ (MICAY),19418038,ISLA DE GALLO (LOPEZ (MICAY) - CAUCA),2022,7,3549.0,1533.0,24320.0,Viernes,2022-07-15 19:15:00,647.0
19,CAUCA,19318,GUAPI,19318008,LIMONES (GUAPI - CAUCA),2022,7,7463.0,3624.0,3220.0,Sabado,2022-07-23 14:30:00,983.0
19,CAUCA,19418,LOPEZ (MICAY),19418038,NOANAMITO (LOPEZ (MICAY) - CAUCA),2022,7,832.0,2333.0,600.0,Sabado,2022-07-30 19:45:00,677.0
19,CAUCA,19809,TIMBIQUI,19809003,PUERTO SAIJA (TIMBIQUI - CAUCA),2022,7,26533.0,13203.0,173360.0,Domingo,2022-07-24 19:15:00,61.0
19,CAUCA,19418,LOPEZ (MICAY),19418038,SAN ANTONIO DE CHUARE (LOPEZ (MICAY) - CAUCA),2022,7,4477.0,1497.0,39360.0,Lunes,2022-07-25 18:45:00,463.0
19,CAUCA,19318,GUAPI,19318008,SAN ANTONIO DE GUAJUI (GUAPI - CAUCA),2022,7,12538.0,631.0,52760.0,Viernes,2022-07-29 19:00:00,952.0
19,CAUCA,19809,TIMBIQUI,19809003,SANTA ROSA DE SAIJA (TIMBIQUI - CAUCA),2022,7,4067.0,2128.0,25180.0,Lunes,2022-07-18 19:45:00,642.0
19,CAUCA,19418,LOPEZ (MICAY),19418038,ZARAGOZA (LOPEZ (MICAY) - CAUCA),2022,7,4252.0,1688.0,48930.0,Miercoles,2022-07-27 19:15:00,365.0
27,CHOCO,27006,ACANDI,27006000,ACANDI (ACANDI - CHOCO),2022,7,624831.0,213978.0,125717.0,Viernes,2022-07-15 20:30:00,2222.0
27,CHOCO,27800,UNGUIA,27800001,BALBOA (UNGUIA - CHOCO),2022,7,20362.0,8399.0,89790.0,Jueves,2022-07-14 19:45:00,953.0
27,CHOCO,27099,BOJAYA (BELLAVISTA),27099000,BELLAVISTA (BOJAYA (BELLAVISTA) - CHOCO),2022,7,89481.0,25068.0,269920.0,Lunes,2022-07-18 19:30:00,1497.0
27,CHOCO,27425,MEDIO ATRATO (BETE),27425000,BETE (MEDIO ATRATO (BETE) - CHOCO),2022,7,13724.0,6899.0,600.0,Martes,2022-07-19 11:15:00,1043.0
27,CHOCO,27006,ACANDI,27006000,CAPURGANA (ACANDI - CHOCO),2022,7,383322.0,139472.0,91960.0,Domingo,2022-07-03 21:00:00,1957.0
27,CHOCO,27025,ALTO BAUDO (PIE DE PATO),27025000,CIUDAD BAUDO (ALTO BAUDO (PIE DE PATO) - CHOCO),2022,7,46705.0,16143.0,108590.0,Sabado,2022-07-30 12:00:00,2393.0
27,CHOCO,27075,BAHIA SOLANO (MUTIS),27075001,MUTIS (BAHIA SOLANO (MUTIS) - CHOCO),2022,7,70258.0,240725.0,129008.0,Martes,2022-07-19 19:45:00,2388.0
27,CHOCO,27495,NUQUI,27495000,COMUNIDAD INDIGENA DE PANGUI - (EL YUCAL) (NUQUI - CHOCO),2022,7,8029.0,178.0,11420.0,Martes,2022-07-12 16:00:00,2363.0
27,CHOCO,27250,EL LITORAL DEL SAN JUAN,27250000,CUCURRUPI (EL LITORAL DEL SAN JUAN - CHOCO),2022,7,3281.0,9540.0,19840.0,Martes,2022-07-05 19:00:00,638.0
27,CHOCO,27075,BAHIA SOLANO (MUTIS),27075001,CUPICA (BAHIA SOLANO (MUTIS) - CHOCO),2022,7,67995.0,22508.0,151140.0,Martes,2022-07-26 19:45:00,2372.0
27,CHOCO,27075,BAHIA SOLANO (MUTIS),27075001,EL VALLE (BAHIA SOLANO (MUTIS) - CHOCO),2022,7,169468.0,69821.0,341350.0,Martes,2022-07-26 19:15:00,2373.0
27,CHOCO,27372,JURADO,27372000,JURADO (JURADO - CHOCO),2022,7,169335.0,71404.0,306240.0,Lunes,2022-07-18 20:30:00,24.0
27,CHOCO,27099,BOJAYA (BELLAVISTA),27099000,LA LOMA DE BOJAYA (BOJAYA (BELLAVISTA) - CHOCO),2022,7,11046.0,5654.0,640.0,Domingo,2022-07-24 19:15:00,832.0
27,CHOCO,27099,BOJAYA (BELLAVISTA),27099000,NAPIPI (BOJAYA (BELLAVISTA) - CHOCO),2022,7,8156.0,2109.0,6080.0,Viernes,2022-07-08 19:30:00,52.0
27,CHOCO,27495,NUQUI,27495000,NUQUI (NUQUI - CHOCO),2022,7,258369.0,102886.0,493860.0,Martes,2022-07-19 20:00:00,2387.0
27,CHOCO,27077,BAJO BAUDO (PIZARRO),27077905,PIZARRO (BAJO BAUDO (PIZARRO) - CHOCO),2022,7,219353.0,98313.0,437710.0,Miercoles,2022-07-20 13:00:00,2302.0
27,CHOCO,27001,QUIBDO,27001029,TAGACHI (QUIBDO - CHOCO),2022,7,5007.0,1754.0,50230.0,Viernes,2022-07-29 20:15:00,43.0
27,CHOCO,27800,UNGUIA,27800001,TITUMATE (UNGUIA - CHOCO),2022,7,17576.0,4257.0,98210.0,Sabado,2022-07-30 21:00:00,825.0
27,CHOCO,27250,EL LITORAL DEL SAN JUAN,27250000,TOGOROMA PLAYA (EL LITORAL DEL SAN JUAN - CHOCO),2022,7,1015.0,2750.0,7390.0,Viernes,2022-07-08 18:30:00,582.0
27,CHOCO,27800,UNGUIA,27800001,UNGUIA (UNGUIA - CHOCO),2022,7,411524.0,141477.0,90130.0,Jueves,2022-07-07 20:30:00,217.0
94,GUAINIA,94343,BARRANCO MINAS,94343000,BARRANCO MINAS (BARRANCO MINAS - GUAINIA),2022,7,72083.0,20894.0,196040.0,Martes,2022-07-05 15:00:00,1632.0
94,GUAINIA,94001,INIRIDA,94001000,INIRIDA (INIRIDA - GUAINIA),2022,7,7576.0,625841.0,34408.0,Lunes,2022-07-11 15:15:00,2387.0
95,GUAVIARE,95200,MIRAFLORES,95200000,MIRAFLORES (MIRAFLORES - GUAVIARE),2022,7,84015.0,30981.0,205480.0,Viernes,2022-07-15 18:30:00,1783.0
44,LA GUAJIRA,44847,URIBIA,44847012,NAZARETH (URIBIA - LA GUAJIRA),2022,7,48605.0,1333.0,184780.0,Lunes,2022-07-25 19:15:00,1345.0
47,MAGDALENA,47189,CIENAGA,47189018,PALMOR (CIENAGA - MAGDALENA),2022,7,75647.0,2592.0,190660.0,Sabado,2022-07-09 12:00:00,2213.0
50,META,50325,MAPIRIPAN,50325000,MAPIRIPAN (MAPIRIPAN - META),2022,7,157671.0,60318.0,310640.0,Miercoles,2022-07-06 19:00:00,2385.0
52,NARIÑO,52390,LA TOLA,52390005,AGUACATAL (LA TOLA - NARIÑO),2022,7,206.0,5810.0,11710.0,Domingo,2022-07-03 19:15:00,763.0
52,NARIÑO,52390,LA TOLA,52390005,AMARALES (LA TOLA - NARIÑO),2022,7,5937.0,2703.0,39420.0,Viernes,2022-07-15 20:30:00,678.0
52,NARIÑO,52250,EL CHARCO,52250023,BAZAN (EL CHARCO - NARIÑO),2022,7,19109.0,6756.0,960.0,Sabado,2022-07-09 19:15:00,795.0
52,NARIÑO,52835,TUMACO,52835055,BOCAS DE CURAY (TUMACO - NARIÑO),2022,7,8458.0,2933.0,5520.0,Viernes,2022-07-01 19:15:00,65.0
52,NARIÑO,52490,OLAYA HERRERA,52490913,BOCAS DE PRIETA (OLAYA HERRERA - NARIÑO),2022,7,2958.0,6940.0,15650.0,Lunes,2022-07-25 19:00:00,713.0
52,NARIÑO,52473,MOSQUERA,52473010,EL BAJITO DE ECHANDIA (MOSQUERA - NARIÑO),2022,7,5760.0,1420.0,12290.0,Viernes,2022-07-01 19:00:00,177.0
52,NARIÑO,52696,SANTA BARBARA (ISCUANDE),52696022,LA ENSENADA (SANTA BARBARA (ISCUANDE) - NARIÑO),2022,7,2219.0,3721.0,23230.0,Jueves,2022-07-28 18:45:00,39.0
52,NARIÑO,52390,LA TOLA,52390005,LA VIGIA (LA TOLA - NARIÑO),2022,7,6349.0,255.0,35320.0,Jueves,2022-07-14 12:15:00,813.0
52,NARIÑO,52390,LA TOLA,52390005,MULATOS (LA TOLA - NARIÑO),2022,7,4646.0,2139.0,42140.0,Martes,2022-07-19 19:30:00,647.0
52,NARIÑO,52250,EL CHARCO,52250023,SAN JOSE (EL CHARCO - NARIÑO),2022,7,11038.0,399.0,560.0,Viernes,2022-07-01 19:15:00,782.0
52,NARIÑO,52835,TUMACO,52835055,SAN JUAN COSTA (TUMACO - NARIÑO),2022,7,23136.0,8733.0,107710.0,Viernes,2022-07-22 11:45:00,868.0
52,NARIÑO,52390,LA TOLA,52390005,SAN PABLO DE LA MAR (LA TOLA - NARIÑO),2022,7,2832.0,9460.0,19620.0,Viernes,2022-07-01 19:30:00,6.0
52,NARIÑO,52520,FRANCISCO PIZARRO,52520013,SAN PEDRO DEL VINO (FRANCISCO PIZARRO - NARIÑO),2022,7,4398.0,2351.0,27710.0,Miercoles,2022-07-06 19:30:00,682.0
52,NARIÑO,52696,SANTA BARBARA (ISCUANDE),52696022,SECADERO (SANTA BARBARA (ISCUANDE) - NARIÑO),2022,7,3261.0,1548.0,13630.0,Sabado,2022-07-30 19:15:00,99.0
86,PUTUMAYO,86573,PUERTO LEGUIZAMO,86573009,PIÑUÑA NEGRO (PUERTO LEGUIZAMO - PUTUMAYO),2022,7,3826.0,1887.0,2880.0,Sabado,2022-07-02 19:45:00,64.0
86,PUTUMAYO,86573,PUERTO LEGUIZAMO,86573009,PUERTO LEGUIZAMO (PUERTO LEGUIZAMO - PUTUMAYO),2022,7,885482.0,293656.0,182213.0,Viernes,2022-07-29 14:45:00,2373.0
76,VALLE DEL CAUCA,76109,BUENAVENTURA,76109028,PUERTO MERIZALDE (BUENAVENTURA - VALLE DEL CAUCA),2022,7,83836.0,28867.0,205920.0,Viernes,2022-07-01 19:45:00,1648.0
76,VALLE DEL CAUCA,76109,BUENAVENTURA,76109028,SAN FRANCISCO DE NAYA (BUENAVENTURA - VALLE DEL CAUCA),2022,7,624.0,2664.0,30340.0,Martes,2022-07-12 10:00:00,817.0
97,VAUPES,97161,CARURU,97161000,CARURU (CARURU - VAUPES),2022,7,25763.0,76.0,94070.0,Sabado,2022-07-16 18:45:00,1198.0
97,VAUPES,97001,MITU,97001000,MITU (MITU - VAUPES),2022,7,7576.0,383418.0,259616.0,Miercoles,2022-07-06 12:00:00,24.0
99,VICHADA,99001,PUERTO CARREÑO,99001002,CASUARITO (PUERTO CARREÑO - VICHADA),2022,7,23136.0,8733.0,107710.0,Viernes,2022-07-22 11:45:00,868.0
99,VICHADA,99773,CUMARIBO,99773000,CUMARIBO (CUMARIBO - VICHADA),2022,7,31494.0,134006.0,6600.0,Martes,2022-07-26 10:00:00,2398.0
99,VICHADA,99524,LA PRIMAVERA,99524000,LA PRIMAVERA (LA PRIMAVERA - VICHADA),2022,7,351229.0,13852.0,675140.0,Martes,2022-07-26 19:15:00,2397.0
99,VICHADA,99001,PUERTO CARREÑO,99001002,PUERTO CARREÑO (PUERTO CARREÑO - VICHADA),2022,7,7576.0,82691.0,426888.0,Jueves,2022-07-14 13:30:00,2398.0
99,VICHADA,99624,SANTA ROSALIA,99624000,SANTA ROSALIA (SANTA ROSALIA - VICHADA),2022,7,138632.0,69948.0,329760.0,Viernes,2022-07-22 20:45:00,18.0
91,AMAZONAS,91001,LETICIA,91001000,LETICIA (LETICIA - AMAZONAS),2022,8,7576.0,4650.0,731336.0,jueves,2022-08-25 15:15:00,24.0
91,AMAZONAS,91540,PUERTO NARIÑO,91540000,PUERTO NARIÑO (PUERTO NARIÑO - AMAZONAS),2022,8,115084.0,4159.0,239710.0,miércoles,2022-08-17 18:45:00,24.0
91,AMAZONAS,91798,TARAPACÁ,91798000,TARAPACÁ (TARAPACÁ (ANM) - AMAZONAS),2022,8,25048.0,1088.0,91790.0,lunes,2022-08-08 14:30:00,103.0
5,ANTIOQUIA,5873,VIGÍA DEL FUERTE,5873002,VEGÁEZ (VIGÍA DEL FUERTE - ANTIOQUIA),2022,8,4157.0,5770.0,41790.0,sábado,2022-08-13 20:45:00,547.0
88,"ARCHIPIÉLAGO DE SAN ANDRÉS, PROVIDENCIA Y SANTA CATALINA",88564,PROVIDENCIA,88564000,PROVIDENCIA (PROVIDENCIA - ARCHIPIÉLAGO DE SAN ANDRÉS y PROVIDENCIA),2022,8,7576.0,289037.0,207272.0,miércoles,2022-08-24 19:45:00,24.0
91,AMAZONAS,91540,PUERTO NARIÑO,91540000,PUERTO NARIÑO,2026,1,138343.0,41816.0,2624.0,jueves,2026-01-15 15:00:00,2.393
88,"ARCHIPIÉLAGO DE SAN ANDRÉS, PROVIDENCIA Y SANTA CATALINA",88001,SAN ANDRÉS,88001000,SAN ANDRÉS (SAN ANDRÉS - ARCHIPIÉLAGO DE SAN ANDRÉS y PROVIDENCIA),2022,8,7576.0,4650.0,3148968.0,jueves,2022-08-18 15:30:00,24.0
13,BOLÍVAR,13001,CARTAGENA DE INDIAS,13001007,ISLA FUERTE (CARTAGENA DE INDIAS - BOLÍVAR),2022,8,53258.0,25989.0,187070.0,viernes,2022-08-12 21:30:00,1202.0
13,BOLÍVAR,13001,CARTAGENA DE INDIAS,13001037,ISLA MÚCURA (CARTAGENA DE INDIAS - BOLÍVAR),2022,8,7049.0,2796.0,23940.0,domingo,2022-08-14 23:00:00,1461.0
13,BOLÍVAR,13001,CARTAGENA DE INDIAS,13001017,SANTA CRUZ DEL ISLOTE (CARTAGENA DE INDIAS - BOLÍVAR),2022,8,12587.0,4121.0,40420.0,sábado,2022-08-20 22:15:00,1281.0
18,CAQUETÁ,18753,SAN VICENTE DEL CAGUÁN,18753002,GUACAMAYAS (SAN VICENTE DEL CAGUÁN - CAQUETÁ),2022,8,252.0,9560.0,40420.0,martes,2022-08-02 14:45:00,352.0
18,CAQUETÁ,18753,SAN VICENTE DEL CAGUÁN,18753015,GUAYABAL (SAN VICENTE DEL CAGUÁN - CAQUETÁ),2022,8,5938.0,2825.0,40020.0,sábado,2022-08-27 12:30:00,62.0
19,CAUCA,19809,TIMBIQUÍ,19809014,CHACÓN (TIMBIQUÍ - CAUCA),2022,8,3933.0,1223.0,27760.0,miércoles,2022-08-10 19:15:00,58.0
19,CAUCA,19809,TIMBIQUÍ,19809010,COMUNIDAD DE CHETE (TIMBIQUÍ - CAUCA),2022,8,4164.0,1612.0,25860.0,domingo,2022-08-21 19:30:00,627.0
19,CAUCA,19809,TIMBIQUÍ,19809003,COTEJE (TIMBIQUÍ - CAUCA),2022,8,6096.0,4624.0,32320.0,martes,2022-08-30 19:30:00,757.0
19,CAUCA,19418,LÓPEZ DE MICAY,19418038,ISLA DE GALLO (LÓPEZ DE MICAY - CAUCA),2022,8,2371.0,1134.0,22880.0,lunes,2022-08-08 19:00:00,42.0
19,CAUCA,19318,GUAPI,19318008,LIMONES (GUAPI - CAUCA),2022,8,8342.0,4122.0,3520.0,sábado,2022-08-13 13:45:00,991.0
19,CAUCA,19809,TIMBIQUÍ,19809026,LOS BRAZOS (TIMBIQUÍ - CAUCA),2022,8,7845.0,1684.0,42530.0,jueves,2022-08-04 20:00:00,726.0
19,CAUCA,19418,LÓPEZ DE MICAY,19418009,NOANAMITO (LÓPEZ DE MICAY - CAUCA),2022,8,604.0,1516.0,600.0,lunes,2022-08-01 20:00:00,418.0
19,CAUCA,19809,TIMBIQUÍ,19809023,PUERTO SAIJA (TIMBIQUÍ - CAUCA),2022,8,25892.0,8761.0,165620.0,jueves,2022-08-04 19:45:00,615.0
19,CAUCA,19418,LÓPEZ DE MICAY,19418012,SAN ANTONIO DE CHUARÉ (LÓPEZ DE MICAY - CAUCA),2022,8,454.0,1588.0,42690.0,jueves,2022-08-18 18:45:00,427.0
19,CAUCA,19318,GUAPI,19318013,SAN ANTONIO DE GUAJUI (GUAPI - CAUCA),2022,8,8285.0,3879.0,55420.0,martes,2022-08-30 20:00:00,59.0
19,CAUCA,19418,LÓPEZ DE MICAY,19418015,SAN ISIDRO (LÓPEZ DE MICAY - CAUCA),2022,8,113.0,6840.0,8060.0,sábado,2022-08-20 19:15:00,606.0
19,CAUCA,19809,TIMBIQUÍ,19809009,SANTA ROSA DE SAIJA (TIMBIQUÍ - CAUCA),2022,8,3966.0,2112.0,2710.0,sábado,2022-08-20 19:30:00,623.0
27,CHOCO,27006,ACANDÍ,27006000,ACANDÍ (ACANDÍ - CHOCO),2022,8,577208.0,204438.0,115826.0,martes,2022-08-09 22:15:00,219.0
27,CHOCO,27800,UNGUÍA,27800001,BALBOA (UNGUÍA - CHOCO),2022,8,2363.0,9759.0,87460.0,sábado,2022-08-06 21:15:00,1116.0
27,CHOCO,27099,BOJAYÁ,27099000,BELLAVISTA (BOJAYÁ - CHOCO),2022,8,103597.0,30028.0,239040.0,lunes,2022-08-29 19:45:00,1761.0
27,CHOCO,27425,MEDIO ATRATO,27425000,BETÉ (MEDIO ATRATO - CHOCO),2022,8,10496.0,5591.0,600.0,viernes,2022-08-05 11:30:00,878.0
27,CHOCO,27077,BAJO BAUDÓ,27077905,BUENAVISTA (BAJO BAUDÓ - CHOCO),2022,8,2930.0,310.0,32770.0,martes,2022-08-16 19:45:00,35.0
27,CHOCO,27025,ALTO BAUDÓ,27025000,CIUDAD BAUDÓ - PIE DE PATO (ALTO BAUDÓ - CHOCO),2022,8,47341.0,15989.0,114050.0,miércoles,2022-08-31 12:00:00,2393.0
27,CHOCO,27495,NUQUÍ,27495912,COMUNIDAD INDÍGENA DE PANGUÍ - (EL YUCAL) (NUQUÍ - CHOCO),2022,8,6875.0,1664.0,11380.0,lunes,2022-08-15 07:15:00,2354.0
27,CHOCO,27250,EL LITORAL DEL SAN JUAN,27250002,CUCURRUPÍ (EL LITORAL DEL SAN JUAN - CHOCO),2022,8,3083.0,9100.0,19970.0,martes,2022-08-30 18:15:00,601.0
27,CHOCO,27075,BAHÍA SOLANO,27075001,CUPICA (BAHÍA SOLANO - CHOCO),2022,8,72057.0,23451.0,160620.0,lunes,2022-08-01 19:15:00,2377.0
27,CHOCO,27075,BAHÍA SOLANO,27075002,EL VALLE (BAHÍA SOLANO - CHOCO),2022,8,164591.0,68613.0,355610.0,lunes,2022-08-29 19:15:00,2343.0
27,CHOCO,27372,JURADO,27372000,JURADO (JURADO - CHOCO),2022,8,174846.0,72121.0,3200.0,martes,2022-08-16 19:15:00,2398.0
27,CHOCO,27099,BOJAYÁ,27099002,LA LOMA DE BOJAYÁ (BOJAYÁ - CHOCO),2022,8,1188.0,6166.0,640.0,sábado,2022-08-06 18:00:00,894.0
27,CHOCO,27099,BOJAYÁ,27099005,NAPIPÍ (BOJAYÁ - CHOCO),2022,8,9976.0,2595.0,6080.0,lunes,2022-08-01 20:30:00,634.0
27,CHOCO,27495,NUQUÍ,27495000,NUQUÍ (NUQUÍ - CHOCO),2022,8,262239.0,102089.0,49280.0,sábado,2022-08-13 19:45:00,24.0
27,CHOCO,27077,BAJO BAUDÓ,27077000,PIZARRO (BAJO BAUDÓ - CHOCO),2022,8,209953.0,96819.0,459890.0,viernes,2022-08-12 20:00:00,217.0
27,CHOCO,27250,EL LITORAL DEL SAN JUAN,27250000,SANTA GENOVEVA DE DOCORDÓ (EL LITORAL DEL SAN JUAN - CHOCO),2022,8,75908.0,42612.0,188630.0,viernes,2022-08-05 13:15:00,2396.0
27,CHOCO,27001,QUIBDÓ,27001029,TAGACHI (QUIBDÓ - CHOCO),2022,8,5989.0,2016.0,55440.0,sábado,2022-08-20 19:45:00,466.0
27,CHOCO,27800,UNGUÍA,27800005,TITUMATE (UNGUÍA - CHOCO),2022,8,17509.0,435.0,98210.0,viernes,2022-08-19 19:30:00,838.0
27,CHOCO,27250,EL LITORAL DEL SAN JUAN,27250914,TOGOROMA PLAYA (EL LITORAL DEL SAN JUAN - CHOCO),2022,8,9850.0,2850.0,6820.0,viernes,2022-08-26 19:00:00,62.0
27,CHOCO,27800,UNGUÍA,27800000,UNGUÍA (UNGUÍA - CHOCO),2022,8,420806.0,143998.0,912910.0,lunes,2022-08-08 20:45:00,2223.0
94,GUAINÍA,94343,BARRANCOMINAS,94343000,BARRANCOMINAS (BARRANCO MINAS - GUAINÍA),2022,8,67301.0,18709.0,18240.0,jueves,2022-08-04 18:30:00,1618.0
94,GUAINÍA,94001,INÍRIDA,94001000,INÍRIDA (INÍRIDA - GUAINÍA),2022,8,7576.0,635655.0,3784.0,jueves,2022-08-18 14:30:00,24.0
95,GUAVIARE,95200,MIRAFLORES,95200000,MIRAFLORES (MIRAFLORES - GUAVIARE),2022,8,83464.0,29022.0,2090.0,jueves,2022-08-18 18:30:00,1787.0
44,LA GUAJIRA,44847,URIBÍA,44847012,NAZARETH (URIBÍA - LA GUAJIRA),2022,8,50594.0,13731.0,191020.0,martes,2022-08-16 19:15:00,1267.0
47,MAGDALENA,47189,CIÉNAGA,47189018,PALMOR (CIÉNAGA - MAGDALENA),2022,8,85923.0,29603.0,177410.0,martes,2022-08-09 19:15:00,2184.0
50,META,50325,MAPIRIPÁN,50325000,MAPIRIPÁN (MAPIRIPÁN - META),2022,8,162689.0,626.0,334840.0,martes,2022-08-16 18:45:00,238.0
52,NARIÑO,52390,LA TOLA,52390005,AGUACATAL (LA TOLA - NARIÑO),2022,8,2063.0,5410.0,12350.0,viernes,2022-08-19 18:00:00,753.0
52,NARIÑO,52250,EL CHARCO,52250016,ALTERÓN (URIBE URIBE) (EL CHARCO - NARIÑO),2022,8,1139.0,1990.0,11780.0,viernes,2022-08-19 18:30:00,461.0
52,NARIÑO,52390,LA TOLA,52390013,AMARALES (LA TOLA - NARIÑO),2022,8,581.0,2533.0,40740.0,sábado,2022-08-20 17:15:00,659.0
52,NARIÑO,52250,EL CHARCO,52250023,BAZÁN (EL CHARCO - NARIÑO),2022,8,19456.0,6452.0,960.0,sábado,2022-08-06 19:00:00,785.0
52,NARIÑO,52835,SAN ANDRÉS DE TUMACO,52835055,BOCAS DE CURAY (SAN ANDRÉS DE TUMACO - NARIÑO),2022,8,8792.0,3189.0,600.0,sábado,2022-08-13 17:15:00,665.0
52,NARIÑO,52490,OLAYA HERRERA,52490913,BOCAS DE PRIETA (OLAYA HERRERA - NARIÑO),2022,8,2649.0,5930.0,16660.0,lunes,2022-08-01 19:15:00,621.0
52,NARIÑO,52250,EL CHARCO,52250003,BOLÍVAR - SAN PEDRO (EL CHARCO - NARIÑO),2022,8,467.0,2713.0,26210.0,viernes,2022-08-26 19:00:00,706.0
52,NARIÑO,52250,EL CHARCO,52250022,EL CUIL PUEBLO NUEVO (EL CHARCO - NARIÑO),2022,8,5833.0,4602.0,30410.0,viernes,2022-08-19 19:45:00,715.0
52,NARIÑO,52696,SANTA BÁRBARA,52696014,LA ENSENADA (SANTA BÁRBARA - NARIÑO),2022,8,3008.0,5041.0,24480.0,sábado,2022-08-27 18:45:00,519.0
52,NARIÑO,52390,LA TOLA,52390003,LA VIGÍA DE LA MAR (LA TOLA - NARIÑO),2022,8,5966.0,238.0,33920.0,lunes,2022-08-01 19:15:00,809.0
52,NARIÑO,52390,LA TOLA,52390009,MULATOS (LA TOLA - NARIÑO),2022,8,4222.0,1964.0,37760.0,martes,2022-08-23 18:15:00,614.0
52,NARIÑO,52250,EL CHARCO,52250007,SAN JOSÉ DEL TAPAJE (EL CHARCO - NARIÑO),2022,8,10774.0,3562.0,560.0,lunes,2022-08-01 20:30:00,761.0
52,NARIÑO,52835,SAN ANDRÉS DE TUMACO,52835217,SAN JUAN DE LA COSTA (SAN ANDRÉS DE TUMACO - NARIÑO),2022,8,23043.0,8852.0,1280.0,lunes,2022-08-29 18:45:00,836.0
52,NARIÑO,52390,LA TOLA,52390016,SAN PABLO DEL MAR (LA TOLA - NARIÑO),2022,8,2702.0,7940.0,21760.0,domingo,2022-08-21 19:00:00,534.0
52,NARIÑO,52520,FRANCISCO PIZARRO,52520013,SAN PEDRO DEL VINO ( FRANCISCO PIZARRO - NARIÑO),2022,8,3581.0,195.0,27230.0,miércoles,2022-08-17 19:45:00,553.0
52,NARIÑO,52696,SANTA BÁRBARA,52696022,SECADERO (SANTA BÁRBARA - NARIÑO),2022,8,3181.0,1535.0,14620.0,jueves,2022-08-11 19:15:00,902.0
86,PUTUMAYO,86573,PUERTO LEGUÍZAMO,86573009,PINUNA NEGRO (PUERTO LEGUÍZAMO - PUTUMAYO),2022,8,3714.0,1911.0,2560.0,viernes,2022-08-05 20:00:00,649.0
86,PUTUMAYO,86573,PUERTO LEGUÍZAMO,86573000,PUERTO LEGUÍZAMO (PUERTO LEGUÍZAMO - PUTUMAYO),2022,8,923337.0,300521.0,19719.0,jueves,2022-08-18 14:45:00,2373.0
76,VALLE DEL CAUCA,76109,BUENAVENTURA,76109028,PUERTO MERIZALDE (BUENAVENTURA - VALLE DEL CAUCA),2022,8,81735.0,27646.0,228620.0,lunes,2022-08-22 19:15:00,156.0
76,VALLE DEL CAUCA,76109,BUENAVENTURA,76109032,SAN FRANCISCO NAYA (BUENAVENTURA - VALLE DEL CAUCA),2022,8,6406.0,2559.0,3370.0,sábado,2022-08-13 12:00:00,798.0
97,VAUPÉS,97161,CARURÚ,97161000,CARURÚ (CARURÚ - VAUPÉS),2022,8,27642.0,9275.0,95220.0,jueves,2022-08-25 19:30:00,1235.0
97,VAUPÉS,97001,MITÚ,97001000,MITÚ (MITÚ - VAUPÉS),2022,8,7576.0,380121.0,279638.0,jueves,2022-08-18 11:45:00,2396.0
97,VAUPÉS,97666,TARAIRA,97666000,TARAIRA (TARAIRA - VAUPÉS),2022,8,33542.0,10236.0,127860.0,jueves,2022-08-04 18:30:00,1122.0
99,VICHADA,99001,PUERTO CARREÑO,99001002,CASUARITO (PUERTO CARREÑO - VICHADA),2022,8,3277.0,12451.0,102430.0,miércoles,2022-08-24 19:00:00,1348.0
99,VICHADA,99773,CUMARIBO,99773000,CUMARIBO (CUMARIBO - VICHADA),2022,8,321179.0,134778.0,672320.0,jueves,2022-08-04 14:30:00,2396.0
99,VICHADA,99524,LA PRIMAVERA,99524000,LA PRIMAVERA (LA PRIMAVERA - VICHADA),2022,8,346396.0,134926.0,66930.0,lunes,2022-08-08 18:45:00,2392.0
99,VICHADA,99001,PUERTO CARREÑO,99001000,PUERTO CARREÑO (PUERTO CARREÑO - VICHADA),2022,8,7576.0,783843.0,464376.0,lunes,2022-08-08 13:30:00,24.0
99,VICHADA,99624,SANTA ROSALÍA,99624000,SANTA ROSALÍA (SANTA ROSALÍA - VICHADA),2022,8,142054.0,70011.0,361010.0,lunes,2022-08-08 18:45:00,1806.0
5,ANTIOQUIA,5873,VIGÍA DEL FUERTE,5873002,VEGAEZ (VIGÍA DEL FUERTE - ANTIOQUIA),2022,9,4104.0,6140.0,42720.0,sábado,2022-09-10 01:30:00,611.0
13,BOLÍVAR,13001,CARTAGENA DE INDIAS,13001007,ISLA FUERTE (CARTAGENA DE INDIAS - BOLÍVAR),2022,9,51451.0,28127.0,196050.0,sábado,2022-09-03 21:30:00,1209.0
13,BOLÍVAR,13001,CARTAGENA DE INDIAS,13001017,SANTA CRUZ DEL ISLOTE (CARTAGENA DE INDIAS - BOLÍVAR),2022,9,12343.0,4024.0,38980.0,miércoles,2022-09-28 21:45:00,1309.0
13,BOLÍVAR,13001,CARTAGENA DE INDIAS,13001037,ISLA MUCURA (CARTAGENA DE INDIAS - BOLÍVAR),2022,9,6108.0,2476.0,22140.0,lunes,2022-09-05 21:45:00,1322.0
18,CAQUETÁ,18150,CARTAGENA DEL CHAIRA,18150001,REMOLINO DEL CAGUAN (CARTAGENA DEL CHAIRA - CAQUETÁ),2022,9,17723.0,6926.0,94110.0,viernes,2022-09-30 19:15:00,788.0
18,CAQUETÁ,18150,CARTAGENA DEL CHAIRA,18150002,SANTA FE DEL CAGUAN (CARTAGENA DEL CHAIRA - CAQUETÁ),2022,9,2805.0,1452.0,41880.0,viernes,2022-09-30 19:15:00,302.0
18,CAQUETÁ,18753,SAN VICENTE DEL CAGUÁN,18753002,GUACAMAYAS (SAN VICENTE DEL CAGUÁN - CAQUETÁ),2022,9,7493.0,3268.0,3780.0,viernes,2022-09-23 19:00:00,1034.0
18,CAQUETÁ,18753,SAN VICENTE DEL CAGUÁN,18753009,PUERTO BETANIA (SAN VICENTE DEL CAGUÁN - CAQUETÁ),2022,9,4061.0,1641.0,47360.0,jueves,2022-09-01 19:15:00,438.0
18,CAQUETÁ,18753,SAN VICENTE DEL CAGUÁN,18753015,GUAYABAL (SAN VICENTE DEL CAGUÁN - CAQUETÁ),2022,9,5697.0,2822.0,41860.0,domingo,2022-09-18 13:00:00,603.0
19,CAUCA,19318,GUAPI,19318008,LIMONES (GUAPI - CAUCA),2022,9,4939.0,2278.0,43620.0,viernes,2022-09-23 19:15:00,542.0
19,CAUCA,19318,GUAPI,19318013,SAN ANTONIO DE GUAJUI (GUAPI - CAUCA),2022,9,3796.0,1746.0,56980.0,sábado,2022-09-17 20:00:00,286.0
19,CAUCA,19418,LÓPEZ DE MICAY,19418009,NOANAMITO (LÓPEZ DE MICAY - CAUCA),2022,9,7939.0,2169.0,560.0,viernes,2022-09-02 18:30:00,653.0
19,CAUCA,19418,LÓPEZ DE MICAY,19418011,DOS QUEBRADAS RÍO NAYA (LÓPEZ DE MICAY - CAUCA),2022,9,0.0,0.0,0.0,jueves,2022-09-01 00:00:00,0.0
19,CAUCA,19418,LÓPEZ DE MICAY,19418012,SAN ANTONIO DE CHUARE (LÓPEZ DE MICAY - CAUCA),2022,9,2283.0,7090.0,42750.0,miércoles,2022-09-21 19:30:00,217.0
19,CAUCA,19418,LÓPEZ DE MICAY,19418015,SAN ISIDRO (LÓPEZ DE MICAY - CAUCA),2022,9,9780.0,5410.0,8060.0,lunes,2022-09-26 18:30:00,507.0
19,CAUCA,19418,LÓPEZ DE MICAY,19418038,ISLA DE GALLO (LÓPEZ DE MICAY - CAUCA),2022,9,2546.0,1244.0,24540.0,martes,2022-09-27 20:00:00,457.0
19,CAUCA,19809,TIMBIQUÍ,19809003,COTEJE (TIMBIQUÍ - CAUCA),2022,9,6482.0,47.0,340.0,miércoles,2022-09-28 18:30:00,815.0
19,CAUCA,19809,TIMBIQUÍ,19809009,SANTA ROSA DE SAIJA (TIMBIQUÍ - CAUCA),2022,9,5128.0,2588.0,24340.0,domingo,2022-09-25 19:30:00,888.0
19,CAUCA,19809,TIMBIQUÍ,19809010,COMUNIDAD DE CHETE (TIMBIQUÍ - CAUCA),2022,9,2769.0,9940.0,38240.0,viernes,2022-09-09 19:00:00,422.0
19,CAUCA,19809,TIMBIQUÍ,19809023,PUERTO SAIJA (TIMBIQUÍ - CAUCA),2022,9,28143.0,9247.0,168960.0,miércoles,2022-09-21 19:00:00,676.0
19,CAUCA,19809,TIMBIQUÍ,19809026,LOS BRAZOS (TIMBIQUÍ - CAUCA),2022,9,7533.0,161.0,40970.0,miércoles,2022-09-28 19:00:00,726.0
27,CHOCÓ,27001,QUIBDÓ,27001029,TAGACHI (QUIBDÓ - CHOCÓ),2022,9,6504.0,2235.0,53660.0,lunes,2022-09-05 20:00:00,558.0
27,CHOCÓ,27006,ACANDI,27006000,ACANDI (ACANDI - CHOCÓ),2022,9,610093.0,201328.0,111285.0,viernes,2022-09-09 21:00:00,2398.0
27,CHOCÓ,27006,ACANDI,27006007,SAN FRANCISCO (ACANDI - CHOCÓ),2022,9,7005.0,2613.0,33650.0,jueves,2022-09-29 19:00:00,944.0
27,CHOCÓ,27025,ALTO BAUDO,27025000,CIUDAD BAUDO - PIE DE PATO (ALTO BAUDO - CHOCÓ),2022,9,46118.0,15251.0,116690.0,martes,2022-09-27 12:15:00,2366.0
27,CHOCÓ,27075,BAHIA SOLANO,27075000,CIUDAD MUTIS (BAHIA SOLANO - CHOCÓ),2022,9,692109.0,230526.0,130592.0,lunes,2022-09-05 20:00:00,2388.0
27,CHOCÓ,27075,BAHIA SOLANO,27075001,CUPICA (BAHIA SOLANO - CHOCÓ),2022,9,66373.0,21946.0,155630.0,jueves,2022-09-01 19:30:00,2365.0
27,CHOCÓ,27075,BAHIA SOLANO,27075002,EL VALLE (BAHIA SOLANO - CHOCÓ),2022,9,172116.0,68111.0,35930.0,martes,2022-09-27 18:45:00,2388.0
27,CHOCÓ,27077,BAJO BAUDO,27077000,PIZARRO (BAJO BAUDO - CHOCÓ),2022,9,19434.0,87701.0,469920.0,sábado,2022-09-24 19:00:00,2034.0
27,CHOCÓ,27077,BAJO BAUDO,27077905,BUENAVISTA (BAJO BAUDO - CHOCÓ),2022,9,3931.0,6330.0,34820.0,viernes,2022-09-30 19:15:00,439.0
27,CHOCÓ,27099,BOJAYÁ,27099000,BELLAVISTA (BOJAYÁ - CHOCÓ),2022,9,9868.0,29068.0,2490.0,sábado,2022-09-10 18:30:00,1707.0
27,CHOCÓ,27099,BOJAYÁ,27099002,LA LOMA DE BOJAYA (BOJAYÁ - CHOCÓ),2022,9,11835.0,6154.0,6080.0,domingo,2022-09-04 19:00:00,873.0
27,CHOCÓ,27099,BOJAYÁ,27099005,NAPIPI (BOJAYÁ - CHOCÓ),2022,9,10326.0,2781.0,5760.0,jueves,2022-09-01 20:30:00,708.0
27,CHOCÓ,27250,EL LITORAL DEL SAN JUAN,27250000,SANTA GENOVEVA DE DOCORDO (EL LITORAL DEL SAN JUAN - CHOCÓ),2022,9,60628.0,32072.0,200110.0,viernes,2022-09-23 18:45:00,187.0
27,CHOCÓ,27250,EL LITORAL DEL SAN JUAN,27250002,CUCURRUPI (EL LITORAL DEL SAN JUAN - CHOCÓ),2022,9,2336.0,7090.0,19580.0,lunes,2022-09-05 18:45:00,491.0
27,CHOCÓ,27372,JURADO,27372000,JURADO (JURADO - CHOCÓ),2022,9,164785.0,68864.0,3080.0,jueves,2022-09-22 19:30:00,2384.0
27,CHOCÓ,27425,MEDIO ATRATO,27425000,BETE (MEDIO ATRATO - CHOCÓ),2022,9,13046.0,7874.0,600.0,lunes,2022-09-05 20:15:00,107.0
27,CHOCÓ,27425,MEDIO ATRATO,27425008,SAN ROQUE (MEDIO ATRATO - CHOCÓ),2022,9,0.0,0.0,0.0,jueves,2022-09-01 00:00:00,0.0
27,CHOCÓ,27495,NUQUÍ,27495000,NUQUI (NUQUÍ - CHOCÓ),2022,9,252712.0,101575.0,499840.0,viernes,2022-09-09 18:45:00,2397.0
27,CHOCÓ,27495,NUQUÍ,27495912,COMUNIDAD INDIGENA DE PANGUI - (EL YUCAL) (NUQUÍ - CHOCÓ),2022,9,7593.0,1617.0,11360.0,jueves,2022-09-29 17:45:00,2371.0
27,CHOCÓ,27800,UNGUIA,27800000,UNGUIA (UNGUIA - CHOCÓ),2022,9,413172.0,140063.0,882290.0,sábado,2022-09-03 19:00:00,2241.0
27,CHOCÓ,27800,UNGUIA,27800001,BALBOA (UNGUIA - CHOCÓ),2022,9,22055.0,9105.0,87460.0,jueves,2022-09-15 21:00:00,1091.0
27,CHOCÓ,27800,UNGUIA,27800005,TITUMATE (UNGUIA - CHOCÓ),2022,9,17231.0,4331.0,95920.0,domingo,2022-09-11 18:45:00,861.0
47,MAGDALENA,47189,CIÉNAGA,47189018,PALMOR (CIÉNAGA - MAGDALENA),2022,9,78591.0,2686.0,170110.0,lunes,2022-09-12 18:30:00,2193.0
50,META,50325,MAPIRIPAN,50325000,MAPIRIPAN (MAPIRIPAN - META),2022,9,17157.0,65025.0,360360.0,miércoles,2022-09-28 18:15:00,2382.0
52,NARIÑO,52250,EL CHARCO,52250003,BOLIVAR - SAN PEDRO (EL CHARCO - NARIÑO),2022,9,3462.0,2148.0,280.0,viernes,2022-09-23 19:00:00,538.0
52,NARIÑO,52250,EL CHARCO,52250007,SAN JOSE DEL TAPAJE (EL CHARCO - NARIÑO),2022,9,7768.0,2128.0,560.0,jueves,2022-09-08 18:30:00,598.0
52,NARIÑO,52250,EL CHARCO,52250023,BAZAN (EL CHARCO - NARIÑO),2022,9,14251.0,4656.0,10080.0,miércoles,2022-09-14 19:45:00,617.0
52,NARIÑO,52390,LA TOLA,52390003,LA VIGIA DE LA MAR (LA TOLA - NARIÑO),2022,9,5595.0,231.0,32360.0,martes,2022-09-06 19:15:00,791.0
52,NARIÑO,52390,LA TOLA,52390005,AGUACATAL (LA TOLA - NARIÑO),2022,9,1888.0,4440.0,11280.0,jueves,2022-09-01 16:30:00,741.0
52,NARIÑO,52390,LA TOLA,52390009,MULATOS (LA TOLA - NARIÑO),2022,9,3989.0,1901.0,36990.0,lunes,2022-09-05 18:45:00,601.0
52,NARIÑO,52390,LA TOLA,52390013,AMARALES (LA TOLA - NARIÑO),2022,9,5477.0,2348.0,40130.0,martes,2022-09-27 19:45:00,622.0
52,NARIÑO,52390,LA TOLA,52390016,SAN PABLO DEL MAR (LA TOLA - NARIÑO),2022,9,2795.0,7110.0,20830.0,domingo,2022-09-11 18:45:00,602.0
52,NARIÑO,52490,OLAYA HERRERA,52490913,BOCAS DE PRIETA (OLAYA HERRERA - NARIÑO),2022,9,2481.0,5870.0,16750.0,viernes,2022-09-30 19:30:00,604.0
52,NARIÑO,52520,FRANCISCO PIZARRO,52520013,SAN PEDRO DEL VINO (FRANCISCO PIZARRO - NARIÑO),2022,9,4039.0,2283.0,27010.0,martes,2022-09-20 19:15:00,655.0
52,NARIÑO,52696,SANTA BÁRBARA,52696014,LA ENSENADA (SANTA BÁRBARA - NARIÑO),2022,9,3039.0,5271.0,2320.0,domingo,2022-09-04 19:45:00,554.0
52,NARIÑO,52696,SANTA BÁRBARA,52696022,SECADERO (SANTA BÁRBARA - NARIÑO),2022,9,317.0,161.0,1380.0,miércoles,2022-09-07 19:45:00,952.0
52,NARIÑO,52835,SAN ANDRÉS DE TUMACO,52835055,BOCAS DE CURAY (SAN ANDRÉS DE TUMACO - NARIÑO),2022,9,8352.0,3162.0,5760.0,lunes,2022-09-12 18:45:00,649.0
52,NARIÑO,52835,SAN ANDRÉS DE TUMACO,52835217,SAN JUAN DE LA COSTA (SAN ANDRÉS DE TUMACO - NARIÑO),2022,9,13323.0,5034.0,1280.0,martes,2022-09-06 18:45:00,489.0
76,VALLE DEL CAUCA,76109,BUENAVENTURA,76109028,PUERTO MERIZALDE (BUENAVENTURA - VALLE DEL CAUCA),2022,9,77078.0,26858.0,217540.0,viernes,2022-09-23 20:15:00,1605.0
76,VALLE DEL CAUCA,76109,BUENAVENTURA,76109032,SAN FRANCISCO NAYA (BUENAVENTURA - VALLE DEL CAUCA),2022,9,7207.0,2917.0,33410.0,jueves,2022-09-15 11:15:00,922.0
86,PUTUMAYO,86573,PUERTO LEGUIZAMO,86573000,PUERTO LEGUIZAMO (PUERTO LEGUIZAMO - PUTUMAYO),2022,9,95994.0,304085.0,213514.0,viernes,2022-09-23 15:30:00,2343.0
86,PUTUMAYO,86573,PUERTO LEGUIZAMO,86573009,PIÑUÑA NEGRO (PUERTO LEGUIZAMO - PUTUMAYO),2022,9,3708.0,2091.0,2560.0,viernes,2022-09-02 20:00:00,633.0
88,ARCHIPIÉLAGO DE SAN ANDRÉS y PROVIDENCIA,88001,SAN ANDRES,88001000,SAN ANDRES (SAN ANDRES - ARCHIPIÉLAGO DE SAN ANDRÉS y PROVIDENCIA),2022,9,7576.0,4650.0,3182109.0,viernes,2022-09-09 15:30:00,24.0
88,ARCHIPIÉLAGO DE SAN ANDRÉS y PROVIDENCIA,88564,PROVIDENCIA,88564000,PROVIDENCIA (PROVIDENCIA - ARCHIPIÉLAGO DE SAN ANDRÉS y PROVIDENCIA),2022,9,7576.0,286044.0,203747.0,viernes,2022-09-09 20:30:00,24.0
91,AMAZONAS,91001,LETICIA,91001000,LETICIA (LETICIA - AMAZONAS),2022,9,7576.0,4650.0,847067.0,jueves,2022-09-29 14:45:00,24.0
91,AMAZONAS,91540,PUERTO NARIÑO,91540000,PUERTO NARIÑO (PUERTO NARIÑO - AMAZONAS),2022,9,119999.0,42831.0,255380.0,miércoles,2022-09-28 18:30:00,24.0
91,AMAZONAS,91798,TARAPACA (ANM),91798000,TARAPACA (TARAPACA (ANM) - AMAZONAS),2022,9,25029.0,11173.0,97270.0,miércoles,2022-09-21 18:00:00,1031.0
94,GUAINÍA,94001,INÍRIDA,94001000,INIRIDA (INÍRIDA - GUAINÍA),2022,9,7576.0,64236.0,387992.0,viernes,2022-09-23 15:15:00,24.0
94,GUAINÍA,94343,BARRANCO MINAS,94343000,BARRANCO MINAS (BARRANCO MINAS - GUAINÍA),2022,9,67445.0,19688.0,186560.0,jueves,2022-09-15 18:00:00,1641.0
95,GUAVIARE,95200,MIRAFLORES,95200000,MIRAFLORES (MIRAFLORES - GUAVIARE),2022,9,85441.0,29843.0,221320.0,jueves,2022-09-29 19:30:00,1788.0
97,VAUPÉS,97001,MITÚ,97001000,MITU (MITÚ - VAUPÉS),2022,9,7576.0,376546.0,286876.0,lunes,2022-09-19 12:00:00,24.0
97,VAUPÉS,97161,CARURU,97161000,CARURU (CARURU - VAUPÉS),2022,9,27026.0,8615.0,95130.0,jueves,2022-09-29 15:00:00,1215.0
97,VAUPÉS,97666,TARAIRA,97666000,TARAIRA (TARAIRA - VAUPÉS),2022,9,33335.0,996.0,130060.0,martes,2022-09-27 18:15:00,1118.0
99,VICHADA,99001,PUERTO CARREÑO,99001000,PUERTO CARREÑO (PUERTO CARREÑO - VICHADA),2022,9,7576.0,782876.0,478984.0,jueves,2022-09-15 14:30:00,2395.0
99,VICHADA,99001,PUERTO CARREÑO,99001002,CASUARITO (PUERTO CARREÑO - VICHADA),2022,9,3344.0,1274.0,105780.0,viernes,2022-09-02 11:45:00,1371.0
99,VICHADA,99524,LA PRIMAVERA,99524000,LA PRIMAVERA (LA PRIMAVERA - VICHADA),2022,9,356275.0,135354.0,714780.0,martes,2022-09-20 18:15:00,2383.0
99,VICHADA,99624,SANTA ROSALIA,99624000,SANTA ROSALIA (SANTA ROSALIA - VICHADA),2022,9,145211.0,70159.0,351410.0,viernes,2022-09-02 18:45:00,1838.0
99,VICHADA,99773,CUMARIBO,99773000,CUMARIBO (CUMARIBO - VICHADA),2022,9,320979.0,131025.0,70180.0,viernes,2022-09-23 14:30:00,2392.0
91,AMAZONAS,91001,LETICIA,91001000,LETICIA (LETICIA - AMAZONAS),2022,10,7576.0,4650.0,79788.0,jueves,2022-10-06 14:45:00,24.0
91,AMAZONAS,91540,PUERTO NARIÑO,91540000,PUERTO NARIÑO (PUERTO NARIÑO - AMAZONAS),2022,10,123286.0,4464.0,249220.0,jueves,2022-10-06 18:45:00,24.0
91,AMAZONAS,91798,TARAPACÁ (ANM),91798000,TARAPACÁ (TARAPACÁ (ANM) - AMAZONAS),2022,10,26806.0,12051.0,98110.0,viernes,2022-10-07 19:00:00,1016.0
5,ANTIOQUIA,5873,VIGÍA DEL FUERTE,5873002,VEGÁEZ (VIGÍA DEL FUERTE - ANTIOQUIA),2022,10,4933.0,7000.0,3210.0,miércoles,2022-10-12 20:45:00,646.0
88,"ARCHIPIÉLAGO DE SAN ANDRÉS, PROVIDENCIA Y SANTA CATALINA",88564,PROVIDENCIA,88564000,PROVIDENCIA (PROVIDENCIA - ARCHIPIÉLAGO DE SAN ANDRÉS Y PROVIDENCIA),2022,10,7576.0,270573.0,197764.0,jueves,2022-10-06 21:00:00,2329.0
88,"ARCHIPIÉLAGO DE SAN ANDRÉS, PROVIDENCIA Y SANTA CATALINA",88001,SAN ANDRÉS,88001000,SAN ANDRÉS (SAN ANDRÉS - ARCHIPIÉLAGO DE SAN ANDRÉS Y PROVIDENCIA),2022,10,7576.0,4650.0,3073896.0,miércoles,2022-10-19 15:30:00,2347.0
13,BOLÍVAR,13001,CARTAGENA DE INDIAS,13001007,ISLA FUERTE (CARTAGENA DE INDIAS - BOLÍVAR),2022,10,50233.0,28933.0,20170.0,sábado,2022-10-15 23:30:00,1032.0
13,BOLÍVAR,13001,CARTAGENA DE INDIAS,13001037,ISLA MÚCURA (CARTAGENA DE INDIAS - BOLÍVAR),2022,10,6568.0,2603.0,22210.0,martes,2022-10-04 21:30:00,1339.0
13,BOLÍVAR,13001,CARTAGENA DE INDIAS,13001017,SANTA CRUZ DEL ISLOTE (CARTAGENA DE INDIAS - BOLÍVAR),2022,10,13617.0,441.0,38370.0,miércoles,2022-10-26 22:15:00,1357.0
18,CAQUETÁ,18150,CARTAGENA DEL CHAIRÁ,18150001,REMOLINO DEL CAGUÁN (CARTAGENA DEL CHAIRA - CAQUETÁ),2022,10,19814.0,7489.0,96520.0,sábado,2022-10-29 18:45:00,827.0
18,CAQUETÁ,18150,CARTAGENA DEL CHAIRÁ,18150002,SANTA FE DEL CAGUÁN (CARTAGENA DEL CHAIRA - CAQUETÁ),2022,10,5247.0,2767.0,4140.0,viernes,2022-10-28 18:30:00,544.0
18,CAQUETÁ,18753,SAN VICENTE DEL CAGUÁN,18753002,GUACAMAYAS (SAN VICENTE DEL CAGUÁN - CAQUETÁ),2022,10,14139.0,6202.0,41660.0,lunes,2022-10-24 18:30:00,1834.0
18,CAQUETÁ,18753,SAN VICENTE DEL CAGUÁN,18753015,GUAYABAL (SAN VICENTE DEL CAGUÁN - CAQUETÁ),2022,10,5433.0,2646.0,43980.0,domingo,2022-10-23 13:00:00,521.0
18,CAQUETÁ,18753,SAN VICENTE DEL CAGUÁN,18753009,PUERTO BETANIA (SAN VICENTE DEL CAGUÁN - CAQUETÁ),2022,10,5895.0,2457.0,48280.0,sábado,2022-10-22 19:15:00,551.0
19,CAUCA,19318,GUAPI,19318008,LIMONES (GUAPI - CAUCA),2022,10,7362.0,3457.0,39850.0,sábado,2022-10-29 19:30:00,752.0
19,CAUCA,19318,GUAPI,19318013,SAN ANTONIO DE GUAJUÍ (GUAPI - CAUCA),2022,10,10254.0,5126.0,54930.0,jueves,2022-10-06 19:15:00,746.0
19,CAUCA,19418,LÓPEZ DE MICAY,19418011,DOS QUEBRADAS RÍO NAYA (LÓPEZ DE MICAY - CAUCA),2022,10,3481.0,1252.0,28480.0,lunes,2022-10-24 19:00:00,523.0
19,CAUCA,19418,LÓPEZ DE MICAY,19418038,ISLA DE GALLO (LÓPEZ DE MICAY - CAUCA),2022,10,2978.0,1499.0,25220.0,viernes,2022-10-28 18:45:00,459.0
19,CAUCA,19418,LÓPEZ DE MICAY,19418009,NOANAMITO (LÓPEZ DE MICAY - CAUCA),2022,10,5732.0,1553.0,520.0,miércoles,2022-10-19 19:30:00,426.0
19,CAUCA,19418,LÓPEZ DE MICAY,19418012,SAN ANTONIO DE CHUARÉ (LÓPEZ DE MICAY - CAUCA),2022,10,4673.0,1395.0,44290.0,domingo,2022-10-30 19:15:00,408.0
19,CAUCA,19809,TIMBIQUÍ,19809010,COMUNIDAD DE CHETE (TIMBIQUÍ - CAUCA),2022,10,3407.0,1172.0,27420.0,miércoles,2022-10-05 19:00:00,501.0
19,CAUCA,19809,TIMBIQUÍ,19809003,COTEJE (TIMBIQUÍ - CAUCA),2022,10,5947.0,4157.0,330.0,lunes,2022-10-17 19:15:00,655.0
19,CAUCA,19809,TIMBIQUÍ,19809026,LOS BRAZOS (TIMBIQUÍ - CAUCA),2022,10,7537.0,1691.0,4090.0,lunes,2022-10-03 19:45:00,703.0
19,CAUCA,19809,TIMBIQUÍ,19809023,PUERTO SAIJA (TIMBIQUÍ - CAUCA),2022,10,28512.0,9307.0,173710.0,viernes,2022-10-28 19:00:00,619.0
19,CAUCA,19809,TIMBIQUÍ,19809009,SANTA ROSA DE SAIJA (TIMBIQUÍ - CAUCA),2022,10,3762.0,1849.0,2460.0,domingo,2022-10-23 19:30:00,604.0
27,CHOCÓ,27006,ACANDÍ,27006000,ACANDÍ (ACANDÍ - CHOCÓ),2022,10,649446.0,217317.0,116477.0,viernes,2022-10-21 21:00:00,2357.0
27,CHOCÓ,27025,ALTO BAUDÓ (PIE DE PATO),27025000,CIUDAD BAUDÓ - PIE DE PATO (ALTO BAUDÓ - CHOCÓ),2022,10,46775.0,15075.0,125140.0,domingo,2022-10-30 11:30:00,2254.0
27,CHOCÓ,27075,BAHÍA SOLANO (MUTIS),27075000,CIUDAD MUTIS (BAHÍA SOLANO - CHOCÓ),2022,10,675668.0,222852.0,128436.0,lunes,2022-10-03 19:15:00,2359.0
27,CHOCÓ,27075,BAHÍA SOLANO (MUTIS),27075001,CUPICA (BAHÍA SOLANO - CHOCÓ),2022,10,69466.0,2435.0,161790.0,domingo,2022-10-23 18:45:00,225.0
27,CHOCÓ,27075,BAHÍA SOLANO (MUTIS),27075002,EL VALLE (BAHÍA SOLANO - CHOCÓ),2022,10,165508.0,66301.0,34980.0,miércoles,2022-10-05 19:15:00,2338.0
99,VICHADA,99001,PUERTO CARREÑO,99001002,CASUARITO (PUERTO CARREÑO - VICHADA),2022,10,34895.0,12891.0,103660.0,viernes,2022-10-07 12:00:00,14.0
27,CHOCÓ,27077,BAJO BAUDÓ (PIZARRO),27077905,BUENAVISTA (BAJO BAUDÓ (PIZARRO) - CHOCÓ),2022,10,2613.0,4040.0,3610.0,miércoles,2022-10-12 19:00:00,241.0
27,CHOCÓ,27077,BAJO BAUDÓ (PIZARRO),27077000,PIZARRO (BAJO BAUDÓ (PIZARRO) - CHOCÓ),2022,10,207008.0,9084.0,419230.0,lunes,2022-10-03 19:30:00,2155.0
27,CHOCÓ,27099,BOJAYÁ (BELLAVISTA),27099000,BELLAVISTA (BOJAYÁ (BELLAVISTA) - CHOCÓ),2022,10,91129.0,26424.0,255140.0,domingo,2022-10-09 19:15:00,1532.0
27,CHOCÓ,27099,BOJAYÁ (BELLAVISTA),27099002,LA LOMA DE BOJAYÁ (BOJAYÁ (BELLAVISTA) - CHOCÓ),2022,10,12842.0,6503.0,640.0,martes,2022-10-11 18:45:00,902.0
27,CHOCÓ,27250,EL LITORAL DEL SAN JUAN,27250000,SANTA GENOVEVA DE DOCORDÓ (EL LITORAL DEL SAN JUAN - CHOCÓ),2022,10,63376.0,35681.0,200510.0,miércoles,2022-10-19 19:00:00,1933.0
27,CHOCÓ,27372,JURADÓ,27372000,JURADÓ (JURADÓ - CHOCÓ),2022,10,162553.0,67613.0,299680.0,lunes,2022-10-03 20:00:00,2358.0
27,CHOCÓ,27425,MEDIO ATRATO (BETÉ),27425000,BETÉ (MEDIO ATRATO (BETÉ) - CHOCÓ),2022,10,14108.0,8475.0,560.0,martes,2022-10-04 10:15:00,1056.0
27,CHOCÓ,27425,MEDIO ATRATO (BETÉ),27425008,SAN ROQUE (MEDIO ATRATO (BETÉ) - CHOCÓ),2022,10,1083.0,3260.0,17380.0,viernes,2022-10-28 19:45:00,231.0
27,CHOCÓ,27495,NUQUÍ,27495912,COMUNIDAD INDÍGENA DE PANGUÍ - EL YUCAL (NUQUÍ - CHOCÓ),2022,10,7515.0,1688.0,11480.0,martes,2022-10-11 09:30:00,2322.0
27,CHOCÓ,27495,NUQUÍ,27495000,NUQUÍ (NUQUÍ - CHOCÓ),2022,10,258077.0,101846.0,494210.0,martes,2022-10-11 19:45:00,2359.0
27,CHOCÓ,27001,QUIBDÓ,27001029,TAGACHI (QUIBDÓ - CHOCÓ),2022,10,8544.0,3187.0,52270.0,lunes,2022-10-03 19:15:00,749.0
27,CHOCÓ,27800,UNGUÍA,27800001,BALBOA (UNGUÍA - CHOCÓ),2022,10,23041.0,9095.0,84550.0,domingo,2022-10-02 19:00:00,1105.0
27,CHOCÓ,27800,UNGUÍA,27800005,TITUMATE (UNGUÍA - CHOCÓ),2022,10,1732.0,4233.0,93460.0,domingo,2022-10-02 20:15:00,845.0
27,CHOCÓ,27800,UNGUÍA,27800000,UNGUÍA (UNGUÍA - CHOCÓ),2022,10,426068.0,145151.0,865920.0,lunes,2022-10-03 20:00:00,2233.0
94,GUAINÍA,94343,BARRANCOMINAS,94343000,BARRANCOMINAS (BARRANCOMINAS - GUAINÍA),2022,10,68201.0,19442.0,190220.0,miércoles,2022-10-26 18:00:00,1608.0
94,GUAINÍA,94001,INÍRIDA,94001000,INÍRIDA (INÍRIDA - GUAINÍA),2022,10,7576.0,67493.0,39116.0,martes,2022-10-04 17:45:00,24.0
95,GUAVIARE,95200,MIRAFLORES,95200000,MIRAFLORES (MIRAFLORES - GUAVIARE),2022,10,86323.0,30917.0,2090.0,lunes,2022-10-24 18:15:00,1752.0
47,MAGDALENA,47189,CIÉNAGA,47189018,PALMOR (CIÉNAGA - MAGDALENA),2022,10,9514.0,33917.0,19610.0,domingo,2022-10-30 19:15:00,2301.0
50,META,50325,MAPIRIPÁN,50325000,MAPIRIPÁN (MAPIRIPÁN - META),2022,10,17563.0,66378.0,34760.0,viernes,2022-10-21 18:00:00,2357.0
52,NARIÑO,52250,EL CHARCO,52250023,BAZÁN (EL CHARCO - NARIÑO),2022,10,19728.0,6308.0,9120.0,viernes,2022-10-07 18:45:00,82.0
52,NARIÑO,52250,EL CHARCO,52250003,BOLÍVAR - SAN PEDRO (EL CHARCO - NARIÑO),2022,10,4507.0,2641.0,27040.0,jueves,2022-10-06 19:00:00,648.0
52,NARIÑO,52250,EL CHARCO,52250007,SAN JOSÉ DEL TAPAJE (EL CHARCO - NARIÑO),2022,10,1132.0,4112.0,640.0,viernes,2022-10-07 19:30:00,806.0
52,NARIÑO,52520,FRANCISCO PIZARRO,52520013,SAN PEDRO DEL VINO (FRANCISCO PIZARRO - NARIÑO),2022,10,4265.0,2442.0,28060.0,sábado,2022-10-01 19:00:00,637.0
52,NARIÑO,52390,LA TOLA,52390005,AGUACATAL (LA TOLA - NARIÑO),2022,10,1838.0,4400.0,17330.0,jueves,2022-10-13 18:15:00,639.0
52,NARIÑO,52390,LA TOLA,52390013,AMÁRALES (LA TOLA - NARIÑO),2022,10,6572.0,263.0,40130.0,lunes,2022-10-31 18:45:00,706.0
52,NARIÑO,52390,LA TOLA,52390003,LA VIGÍA DE LA MAR (LA TOLA - NARIÑO),2022,10,6082.0,2104.0,34160.0,lunes,2022-10-31 12:15:00,82.0
52,NARIÑO,52390,LA TOLA,52390009,MULATOS (LA TOLA - NARIÑO),2022,10,4161.0,2023.0,38050.0,martes,2022-10-11 18:15:00,606.0
91,AMAZONAS,91798,TARAPACA (ANM),91798000,TARAPACA,2025,12,29923.0,12093.0,34965.0,lunes,2025-12-08 14:00:00,1.033
52,NARIÑO,52490,OLAYA HERRERA,52490913,BOCA DE PRIETA (OLAYA HERRERA - NARIÑO),2022,10,2865.0,7500.0,16370.0,martes,2022-10-11 18:00:00,635.0
52,NARIÑO,52835,SAN ANDRÉS DE TUMACO,52835055,BOCAS DE CURAY (TUMACO - NARIÑO),2022,10,8436.0,367.0,6480.0,viernes,2022-10-21 17:30:00,609.0
52,NARIÑO,52835,SAN ANDRÉS DE TUMACO,52835217,SAN JUAN DE LA COSTA (SAN ANDRÉS DE TUMACO - NARIÑO),2022,10,2232.0,879.0,12480.0,sábado,2022-10-15 18:45:00,805.0
52,NARIÑO,52696,SANTA BÁRBARA (ISCUANDÉ),52696014,LA ENSENADA (SANTA BÁRBARA (ISCUANDÉ) - NARIÑO),2022,10,2971.0,5272.0,22560.0,miércoles,2022-10-26 18:45:00,52.0
52,NARIÑO,52696,SANTA BÁRBARA (ISCUANDÉ),52696022,SECADERO (SANTA BÁRBARA (ISCUANDÉ) - NARIÑO),2022,10,3294.0,1551.0,14860.0,martes,2022-10-04 18:15:00,913.0
86,PUTUMAYO,86573,PUERTO LEGUÍZAMO,86573009,PIÑUÑA NEGRO (PUERTO LEGUÍZAMO - PUTUMAYO),2022,10,4362.0,2553.0,2560.0,sábado,2022-10-01 18:15:00,649.0
86,PUTUMAYO,86573,PUERTO LEGUÍZAMO,86573000,PUERTO LEGUÍZAMO (PUERTO LEGUÍZAMO - PUTUMAYO),2022,10,7576.0,332419.0,322916.0,miércoles,2022-10-05 00:00:00,2328.0
76,VALLE DEL CAUCA,76109,BUENAVENTURA,76109028,PUERTO MERIZALDE (BUENAVENTURA - VALLE DEL CAUCA),2022,10,82571.0,28772.0,221230.0,miércoles,2022-10-05 19:00:00,1752.0
76,VALLE DEL CAUCA,76109,BUENAVENTURA,76109032,SAN FRANCISCO NAYA (BUENAVENTURA - VALLE DEL CAUCA),2022,10,7604.0,3094.0,3370.0,sábado,2022-10-29 11:15:00,915.0
97,VAUPÉS,97161,CARURÚ,97161000,CARURÚ (CARURÚ - VAUPÉS),2022,10,12134.0,3288.0,96360.0,viernes,2022-10-07 18:00:00,54.0
97,VAUPÉS,97001,MITÚ,97001000,MITÚ (MITÚ - VAUPÉS),2022,10,7576.0,372514.0,295242.0,jueves,2022-10-27 11:45:00,2358.0
97,VAUPÉS,97666,TARAIRA,97666000,TARAIRA (TARAIRA - VAUPÉS),2022,10,25569.0,7358.0,137280.0,jueves,2022-10-13 17:45:00,751.0
99,VICHADA,99773,CUMARIBO,99773000,CUMARIBO (CUMARIBO - VICHADA),2022,10,330513.0,13527.0,679360.0,miércoles,2022-10-26 14:45:00,2348.0
99,VICHADA,99524,LA PRIMAVERA,99524000,LA PRIMAVERA (LA PRIMAVERA - VICHADA),2022,10,361115.0,135363.0,679660.0,miércoles,2022-10-26 14:30:00,2351.0
99,VICHADA,99001,PUERTO CARREÑO,99001000,PUERTO CARREÑO (PUERTO CARREÑO - VICHADA),2022,10,7576.0,823386.0,48004.0,viernes,2022-10-28 13:30:00,2347.0
99,VICHADA,99624,SANTA ROSALÍA,99624000,SANTA ROSALÍA (SANTA ROSALÍA - VICHADA),2022,10,123998.0,58385.0,368060.0,miércoles,2022-10-05 18:15:00,1536.0
91,AMAZONAS,91001,LETICIA,91001000,LETICIA (LETICIA - AMAZONAS),2022,11,7576.0,4650.0,796375.0,jueves,2022-11-10 15:30:00,2356.0
91,AMAZONAS,91540,PUERTO NARIÑO,91540000,PUERTO NARIÑO (PUERTO NARIÑO - AMAZONAS),2022,11,115494.0,4116.0,242530.0,martes,2022-11-08 18:45:00,24.0
91,AMAZONAS,91798,TARAPACÁ (ANM),91798000,TARAPACÁ (TARAPACÁ (ANM) - AMAZONAS),2022,11,2619.0,11839.0,9860.0,miércoles,2022-11-30 18:30:00,1015.0
88,"ARCHIPIÉLAGO DE SAN ANDRÉS, PROVIDENCIA Y SANTA CATALINA",88564,PROVIDENCIA,88564000,PROVIDENCIA (PROVIDENCIA - ARCHIPIÉLAGO DE SAN ANDRÉS Y PROVIDENCIA),2022,11,7576.0,25881.0,193459.0,viernes,2022-11-04 19:15:00,24.0
88,"ARCHIPIÉLAGO DE SAN ANDRÉS, PROVIDENCIA Y SANTA CATALINA",88001,SAN ANDRÉS,88001000,SAN ANDRÉS (SAN ANDRÉS - ARCHIPIÉLAGO DE SAN ANDRÉS Y PROVIDENCIA),2022,11,7576.0,4650.0,2901303.0,jueves,2022-11-24 15:15:00,24.0
13,BOLÍVAR,13001,CARTAGENA DE INDIAS,13001007,ISLA FUERTE (CARTAGENA DE INDIAS - BOLÍVAR),2022,11,31378.0,18198.0,199040.0,martes,2022-11-15 22:15:00,63.0
13,BOLÍVAR,13001,CARTAGENA DE INDIAS,13001037,ISLA MÚCURA (CARTAGENA DE INDIAS - BOLÍVAR),2022,11,5837.0,235.0,20260.0,sábado,2022-11-26 22:30:00,1223.0
13,BOLÍVAR,13001,CARTAGENA DE INDIAS,13001017,SANTA CRUZ DEL ISLOTE (CARTAGENA DE INDIAS - BOLÍVAR),2022,11,11866.0,3793.0,40160.0,miércoles,2022-11-02 22:15:00,1238.0
18,CAQUETÁ,18150,CARTAGENA DEL CHAIRÁ,18150001,REMOLINO DEL CAGUÁN (CARTAGENA DEL CHAIRA - CAQUETÁ),2022,11,17684.0,6476.0,99930.0,sábado,2022-11-12 19:15:00,743.0
18,CAQUETÁ,18753,SAN VICENTE DEL CAGUÁN,18753002,GUACAMAYAS (SAN VICENTE DEL CAGUÁN - CAQUETÁ),2022,11,13782.0,598.0,41690.0,viernes,2022-11-18 19:30:00,1803.0
18,CAQUETÁ,18753,SAN VICENTE DEL CAGUÁN,18753015,GUAYABAL (SAN VICENTE DEL CAGUÁN - CAQUETÁ),2022,11,564.0,2729.0,42720.0,sábado,2022-11-26 12:15:00,546.0
18,CAQUETÁ,18753,SAN VICENTE DEL CAGUÁN,18753009,PUERTO BETANIA (SAN VICENTE DEL CAGUÁN - CAQUETÁ),2022,11,5847.0,236.0,480.0,sábado,2022-11-05 18:45:00,539.0
19,CAUCA,19318,GUAPI,19318008,LIMONES (GUAPI - CAUCA),2022,11,802.0,3832.0,38630.0,martes,2022-11-29 20:00:00,859.0
19,CAUCA,19318,GUAPI,19318013,SAN ANTONIO DE GUAJUÍ (GUAPI - CAUCA),2022,11,10155.0,5023.0,54710.0,jueves,2022-11-24 19:30:00,746.0
19,CAUCA,19418,LÓPEZ DE MICAY,19418038,ISLA DE GALLO (LÓPEZ DE MICAY - CAUCA),2022,11,3197.0,1501.0,27040.0,jueves,2022-11-24 19:00:00,55.0
19,CAUCA,19418,LÓPEZ DE MICAY,19418009,NOANAMITO (LÓPEZ DE MICAY - CAUCA),2022,11,3286.0,8470.0,600.0,sábado,2022-11-26 18:30:00,249.0
19,CAUCA,19418,LÓPEZ DE MICAY,19418012,SAN ANTONIO DE CHUARÉ (LÓPEZ DE MICAY - CAUCA),2022,11,4252.0,1196.0,44640.0,martes,2022-11-01 18:45:00,353.0
19,CAUCA,19809,TIMBIQUÍ,19809014,CHACÓN (TIMBIQUÍ - CAUCA),2022,11,4483.0,1304.0,27180.0,sábado,2022-11-05 19:00:00,7.0
19,CAUCA,19809,TIMBIQUÍ,19809003,COTEJE (TIMBIQUÍ - CAUCA),2022,11,5969.0,4122.0,3280.0,martes,2022-11-22 19:15:00,702.0
19,CAUCA,19809,TIMBIQUÍ,19809026,LOS BRAZOS (TIMBIQUÍ - CAUCA),2022,11,8223.0,1835.0,38160.0,jueves,2022-11-03 19:15:00,837.0
19,CAUCA,19809,TIMBIQUÍ,19809023,PUERTO SAIJA (TIMBIQUÍ - CAUCA),2022,11,34981.0,11388.0,179520.0,lunes,2022-11-14 20:00:00,813.0
19,CAUCA,19809,TIMBIQUÍ,19809009,SANTA ROSA DE SAIJA (TIMBIQUÍ - CAUCA),2022,11,3772.0,1905.0,24120.0,lunes,2022-11-07 19:00:00,621.0
27,CHOCÓ,27006,ACANDÍ,27006000,ACANDÍ (ACANDÍ - CHOCÓ),2022,11,639819.0,212408.0,118061.0,miércoles,2022-11-02 21:00:00,24.0
27,CHOCÓ,27006,ACANDÍ,27006007,SAN FRANCISCO (ACANDÍ - CHOCÓ),2022,11,23596.0,8448.0,110780.0,sábado,2022-11-19 20:00:00,916.0
27,CHOCÓ,27025,ALTO BAUDÓ (PIE DE PATO),27025000,CIUDAD BAUDÓ - PIE DE PATO (ALTO BAUDÓ - CHOCÓ),2022,11,45268.0,14913.0,115540.0,jueves,2022-11-10 19:00:00,2247.0
27,CHOCÓ,27075,BAHÍA SOLANO (MUTIS),27075000,CIUDAD MUTIS (BAHÍA SOLANO - CHOCÓ),2022,11,641619.0,216495.0,12474.0,martes,2022-11-01 20:00:00,2348.0
27,CHOCÓ,27075,BAHÍA SOLANO (MUTIS),27075002,EL VALLE (BAHÍA SOLANO - CHOCÓ),2022,11,159353.0,62307.0,333170.0,martes,2022-11-08 18:45:00,24.0
27,CHOCÓ,27077,BAJO BAUDÓ (PIZARRO),27077905,BUENAVISTA (BAJO BAUDÓ (PIZARRO) - CHOCÓ),2022,11,3056.0,4500.0,3510.0,miércoles,2022-11-23 20:00:00,315.0
27,CHOCÓ,27077,BAJO BAUDÓ (PIZARRO),27077000,PIZARRO (BAJO BAUDÓ (PIZARRO) - CHOCÓ),2022,11,195572.0,82637.0,401280.0,domingo,2022-11-06 19:00:00,22.0
27,CHOCÓ,27099,BOJAYÁ (BELLAVISTA),27099000,BELLAVISTA (BOJAYÁ (BELLAVISTA) - CHOCÓ),2022,11,95417.0,27421.0,237210.0,viernes,2022-11-25 19:30:00,1716.0
27,CHOCÓ,27099,BOJAYÁ (BELLAVISTA),27099002,LA LOMA DE BOJAYÁ (BOJAYÁ (BELLAVISTA) - CHOCÓ),2022,11,11797.0,5709.0,6720.0,miércoles,2022-11-30 19:30:00,814.0
27,CHOCÓ,27250,EL LITORAL DEL SAN JUAN,27250002,CUCURRUPÍ (EL LITORAL DEL SAN JUAN - CHOCÓ),2022,11,2503.0,7700.0,18140.0,martes,2022-11-01 18:15:00,543.0
27,CHOCÓ,27250,EL LITORAL DEL SAN JUAN,27250000,SANTA GENOVEVA DE DOCORDÓ (EL LITORAL DEL SAN JUAN - CHOCÓ),2022,11,6796.0,41872.0,180050.0,sábado,2022-11-19 19:15:00,2331.0
27,CHOCÓ,27372,JURADÓ,27372000,JURADÓ (JURADÓ - CHOCÓ),2022,11,156552.0,66334.0,294720.0,miércoles,2022-11-02 19:15:00,2359.0
27,CHOCÓ,27425,MEDIO ATRATO (BETÉ),27425000,BETÉ (MEDIO ATRATO (BETÉ) - CHOCÓ),2022,11,1511.0,9014.0,600.0,miércoles,2022-11-09 10:30:00,1216.0
27,CHOCÓ,27425,MEDIO ATRATO (BETÉ),27425008,SAN ROQUE (MEDIO ATRATO (BETÉ) - CHOCÓ),2022,11,2721.0,7880.0,16990.0,sábado,2022-11-05 09:15:00,618.0
27,CHOCÓ,27495,NUQUÍ,27495912,COMUNIDAD INDÍGENA DE PANGUÍ - EL YUCAL (NUQUÍ - CHOCÓ),2022,11,7166.0,162.0,11550.0,lunes,2022-11-07 15:00:00,2252.0
27,CHOCÓ,27495,NUQUÍ,27495000,NUQUÍ (NUQUÍ - CHOCÓ),2022,11,249447.0,93895.0,480480.0,viernes,2022-11-04 19:30:00,2352.0
27,CHOCÓ,27495,NUQUÍ,27495011,PUERTO JAGUA (NUQUÍ - CHOCÓ),2022,11,8430.0,4820.0,5590.0,sábado,2022-11-26 19:45:00,633.0
27,CHOCÓ,27001,QUIBDÓ,27001029,TAGACHI (QUIBDÓ - CHOCÓ),2022,11,7921.0,2993.0,44140.0,jueves,2022-11-10 13:30:00,742.0
27,CHOCÓ,27800,UNGUÍA,27800001,BALBOA (UNGUÍA - CHOCÓ),2022,11,22297.0,8801.0,84970.0,miércoles,2022-11-02 20:00:00,1105.0
27,CHOCÓ,27800,UNGUÍA,27800005,TITUMATE (UNGUÍA - CHOCÓ),2022,11,15835.0,3779.0,96010.0,sábado,2022-11-19 20:30:00,754.0
27,CHOCÓ,27800,UNGUÍA,27800000,UNGUÍA (UNGUÍA - CHOCÓ),2022,11,400317.0,137619.0,870140.0,miércoles,2022-11-02 19:15:00,2217.0
94,GUAINÍA,94343,BARRANCOMINAS,94343000,BARRANCOMINAS (BARRANCOMINAS - GUAINÍA),2022,11,67848.0,19052.0,192550.0,martes,2022-11-22 18:00:00,1622.0
95,GUAVIARE,95200,MIRAFLORES,95200000,MIRAFLORES (MIRAFLORES - GUAVIARE),2022,11,85289.0,2873.0,21780.0,sábado,2022-11-12 18:15:00,1808.0
47,MAGDALENA,47189,CIÉNAGA,47189018,PALMOR (CIÉNAGA - MAGDALENA),2022,11,99439.0,36892.0,210240.0,domingo,2022-11-13 12:00:00,2204.0
50,META,50325,MAPIRIPÁN,50325000,MAPIRIPÁN (MAPIRIPÁN - META),2022,11,163449.0,61673.0,346280.0,miércoles,2022-11-09 18:15:00,2345.0
52,NARIÑO,52250,EL CHARCO,52250023,BAZÁN (EL CHARCO - NARIÑO),2022,11,19399.0,61.0,960.0,jueves,2022-11-03 18:30:00,811.0
52,NARIÑO,52250,EL CHARCO,52250003,BOLÍVAR - SAN PEDRO (EL CHARCO - NARIÑO),2022,11,3586.0,2069.0,26690.0,sábado,2022-11-05 20:15:00,541.0
52,NARIÑO,52250,EL CHARCO,52250007,SAN JOSÉ DEL TAPAJE (EL CHARCO - NARIÑO),2022,11,1105.0,4098.0,640.0,martes,2022-11-15 19:00:00,802.0
52,NARIÑO,52520,FRANCISCO PIZARRO,52520013,SAN PEDRO DEL VINO (FRANCISCO PIZARRO - NARIÑO),2022,11,4393.0,2484.0,26750.0,viernes,2022-11-18 18:00:00,718.0
52,NARIÑO,52390,LA TOLA,52390005,AGUACATAL (LA TOLA - NARIÑO),2022,11,2048.0,5470.0,10420.0,sábado,2022-11-05 16:30:00,826.0
52,NARIÑO,52390,LA TOLA,52390013,AMÁRALES (LA TOLA - NARIÑO),2022,11,6386.0,2073.0,43360.0,sábado,2022-11-12 19:00:00,654.0
52,NARIÑO,52390,LA TOLA,52390009,MULATOS (LA TOLA - NARIÑO),2022,11,544.0,3007.0,33060.0,jueves,2022-11-24 18:15:00,81.0
52,NARIÑO,52490,OLAYA HERRERA,52490913,BOCA DE PRIETA (OLAYA HERRERA - NARIÑO),2022,11,3155.0,8200.0,15890.0,viernes,2022-11-04 19:00:00,749.0
52,NARIÑO,52835,SAN ANDRÉS DE TUMACO,52835055,BOCAS DE CURAY (TUMACO - NARIÑO),2022,11,8434.0,3259.0,5760.0,domingo,2022-11-06 11:30:00,64.0
52,NARIÑO,52696,SANTA BÁRBARA (ISCUANDÉ),52696014,LA ENSENADA (SANTA BÁRBARA (ISCUANDÉ) - NARIÑO),2022,11,2727.0,479.0,21980.0,miércoles,2022-11-02 18:45:00,504.0
52,NARIÑO,52696,SANTA BÁRBARA (ISCUANDÉ),52696022,SECADERO (SANTA BÁRBARA (ISCUANDÉ) - NARIÑO),2022,11,3089.0,1438.0,14140.0,miércoles,2022-11-23 18:15:00,903.0
86,PUTUMAYO,86573,PUERTO LEGUÍZAMO,86573009,PIÑUÑA NEGRO (PUERTO LEGUÍZAMO - PUTUMAYO),2022,11,3797.0,2238.0,2560.0,martes,2022-11-01 18:15:00,639.0
86,PUTUMAYO,86573,PUERTO LEGUÍZAMO,86573000,PUERTO LEGUÍZAMO (PUERTO LEGUÍZAMO - PUTUMAYO),2022,11,976748.0,311584.0,215213.0,martes,2022-11-01 14:30:00,2338.0
76,VALLE DEL CAUCA,76109,BUENAVENTURA,76109028,PUERTO MERIZALDE (BUENAVENTURA - VALLE DEL CAUCA),2022,11,84534.0,2794.0,20240.0,miércoles,2022-11-02 19:45:00,1911.0
76,VALLE DEL CAUCA,76109,BUENAVENTURA,76109032,SAN FRANCISCO NAYA (BUENAVENTURA - VALLE DEL CAUCA),2022,11,7734.0,3112.0,31740.0,viernes,2022-11-11 11:30:00,1011.0
97,VAUPÉS,97161,CARURÚ,97161000,CARURÚ (CARURÚ - VAUPÉS),2022,11,22488.0,4715.0,83420.0,miércoles,2022-11-09 17:45:00,1212.0
91,AMAZONAS,91798,TARAPACA (ANM),91798000,TARAPACA,2026,1,29302.0,11801.0,34965.0,jueves,2026-01-22 16:45:00,1.029
97,VAUPÉS,97001,MITÚ,97001000,MITÚ (MITÚ - VAUPÉS),2022,11,7576.0,366476.0,284406.0,viernes,2022-11-11 11:45:00,24.0
97,VAUPÉS,97666,TARAIRA,97666000,TARAIRA (TARAIRA - VAUPÉS),2022,11,3441.0,9596.0,133410.0,miércoles,2022-11-09 12:30:00,1109.0
99,VICHADA,99773,CUMARIBO,99773000,CUMARIBO (CUMARIBO - VICHADA),2022,11,325519.0,132592.0,718080.0,martes,2022-11-22 11:30:00,2354.0
99,VICHADA,99524,LA PRIMAVERA,99524000,LA PRIMAVERA (LA PRIMAVERA - VICHADA),2022,11,352603.0,130567.0,687190.0,martes,2022-11-15 19:00:00,2353.0
99,VICHADA,99001,PUERTO CARREÑO,99001002,CASUARITO (PUERTO CARREÑO - VICHADA),2022,11,34325.0,13019.0,106480.0,lunes,2022-11-07 18:45:00,1433.0
99,VICHADA,99001,PUERTO CARREÑO,99001000,PUERTO CARREÑO (PUERTO CARREÑO - VICHADA),2022,11,7576.0,765349.0,46068.0,martes,2022-11-15 13:45:00,2357.0
99,VICHADA,99624,SANTA ROSALÍA,99624000,SANTA ROSALÍA (SANTA ROSALÍA - VICHADA),2022,11,142339.0,69013.0,345020.0,martes,2022-11-15 19:45:00,1817.0
91,AMAZONAS,91001,LETICIA,91001000,LETICIA (LETICIA - AMAZONAS),2022,12,7576.0,4650.0,798582.0,jueves,2022-12-01 14:30:00,24.0
91,AMAZONAS,91540,PUERTO NARIÑO,91540000,PUERTO NARIÑO (PUERTO NARIÑO - AMAZONAS),2022,12,116663.0,4082.0,238480.0,jueves,2022-12-01 18:45:00,24.0
91,AMAZONAS,91798,TARAPACÁ (ANM),91798000,TARAPACÁ (TARAPACÁ (ANM) - AMAZONAS),2022,12,27447.0,12457.0,10110.0,viernes,2022-12-02 20:00:00,1019.0
88,"ARCHIPIÉLAGO DE SAN ANDRÉS, PROVIDENCIA Y SANTA CATALINA",88564,PROVIDENCIA,88564000,PROVIDENCIA (PROVIDENCIA - ARCHIPIÉLAGO DE SAN ANDRÉS Y PROVIDENCIA),2022,12,7576.0,254554.0,182572.0,viernes,2022-12-16 19:00:00,24.0
88,"ARCHIPIÉLAGO DE SAN ANDRÉS, PROVIDENCIA Y SANTA CATALINA",88001,SAN ANDRÉS,88001000,SAN ANDRÉS (SAN ANDRÉS - ARCHIPIÉLAGO DE SAN ANDRÉS Y PROVIDENCIA),2022,12,7576.0,4650.0,2916414.0,viernes,2022-12-16 15:30:00,2359.0
13,BOLÍVAR,13001,CARTAGENA DE INDIAS,13001007,ISLA FUERTE (CARTAGENA DE INDIAS - BOLÍVAR),2022,12,25914.0,14554.0,225480.0,viernes,2022-12-30 23:00:00,447.0
13,BOLÍVAR,13001,CARTAGENA DE INDIAS,13001037,ISLA MÚCURA (CARTAGENA DE INDIAS - BOLÍVAR),2022,12,6661.0,2591.0,20190.0,jueves,2022-12-15 23:45:00,1424.0
13,BOLÍVAR,13001,CARTAGENA DE INDIAS,13001017,SANTA CRUZ DEL ISLOTE (CARTAGENA DE INDIAS - BOLÍVAR),2022,12,14296.0,4585.0,39040.0,miércoles,2022-12-28 20:30:00,1507.0
18,CAQUETÁ,18150,CARTAGENA DEL CHAIRÁ,18150001,REMOLINO DEL CAGUÁN (CARTAGENA DEL CHAIRA - CAQUETÁ),2022,12,19761.0,7581.0,102180.0,sábado,2022-12-31 18:30:00,834.0
18,CAQUETÁ,18150,CARTAGENA DEL CHAIRÁ,18150002,SANTA FE DEL CAGUÁN (CARTAGENA DEL CHAIRA - CAQUETÁ),2022,12,3691.0,1846.0,3960.0,sábado,2022-12-31 19:30:00,341.0
18,CAQUETÁ,18753,SAN VICENTE DEL CAGUÁN,18753002,GUACAMAYAS (SAN VICENTE DEL CAGUÁN - CAQUETÁ),2022,12,15367.0,6613.0,47620.0,martes,2022-12-13 19:00:00,1843.0
18,CAQUETÁ,18753,SAN VICENTE DEL CAGUÁN,18753015,GUAYABAL (SAN VICENTE DEL CAGUÁN - CAQUETÁ),2022,12,6074.0,3017.0,43170.0,sábado,2022-12-03 18:15:00,552.0
18,CAQUETÁ,18753,SAN VICENTE DEL CAGUÁN,18753009,PUERTO BETANIA (SAN VICENTE DEL CAGUÁN - CAQUETÁ),2022,12,669.0,272.0,52320.0,sábado,2022-12-31 19:15:00,615.0
19,CAUCA,19318,GUAPI,19318008,LIMONES (GUAPI - CAUCA),2022,12,9289.0,4384.0,43950.0,sábado,2022-12-03 13:00:00,942.0
19,CAUCA,19318,GUAPI,19318013,SAN ANTONIO DE GUAJUÍ (GUAPI - CAUCA),2022,12,11961.0,6086.0,56480.0,sábado,2022-12-03 19:15:00,9.0
19,CAUCA,19418,LÓPEZ DE MICAY,19418038,ISLA DE GALLO (LÓPEZ DE MICAY - CAUCA),2022,12,3661.0,1735.0,27620.0,sábado,2022-12-31 19:15:00,548.0
19,CAUCA,19418,LÓPEZ DE MICAY,19418012,SAN ANTONIO DE CHUARÉ (LÓPEZ DE MICAY - CAUCA),2022,12,6002.0,1839.0,44290.0,lunes,2022-12-19 19:00:00,533.0
19,CAUCA,19809,TIMBIQUÍ,19809014,CHACÓN (TIMBIQUÍ - CAUCA),2022,12,5295.0,1597.0,26510.0,jueves,2022-12-15 18:45:00,836.0
19,CAUCA,19809,TIMBIQUÍ,19809003,COTEJE (TIMBIQUÍ - CAUCA),2022,12,6358.0,4518.0,31560.0,domingo,2022-12-11 18:45:00,745.0
19,CAUCA,19809,TIMBIQUÍ,19809026,LOS BRAZOS (TIMBIQUÍ - CAUCA),2022,12,8548.0,2037.0,34820.0,martes,2022-12-20 19:45:00,922.0
19,CAUCA,19809,TIMBIQUÍ,19809023,PUERTO SAIJA (TIMBIQUÍ - CAUCA),2022,12,37954.0,12813.0,169490.0,viernes,2022-12-23 19:00:00,947.0
19,CAUCA,19809,TIMBIQUÍ,19809009,SANTA ROSA DE SAIJA (TIMBIQUÍ - CAUCA),2022,12,4407.0,2236.0,22580.0,miércoles,2022-12-07 18:15:00,806.0
27,CHOCÓ,27006,ACANDÍ,27006000,ACANDÍ (ACANDÍ - CHOCÓ),2022,12,654345.0,21532.0,12151.0,sábado,2022-12-07 18:15:00,2359.0
27,CHOCÓ,27006,ACANDÍ,27006007,SAN FRANCISCO (ACANDÍ - CHOCÓ),2022,12,26493.0,9465.0,122830.0,viernes,2022-12-30 19:45:00,926.0
27,CHOCÓ,27025,ALTO BAUDÓ (PIE DE PATO),27025000,CIUDAD BAUDÓ - PIE DE PATO (ALTO BAUDÓ - CHOCÓ),2022,12,46897.0,16086.0,112020.0,viernes,2022-12-30 12:00:00,2358.0
27,CHOCÓ,27075,BAHÍA SOLANO (MUTIS),27075002,EL VALLE (BAHÍA SOLANO - CHOCÓ),2022,12,168547.0,65188.0,368020.0,sábado,2022-12-31 19:45:00,2344.0
27,CHOCÓ,27077,BAJO BAUDÓ (PIZARRO),27077000,PIZARRO (BAJO BAUDÓ (PIZARRO) - CHOCÓ),2022,12,211414.0,92665.0,411310.0,viernes,2022-12-09 19:00:00,2237.0
27,CHOCÓ,27099,BOJAYÁ (BELLAVISTA),27099000,BELLAVISTA (BOJAYÁ (BELLAVISTA) - CHOCÓ),2022,12,97377.0,2824.0,23240.0,viernes,2022-12-02 19:15:00,171.0
27,CHOCÓ,27099,BOJAYÁ (BELLAVISTA),27099005,NAPIPÍ (BOJAYÁ (BELLAVISTA) - CHOCÓ),2022,12,12728.0,641.0,640.0,viernes,2022-12-23 19:30:00,805.0
27,CHOCÓ,27250,EL LITORAL DEL SAN JUAN,27250002,CUCURRUPÍ (EL LITORAL DEL SAN JUAN - CHOCÓ),2022,12,2676.0,8550.0,16990.0,miércoles,2022-12-28 18:45:00,605.0
27,CHOCÓ,27250,EL LITORAL DEL SAN JUAN,27250000,SANTA GENOVEVA DE DOCORDÓ (EL LITORAL DEL SAN JUAN - CHOCÓ),2022,12,6904.0,4345.0,169880.0,miércoles,2022-12-14 11:45:00,2345.0
27,CHOCÓ,27372,JURADÓ,27372000,JURADÓ (JURADÓ - CHOCÓ),2022,12,177894.0,727.0,326560.0,sábado,2022-12-31 19:15:00,2359.0
5,ANTIOQUIA,5873,VIGÍA DEL FUERTE,5873013,LOMA MURRI,2025,12,6057.0,2856.0,31562.0,lunes,2025-12-07 19:00:00,831.0
27,CHOCÓ,27425,MEDIO ATRATO (BETÉ),27425000,BETÉ (MEDIO ATRATO (BETÉ) - CHOCÓ),2022,12,15513.0,9438.0,560.0,lunes,2022-12-05 11:45:00,1241.0
27,CHOCÓ,27495,NUQUÍ,27495912,COMUNIDAD INDÍGENA DE PANGUÍ - EL YUCAL (NUQUÍ - CHOCÓ),2022,12,6816.0,1776.0,11660.0,sábado,2022-12-31 19:15:00,2307.0
27,CHOCÓ,27495,NUQUÍ,27495011,PUERTO JAGUA (NUQUÍ - CHOCÓ),2022,12,1072.0,6450.0,6480.0,sábado,2022-12-24 20:00:00,648.0
27,CHOCÓ,27001,QUIBDÓ,27001029,TAGACHI (QUIBDÓ - CHOCÓ),2022,12,8427.0,324.0,42940.0,sábado,2022-12-03 13:15:00,816.0
27,CHOCÓ,27800,UNGUÍA,27800001,BALBOA (UNGUÍA - CHOCÓ),2022,12,22438.0,879.0,8380.0,sábado,2022-12-24 19:00:00,1108.0
27,CHOCÓ,27800,UNGUÍA,27800005,TITUMATE (UNGUÍA - CHOCÓ),2022,12,17321.0,4162.0,96980.0,viernes,2022-12-09 20:00:00,813.0
27,CHOCÓ,27800,UNGUÍA,27800000,UNGUÍA (UNGUÍA - CHOCÓ),2022,12,412442.0,143382.0,868030.0,sábado,2022-12-31 19:15:00,2219.0
94,GUAINÍA,94343,BARRANCOMINAS,94343000,BARRANCOMINAS (BARRANCOMINAS - GUAINÍA),2022,12,70067.0,21323.0,192380.0,lunes,2022-12-05 18:15:00,1622.0
95,GUAVIARE,95200,MIRAFLORES,95200000,MIRAFLORES (MIRAFLORES - GUAVIARE),2022,12,84461.0,29297.0,203720.0,jueves,2022-12-01 18:30:00,1809.0
47,MAGDALENA,47189,CIÉNAGA,47189018,PALMOR (CIÉNAGA - MAGDALENA),2022,12,100803.0,39278.0,203330.0,sábado,2022-12-10 19:15:00,2156.0
50,META,50325,MAPIRIPÁN,50325000,MAPIRIPÁN (MAPIRIPÁN - META),2022,12,173749.0,67839.0,346720.0,viernes,2022-12-09 18:30:00,24.0
52,NARIÑO,52250,EL CHARCO,52250023,BAZÁN (EL CHARCO - NARIÑO),2022,12,22496.0,7248.0,10080.0,viernes,2022-12-30 17:45:00,914.0
52,NARIÑO,52250,EL CHARCO,52250003,BOLÍVAR - SAN PEDRO (EL CHARCO - NARIÑO),2022,12,3807.0,2044.0,25280.0,sábado,2022-12-03 19:00:00,613.0
52,NARIÑO,52250,EL CHARCO,52250007,SAN JOSÉ DEL TAPAJE (EL CHARCO - NARIÑO),2022,12,12292.0,4518.0,560.0,jueves,2022-12-01 18:30:00,902.0
52,NARIÑO,52390,LA TOLA,52390013,AMÁRALES (LA TOLA - NARIÑO),2022,12,7097.0,2383.0,43550.0,miércoles,2022-12-21 19:30:00,75.0
52,NARIÑO,52390,LA TOLA,52390009,MULATOS (LA TOLA - NARIÑO),2022,12,5965.0,3426.0,38780.0,viernes,2022-12-16 18:30:00,822.0
52,NARIÑO,52490,OLAYA HERRERA,52490913,BOCA DE PRIETA (OLAYA HERRERA - NARIÑO),2022,12,2544.0,6990.0,17090.0,lunes,2022-12-26 19:00:00,541.0
52,NARIÑO,52835,SAN ANDRÉS DE TUMACO,52835055,BOCAS DE CURAY (TUMACO - NARIÑO),2022,12,9164.0,3464.0,5760.0,domingo,2022-12-18 11:00:00,659.0
52,NARIÑO,52696,SANTA BÁRBARA (ISCUANDÉ),52696014,LA ENSENADA (SANTA BÁRBARA (ISCUANDÉ) - NARIÑO),2022,12,3126.0,5509.0,22180.0,martes,2022-12-06 20:30:00,548.0
52,NARIÑO,52696,SANTA BÁRBARA (ISCUANDÉ),52696022,SECADERO (SANTA BÁRBARA (ISCUANDÉ) - NARIÑO),2022,12,2985.0,1264.0,14060.0,viernes,2022-12-02 18:30:00,919.0
86,PUTUMAYO,86573,PUERTO LEGUÍZAMO,86573009,PIÑUÑA NEGRO (PUERTO LEGUÍZAMO - PUTUMAYO),2022,12,3972.0,2245.0,3520.0,sábado,2022-12-03 17:15:00,62.0
86,PUTUMAYO,86573,PUERTO LEGUÍZAMO,86573000,PUERTO LEGUÍZAMO (PUERTO LEGUÍZAMO - PUTUMAYO),2022,12,927588.0,312165.0,203447.0,miércoles,2022-12-07 15:00:00,2307.0
76,VALLE DEL CAUCA,76109,BUENAVENTURA,76109028,PUERTO MERIZALDE (BUENAVENTURA - VALLE DEL CAUCA),2022,12,96101.0,32457.0,18410.0,viernes,2022-12-23 20:15:00,2328.0
76,VALLE DEL CAUCA,76109,BUENAVENTURA,76109032,SAN FRANCISCO NAYA (BUENAVENTURA - VALLE DEL CAUCA),2022,12,7108.0,2917.0,34750.0,sábado,2022-12-24 12:00:00,849.0
97,VAUPÉS,97001,MITÚ,97001000,MITÚ (MITÚ - VAUPÉS),2022,12,7576.0,408967.0,287724.0,miércoles,2022-12-14 12:00:00,2355.0
97,VAUPÉS,97666,TARAIRA,97666000,TARAIRA (TARAIRA - VAUPÉS),2022,12,30847.0,8849.0,12610.0,lunes,2022-12-05 18:15:00,1006.0
99,VICHADA,99524,LA PRIMAVERA,99524000,LA PRIMAVERA (LA PRIMAVERA - VICHADA),2022,12,364012.0,139356.0,679070.0,miércoles,2022-12-28 19:15:00,2359.0
99,VICHADA,99001,PUERTO CARREÑO,99001002,CASUARITO (PUERTO CARREÑO - VICHADA),2022,12,34739.0,13313.0,95740.0,jueves,2022-12-15 18:15:00,1425.0
99,VICHADA,99001,PUERTO CARREÑO,99001000,PUERTO CARREÑO (PUERTO CARREÑO - VICHADA),2022,12,7576.0,834238.0,436744.0,miércoles,2022-12-14 14:30:00,2358.0
99,VICHADA,99624,SANTA ROSALÍA,99624000,SANTA ROSALÍA (SANTA ROSALÍA - VICHADA),2022,12,148727.0,72473.0,343150.0,miércoles,2022-12-14 20:15:00,1804.0
91,AMAZONAS,91001,LETICIA,91001000,LETICIA (LETICIA - AMAZONAS),2023,1,7576.0,4650.0,713296.0,viernes,2023-01-27 14:45:00,24.0
91,AMAZONAS,91540,PUERTO NARIÑO,91540000,PUERTO NARIÑO (PUERTO NARIÑO - AMAZONAS),2023,1,112349.0,39609.0,228980.0,martes,2023-01-24 19:30:00,2359.0
91,AMAZONAS,91798,TARAPACÁ (ANM),91798000,TARAPACÁ (TARAPACÁ (ANM) - AMAZONAS),2023,1,26553.0,1197.0,96940.0,martes,2023-01-03 14:45:00,1019.0
5,ANTIOQUIA,5873,VIGÍA DEL FUERTE,5873002,VEGÁEZ (VIGÍA DEL FUERTE - ANTIOQUIA),2023,1,5368.0,8700.0,41220.0,lunes,2023-01-16 20:00:00,636.0
88,"ARCHIPIÉLAGO DE SAN ANDRÉS, PROVIDENCIA Y SANTA CATALINA",88564,PROVIDENCIA,88564000,PROVIDENCIA (PROVIDENCIA - ARCHIPIÉLAGO DE SAN ANDRÉS Y PROVIDENCIA),2023,1,7576.0,237865.0,177895.0,lunes,2023-01-30 21:45:00,235.0
88,"ARCHIPIÉLAGO DE SAN ANDRÉS, PROVIDENCIA Y SANTA CATALINA",88001,SAN ANDRÉS,88001000,SAN ANDRÉS (SAN ANDRÉS - ARCHIPIÉLAGO DE SAN ANDRÉS Y PROVIDENCIA),2023,1,7576.0,4650.0,282297.0,lunes,2023-01-02 15:45:00,24.0
13,BOLÍVAR,13001,CARTAGENA DE INDIAS,13001007,ISLA FUERTE (CARTAGENA DE INDIAS - BOLÍVAR),2023,1,37775.0,22357.0,230050.0,miércoles,2023-01-04 22:30:00,649.0
13,BOLÍVAR,13001,CARTAGENA DE INDIAS,13001037,ISLA MÚCURA (CARTAGENA DE INDIAS - BOLÍVAR),2023,1,6927.0,264.0,20830.0,domingo,2023-01-08 00:00:00,15.0
13,BOLÍVAR,13001,CARTAGENA DE INDIAS,13001017,SANTA CRUZ DEL ISLOTE (CARTAGENA DE INDIAS - BOLÍVAR),2023,1,7041.0,2223.0,38980.0,martes,2023-01-10 20:30:00,756.0
18,CAQUETÁ,18150,CARTAGENA DEL CHAIRÁ,18150001,REMOLINO DEL CAGUÁN (CARTAGENA DEL CHAIRA - CAQUETÁ),2023,1,16274.0,6186.0,99350.0,lunes,2023-01-30 19:00:00,702.0
18,CAQUETÁ,18150,CARTAGENA DEL CHAIRÁ,18150002,SANTA FE DEL CAGUÁN (CARTAGENA DEL CHAIRA - CAQUETÁ),2023,1,3572.0,1792.0,39080.0,martes,2023-01-24 18:45:00,352.0
18,CAQUETÁ,18753,SAN VICENTE DEL CAGUÁN,18753002,GUACAMAYAS (SAN VICENTE DEL CAGUÁN - CAQUETÁ),2023,1,15622.0,6107.0,41350.0,sábado,2023-01-28 19:15:00,1856.0
18,CAQUETÁ,18753,SAN VICENTE DEL CAGUÁN,18753015,GUAYABAL (SAN VICENTE DEL CAGUÁN - CAQUETÁ),2023,1,5548.0,2721.0,43180.0,sábado,2023-01-07 19:00:00,529.0
18,CAQUETÁ,18753,SAN VICENTE DEL CAGUÁN,18753009,PUERTO BETANIA (SAN VICENTE DEL CAGUÁN - CAQUETÁ),2023,1,6443.0,2704.0,51440.0,viernes,2023-01-06 19:30:00,627.0
19,CAUCA,19318,GUAPI,19318008,LIMONES (GUAPI - CAUCA),2023,1,8296.0,3957.0,46450.0,jueves,2023-01-26 17:30:00,902.0
19,CAUCA,19318,GUAPI,19318013,SAN ANTONIO DE GUAJUÍ (GUAPI - CAUCA),2023,1,815.0,4116.0,57370.0,viernes,2023-01-20 20:00:00,607.0
19,CAUCA,19418,LÓPEZ DE MICAY,19418011,DOS QUEBRADAS RÍO NAYA (LÓPEZ DE MICAY - CAUCA),2023,1,0.0,0.0,0.0,domingo,2023-01-01 00:00:00,0.0
19,CAUCA,19418,LÓPEZ DE MICAY,19418038,ISLA DE GALLO (LÓPEZ DE MICAY - CAUCA),2023,1,3283.0,1589.0,28350.0,sábado,2023-01-14 19:45:00,451.0
19,CAUCA,19418,LÓPEZ DE MICAY,19418012,SAN ANTONIO DE CHUARÉ (LÓPEZ DE MICAY - CAUCA),2023,1,5158.0,1565.0,4490.0,miércoles,2023-01-25 19:30:00,441.0
19,CAUCA,19809,TIMBIQUÍ,19809014,CHACÓN (TIMBIQUÍ - CAUCA),2023,1,4119.0,1176.0,26450.0,sábado,2023-01-21 18:45:00,624.0
19,CAUCA,19809,TIMBIQUÍ,19809003,COTEJE (TIMBIQUÍ - CAUCA),2023,1,5774.0,4084.0,31480.0,martes,2023-01-31 19:45:00,71.0
19,CAUCA,19809,TIMBIQUÍ,19809026,LOS BRAZOS (TIMBIQUÍ - CAUCA),2023,1,8959.0,3905.0,40080.0,viernes,2023-01-06 18:45:00,907.0
19,CAUCA,19809,TIMBIQUÍ,19809023,PUERTO SAIJA (TIMBIQUÍ - CAUCA),2023,1,24263.0,8129.0,163330.0,domingo,2023-01-22 19:30:00,545.0
19,CAUCA,19809,TIMBIQUÍ,19809009,SANTA ROSA DE SAIJA (TIMBIQUÍ - CAUCA),2023,1,3474.0,1741.0,20690.0,martes,2023-01-31 19:15:00,648.0
27,CHOCÓ,27006,ACANDÍ,27006000,ACANDÍ (ACANDÍ - CHOCÓ),2023,1,631527.0,201731.0,125787.0,sábado,2023-01-28 20:30:00,2324.0
27,CHOCÓ,27006,ACANDÍ,27006007,SAN FRANCISCO (ACANDÍ - CHOCÓ),2023,1,27055.0,9744.0,136940.0,sábado,2023-01-07 20:00:00,919.0
27,CHOCÓ,27025,ALTO BAUDÓ (PIE DE PATO),27025000,CIUDAD BAUDÓ - PIE DE PATO (ALTO BAUDÓ - CHOCÓ),2023,1,44275.0,15316.0,139040.0,jueves,2023-01-26 19:15:00,2123.0
27,CHOCÓ,27075,BAHÍA SOLANO (MUTIS),27075002,EL VALLE (BAHÍA SOLANO - CHOCÓ),2023,1,167506.0,64436.0,358780.0,jueves,2023-01-05 19:15:00,2318.0
27,CHOCÓ,27077,BAJO BAUDÓ (PIZARRO),27077029,FIRME DE USARGA (BAJO BAUDÓ (PIZARRO) - CHOCÓ),2023,1,9800.0,2860.0,7650.0,jueves,2023-01-12 18:45:00,53.0
27,CHOCÓ,27077,BAJO BAUDÓ (PIZARRO),27077026,GUINEAL (BAJO BAUDÓ (PIZARRO) - CHOCÓ),2023,1,6212.0,2935.0,37890.0,miércoles,2023-01-25 20:00:00,744.0
27,CHOCÓ,27077,BAJO BAUDÓ (PIZARRO),27077011,PILIZA (BAJO BAUDÓ (PIZARRO) - CHOCÓ),2023,1,4514.0,2299.0,4160.0,viernes,2023-01-06 18:15:00,543.0
27,CHOCÓ,27077,BAJO BAUDÓ (PIZARRO),27077000,PIZARRO (BAJO BAUDÓ (PIZARRO) - CHOCÓ),2023,1,217404.0,95152.0,435070.0,viernes,2023-01-06 18:45:00,231.0
27,CHOCÓ,27077,BAJO BAUDÓ (PIZARRO),27077016,SIVIRU (BAJO BAUDÓ - CHOCÓ),2023,1,7301.0,2902.0,40140.0,sábado,2023-01-07 19:15:00,834.0
27,CHOCÓ,27077,BAJO BAUDÓ (PIZARRO),27077916,TERRON (BAJO BAUDÓ - CHOCÓ),2023,1,241.0,1042.0,25650.0,sábado,2023-01-14 19:15:00,401.0
27,CHOCÓ,27077,BAJO BAUDÓ (PIZARRO),27077019,VIRUDO,2023,1,504.0,2511.0,53930.0,martes,2023-01-10 12:15:00,634.0
27,CHOCÓ,27099,BOJAYÁ (BELLAVISTA),27099000,BELLAVISTA (BOJAYÁ (BELLAVISTA) - CHOCÓ),2023,1,8909.0,26099.0,244350.0,sábado,2023-01-28 19:45:00,1515.0
27,CHOCÓ,27099,BOJAYÁ (BELLAVISTA),27099005,NAPIPÍ (BOJAYÁ (BELLAVISTA) - CHOCÓ),2023,1,12867.0,6506.0,6720.0,domingo,2023-01-29 19:30:00,74.0
27,CHOCÓ,27099,BOJAYÁ (BELLAVISTA),27099030,PIEDRA CANDELA (BOJAYÁ - CHOCÓ),2023,1,7605.0,3438.0,32950.0,viernes,2023-01-27 19:30:00,925.0
27,CHOCÓ,27250,EL LITORAL DEL SAN JUAN,27250002,CUCURRUPÍ (EL LITORAL DEL SAN JUAN - CHOCÓ),2023,1,2467.0,8410.0,17790.0,lunes,2023-01-09 18:45:00,542.0
27,CHOCÓ,27250,EL LITORAL DEL SAN JUAN,27250000,SANTA GENOVEVA DE DOCORDÓ (EL LITORAL DEL SAN JUAN - CHOCÓ),2023,1,59896.0,35133.0,180970.0,miércoles,2023-01-18 08:00:00,1908.0
27,CHOCÓ,27361,ISTMINA,27361021,PANAMACITO,2023,1,1792.0,2670.0,10190.0,martes,2023-01-24 19:30:00,619.0
27,CHOCÓ,27372,JURADÓ,27372000,JURADÓ (JURADÓ - CHOCÓ),2023,1,166004.0,6935.0,302560.0,lunes,2023-01-30 19:00:00,2345.0
27,CHOCÓ,27425,MEDIO ATRATO (BETÉ),27425000,BETÉ (MEDIO ATRATO (BETÉ) - CHOCÓ),2023,1,15239.0,9097.0,560.0,miércoles,2023-01-18 12:15:00,1215.0
27,CHOCÓ,27425,MEDIO ATRATO (BETÉ),27425008,SAN ROQUE (MEDIO ATRATO (BETÉ) - CHOCÓ),2023,1,10.0,0.0,2540.0,domingo,2023-01-29 10:30:00,0.0
27,CHOCÓ,27450,MEDIO SAN JUAN,27450903,LA LERMA,2023,1,1043.0,2010.0,6390.0,domingo,2023-01-08 17:45:00,655.0
27,CHOCÓ,27450,MEDIO SAN JUAN,27450016,MACEDONIA (MEDIO SAN JUAN - CHOCÓ),2023,1,0.0,0.0,0.0,domingo,2023-01-01 00:00:00,0.0
27,CHOCÓ,27495,NUQUÍ,27495912,COMUNIDAD INDÍGENA DE PANGUÍ - EL YUCAL (NUQUÍ - CHOCÓ),2023,1,6151.0,1683.0,11380.0,lunes,2023-01-02 14:00:00,2102.0
27,CHOCÓ,27495,NUQUÍ,27495003,JURUBIRA (NUQUÍ - CHOCÓ),2023,1,18367.0,7963.0,63020.0,martes,2023-01-24 21:30:00,1317.0
27,CHOCÓ,27001,QUIBDÓ,27001029,TAGACHI (QUIBDÓ - CHOCÓ),2023,1,885.0,3337.0,4560.0,miércoles,2023-01-25 13:30:00,815.0
27,CHOCÓ,27615,RIOSUCIO,27615912,MARCIAL (RIOSUCIO - CHOCÓ),2023,1,600.0,310.0,5070.0,domingo,2023-01-01 08:00:00,25.0
27,CHOCÓ,27615,RIOSUCIO,27615930,PEÑAS BLANCAS (RIOSUCIO - CHOCÓ),2023,1,0.0,0.0,0.0,domingo,2023-01-01 00:00:00,0.0
27,CHOCÓ,27800,UNGUÍA,27800001,BALBOA (UNGUÍA - CHOCÓ),2023,1,21446.0,832.0,82810.0,sábado,2023-01-07 20:15:00,1107.0
27,CHOCÓ,27800,UNGUÍA,27800005,TITUMATE (UNGUÍA - CHOCÓ),2023,1,16014.0,3835.0,89140.0,viernes,2023-01-06 20:00:00,826.0
27,CHOCÓ,27800,UNGUÍA,27800000,UNGUÍA (UNGUÍA - CHOCÓ),2023,1,402169.0,139811.0,796220.0,martes,2023-01-31 20:30:00,2221.0
94,GUAINÍA,94343,BARRANCOMINAS,94343000,BARRANCOMINAS (BARRANCOMINAS - GUAINÍA),2023,1,61606.0,18107.0,17210.0,lunes,2023-01-30 13:45:00,1614.0
95,GUAVIARE,95200,MIRAFLORES,95200000,MIRAFLORES (MIRAFLORES - GUAVIARE),2023,1,76527.0,25343.0,182160.0,jueves,2023-01-26 18:45:00,1807.0
44,LA GUAJIRA,44847,URIBIA,44847012,NAZARETH (URIBIA - LA GUAJIRA),2023,1,58763.0,11066.0,293710.0,lunes,2023-01-23 19:00:00,945.0
47,MAGDALENA,47189,CIÉNAGA,47189018,PALMOR (CIÉNAGA - MAGDALENA),2023,1,97367.0,36737.0,184060.0,martes,2023-01-17 18:30:00,232.0
50,META,50325,MAPIRIPÁN,50325000,MAPIRIPÁN (MAPIRIPÁN - META),2023,1,162306.0,63555.0,31680.0,lunes,2023-01-16 18:45:00,2351.0
52,NARIÑO,52250,EL CHARCO,52250023,BAZÁN (EL CHARCO - NARIÑO),2023,1,13097.0,501.0,10560.0,miércoles,2023-01-04 19:00:00,533.0
52,NARIÑO,52250,EL CHARCO,52250003,BOLÍVAR - SAN PEDRO (EL CHARCO - NARIÑO),2023,1,2668.0,1451.0,25250.0,lunes,2023-01-16 19:45:00,424.0
52,NARIÑO,52250,EL CHARCO,52250007,SAN JOSÉ DEL TAPAJE (EL CHARCO - NARIÑO),2023,1,9462.0,3292.0,560.0,lunes,2023-01-09 17:00:00,654.0
52,NARIÑO,52520,FRANCISCO PIZARRO,52520013,SAN PEDRO DEL VINO (FRANCISCO PIZARRO - NARIÑO),2023,1,10.0,10.0,4290.0,martes,2023-01-31 13:00:00,0.0
52,NARIÑO,52390,LA TOLA,52390005,AGUACATAL (LA TOLA - NARIÑO),2023,1,2163.0,5110.0,9920.0,jueves,2023-01-19 18:30:00,825.0
52,NARIÑO,52390,LA TOLA,52390013,AMÁRALES (LA TOLA - NARIÑO),2023,1,5747.0,182.0,42620.0,martes,2023-01-17 18:45:00,639.0
52,NARIÑO,52390,LA TOLA,52390009,MULATOS (LA TOLA - NARIÑO),2023,1,5525.0,3197.0,3440.0,miércoles,2023-01-25 19:15:00,749.0
52,NARIÑO,52427,MAGÜÍ,52427901,ALTO ESTERO (MAGÜÍ - NARIÑO),2023,1,1231.0,3890.0,13480.0,sábado,2023-01-14 19:15:00,321.0
52,NARIÑO,52427,MAGÜÍ,52427015,BRISAS DE HAMBURGO (MAGÜÍ - NARIÑO),2023,1,3350.0,1070.0,19160.0,lunes,2023-01-30 20:00:00,4.0
52,NARIÑO,52427,MAGÜÍ,52427910,EL ROSARIO,2023,1,680.0,190.0,9780.0,domingo,2023-01-01 00:00:00,15.0
52,NARIÑO,52427,MAGÜÍ,52427005,GUILPI,2023,1,5600.0,2930.0,9440.0,jueves,2023-01-12 19:00:00,214.0
52,NARIÑO,52427,MAGÜÍ,52427013,LA LOMA (MAGÜÍ - NARIÑO),2023,1,2140.0,770.0,7370.0,jueves,2023-01-05 19:45:00,104.0
52,NARIÑO,52490,OLAYA HERRERA,52490913,BOCA DE PRIETA (OLAYA HERRERA - NARIÑO),2023,1,2697.0,7500.0,16340.0,jueves,2023-01-26 19:15:00,615.0
52,NARIÑO,52835,SAN ANDRÉS DE TUMACO,52835055,BOCAS DE CURAY (TUMACO - NARIÑO),2023,1,4078.0,155.0,5760.0,sábado,2023-01-07 19:00:00,311.0
52,NARIÑO,52696,SANTA BÁRBARA (ISCUANDÉ),52696014,LA ENSENADA (SANTA BÁRBARA (ISCUANDÉ) - NARIÑO),2023,1,3243.0,588.0,22080.0,martes,2023-01-24 19:00:00,603.0
52,NARIÑO,52696,SANTA BÁRBARA (ISCUANDÉ),52696022,SECADERO (SANTA BÁRBARA (ISCUANDÉ) - NARIÑO),2023,1,3516.0,123.0,1740.0,domingo,2023-01-22 20:15:00,917.0
86,PUTUMAYO,86573,PUERTO LEGUÍZAMO,86573009,PIÑUÑA NEGRO (PUERTO LEGUÍZAMO - PUTUMAYO),2023,1,36.0,1998.0,2560.0,sábado,2023-01-14 17:15:00,631.0
86,PUTUMAYO,86573,PUERTO LEGUÍZAMO,86573000,PUERTO LEGUÍZAMO (PUERTO LEGUÍZAMO - PUTUMAYO),2023,1,918204.0,315113.0,186138.0,viernes,2023-01-27 15:00:00,2321.0
76,VALLE DEL CAUCA,76109,BUENAVENTURA,76109105,PITAL (BUENAVENTURA - VALLE DEL CAUCA),2023,1,2285.0,3380.0,16080.0,domingo,2023-01-08 17:30:00,541.0
76,VALLE DEL CAUCA,76109,BUENAVENTURA,76109028,PUERTO MERIZALDE (BUENAVENTURA - VALLE DEL CAUCA),2023,1,95242.0,32691.0,191310.0,sábado,2023-01-28 20:15:00,2323.0
76,VALLE DEL CAUCA,76109,BUENAVENTURA,76109081,PUNTA BONITA,2023,1,5717.0,5674.0,24120.0,domingo,2023-01-29 20:15:00,1001.0
76,VALLE DEL CAUCA,76109,BUENAVENTURA,76109030,PUNTA SOLDADO (BUENAVENTURA - VALLE DEL CAUCA),2023,1,3171.0,1093.0,24150.0,jueves,2023-01-12 20:00:00,72.0
76,VALLE DEL CAUCA,76109,BUENAVENTURA,76109032,SAN FRANCISCO NAYA (BUENAVENTURA - VALLE DEL CAUCA),2023,1,6512.0,272.0,33730.0,miércoles,2023-01-18 11:45:00,8.0
97,VAUPÉS,97161,CARURÚ,97161000,CARURÚ (CARURÚ - VAUPÉS),2023,1,7517.0,2252.0,770.0,martes,2023-01-03 18:45:00,415.0
97,VAUPÉS,97001,MITÚ,97001000,MITÚ (MITÚ - VAUPÉS),2023,1,7576.0,390376.0,272012.0,viernes,2023-01-27 12:00:00,2349.0
97,VAUPÉS,97666,TARAIRA,97666000,TARAIRA (TARAIRA - VAUPÉS),2023,1,3027.0,10067.0,114750.0,sábado,2023-01-14 18:45:00,1118.0
99,VICHADA,99524,LA PRIMAVERA,99524000,LA PRIMAVERA (LA PRIMAVERA - VICHADA),2023,1,356138.0,140426.0,671150.0,viernes,2023-01-20 18:45:00,24.0
99,VICHADA,99001,PUERTO CARREÑO,99001002,CASUARITO (PUERTO CARREÑO - VICHADA),2023,1,3485.0,1341.0,97330.0,jueves,2023-01-19 19:00:00,1415.0
99,VICHADA,99001,PUERTO CARREÑO,99001000,PUERTO CARREÑO (PUERTO CARREÑO - VICHADA),2023,1,7576.0,797366.0,434896.0,lunes,2023-01-16 14:30:00,2359.0
99,VICHADA,99624,SANTA ROSALÍA,99624000,SANTA ROSALÍA (SANTA ROSALÍA - VICHADA),2023,1,143364.0,71818.0,327070.0,lunes,2023-01-30 19:45:00,1804.0
91,AMAZONAS,91001,LETICIA,91001000,LETICIA (LETICIA - AMAZONAS),2023,2,7576.0,960122.0,710301.0,martes,2023-02-14 15:45:00,24.0
91,AMAZONAS,91540,PUERTO NARIÑO,91540000,PUERTO NARIÑO (PUERTO NARIÑO - AMAZONAS),2023,2,104321.0,36516.0,222640.0,sábado,2023-02-18 19:30:00,24.0
91,AMAZONAS,91798,TARAPACÁ (ANM),91798000,TARAPACÁ (TARAPACÁ (ANM) - AMAZONAS),2023,2,24754.0,11145.0,10110.0,sábado,2023-02-11 18:30:00,1017.0
5,ANTIOQUIA,5873,VIGÍA DEL FUERTE,5873002,VEGÁEZ (VIGÍA DEL FUERTE - ANTIOQUIA),2023,2,4704.0,8210.0,5040.0,lunes,2023-02-13 14:30:00,63.0
88,"ARCHIPIÉLAGO DE SAN ANDRÉS, PROVIDENCIA Y SANTA CATALINA",88564,PROVIDENCIA,88564000,PROVIDENCIA (PROVIDENCIA - ARCHIPIÉLAGO DE SAN ANDRÉS Y PROVIDENCIA),2023,2,987913.0,214623.0,177496.0,lunes,2023-02-27 21:30:00,24.0
88,"ARCHIPIÉLAGO DE SAN ANDRÉS, PROVIDENCIA Y SANTA CATALINA",88001,SAN ANDRÉS,88001000,SAN ANDRÉS (SAN ANDRÉS - ARCHIPIÉLAGO DE SAN ANDRÉS Y PROVIDENCIA),2023,2,7576.0,4650.0,2787184.0,viernes,2023-02-10 15:45:00,24.0
13,BOLÍVAR,13001,CARTAGENA DE INDIAS,13001007,ISLA FUERTE (CARTAGENA DE INDIAS - BOLÍVAR),2023,2,4635.0,28186.0,182160.0,viernes,2023-02-17 22:30:00,102.0
13,BOLÍVAR,13001,CARTAGENA DE INDIAS,13001037,ISLA MÚCURA (CARTAGENA DE INDIAS - BOLÍVAR),2023,2,5151.0,2024.0,18370.0,viernes,2023-02-10 21:30:00,1313.0
13,BOLÍVAR,13001,CARTAGENA DE INDIAS,13001017,SANTA CRUZ DEL ISLOTE (CARTAGENA DE INDIAS - BOLÍVAR),2023,2,7764.0,2349.0,32450.0,jueves,2023-02-16 19:45:00,1103.0
18,CAQUETÁ,18150,CARTAGENA DEL CHAIRÁ,18150001,REMOLINO DEL CAGUÁN (CARTAGENA DEL CHAIRA - CAQUETÁ),2023,2,18931.0,7358.0,96270.0,sábado,2023-02-04 19:15:00,905.0
18,CAQUETÁ,18150,CARTAGENA DEL CHAIRÁ,18150002,SANTA FE DEL CAGUÁN (CARTAGENA DEL CHAIRA - CAQUETÁ),2023,2,3129.0,1511.0,40520.0,sábado,2023-02-04 19:00:00,331.0
18,CAQUETÁ,18753,SAN VICENTE DEL CAGUÁN,18753002,GUACAMAYAS (SAN VICENTE DEL CAGUÁN - CAQUETÁ),2023,2,14153.0,5633.0,46150.0,domingo,2023-02-12 19:00:00,1741.0
18,CAQUETÁ,18753,SAN VICENTE DEL CAGUÁN,18753015,GUAYABAL (SAN VICENTE DEL CAGUÁN - CAQUETÁ),2023,2,4482.0,2181.0,44540.0,domingo,2023-02-12 12:45:00,441.0
50,META,50325,MAPIRIPÁN,50325000,MAPIRIPÁN (MAPIRIPÁN - META),2023,2,163943.0,62426.0,346720.0,lunes,2023-02-13 18:45:00,2358.0
18,CAQUETÁ,18753,SAN VICENTE DEL CAGUÁN,18753009,PUERTO BETANIA (SAN VICENTE DEL CAGUÁN - CAQUETÁ),2023,2,5518.0,2299.0,49080.0,miércoles,2023-02-15 19:45:00,545.0
19,CAUCA,19318,GUAPI,19318008,LIMONES (GUAPI - CAUCA),2023,2,7523.0,3597.0,40180.0,domingo,2023-02-26 20:00:00,856.0
19,CAUCA,19318,GUAPI,19318013,SAN ANTONIO DE GUAJUÍ (GUAPI - CAUCA),2023,2,11032.0,5802.0,54260.0,miércoles,2023-02-01 18:30:00,905.0
19,CAUCA,19418,LÓPEZ DE MICAY,19418011,DOS QUEBRADAS RÍO NAYA (LÓPEZ DE MICAY - CAUCA),2023,2,8810.0,2920.0,23620.0,jueves,2023-02-23 19:30:00,145.0
19,CAUCA,19418,LÓPEZ DE MICAY,19418038,ISLA DE GALLO (LÓPEZ DE MICAY - CAUCA),2023,2,2894.0,1428.0,28260.0,sábado,2023-02-04 19:00:00,442.0
19,CAUCA,19418,LÓPEZ DE MICAY,19418012,SAN ANTONIO DE CHUARÉ (LÓPEZ DE MICAY - CAUCA),2023,2,5821.0,1768.0,44610.0,sábado,2023-02-11 19:00:00,554.0
0,CAUCA,19809,TIMBIQUÍ,19809014,CHACÓN (TIMBIQUÍ - CAUCA),2023,2,3457.0,9090.0,25760.0,lunes,2023-02-06 19:00:00,557.0
19,CAUCA,19809,TIMBIQUÍ,19809003,COTEJE (TIMBIQUÍ - CAUCA),2023,2,5534.0,3828.0,32280.0,domingo,2023-02-12 19:30:00,712.0
19,CAUCA,19809,TIMBIQUÍ,19809026,LOS BRAZOS (TIMBIQUÍ - CAUCA),2023,2,8111.0,3623.0,43510.0,domingo,2023-02-26 19:30:00,84.0
19,CAUCA,19809,TIMBIQUÍ,19809023,PUERTO SAIJA (TIMBIQUÍ - CAUCA),2023,2,0.0,0.0,0.0,miércoles,2023-02-01 00:00:00,0.0
19,CAUCA,19809,TIMBIQUÍ,19809009,SANTA ROSA DE SAIJA (TIMBIQUÍ - CAUCA),2023,2,311.0,144.0,22630.0,sábado,2023-02-25 19:45:00,553.0
27,CHOCÓ,27006,ACANDÍ,27006000,ACANDÍ (ACANDÍ - CHOCÓ),2023,2,606674.0,194174.0,119662.0,jueves,2023-02-23 21:30:00,2235.0
27,CHOCÓ,27006,ACANDÍ,27006007,SAN FRANCISCO (ACANDÍ - CHOCÓ),2023,2,1526.0,567.0,111020.0,sábado,2023-02-04 19:00:00,6.0
27,CHOCÓ,27025,ALTO BAUDÓ (PIE DE PATO),27025000,CIUDAD BAUDÓ - PIE DE PATO (ALTO BAUDÓ - CHOCÓ),2023,2,48164.0,15826.0,14010.0,martes,2023-07-02 19:00:00,2319.0
27,CHOCÓ,27075,BAHÍA SOLANO (MUTIS),27075002,EL VALLE (BAHÍA SOLANO - CHOCÓ),2023,2,148952.0,57647.0,3630.0,jueves,2023-02-09 19:15:00,2258.0
27,CHOCÓ,27077,BAJO BAUDÓ (PIZARRO),27077029,FIRME DE USARGA (BAJO BAUDÓ (PIZARRO) - CHOCÓ),2023,2,9860.0,2790.0,8020.0,jueves,2023-02-02 20:00:00,623.0
27,CHOCÓ,27077,BAJO BAUDÓ (PIZARRO),27077026,GUINEAL (BAJO BAUDÓ (PIZARRO) - CHOCÓ),2023,2,5614.0,2507.0,38160.0,sábado,2023-02-04 19:30:00,758.0
27,CHOCÓ,27077,BAJO BAUDÓ (PIZARRO),27077011,PILIZA (BAJO BAUDÓ (PIZARRO) - CHOCÓ),2023,2,3654.0,2233.0,320.0,miércoles,2023-02-01 19:15:00,531.0
27,CHOCÓ,27077,BAJO BAUDÓ (PIZARRO),27077000,PIZARRO (BAJO BAUDÓ (PIZARRO) - CHOCÓ),2023,2,185116.0,797.0,512690.0,martes,2023-02-28 20:15:00,2113.0
27,CHOCÓ,27077,BAJO BAUDÓ (PIZARRO),27077016,SIVIRU (BAJO BAUDÓ - CHOCÓ),2023,2,6539.0,2563.0,39680.0,domingo,2023-02-15 19:15:00,827.0
27,CHOCÓ,27077,BAJO BAUDÓ (PIZARRO),27077916,TERRON (BAJO BAUDÓ - CHOCÓ),2023,2,4302.0,2008.0,63360.0,sábado,2023-02-18 19:00:00,8.0
27,CHOCÓ,27099,BOJAYÁ (BELLAVISTA),27099000,BELLAVISTA (BOJAYÁ (BELLAVISTA) - CHOCÓ),2023,2,88854.0,26915.0,254810.0,lunes,2023-02-20 19:15:00,1615.0
27,CHOCÓ,27099,BOJAYÁ (BELLAVISTA),27099005,NAPIPÍ (BOJAYÁ (BELLAVISTA) - CHOCÓ),2023,2,11318.0,5612.0,6720.0,sábado,2023-02-11 19:15:00,731.0
27,CHOCÓ,27099,BOJAYÁ (BELLAVISTA),27099030,PIEDRA CANDELA (BOJAYÁ - CHOCÓ),2023,2,7573.0,332.0,35190.0,viernes,2023-02-03 17:45:00,957.0
27,CHOCÓ,27250,EL LITORAL DEL SAN JUAN,27250002,CUCURRUPÍ (EL LITORAL DEL SAN JUAN - CHOCÓ),2023,2,2032.0,6630.0,17860.0,lunes,2023-02-13 18:30:00,507.0
27,CHOCÓ,27250,EL LITORAL DEL SAN JUAN,27250000,SANTA GENOVEVA DE DOCORDÓ (EL LITORAL DEL SAN JUAN - CHOCÓ),2023,2,65461.0,37421.0,207640.0,martes,2023-02-28 13:00:00,203.0
27,CHOCÓ,27372,JURADÓ,27372000,JURADÓ (JURADÓ - CHOCÓ),2023,2,158692.0,65712.0,32240.0,jueves,2023-02-09 19:45:00,2343.0
27,CHOCÓ,27425,MEDIO ATRATO (BETÉ),27425000,BETÉ (MEDIO ATRATO (BETÉ) - CHOCÓ),2023,2,16021.0,8377.0,640.0,jueves,2023-02-02 19:15:00,1237.0
27,CHOCÓ,27425,MEDIO ATRATO (BETÉ),27425008,SAN ROQUE (MEDIO ATRATO (BETÉ) - CHOCÓ),2023,2,4770.0,1980.0,15290.0,sábado,2023-02-25 19:15:00,123.0
27,CHOCÓ,27450,MEDIO SAN JUAN,27450016,MACEDONIA (MEDIO SAN JUAN - CHOCÓ),2023,2,0.0,0.0,0.0,miércoles,2023-02-01 00:00:00,0.0
27,CHOCÓ,27495,NUQUÍ,27495912,COMUNIDAD INDÍGENA DE PANGUÍ - EL YUCAL (NUQUÍ - CHOCÓ),2023,2,6260.0,3380.0,7010.0,viernes,2023-02-10 09:15:00,524.0
27,CHOCÓ,27495,NUQUÍ,27495003,JURUBIRA (NUQUÍ - CHOCÓ),2023,2,15883.0,7758.0,61150.0,miércoles,2023-02-01 19:15:00,123.0
27,CHOCÓ,27001,QUIBDÓ,27001029,TAGACHI (QUIBDÓ - CHOCÓ),2023,2,898.0,3268.0,50760.0,domingo,2023-02-26 14:00:00,834.0
27,CHOCÓ,27615,RIOSUCIO,27615912,MARCIAL (RIOSUCIO - CHOCÓ),2023,2,0.0,0.0,0.0,miércoles,2023-02-01 00:00:00,0.0
27,CHOCÓ,27615,RIOSUCIO,27615930,PEÑAS BLANCAS (RIOSUCIO - CHOCÓ),2023,2,200.0,70.0,1590.0,domingo,2023-02-26 20:00:00,0.0
27,CHOCÓ,27800,UNGUÍA,27800001,BALBOA (UNGUÍA - CHOCÓ),2023,2,20033.0,8171.0,78980.0,jueves,2023-02-23 19:45:00,1103.0
27,CHOCÓ,27800,UNGUÍA,27800005,TITUMATE (UNGUÍA - CHOCÓ),2023,2,15726.0,3837.0,91960.0,viernes,2023-02-24 20:45:00,904.0
27,CHOCÓ,27800,UNGUÍA,27800000,UNGUÍA (UNGUÍA - CHOCÓ),2023,2,383819.0,136573.0,821570.0,jueves,2023-02-09 21:15:00,2218.0
94,GUAINÍA,94343,BARRANCOMINAS,94343000,BARRANCOMINAS (BARRANCOMINAS - GUAINÍA),2023,2,598.0,16912.0,187390.0,miércoles,2023-02-15 19:00:00,1604.0
95,GUAVIARE,95200,MIRAFLORES,95200000,MIRAFLORES (MIRAFLORES - GUAVIARE),2023,2,75587.0,24768.0,201960.0,viernes,2023-02-03 19:00:00,1745.0
44,LA GUAJIRA,44847,URIBIA,44847012,NAZARETH (URIBIA - LA GUAJIRA),2023,2,59448.0,11174.0,300290.0,martes,2023-02-28 18:45:00,1029.0
47,MAGDALENA,47189,CIÉNAGA,47189018,PALMOR (CIÉNAGA - MAGDALENA),2023,2,90744.0,33211.0,203140.0,domingo,2023-02-12 18:45:00,2326.0
52,NARIÑO,52250,EL CHARCO,52250023,BAZÁN (EL CHARCO - NARIÑO),2023,2,20734.0,7517.0,9120.0,viernes,2023-02-10 19:30:00,936.0
52,NARIÑO,52250,EL CHARCO,52250003,BOLÍVAR - SAN PEDRO (EL CHARCO - NARIÑO),2023,2,3442.0,2679.0,23710.0,viernes,2023-02-10 19:45:00,634.0
52,NARIÑO,52250,EL CHARCO,52250007,SAN JOSÉ DEL TAPAJE (EL CHARCO - NARIÑO),2023,2,1059.0,3974.0,560.0,miércoles,2023-02-01 19:00:00,857.0
52,NARIÑO,52520,FRANCISCO PIZARRO,52520013,SAN PEDRO DEL VINO (FRANCISCO PIZARRO - NARIÑO),2023,2,1004.0,6170.0,2480.0,domingo,2023-02-26 12:15:00,159.0
52,NARIÑO,52390,LA TOLA,52390005,AGUACATAL (LA TOLA - NARIÑO),2023,2,2089.0,6750.0,11870.0,martes,2023-02-21 15:45:00,855.0
52,NARIÑO,52390,LA TOLA,52390013,AMÁRALES (LA TOLA - NARIÑO),2023,2,5973.0,2187.0,42660.0,jueves,2023-02-23 19:45:00,721.0
52,NARIÑO,52390,LA TOLA,52390009,MULATOS (LA TOLA - NARIÑO),2023,2,4165.0,233.0,37760.0,viernes,2023-02-10 18:45:00,636.0
52,NARIÑO,52427,MAGÜÍ,52427901,ALTO ESTERO (MAGÜÍ - NARIÑO),2023,2,6600.0,1910.0,13330.0,miércoles,2023-02-01 19:30:00,201.0
52,NARIÑO,52427,MAGÜÍ,52427015,BRISAS DE HAMBURGO (MAGÜÍ - NARIÑO),2023,2,1992.0,6600.0,21690.0,martes,2023-02-28 20:00:00,423.0
52,NARIÑO,52427,MAGÜÍ,52427913,LA ISLA (MAGÜÍ - NARIÑO),2023,2,1290.0,620.0,6550.0,sábado,2023-02-25 20:45:00,78.0
52,NARIÑO,52427,MAGÜÍ,52427013,LA LOMA (MAGÜÍ - NARIÑO),2023,2,5750.0,1700.0,7040.0,martes,2023-02-21 19:15:00,328.0
52,NARIÑO,52427,MAGÜÍ,52427915,LAS LAJAS (MAGÜÍ - NARIÑO),2023,2,2569.0,7740.0,18310.0,sábado,2023-02-17 19:30:00,615.0
52,NARIÑO,52490,OLAYA HERRERA,52490913,BOCA DE PRIETA (OLAYA HERRERA - NARIÑO),2023,2,2493.0,6880.0,18620.0,martes,2023-02-28 19:30:00,617.0
52,NARIÑO,52835,SAN ANDRÉS DE TUMACO,52835055,BOCAS DE CURAY (TUMACO - NARIÑO),2023,2,834.0,3293.0,5520.0,domingo,2023-02-26 11:30:00,711.0
52,NARIÑO,52696,SANTA BÁRBARA (ISCUANDÉ),52696014,LA ENSENADA (SANTA BÁRBARA (ISCUANDÉ) - NARIÑO),2023,2,268.0,4713.0,22340.0,lunes,2023-02-27 19:30:00,528.0
52,NARIÑO,52696,SANTA BÁRBARA (ISCUANDÉ),52696022,SECADERO (SANTA BÁRBARA (ISCUANDÉ) - NARIÑO),2023,2,2707.0,126.0,13850.0,martes,2023-02-21 18:00:00,837.0
86,PUTUMAYO,86573,PUERTO LEGUÍZAMO,86573009,PIÑUÑA NEGRO (PUERTO LEGUÍZAMO - PUTUMAYO),2023,2,2705.0,154.0,2560.0,sábado,2023-02-04 18:00:00,523.0
86,PUTUMAYO,86573,PUERTO LEGUÍZAMO,86573000,PUERTO LEGUÍZAMO (PUERTO LEGUÍZAMO - PUTUMAYO),2023,2,713026.0,246235.0,194181.0,lunes,2023-02-27 15:45:00,2229.0
76,VALLE DEL CAUCA,76109,BUENAVENTURA,76109069,PAPAYAL 1 (BUENAVENTURA - VALLE DEL CAUCA),2023,2,9126.0,3540.0,45810.0,viernes,2023-02-24 19:45:00,902.0
76,VALLE DEL CAUCA,76109,BUENAVENTURA,76109105,PITAL (BUENAVENTURA - VALLE DEL CAUCA),2023,2,4004.0,6840.0,16360.0,domingo,2023-02-26 13:15:00,11.0
76,VALLE DEL CAUCA,76109,BUENAVENTURA,76109028,PUERTO MERIZALDE (BUENAVENTURA - VALLE DEL CAUCA),2023,2,95317.0,32134.0,212610.0,jueves,2023-02-23 19:45:00,2306.0
76,VALLE DEL CAUCA,76109,BUENAVENTURA,76109030,PUNTA SOLDADO (BUENAVENTURA - VALLE DEL CAUCA),2023,2,3594.0,1357.0,2310.0,miércoles,2023-02-22 19:45:00,955.0
76,VALLE DEL CAUCA,76109,BUENAVENTURA,76109032,SAN FRANCISCO NAYA (BUENAVENTURA - VALLE DEL CAUCA),2023,2,5003.0,2109.0,33890.0,sábado,2023-02-18 11:45:00,648.0
97,VAUPÉS,97161,CARURÚ,97161000,CARURÚ (CARURÚ - VAUPÉS),2023,2,19177.0,7797.0,93540.0,sábado,2023-02-25 18:45:00,926.0
97,VAUPÉS,97001,MITÚ,97001000,MITÚ (MITÚ - VAUPÉS),2023,2,7576.0,353503.0,281197.0,viernes,2023-02-03 12:00:00,24.0
97,VAUPÉS,97666,TARAIRA,97666000,TARAIRA (TARAIRA - VAUPÉS),2023,2,27764.0,8917.0,116250.0,martes,2023-02-28 19:30:00,1105.0
99,VICHADA,99773,CUMARIBO,99773000,CUMARIBO (CUMARIBO - VICHADA),2023,2,317052.0,129232.0,67980.0,viernes,2023-02-10 15:00:00,2358.0
99,VICHADA,99524,LA PRIMAVERA,99524000,LA PRIMAVERA (LA PRIMAVERA - VICHADA),2023,2,341866.0,138649.0,703820.0,lunes,2023-02-27 15:30:00,24.0
99,VICHADA,99001,PUERTO CARREÑO,99001002,CASUARITO (PUERTO CARREÑO - VICHADA),2023,2,33007.0,12054.0,109650.0,lunes,2023-02-27 13:45:00,1403.0
99,VICHADA,99001,PUERTO CARREÑO,99001000,PUERTO CARREÑO (PUERTO CARREÑO - VICHADA),2023,2,7576.0,753201.0,472736.0,martes,2023-02-28 13:15:00,24.0
99,VICHADA,99624,SANTA ROSALÍA,99624000,SANTA ROSALÍA (SANTA ROSALÍA - VICHADA),2023,2,9658.0,470.0,36970.0,martes,2023-02-14 20:45:00,1747.0
91,AMAZONAS,91001,LETICIA,91001000,LETICIA (LETICIA - AMAZONAS),2023,3,7576.0,4650.0,773483.0,martes,2023-03-21 15:15:00,24.0
91,AMAZONAS,91540,PUERTO NARIÑO,91540000,PUERTO NARIÑO (PUERTO NARIÑO - AMAZONAS),2023,3,118535.0,41866.0,238830.0,miércoles,2023-03-08 19:15:00,24.0
91,AMAZONAS,91798,TARAPACÁ (ANM),91798000,TARAPACÁ (TARAPACÁ (ANM) - AMAZONAS),2023,3,27972.0,12997.0,105420.0,jueves,2023-03-02 19:00:00,1015.0
5,ANTIOQUIA,5873,VIGÍA DEL FUERTE,5873002,VEGÁEZ (VIGÍA DEL FUERTE - ANTIOQUIA),2023,3,5317.0,1026.0,41150.0,lunes,2023-03-27 19:30:00,635.0
88,"ARCHIPIÉLAGO DE SAN ANDRÉS, PROVIDENCIA Y SANTA CATALINA",88564,PROVIDENCIA,88564000,PROVIDENCIA (PROVIDENCIA - ARCHIPIÉLAGO DE SAN ANDRÉS Y PROVIDENCIA),2023,3,7576.0,246072.0,187393.0,lunes,2023-03-13 21:45:00,24.0
13,BOLÍVAR,13001,CARTAGENA DE INDIAS,13001007,ISLA FUERTE (CARTAGENA DE INDIAS - BOLÍVAR),2023,3,62498.0,37175.0,190640.0,domingo,2023-03-19 22:30:00,1334.0
13,BOLÍVAR,13001,CARTAGENA DE INDIAS,13001037,ISLA MÚCURA (CARTAGENA DE INDIAS - BOLÍVAR),2023,3,6068.0,2414.0,18750.0,jueves,2023-03-16 00:45:00,1415.0
13,BOLÍVAR,13001,CARTAGENA DE INDIAS,13001017,SANTA CRUZ DEL ISLOTE (CARTAGENA DE INDIAS - BOLÍVAR),2023,3,581.0,196.0,17760.0,domingo,2023-03-05 20:30:00,1345.0
18,CAQUETÁ,18150,CARTAGENA DEL CHAIRÁ,18150001,REMOLINO DEL CAGUÁN (CARTAGENA DEL CHAIRA - CAQUETÁ),2023,3,18036.0,6919.0,9270.0,jueves,2023-03-23 19:30:00,803.0
18,CAQUETÁ,18753,SAN VICENTE DEL CAGUÁN,18753002,GUACAMAYAS (SAN VICENTE DEL CAGUÁN - CAQUETÁ),2023,3,14812.0,5782.0,40460.0,viernes,2023-03-24 19:00:00,1719.0
18,CAQUETÁ,18753,SAN VICENTE DEL CAGUÁN,18753009,PUERTO BETANIA (SAN VICENTE DEL CAGUÁN - CAQUETÁ),2023,3,5372.0,2251.0,4740.0,sábado,2023-03-25 20:15:00,521.0
19,CAUCA,19318,GUAPI,19318008,LIMONES (GUAPI - CAUCA),2023,3,8947.0,4328.0,45840.0,martes,2023-03-21 16:45:00,922.0
19,CAUCA,19318,GUAPI,19318013,SAN ANTONIO DE GUAJUÍ (GUAPI - CAUCA),2023,3,11443.0,5932.0,56760.0,martes,2023-03-28 18:45:00,829.0
19,CAUCA,19418,LÓPEZ DE MICAY,19418011,DOS QUEBRADAS RÍO NAYA (LÓPEZ DE MICAY - CAUCA),2023,3,4883.0,167.0,28290.0,sábado,2023-03-11 20:30:00,727.0
19,CAUCA,19418,LÓPEZ DE MICAY,19418038,ISLA DE GALLO (LÓPEZ DE MICAY - CAUCA),2023,3,4114.0,2027.0,29820.0,viernes,2023-03-31 19:30:00,601.0
19,CAUCA,19418,LÓPEZ DE MICAY,19418012,SAN ANTONIO DE CHUARÉ (LÓPEZ DE MICAY - CAUCA),2023,3,6528.0,2003.0,4240.0,jueves,2023-03-23 19:45:00,615.0
19,CAUCA,19809,TIMBIQUÍ,19809014,CHACÓN (TIMBIQUÍ - CAUCA),2023,3,4172.0,1189.0,26340.0,jueves,2023-03-23 19:15:00,623.0
19,CAUCA,19809,TIMBIQUÍ,19809003,COTEJE (TIMBIQUÍ - CAUCA),2023,3,6017.0,4289.0,3080.0,jueves,2023-03-02 19:00:00,719.0
19,CAUCA,19809,TIMBIQUÍ,19809026,LOS BRAZOS (TIMBIQUÍ - CAUCA),2023,3,3391.0,1561.0,41330.0,viernes,2023-03-10 19:30:00,319.0
19,CAUCA,19809,TIMBIQUÍ,19809023,PUERTO SAIJA (TIMBIQUÍ - CAUCA),2023,3,5212.0,1884.0,177410.0,jueves,2023-03-30 20:30:00,125.0
19,CAUCA,19809,TIMBIQUÍ,19809009,SANTA ROSA DE SAIJA (TIMBIQUÍ - CAUCA),2023,3,3811.0,1892.0,21960.0,domingo,2023-03-26 19:00:00,624.0
27,CHOCÓ,27006,ACANDÍ,27006000,ACANDÍ (ACANDÍ - CHOCÓ),2023,3,707587.0,224618.0,122074.0,miércoles,2023-03-22 21:00:00,2339.0
27,CHOCÓ,27006,ACANDÍ,27006007,SAN FRANCISCO (ACANDÍ - CHOCÓ),2023,3,23175.0,8659.0,128260.0,domingo,2023-03-19 19:15:00,846.0
27,CHOCÓ,27025,ALTO BAUDÓ (PIE DE PATO),27025000,CIUDAD BAUDÓ - PIE DE PATO (ALTO BAUDÓ - CHOCÓ),2023,3,52024.0,1665.0,119150.0,sábado,2023-03-04 12:00:00,2355.0
27,CHOCÓ,27075,BAHÍA SOLANO (MUTIS),27075002,EL VALLE (BAHÍA SOLANO - CHOCÓ),2023,3,17057.0,66573.0,348480.0,lunes,2023-03-20 19:15:00,2345.0
27,CHOCÓ,27077,BAJO BAUDÓ (PIZARRO),27077029,FIRME DE USARGA (BAJO BAUDÓ (PIZARRO) - CHOCÓ),2023,3,1039.0,3330.0,8020.0,viernes,2023-03-31 22:45:00,615.0
27,CHOCÓ,27077,BAJO BAUDÓ (PIZARRO),27077026,GUINEAL (BAJO BAUDÓ (PIZARRO) - CHOCÓ),2023,3,5926.0,2553.0,3050.0,domingo,2023-03-12 12:15:00,826.0
27,CHOCÓ,27077,BAJO BAUDÓ (PIZARRO),27077011,PILIZA (BAJO BAUDÓ (PIZARRO) - CHOCÓ),2023,3,4166.0,1935.0,320.0,domingo,2023-03-05 19:00:00,534.0
27,CHOCÓ,27077,BAJO BAUDÓ (PIZARRO),27077000,PIZARRO (BAJO BAUDÓ (PIZARRO) - CHOCÓ),2023,3,213596.0,95092.0,478370.0,miércoles,2023-03-01 19:30:00,2218.0
27,CHOCÓ,27077,BAJO BAUDÓ (PIZARRO),27077016,SIVIRU (BAJO BAUDÓ - CHOCÓ),2023,3,7066.0,2655.0,43560.0,viernes,2023-03-17 18:15:00,755.0
27,CHOCÓ,27077,BAJO BAUDÓ (PIZARRO),27077916,TERRON (BAJO BAUDÓ - CHOCÓ),2023,3,2345.0,1137.0,32740.0,sábado,2023-03-04 15:15:00,348.0
27,CHOCÓ,27099,BOJAYÁ (BELLAVISTA),27099000,BELLAVISTA (BOJAYÁ (BELLAVISTA) - CHOCÓ),2023,3,99574.0,31581.0,24950.0,miércoles,2023-03-01 12:45:00,1643.0
27,CHOCÓ,27099,BOJAYÁ (BELLAVISTA),27099005,NAPIPÍ (BOJAYÁ (BELLAVISTA) - CHOCÓ),2023,3,12634.0,6282.0,6720.0,miércoles,2023-03-01 19:30:00,75.0
27,CHOCÓ,27099,BOJAYÁ (BELLAVISTA),27099030,PIEDRA CANDELA (BOJAYÁ - CHOCÓ),2023,3,7454.0,3341.0,42490.0,domingo,2023-03-26 23:15:00,917.0
27,CHOCÓ,27250,EL LITORAL DEL SAN JUAN,27250002,CUCURRUPÍ (EL LITORAL DEL SAN JUAN - CHOCÓ),2023,3,2161.0,7150.0,17470.0,martes,2023-03-07 18:45:00,456.0
27,CHOCÓ,27250,EL LITORAL DEL SAN JUAN,27250000,SANTA GENOVEVA DE DOCORDÓ (EL LITORAL DEL SAN JUAN - CHOCÓ),2023,3,85802.0,45692.0,224660.0,sábado,2023-03-18 09:15:00,1708.0
27,CHOCÓ,27372,JURADÓ,27372000,JURADÓ (JURADÓ - CHOCÓ),2023,3,178818.0,72656.0,323360.0,martes,2023-03-28 19:15:00,2354.0
27,CHOCÓ,27425,MEDIO ATRATO (BETÉ),27425000,BETÉ (MEDIO ATRATO (BETÉ) - CHOCÓ),2023,3,8896.0,4537.0,680.0,martes,2023-03-14 19:30:00,758.0
27,CHOCÓ,27450,MEDIO SAN JUAN,27450016,MACEDONIA (MEDIO SAN JUAN - CHOCÓ),2023,3,0.0,0.0,0.0,miércoles,2023-03-01 00:00:00,0.0
27,CHOCÓ,27495,NUQUÍ,27495912,COMUNIDAD INDÍGENA DE PANGUÍ - EL YUCAL (NUQUÍ - CHOCÓ),2023,3,2891.0,6970.0,11410.0,viernes,2023-03-10 10:45:00,915.0
27,CHOCÓ,27001,QUIBDÓ,27001029,TAGACHI (QUIBDÓ - CHOCÓ),2023,3,9585.0,3426.0,53860.0,martes,2023-03-07 13:30:00,812.0
27,CHOCÓ,27615,RIOSUCIO,27615912,MARCIAL (RIOSUCIO - CHOCÓ),2023,3,1900.0,1110.0,4490.0,lunes,2023-03-13 15:15:00,134.0
27,CHOCÓ,27615,RIOSUCIO,27615930,PEÑAS BLANCAS (RIOSUCIO - CHOCÓ),2023,3,190.0,70.0,1790.0,viernes,2023-03-31 20:15:00,0.0
27,CHOCÓ,27800,UNGUÍA,27800001,BALBOA (UNGUÍA - CHOCÓ),2023,3,21678.0,8654.0,80810.0,domingo,2023-03-19 18:45:00,1103.0
27,CHOCÓ,27800,UNGUÍA,27800005,TITUMATE (UNGUÍA - CHOCÓ),2023,3,16786.0,4111.0,94340.0,domingo,2023-03-26 20:45:00,83.0
27,CHOCÓ,27800,UNGUÍA,27800000,UNGUÍA (UNGUÍA - CHOCÓ),2023,3,417786.0,149595.0,834770.0,jueves,2023-03-02 20:00:00,2213.0
94,GUAINÍA,94343,BARRANCOMINAS,94343000,BARRANCOMINAS (BARRANCOMINAS - GUAINÍA),2023,3,68624.0,18304.0,18490.0,jueves,2023-03-23 18:15:00,1613.0
95,GUAVIARE,95200,MIRAFLORES,95200000,MIRAFLORES (MIRAFLORES - GUAVIARE),2023,3,84855.0,29197.0,202840.0,martes,2023-03-14 19:15:00,1812.0
44,LA GUAJIRA,44847,URIBIA,44847012,NAZARETH (URIBIA - LA GUAJIRA),2023,3,61337.0,11434.0,331780.0,jueves,2023-03-23 19:30:00,1008.0
47,MAGDALENA,47189,CIÉNAGA,47189018,PALMOR (CIÉNAGA - MAGDALENA),2023,3,96521.0,33853.0,193020.0,sábado,2023-03-04 18:45:00,2329.0
50,META,50325,MAPIRIPÁN,50325000,MAPIRIPÁN (MAPIRIPÁN - META),2023,3,179782.0,69028.0,34980.0,miércoles,2023-03-08 18:30:00,2355.0
52,NARIÑO,52250,EL CHARCO,52250023,BAZÁN (EL CHARCO - NARIÑO),2023,3,23633.0,905.0,10560.0,martes,2023-03-14 19:15:00,907.0
52,NARIÑO,52250,EL CHARCO,52250003,BOLÍVAR - SAN PEDRO (EL CHARCO - NARIÑO),2023,3,3945.0,249.0,29120.0,viernes,2023-03-31 17:15:00,622.0
52,NARIÑO,52250,EL CHARCO,52250007,SAN JOSÉ DEL TAPAJE (EL CHARCO - NARIÑO),2023,3,12684.0,4642.0,640.0,lunes,2023-03-06 19:30:00,946.0
52,NARIÑO,52520,FRANCISCO PIZARRO,52520013,SAN PEDRO DEL VINO (FRANCISCO PIZARRO - NARIÑO),2023,3,0.0,0.0,30.0,jueves,2023-03-09 19:30:00,0.0
52,NARIÑO,52390,LA TOLA,52390005,AGUACATAL (LA TOLA - NARIÑO),2023,3,2213.0,7330.0,10860.0,viernes,2023-03-10 15:15:00,845.0
52,NARIÑO,52390,LA TOLA,52390013,AMÁRALES (LA TOLA - NARIÑO),2023,3,7359.0,2969.0,44860.0,viernes,2023-03-17 19:45:00,724.0
52,NARIÑO,52390,LA TOLA,52390009,MULATOS (LA TOLA - NARIÑO),2023,3,5455.0,3019.0,38050.0,jueves,2023-03-23 18:45:00,735.0
52,NARIÑO,52427,MAGÜÍ,52427901,ALTO ESTERO (MAGÜÍ - NARIÑO),2023,3,4960.0,1670.0,23830.0,sábado,2023-03-04 20:30:00,122.0
52,NARIÑO,52427,MAGÜÍ,52427913,LA ISLA (MAGÜÍ - NARIÑO),2023,3,9630.0,4790.0,11050.0,sábado,2023-03-18 22:45:00,515.0
52,NARIÑO,52427,MAGÜÍ,52427013,LA LOMA (MAGÜÍ - NARIÑO),2023,3,7750.0,3510.0,15460.0,lunes,2023-03-20 18:45:00,333.0
52,NARIÑO,52427,MAGÜÍ,52427915,LAS LAJAS (MAGÜÍ - NARIÑO),2023,3,2767.0,8680.0,24290.0,jueves,2023-03-02 22:15:00,709.0
52,NARIÑO,52490,OLAYA HERRERA,52490913,BOCA DE PRIETA (OLAYA HERRERA - NARIÑO),2023,3,2378.0,6390.0,15840.0,jueves,2023-03-09 19:15:00,537.0
52,NARIÑO,52835,SAN ANDRÉS DE TUMACO,52835055,BOCAS DE CURAY (TUMACO - NARIÑO),2023,3,7546.0,297.0,5760.0,sábado,2023-03-25 19:15:00,553.0
52,NARIÑO,52696,SANTA BÁRBARA (ISCUANDÉ),52696014,LA ENSENADA (SANTA BÁRBARA (ISCUANDÉ) - NARIÑO),2023,3,3237.0,5629.0,22050.0,domingo,2023-03-05 18:30:00,549.0
52,NARIÑO,52696,SANTA BÁRBARA (ISCUANDÉ),52696022,SECADERO (SANTA BÁRBARA (ISCUANDÉ) - NARIÑO),2023,3,3097.0,146.0,14980.0,jueves,2023-03-23 19:15:00,909.0
86,PUTUMAYO,86573,PUERTO LEGUÍZAMO,86573009,PIÑUÑA NEGRO (PUERTO LEGUÍZAMO - PUTUMAYO),2023,3,3091.0,1766.0,2560.0,sábado,2023-03-11 18:00:00,528.0
86,PUTUMAYO,86573,PUERTO LEGUÍZAMO,86573000,PUERTO LEGUÍZAMO (PUERTO LEGUÍZAMO - PUTUMAYO),2023,3,947979.0,302017.0,194533.0,jueves,2023-03-23 15:00:00,2325.0
76,VALLE DEL CAUCA,76109,BUENAVENTURA,76109069,PAPAYAL 1 (BUENAVENTURA - VALLE DEL CAUCA),2023,3,11427.0,3500.0,61820.0,lunes,2023-03-13 22:15:00,1007.0
76,VALLE DEL CAUCA,76109,BUENAVENTURA,76109105,PITAL (BUENAVENTURA - VALLE DEL CAUCA),2023,3,2959.0,4970.0,17160.0,domingo,2023-03-14 20:15:00,705.0
76,VALLE DEL CAUCA,76109,BUENAVENTURA,76109028,PUERTO MERIZALDE (BUENAVENTURA - VALLE DEL CAUCA),2023,3,106362.0,36271.0,206450.0,martes,2023-03-21 19:30:00,2347.0
76,VALLE DEL CAUCA,76109,BUENAVENTURA,76109030,PUNTA SOLDADO (BUENAVENTURA - VALLE DEL CAUCA),2023,3,4979.0,2103.0,2490.0,lunes,2023-03-13 19:30:00,1201.0
76,VALLE DEL CAUCA,76109,BUENAVENTURA,76109032,SAN FRANCISCO NAYA (BUENAVENTURA - VALLE DEL CAUCA),2023,3,6599.0,284.0,32220.0,martes,2023-03-21 19:30:00,805.0
97,VAUPÉS,97161,CARURÚ,97161000,CARURÚ (CARURÚ - VAUPÉS),2023,3,26624.0,10338.0,89060.0,miércoles,2023-03-15 19:00:00,121.0
97,VAUPÉS,97001,MITÚ,97001000,MITÚ (MITÚ - VAUPÉS),2023,3,7576.0,399178.0,292456.0,viernes,2023-03-24 13:00:00,2359.0
97,VAUPÉS,97666,TARAIRA,97666000,TARAIRA (TARAIRA - VAUPÉS),2023,3,33885.0,10226.0,134820.0,jueves,2023-03-23 12:30:00,1103.0
99,VICHADA,99773,CUMARIBO,99773000,CUMARIBO (CUMARIBO - VICHADA),2023,3,347049.0,139018.0,668360.0,viernes,2023-03-24 14:30:00,2352.0
99,VICHADA,99524,LA PRIMAVERA,99524000,LA PRIMAVERA (LA PRIMAVERA - VICHADA),2023,3,40779.0,162183.0,760040.0,viernes,2023-03-17 18:30:00,24.0
99,VICHADA,99001,PUERTO CARREÑO,99001000,PUERTO CARREÑO (PUERTO CARREÑO - VICHADA),2023,3,7576.0,84832.0,50116.0,jueves,2023-03-23 14:30:00,2358.0
91,AMAZONAS,91001,LETICIA,91001000,LETICIA (LETICIA - AMAZONAS),2023,4,7576.0,4650.0,768068.0,miércoles,2023-04-19 14:30:00,24.0
91,AMAZONAS,91540,PUERTO NARIÑO,91540000,PUERTO NARIÑO (PUERTO NARIÑO - AMAZONAS),2023,4,115634.0,4117.0,234610.0,martes,2023-04-18 20:00:00,24.0
91,AMAZONAS,91798,TARAPACÁ (ANM),91798000,TARAPACÁ (TARAPACÁ (ANM) - AMAZONAS),2023,4,27679.0,12805.0,116730.0,viernes,2023-04-14 14:30:00,1015.0
5,ANTIOQUIA,5873,VIGÍA DEL FUERTE,5873002,VEGÁEZ (VIGÍA DEL FUERTE - ANTIOQUIA),2023,4,4117.0,8070.0,5270.0,sábado,2023-04-22 19:00:00,508.0
88,"ARCHIPIÉLAGO DE SAN ANDRÉS, PROVIDENCIA Y SANTA CATALINA",88564,PROVIDENCIA,88564000,PROVIDENCIA (PROVIDENCIA - ARCHIPIÉLAGO DE SAN ANDRÉS Y PROVIDENCIA),2023,4,7576.0,251263.0,1954.0,martes,2023-04-18 22:00:00,24.0
95,GUAVIARE,95200,MIRAFLORES,95200000,MIRAFLORES (MIRAFLORES - GUAVIARE),2023,4,80666.0,29742.0,199320.0,martes,2023-04-18 18:15:00,1801.0
88,"ARCHIPIÉLAGO DE SAN ANDRÉS, PROVIDENCIA Y SANTA CATALINA",88001,SAN ANDRÉS,88001000,SAN ANDRÉS (SAN ANDRÉS - ARCHIPIÉLAGO DE SAN ANDRÉS Y PROVIDENCIA),2023,4,7576.0,4650.0,290887.0,viernes,2023-04-28 15:45:00,24.0
13,BOLÍVAR,13001,CARTAGENA DE INDIAS,13001007,ISLA FUERTE (CARTAGENA DE INDIAS - BOLÍVAR),2023,4,65449.0,38614.0,220490.0,jueves,2023-04-06 23:45:00,1339.0
13,BOLÍVAR,13001,CARTAGENA DE INDIAS,13001037,ISLA MÚCURA (CARTAGENA DE INDIAS - BOLÍVAR),2023,4,4954.0,1982.0,19710.0,viernes,2023-04-07 23:15:00,112.0
13,BOLÍVAR,13001,CARTAGENA DE INDIAS,13001017,SANTA CRUZ DEL ISLOTE (CARTAGENA DE INDIAS - BOLÍVAR),2023,4,6741.0,2627.0,20130.0,lunes,2023-04-24 22:00:00,1358.0
18,CAQUETÁ,18150,CARTAGENA DEL CHAIRÁ,18150001,REMOLINO DEL CAGUÁN (CARTAGENA DEL CHAIRA - CAQUETÁ),2023,4,18351.0,6956.0,101760.0,sábado,2023-04-15 19:15:00,816.0
18,CAQUETÁ,18753,SAN VICENTE DEL CAGUÁN,18753002,GUACAMAYAS (SAN VICENTE DEL CAGUÁN - CAQUETÁ),2023,4,13734.0,5352.0,39960.0,martes,2023-04-11 19:00:00,1803.0
18,CAQUETÁ,18753,SAN VICENTE DEL CAGUÁN,18753009,PUERTO BETANIA (SAN VICENTE DEL CAGUÁN - CAQUETÁ),2023,4,5177.0,2164.0,450.0,sábado,2023-04-15 19:30:00,546.0
19,CAUCA,19318,GUAPI,19318008,LIMONES (GUAPI - CAUCA),2023,4,6828.0,3179.0,45340.0,viernes,2023-04-21 18:00:00,718.0
19,CAUCA,19318,GUAPI,19318013,SAN ANTONIO DE GUAJUÍ (GUAPI - CAUCA),2023,4,7455.0,3647.0,60030.0,viernes,2023-04-28 19:30:00,518.0
19,CAUCA,19418,LÓPEZ DE MICAY,19418011,DOS QUEBRADAS RÍO NAYA (LÓPEZ DE MICAY - CAUCA),2023,4,4506.0,1661.0,27390.0,domingo,2023-04-30 19:00:00,713.0
19,CAUCA,19418,LÓPEZ DE MICAY,19418038,ISLA DE GALLO (LÓPEZ DE MICAY - CAUCA),2023,4,4223.0,2097.0,31140.0,sábado,2023-04-29 19:30:00,612.0
19,CAUCA,19418,LÓPEZ DE MICAY,19418012,SAN ANTONIO DE CHUARÉ (LÓPEZ DE MICAY - CAUCA),2023,4,6039.0,1778.0,44990.0,jueves,2023-04-20 19:00:00,544.0
19,CAUCA,19809,TIMBIQUÍ,19809014,CHACÓN (TIMBIQUÍ - CAUCA),2023,4,38.0,1154.0,26480.0,miércoles,2023-04-05 19:45:00,559.0
19,CAUCA,19809,TIMBIQUÍ,19809003,COTEJE (TIMBIQUÍ - CAUCA),2023,4,6705.0,4514.0,32880.0,sábado,2023-04-15 19:15:00,82.0
19,CAUCA,19809,TIMBIQUÍ,19809026,LOS BRAZOS (TIMBIQUÍ - CAUCA),2023,4,6201.0,2619.0,40510.0,lunes,2023-04-10 19:45:00,634.0
19,CAUCA,19809,TIMBIQUÍ,19809023,PUERTO SAIJA (TIMBIQUÍ - CAUCA),2023,4,34862.0,12076.0,170370.0,sábado,2023-04-29 19:30:00,826.0
19,CAUCA,19809,TIMBIQUÍ,19809009,SANTA ROSA DE SAIJA (TIMBIQUÍ - CAUCA),2023,4,3907.0,2038.0,22580.0,domingo,2023-04-23 19:45:00,648.0
27,CHOCÓ,27006,ACANDÍ,27006000,ACANDÍ (ACANDÍ - CHOCÓ),2023,4,629767.0,202276.0,147576.0,miércoles,2023-04-26 21:00:00,2027.0
27,CHOCÓ,27006,ACANDÍ,27006007,SAN FRANCISCO (ACANDÍ - CHOCÓ),2023,4,25371.0,9244.0,13680.0,jueves,2023-04-06 19:30:00,901.0
27,CHOCÓ,27025,ALTO BAUDÓ (PIE DE PATO),27025000,CIUDAD BAUDÓ - PIE DE PATO (ALTO BAUDÓ - CHOCÓ),2023,4,50835.0,15895.0,118890.0,sábado,2023-04-22 12:00:00,2359.0
27,CHOCÓ,27075,BAHÍA SOLANO (MUTIS),27075002,EL VALLE (BAHÍA SOLANO - CHOCÓ),2023,4,175291.0,65889.0,380690.0,sábado,2023-04-08 19:00:00,234.0
27,CHOCÓ,27077,BAJO BAUDÓ (PIZARRO),27077029,FIRME DE USARGA (BAJO BAUDÓ (PIZARRO) - CHOCÓ),2023,4,5970.0,2060.0,6420.0,miércoles,2023-04-05 11:15:00,352.0
27,CHOCÓ,27077,BAJO BAUDÓ (PIZARRO),27077026,GUINEAL (BAJO BAUDÓ (PIZARRO) - CHOCÓ),2023,4,2833.0,1288.0,28040.0,domingo,2023-04-16 11:30:00,31.0
27,CHOCÓ,27077,BAJO BAUDÓ (PIZARRO),27077011,PILIZA (BAJO BAUDÓ (PIZARRO) - CHOCÓ),2023,4,2756.0,1837.0,3840.0,sábado,2023-04-15 19:30:00,349.0
27,CHOCÓ,27077,BAJO BAUDÓ (PIZARRO),27077000,PIZARRO (BAJO BAUDÓ (PIZARRO) - CHOCÓ),2023,4,221687.0,97807.0,446160.0,lunes,2023-04-03 19:00:00,2324.0
27,CHOCÓ,27077,BAJO BAUDÓ (PIZARRO),27077916,TERRON (BAJO BAUDÓ - CHOCÓ),2023,4,395.0,1876.0,28210.0,miércoles,2023-04-26 13:15:00,628.0
27,CHOCÓ,27099,BOJAYÁ (BELLAVISTA),27099000,BELLAVISTA (BOJAYÁ (BELLAVISTA) - CHOCÓ),2023,4,100105.0,31137.0,251990.0,lunes,2023-04-24 19:00:00,1653.0
27,CHOCÓ,27099,BOJAYÁ (BELLAVISTA),27099030,PIEDRA CANDELA (BOJAYÁ - CHOCÓ),2023,4,7295.0,3267.0,33460.0,miércoles,2023-04-19 17:00:00,923.0
27,CHOCÓ,27250,EL LITORAL DEL SAN JUAN,27250000,SANTA GENOVEVA DE DOCORDÓ (EL LITORAL DEL SAN JUAN - CHOCÓ),2023,4,85347.0,47372.0,233640.0,martes,2023-04-25 12:30:00,1741.0
27,CHOCÓ,27372,JURADÓ,27372000,JURADÓ (JURADÓ - CHOCÓ),2023,4,178615.0,69357.0,370720.0,viernes,2023-04-21 19:00:00,2329.0
27,CHOCÓ,27425,MEDIO ATRATO (BETÉ),27425000,BETÉ (MEDIO ATRATO (BETÉ) - CHOCÓ),2023,4,9745.0,4156.0,560.0,miércoles,2023-04-26 11:45:00,928.0
27,CHOCÓ,27450,MEDIO SAN JUAN,27450016,MACEDONIA (MEDIO SAN JUAN - CHOCÓ),2023,4,0.0,0.0,0.0,sábado,2023-04-01 00:00:00,0.0
27,CHOCÓ,27495,NUQUÍ,27495912,COMUNIDAD INDÍGENA DE PANGUÍ - EL YUCAL (NUQUÍ - CHOCÓ),2023,4,2362.0,9320.0,1140.0,domingo,2023-04-02 08:30:00,1216.0
27,CHOCÓ,27001,QUIBDÓ,27001029,TAGACHI (QUIBDÓ - CHOCÓ),2023,4,6755.0,2435.0,48460.0,domingo,2023-04-23 20:15:00,62.0
27,CHOCÓ,27615,RIOSUCIO,27615912,MARCIAL (RIOSUCIO - CHOCÓ),2023,4,1220.0,690.0,5580.0,jueves,2023-04-06 20:45:00,51.0
27,CHOCÓ,27615,RIOSUCIO,27615930,PEÑAS BLANCAS (RIOSUCIO - CHOCÓ),2023,4,1140.0,460.0,2040.0,martes,2023-04-04 19:15:00,9.0
27,CHOCÓ,27800,UNGUÍA,27800001,BALBOA (UNGUÍA - CHOCÓ),2023,4,22569.0,8978.0,84630.0,sábado,2023-04-22 19:15:00,1137.0
27,CHOCÓ,27800,UNGUÍA,27800005,TITUMATE (UNGUÍA - CHOCÓ),2023,4,16564.0,4076.0,9680.0,viernes,2023-04-28 21:30:00,841.0
27,CHOCÓ,27800,UNGUÍA,27800000,UNGUÍA (UNGUÍA - CHOCÓ),2023,4,416394.0,14736.0,860110.0,domingo,2023-04-02 19:15:00,2212.0
94,GUAINÍA,94343,BARRANCOMINAS,94343000,BARRANCOMINAS (BARRANCOMINAS - GUAINÍA),2023,4,51123.0,12598.0,178580.0,jueves,2023-04-13 18:15:00,1556.0
44,LA GUAJIRA,44847,URIBIA,44847012,NAZARETH (URIBIA - LA GUAJIRA),2023,4,5839.0,10988.0,341280.0,miércoles,2023-04-19 18:45:00,1213.0
47,MAGDALENA,47189,CIÉNAGA,47189018,PALMOR (CIÉNAGA - MAGDALENA),2023,4,92907.0,32959.0,187260.0,martes,2023-04-25 18:45:00,2247.0
50,META,50325,MAPIRIPÁN,50325000,MAPIRIPÁN (MAPIRIPÁN - META),2023,4,162955.0,6112.0,34540.0,miércoles,2023-04-19 18:30:00,2356.0
52,NARIÑO,52250,EL CHARCO,52250023,BAZÁN (EL CHARCO - NARIÑO),2023,4,18414.0,706.0,11520.0,sábado,2023-04-08 18:30:00,656.0
52,NARIÑO,52250,EL CHARCO,52250003,BOLÍVAR - SAN PEDRO (EL CHARCO - NARIÑO),2023,4,337.0,2751.0,29340.0,martes,2023-04-04 18:15:00,453.0
52,NARIÑO,52250,EL CHARCO,52250007,SAN JOSÉ DEL TAPAJE (EL CHARCO - NARIÑO),2023,4,9928.0,3132.0,560.0,martes,2023-04-04 18:00:00,736.0
52,NARIÑO,52520,FRANCISCO PIZARRO,52520013,SAN PEDRO DEL VINO (FRANCISCO PIZARRO - NARIÑO),2023,4,3385.0,217.0,2480.0,viernes,2023-04-21 19:45:00,6.0
52,NARIÑO,52390,LA TOLA,52390013,AMÁRALES (LA TOLA - NARIÑO),2023,4,6624.0,2615.0,44930.0,martes,2023-04-18 19:30:00,701.0
52,NARIÑO,52390,LA TOLA,52390009,MULATOS (LA TOLA - NARIÑO),2023,4,526.0,2804.0,39010.0,lunes,2023-04-17 18:45:00,703.0
52,NARIÑO,52427,MAGÜÍ,52427901,ALTO ESTERO (MAGÜÍ - NARIÑO),2023,4,6180.0,1760.0,12350.0,jueves,2023-04-13 19:45:00,153.0
52,NARIÑO,52427,MAGÜÍ,52427013,LA LOMA (MAGÜÍ - NARIÑO),2023,4,7910.0,4040.0,8110.0,jueves,2023-04-20 18:30:00,402.0
52,NARIÑO,52490,OLAYA HERRERA,52490913,BOCA DE PRIETA (OLAYA HERRERA - NARIÑO),2023,4,282.0,7440.0,16940.0,martes,2023-04-04 18:15:00,656.0
52,NARIÑO,52835,SAN ANDRÉS DE TUMACO,52835055,BOCAS DE CURAY (TUMACO - NARIÑO),2023,4,5522.0,2177.0,5520.0,sábado,2023-04-01 19:00:00,43.0
52,NARIÑO,52696,SANTA BÁRBARA (ISCUANDÉ),52696014,LA ENSENADA (SANTA BÁRBARA (ISCUANDÉ) - NARIÑO),2023,4,3299.0,5747.0,25440.0,miércoles,2023-04-05 19:15:00,554.0
52,NARIÑO,52696,SANTA BÁRBARA (ISCUANDÉ),52696022,SECADERO (SANTA BÁRBARA (ISCUANDÉ) - NARIÑO),2023,4,2694.0,1758.0,15240.0,martes,2023-04-25 19:00:00,845.0
86,PUTUMAYO,86573,PUERTO LEGUÍZAMO,86573009,PIÑUÑA NEGRO (PUERTO LEGUÍZAMO - PUTUMAYO),2023,4,3164.0,1859.0,2560.0,sábado,2023-04-22 18:45:00,556.0
86,PUTUMAYO,86573,PUERTO LEGUÍZAMO,86573000,PUERTO LEGUÍZAMO (PUERTO LEGUÍZAMO - PUTUMAYO),2023,4,696773.0,24754.0,174117.0,lunes,2023-04-03 15:15:00,2325.0
76,VALLE DEL CAUCA,76109,BUENAVENTURA,76109069,PAPAYAL 1 (BUENAVENTURA - VALLE DEL CAUCA),2023,4,9219.0,2460.0,43490.0,lunes,2023-04-10 19:15:00,829.0
76,VALLE DEL CAUCA,76109,BUENAVENTURA,76109105,PITAL (BUENAVENTURA - VALLE DEL CAUCA),2023,4,1205.0,1470.0,12250.0,sábado,2023-04-01 18:00:00,4.0
76,VALLE DEL CAUCA,76109,BUENAVENTURA,76109028,PUERTO MERIZALDE (BUENAVENTURA - VALLE DEL CAUCA),2023,4,99985.0,35264.0,212260.0,sábado,2023-04-15 19:30:00,2216.0
76,VALLE DEL CAUCA,76109,BUENAVENTURA,76109030,PUNTA SOLDADO (BUENAVENTURA - VALLE DEL CAUCA),2023,4,4269.0,161.0,25420.0,jueves,2023-04-06 20:00:00,9.0
76,VALLE DEL CAUCA,76109,BUENAVENTURA,76109032,SAN FRANCISCO NAYA (BUENAVENTURA - VALLE DEL CAUCA),2023,4,641.0,2725.0,3520.0,miércoles,2023-04-05 11:45:00,806.0
97,VAUPÉS,97161,CARURÚ,97161000,CARURÚ (CARURÚ - VAUPÉS),2023,4,16139.0,6413.0,92660.0,sábado,2023-04-15 13:00:00,753.0
97,VAUPÉS,97001,MITÚ,97001000,MITÚ (MITÚ - VAUPÉS),2023,4,7576.0,371098.0,294682.0,viernes,2023-04-14 12:15:00,2353.0
97,VAUPÉS,97666,TARAIRA,97666000,TARAIRA (TARAIRA - VAUPÉS),2023,4,32641.0,10279.0,131030.0,miércoles,2023-04-19 18:45:00,1103.0
99,VICHADA,99773,CUMARIBO,99773000,CUMARIBO (CUMARIBO - VICHADA),2023,4,314033.0,1269.0,686840.0,jueves,2023-04-13 14:30:00,2349.0
99,VICHADA,99524,LA PRIMAVERA,99524000,LA PRIMAVERA (LA PRIMAVERA - VICHADA),2023,4,261782.0,104332.0,697820.0,jueves,2023-04-13 18:30:00,2334.0
99,VICHADA,99001,PUERTO CARREÑO,99001000,PUERTO CARREÑO (PUERTO CARREÑO - VICHADA),2023,4,7576.0,81015.0,517968.0,miércoles,2023-04-19 14:15:00,2359.0
91,AMAZONAS,91001,LETICIA,91001000,LETICIA (LETICIA - AMAZONAS),2023,5,7576.0,4650.0,756736.0,viernes,2023-05-19 14:45:00,2357.0
91,AMAZONAS,91540,PUERTO NARIÑO,91540000,PUERTO NARIÑO (PUERTO NARIÑO - AMAZONAS),2023,5,123168.0,42058.0,248510.0,jueves,2023-05-18 18:30:00,24.0
91,AMAZONAS,91798,TARAPACÁ (ANM),91798000,TARAPACÁ (TARAPACÁ (ANM) - AMAZONAS),2023,5,28273.0,1282.0,104760.0,miércoles,2023-05-03 19:00:00,1015.0
5,ANTIOQUIA,5873,VIGÍA DEL FUERTE,5873002,VEGÁEZ (VIGÍA DEL FUERTE - ANTIOQUIA),2023,5,4558.0,8470.0,63070.0,martes,2023-05-16 18:30:00,432.0
88,"ARCHIPIÉLAGO DE SAN ANDRÉS, PROVIDENCIA Y SANTA CATALINA",88564,PROVIDENCIA,88564000,PROVIDENCIA (PROVIDENCIA - ARCHIPIÉLAGO DE SAN ANDRÉS Y PROVIDENCIA),2023,5,7576.0,282553.0,216879.0,martes,2023-05-30 22:15:00,24.0
88,"ARCHIPIÉLAGO DE SAN ANDRÉS, PROVIDENCIA Y SANTA CATALINA",88001,SAN ANDRÉS,88001000,SAN ANDRÉS (SAN ANDRÉS - ARCHIPIÉLAGO DE SAN ANDRÉS Y PROVIDENCIA),2023,5,7576.0,4650.0,3071949.0,jueves,2023-05-04 15:45:00,2359.0
13,BOLÍVAR,13001,CARTAGENA DE INDIAS,13001007,ISLA FUERTE (CARTAGENA DE INDIAS - BOLÍVAR),2023,5,55498.0,33985.0,21750.0,sábado,2023-05-20 22:15:00,1135.0
13,BOLÍVAR,13001,CARTAGENA DE INDIAS,13001037,ISLA MÚCURA (CARTAGENA DE INDIAS - BOLÍVAR),2023,5,5344.0,2244.0,23360.0,miércoles,2023-05-03 04:30:00,1214.0
13,BOLÍVAR,13001,CARTAGENA DE INDIAS,13001017,SANTA CRUZ DEL ISLOTE (CARTAGENA DE INDIAS - BOLÍVAR),2023,5,5241.0,1619.0,18370.0,martes,2023-05-30 20:00:00,1151.0
18,CAQUETÁ,18150,CARTAGENA DEL CHAIRÁ,18150001,REMOLINO DEL CAGUÁN (CARTAGENA DEL CHAIRA - CAQUETÁ),2023,5,1693.0,6578.0,9320.0,domingo,2023-05-28 19:30:00,746.0
18,CAQUETÁ,18753,SAN VICENTE DEL CAGUÁN,18753002,GUACAMAYAS (SAN VICENTE DEL CAGUÁN - CAQUETÁ),2023,5,9101.0,3425.0,38210.0,viernes,2023-05-19 19:00:00,1142.0
18,CAQUETÁ,18753,SAN VICENTE DEL CAGUÁN,18753009,PUERTO BETANIA (SAN VICENTE DEL CAGUÁN - CAQUETÁ),2023,5,9750.0,4070.0,36240.0,lunes,2023-05-01 19:30:00,111.0
19,CAUCA,19318,GUAPI,19318008,LIMONES (GUAPI - CAUCA),2023,5,8453.0,4047.0,44180.0,sábado,2023-05-06 18:00:00,903.0
19,CAUCA,19318,GUAPI,19318013,SAN ANTONIO DE GUAJUÍ (GUAPI - CAUCA),2023,5,11356.0,5947.0,57750.0,martes,2023-05-02 19:15:00,811.0
19,CAUCA,19418,LÓPEZ DE MICAY,19418011,DOS QUEBRADAS RÍO NAYA (LÓPEZ DE MICAY - CAUCA),2023,5,4252.0,1602.0,27650.0,miércoles,2023-05-10 19:00:00,623.0
19,CAUCA,19418,LÓPEZ DE MICAY,19418038,ISLA DE GALLO (LÓPEZ DE MICAY - CAUCA),2023,5,3856.0,1876.0,29980.0,domingo,2023-05-07 19:15:00,517.0
19,CAUCA,19418,LÓPEZ DE MICAY,19418012,SAN ANTONIO DE CHUARÉ (LÓPEZ DE MICAY - CAUCA),2023,5,5358.0,1642.0,43680.0,viernes,2023-05-05 18:30:00,5.0
19,CAUCA,19809,TIMBIQUÍ,19809014,CHACÓN (TIMBIQUÍ - CAUCA),2023,5,4087.0,1602.0,28910.0,viernes,2023-05-05 19:15:00,62.0
19,CAUCA,19809,TIMBIQUÍ,19809003,COTEJE (TIMBIQUÍ - CAUCA),2023,5,6309.0,428.0,31360.0,miércoles,2023-05-03 19:15:00,747.0
19,CAUCA,19809,TIMBIQUÍ,19809026,LOS BRAZOS (TIMBIQUÍ - CAUCA),2023,5,1934.0,7870.0,38620.0,martes,2023-05-02 19:45:00,155.0
19,CAUCA,19809,TIMBIQUÍ,19809023,PUERTO SAIJA (TIMBIQUÍ - CAUCA),2023,5,37451.0,12559.0,17670.0,sábado,2023-05-06 19:00:00,813.0
19,CAUCA,19809,TIMBIQUÍ,19809009,SANTA ROSA DE SAIJA (TIMBIQUÍ - CAUCA),2023,5,3843.0,1858.0,22320.0,martes,2023-05-09 18:30:00,622.0
27,CHOCÓ,27006,ACANDÍ,27006000,ACANDÍ (ACANDÍ - CHOCÓ),2023,5,619206.0,193736.0,154616.0,sábado,2023-05-06 19:00:00,1818.0
27,CHOCÓ,27025,ALTO BAUDÓ (PIE DE PATO),27025000,CIUDAD BAUDÓ - PIE DE PATO (ALTO BAUDÓ - CHOCÓ),2023,5,51067.0,16842.0,126720.0,sábado,2023-05-06 12:15:00,2348.0
27,CHOCÓ,27075,BAHÍA SOLANO (MUTIS),27075002,EL VALLE (BAHÍA SOLANO - CHOCÓ),2023,5,175887.0,68496.0,387550.0,sábado,2023-05-06 19:30:00,2252.0
27,CHOCÓ,27077,BAJO BAUDÓ (PIZARRO),27077029,FIRME DE USARGA (BAJO BAUDÓ (PIZARRO) - CHOCÓ),2023,5,6560.0,2000.0,640.0,martes,2023-05-16 18:45:00,414.0
27,CHOCÓ,27077,BAJO BAUDÓ (PIZARRO),27077026,GUINEAL (BAJO BAUDÓ (PIZARRO) - CHOCÓ),2023,5,0.0,0.0,0.0,lunes,2023-05-01 00:00:00,0.0
27,CHOCÓ,27077,BAJO BAUDÓ (PIZARRO),27077011,PILIZA (BAJO BAUDÓ (PIZARRO) - CHOCÓ),2023,5,4214.0,1112.0,2880.0,miércoles,2023-05-03 19:00:00,6.0
27,CHOCÓ,27077,BAJO BAUDÓ (PIZARRO),27077000,PIZARRO (BAJO BAUDÓ (PIZARRO) - CHOCÓ),2023,5,243435.0,104285.0,464110.0,jueves,2023-05-18 19:30:00,2323.0
27,CHOCÓ,27077,BAJO BAUDÓ (PIZARRO),27077916,TERRON (BAJO BAUDÓ - CHOCÓ),2023,5,511.0,2362.0,29830.0,sábado,2023-05-13 12:45:00,82.0
27,CHOCÓ,27099,BOJAYÁ (BELLAVISTA),27099000,BELLAVISTA (BOJAYÁ (BELLAVISTA) - CHOCÓ),2023,5,107314.0,33982.0,251160.0,miércoles,2023-05-31 19:15:00,1709.0
27,CHOCÓ,27099,BOJAYÁ (BELLAVISTA),27099030,PIEDRA CANDELA (BOJAYÁ - CHOCÓ),2023,5,7719.0,3338.0,34360.0,jueves,2023-05-04 18:30:00,93.0
27,CHOCÓ,27250,EL LITORAL DEL SAN JUAN,27250000,SANTA GENOVEVA DE DOCORDÓ (EL LITORAL DEL SAN JUAN - CHOCÓ),2023,5,105526.0,5786.0,228890.0,domingo,2023-05-07 12:45:00,2024.0
27,CHOCÓ,27372,JURADÓ,27372000,JURADÓ (JURADÓ - CHOCÓ),2023,5,194481.0,73416.0,343040.0,viernes,2023-05-12 19:45:00,2355.0
27,CHOCÓ,27425,MEDIO ATRATO (BETÉ),27425000,BETÉ (MEDIO ATRATO (BETÉ) - CHOCÓ),2023,5,15078.0,8968.0,600.0,viernes,2023-05-26 10:45:00,1209.0
27,CHOCÓ,27450,MEDIO SAN JUAN,27450016,MACEDONIA (MEDIO SAN JUAN - CHOCÓ),2023,5,1610.0,20.0,2870.0,sábado,2023-05-27 17:15:00,203.0
27,CHOCÓ,27495,NUQUÍ,27495912,COMUNIDAD INDÍGENA DE PANGUÍ - EL YUCAL (NUQUÍ - CHOCÓ),2023,5,5605.0,1605.0,11420.0,miércoles,2023-05-10 14:45:00,183.0
27,CHOCÓ,27001,QUIBDÓ,27001029,TAGACHI (QUIBDÓ - CHOCÓ),2023,5,8589.0,3146.0,44160.0,sábado,2023-05-06 13:00:00,806.0
27,CHOCÓ,27800,UNGUÍA,27800001,BALBOA (UNGUÍA - CHOCÓ),2023,5,24459.0,9396.0,87050.0,sábado,2023-05-13 20:00:00,1201.0
27,CHOCÓ,27800,UNGUÍA,27800005,TITUMATE (UNGUÍA - CHOCÓ),2023,5,16549.0,3974.0,96180.0,sábado,2023-05-06 21:45:00,749.0
27,CHOCÓ,27800,UNGUÍA,27800000,UNGUÍA (UNGUÍA - CHOCÓ),2023,5,432888.0,148786.0,913970.0,martes,2023-05-09 21:00:00,2201.0
94,GUAINÍA,94343,BARRANCOMINAS,94343000,BARRANCOMINAS (BARRANCOMINAS - GUAINÍA),2023,5,67713.0,1717.0,181080.0,lunes,2023-05-08 18:45:00,1603.0
95,GUAVIARE,95200,MIRAFLORES,95200000,MIRAFLORES (MIRAFLORES - GUAVIARE),2023,5,8474.0,2808.0,201520.0,lunes,2023-05-08 18:45:00,1813.0
44,LA GUAJIRA,44847,URIBIA,44847012,NAZARETH (URIBIA - LA GUAJIRA),2023,5,62934.0,12169.0,341570.0,martes,2023-05-02 19:00:00,1132.0
47,MAGDALENA,47189,CIÉNAGA,47189018,PALMOR (CIÉNAGA - MAGDALENA),2023,5,96268.0,35096.0,189570.0,sábado,2023-05-27 11:15:00,2228.0
50,META,50325,MAPIRIPÁN,50325000,MAPIRIPÁN (MAPIRIPÁN - META),2023,5,176312.0,63644.0,34980.0,martes,2023-05-30 19:00:00,2352.0
52,NARIÑO,52520,FRANCISCO PIZARRO,52520013,SAN PEDRO DEL VINO (FRANCISCO PIZARRO - NARIÑO),2023,5,4389.0,2806.0,23940.0,martes,2023-05-30 19:45:00,727.0
52,NARIÑO,52390,LA TOLA,52390013,AMÁRALES (LA TOLA - NARIÑO),2023,5,7264.0,2496.0,45250.0,miércoles,2023-05-17 19:15:00,733.0
52,NARIÑO,52390,LA TOLA,52390009,MULATOS (LA TOLA - NARIÑO),2023,5,5574.0,302.0,34560.0,miércoles,2023-05-03 19:00:00,739.0
52,NARIÑO,52427,MAGÜÍ,52427901,ALTO ESTERO (MAGÜÍ - NARIÑO),2023,5,5630.0,1770.0,11150.0,jueves,2023-05-25 19:15:00,155.0
52,NARIÑO,52427,MAGÜÍ,52427013,LA LOMA (MAGÜÍ - NARIÑO),2023,5,5290.0,3230.0,7270.0,miércoles,2023-05-31 18:30:00,255.0
52,NARIÑO,52490,OLAYA HERRERA,52490913,BOCA DE PRIETA (OLAYA HERRERA - NARIÑO),2023,5,2795.0,7820.0,15670.0,martes,2023-05-02 19:00:00,652.0
52,NARIÑO,52835,SAN ANDRÉS DE TUMACO,52835055,BOCAS DE CURAY (TUMACO - NARIÑO),2023,5,9047.0,35.0,5280.0,miércoles,2023-05-03 18:30:00,719.0
52,NARIÑO,52696,SANTA BÁRBARA (ISCUANDÉ),52696014,LA ENSENADA (SANTA BÁRBARA (ISCUANDÉ) - NARIÑO),2023,5,3299.0,5844.0,24060.0,miércoles,2023-05-03 20:15:00,548.0
52,NARIÑO,52696,SANTA BÁRBARA (ISCUANDÉ),52696022,SECADERO (SANTA BÁRBARA (ISCUANDÉ) - NARIÑO),2023,5,3046.0,2109.0,14780.0,martes,2023-05-30 19:00:00,827.0
86,PUTUMAYO,86573,PUERTO LEGUÍZAMO,86573009,PIÑUÑA NEGRO (PUERTO LEGUÍZAMO - PUTUMAYO),2023,5,3369.0,1846.0,2240.0,lunes,2023-05-01 20:15:00,607.0
86,PUTUMAYO,86573,PUERTO LEGUÍZAMO,86573000,PUERTO LEGUÍZAMO (PUERTO LEGUÍZAMO - PUTUMAYO),2023,5,672755.0,24492.0,129263.0,martes,2023-05-02 18:45:00,2317.0
76,VALLE DEL CAUCA,76109,BUENAVENTURA,76109069,PAPAYAL 1 (BUENAVENTURA - VALLE DEL CAUCA),2023,5,11148.0,4830.0,4470.0,sábado,2023-05-27 19:30:00,10.0
76,VALLE DEL CAUCA,76109,BUENAVENTURA,76109105,PITAL (BUENAVENTURA - VALLE DEL CAUCA),2023,5,2628.0,3540.0,11490.0,viernes,2023-05-26 16:15:00,831.0
76,VALLE DEL CAUCA,76109,BUENAVENTURA,76109028,PUERTO MERIZALDE (BUENAVENTURA - VALLE DEL CAUCA),2023,5,100004.0,36029.0,218940.0,lunes,2023-05-08 19:15:00,213.0
76,VALLE DEL CAUCA,76109,BUENAVENTURA,76109032,SAN FRANCISCO NAYA (BUENAVENTURA - VALLE DEL CAUCA),2023,5,652.0,2793.0,32290.0,sábado,2023-05-13 11:45:00,807.0
97,VAUPÉS,97161,CARURÚ,97161000,CARURÚ (CARURÚ - VAUPÉS),2023,5,25644.0,10473.0,84040.0,domingo,2023-05-28 18:45:00,1218.0
97,VAUPÉS,97001,MITÚ,97001000,MITÚ (MITÚ - VAUPÉS),2023,5,7576.0,39107.0,286742.0,miércoles,2023-05-31 12:45:00,24.0
97,VAUPÉS,97666,TARAIRA,97666000,TARAIRA (TARAIRA - VAUPÉS),2023,5,34853.0,11203.0,127950.0,miércoles,2023-05-24 19:00:00,111.0
99,VICHADA,99773,CUMARIBO,99773000,CUMARIBO (CUMARIBO - VICHADA),2023,5,329337.0,131132.0,777480.0,miércoles,2023-05-17 09:00:00,2347.0
99,VICHADA,99001,PUERTO CARREÑO,99001000,PUERTO CARREÑO (PUERTO CARREÑO - VICHADA),2023,5,7576.0,814269.0,515416.0,lunes,2023-05-08 14:30:00,2352.0
52,NARIÑO,52250,EL CHARCO,52250023,BAZÁN (EL CHARCO - NARIÑO),2023,5,17484.0,6656.0,11040.0,miércoles,2023-05-03 19:30:00,627.0
52,NARIÑO,52250,EL CHARCO,52250007,SAN JOSÉ DEL TAPAJE (EL CHARCO - NARIÑO),2023,5,12742.0,4454.0,560.0,martes,2023-05-02 18:00:00,924.0
91,AMAZONAS,91001,LETICIA,91001000,LETICIA (LETICIA - AMAZONAS),2023,6,7576.0,970871.0,738999.0,jueves,2023-06-22 15:00:00,2358.0
91,AMAZONAS,91540,PUERTO NARIÑO,91540000,PUERTO NARIÑO (PUERTO NARIÑO - AMAZONAS),2023,6,112131.0,39279.0,235840.0,jueves,2023-06-22 18:45:00,2344.0
91,AMAZONAS,91798,TARAPACÁ (ANM),91798000,TARAPACÁ (TARAPACÁ (ANM) - AMAZONAS),2023,6,25586.0,11773.0,10110.0,viernes,2023-06-30 14:00:00,1014.0
5,ANTIOQUIA,5873,VIGÍA DEL FUERTE,5873002,VEGÁEZ (VIGÍA DEL FUERTE - ANTIOQUIA),2023,6,4562.0,6570.0,4390.0,jueves,2023-06-15 16:45:00,615.0
88,"ARCHIPIÉLAGO DE SAN ANDRÉS, PROVIDENCIA Y SANTA CATALINA",88564,PROVIDENCIA,88564000,PROVIDENCIA (PROVIDENCIA - ARCHIPIÉLAGO DE SAN ANDRÉS Y PROVIDENCIA),2023,6,7576.0,273678.0,226575.0,domingo,2023-06-11 22:15:00,2358.0
88,"ARCHIPIÉLAGO DE SAN ANDRÉS, PROVIDENCIA Y SANTA CATALINA",88001,SAN ANDRÉS,88001000,SAN ANDRÉS (SAN ANDRÉS - ARCHIPIÉLAGO DE SAN ANDRÉS Y PROVIDENCIA),2023,6,7576.0,4650.0,3208602.0,lunes,2023-06-05 15:30:00,24.0
13,BOLÍVAR,13001,CARTAGENA DE INDIAS,13001007,ISLA FUERTE (CARTAGENA DE INDIAS - BOLÍVAR),2023,6,59453.0,34659.0,224060.0,domingo,2023-06-18 20:45:00,113.0
13,BOLÍVAR,13001,CARTAGENA DE INDIAS,13001037,ISLA MÚCURA (CARTAGENA DE INDIAS - BOLÍVAR),2023,6,6722.0,2757.0,2170.0,viernes,2023-06-23 23:00:00,1408.0
13,BOLÍVAR,13001,CARTAGENA DE INDIAS,13001017,SANTA CRUZ DEL ISLOTE (CARTAGENA DE INDIAS - BOLÍVAR),2023,6,3644.0,1139.0,18560.0,jueves,2023-06-29 20:45:00,805.0
18,CAQUETÁ,18150,CARTAGENA DEL CHAIRÁ,18150001,REMOLINO DEL CAGUÁN (CARTAGENA DEL CHAIRA - CAQUETÁ),2023,6,13008.0,5838.0,9120.0,sábado,2023-06-10 19:15:00,63.0
18,CAQUETÁ,18753,SAN VICENTE DEL CAGUÁN,18753002,GUACAMAYAS (SAN VICENTE DEL CAGUÁN - CAQUETÁ),2023,6,608.0,2469.0,36860.0,viernes,2023-06-30 19:30:00,1001.0
18,CAQUETÁ,18753,SAN VICENTE DEL CAGUÁN,18753009,PUERTO BETANIA (SAN VICENTE DEL CAGUÁN - CAQUETÁ),2023,6,1092.0,4670.0,3140.0,sábado,2023-06-03 19:00:00,141.0
19,CAUCA,19318,GUAPI,19318008,LIMONES (GUAPI - CAUCA),2023,6,8458.0,4019.0,43730.0,jueves,2023-06-08 19:45:00,908.0
19,CAUCA,19318,GUAPI,19318013,SAN ANTONIO DE GUAJUÍ (GUAPI - CAUCA),2023,6,1192.0,6346.0,57860.0,jueves,2023-06-15 19:00:00,905.0
19,CAUCA,19418,LÓPEZ DE MICAY,19418011,DOS QUEBRADAS RÍO NAYA (LÓPEZ DE MICAY - CAUCA),2023,6,3618.0,1334.0,31230.0,lunes,2023-06-26 19:15:00,532.0
19,CAUCA,19418,LÓPEZ DE MICAY,19418012,SAN ANTONIO DE CHUARÉ (LÓPEZ DE MICAY - CAUCA),2023,6,4977.0,1481.0,46940.0,sábado,2023-06-03 19:00:00,431.0
19,CAUCA,19809,TIMBIQUÍ,19809014,CHACÓN (TIMBIQUÍ - CAUCA),2023,6,3383.0,9680.0,26050.0,viernes,2023-06-09 18:30:00,608.0
19,CAUCA,19809,TIMBIQUÍ,19809003,COTEJE (TIMBIQUÍ - CAUCA),2023,6,6007.0,4124.0,30080.0,miércoles,2023-06-14 19:00:00,75.0
19,CAUCA,19809,TIMBIQUÍ,19809026,LOS BRAZOS (TIMBIQUÍ - CAUCA),2023,6,3586.0,1625.0,38160.0,domingo,2023-06-25 18:45:00,349.0
19,CAUCA,19809,TIMBIQUÍ,19809023,PUERTO SAIJA (TIMBIQUÍ - CAUCA),2023,6,35079.0,12066.0,174060.0,jueves,2023-06-15 18:45:00,805.0
19,CAUCA,19809,TIMBIQUÍ,19809009,SANTA ROSA DE SAIJA (TIMBIQUÍ - CAUCA),2023,6,3223.0,1356.0,22460.0,jueves,2023-06-01 20:15:00,611.0
27,CHOCÓ,27006,ACANDÍ,27006000,ACANDÍ (ACANDÍ - CHOCÓ),2023,6,650643.0,199516.0,14652.0,sábado,2023-06-03 22:00:00,1927.0
27,CHOCÓ,27025,ALTO BAUDÓ (PIE DE PATO),27025000,CIUDAD BAUDÓ - PIE DE PATO (ALTO BAUDÓ - CHOCÓ),2023,6,48391.0,1609.0,119860.0,jueves,2023-06-01 12:00:00,2358.0
27,CHOCÓ,27075,BAHÍA SOLANO (MUTIS),27075000,CIUDAD MUTIS (BAHÍA SOLANO - CHOCÓ),2023,6,70846.0,247384.0,131692.0,miércoles,2023-06-07 11:30:00,2351.0
27,CHOCÓ,27075,BAHÍA SOLANO (MUTIS),27075001,CUPICA (BAHÍA SOLANO - CHOCÓ),2023,6,5099.0,17052.0,127030.0,miércoles,2023-06-07 19:30:00,2122.0
27,CHOCÓ,27075,BAHÍA SOLANO (MUTIS),27075002,EL VALLE (BAHÍA SOLANO - CHOCÓ),2023,6,172661.0,63485.0,379370.0,domingo,2023-06-11 19:15:00,231.0
27,CHOCÓ,27077,BAJO BAUDÓ (PIZARRO),27077029,FIRME DE USARGA (BAJO BAUDÓ (PIZARRO) - CHOCÓ),2023,6,7770.0,4080.0,6890.0,domingo,2023-06-25 19:00:00,456.0
27,CHOCÓ,27077,BAJO BAUDÓ (PIZARRO),27077026,GUINEAL (BAJO BAUDÓ (PIZARRO) - CHOCÓ),2023,6,4025.0,1952.0,30580.0,viernes,2023-06-23 12:30:00,616.0
27,CHOCÓ,27077,BAJO BAUDÓ (PIZARRO),27077011,PILIZA (BAJO BAUDÓ (PIZARRO) - CHOCÓ),2023,6,2946.0,8180.0,2880.0,sábado,2023-06-03 19:30:00,424.0
27,CHOCÓ,27077,BAJO BAUDÓ (PIZARRO),27077000,PIZARRO (BAJO BAUDÓ (PIZARRO) - CHOCÓ),2023,6,232561.0,100032.0,454610.0,lunes,2023-06-05 19:15:00,2252.0
27,CHOCÓ,27077,BAJO BAUDÓ (PIZARRO),27077916,TERRON (BAJO BAUDÓ - CHOCÓ),2023,6,2437.0,1231.0,25270.0,jueves,2023-06-29 12:30:00,419.0
27,CHOCÓ,27099,BOJAYÁ (BELLAVISTA),27099000,BELLAVISTA (BOJAYÁ (BELLAVISTA) - CHOCÓ),2023,6,100603.0,32072.0,240870.0,miércoles,2023-06-07 19:45:00,1743.0
27,CHOCÓ,27099,BOJAYÁ (BELLAVISTA),27099030,PIEDRA CANDELA (BOJAYÁ - CHOCÓ),2023,6,7665.0,3468.0,34550.0,miércoles,2023-06-21 17:15:00,958.0
27,CHOCÓ,27250,EL LITORAL DEL SAN JUAN,27250000,SANTA GENOVEVA DE DOCORDÓ (EL LITORAL DEL SAN JUAN - CHOCÓ),2023,6,98353.0,550.0,223210.0,sábado,2023-06-24 11:00:00,201.0
27,CHOCÓ,27372,JURADÓ,27372000,JURADÓ (JURAÓ - CHOCÓ),2023,6,177241.0,67301.0,334720.0,martes,2023-06-20 19:45:00,2343.0
27,CHOCÓ,27425,MEDIO ATRATO (BETÉ),27425000,BETÉ (MEDIO ATRATO (BETÉ) - CHOCÓ),2023,6,15563.0,14736.0,600.0,jueves,2023-06-01 12:15:00,1154.0
27,CHOCÓ,27495,NUQUÍ,27495912,COMUNIDAD INDÍGENA DE PANGUÍ - EL YUCAL (NUQUÍ - CHOCÓ),2023,6,5498.0,165.0,11350.0,jueves,2023-06-15 13:15:00,2035.0
27,CHOCÓ,27001,QUIBDÓ,27001029,TAGACHI (QUIBDÓ - CHOCÓ),2023,6,7829.0,2983.0,42720.0,domingo,2023-06-25 14:00:00,801.0
27,CHOCÓ,27800,UNGUÍA,27800001,BALBOA (UNGUÍA - CHOCÓ),2023,6,24801.0,9439.0,85970.0,domingo,2023-06-11 20:00:00,1203.0
27,CHOCÓ,27800,UNGUÍA,27800005,TITUMATE (UNGUÍA - CHOCÓ),2023,6,14213.0,4597.0,91520.0,viernes,2023-06-30 20:15:00,741.0
27,CHOCÓ,27800,UNGUÍA,27800000,UNGUÍA (UNGUÍA - CHOCÓ),2023,6,444905.0,148542.0,932450.0,sábado,2023-06-03 20:30:00,2216.0
94,GUAINÍA,94343,BARRANCOMINAS,94343000,BARRANCOMINAS (BARRANCOMINAS - GUAINÍA),2023,6,63075.0,15679.0,196870.0,miércoles,2023-06-28 18:30:00,1614.0
95,GUAVIARE,95200,MIRAFLORES,95200000,MIRAFLORES (MIRAFLORES - GUAVIARE),2023,6,8102.0,28953.0,204160.0,sábado,2023-06-03 18:45:00,1815.0
44,LA GUAJIRA,44847,URIBIA,44847012,NAZARETH (URIBIA - LA GUAJIRA),2023,6,53431.0,10543.0,33230.0,jueves,2023-06-01 19:45:00,1011.0
47,MAGDALENA,47189,CIÉNAGA,47189018,PALMOR (CIÉNAGA - MAGDALENA),2023,6,89264.0,31694.0,173180.0,sábado,2023-06-03 19:30:00,2244.0
50,META,50325,MAPIRIPÁN,50325000,MAPIRIPÁN (MAPIRIPÁN - META),2023,6,16025.0,59014.0,329120.0,sábado,2023-06-03 19:15:00,2257.0
52,NARIÑO,52250,EL CHARCO,52250023,BAZÁN (EL CHARCO - NARIÑO),2023,6,2344.0,9203.0,10560.0,lunes,2023-06-05 19:00:00,921.0
52,NARIÑO,52250,EL CHARCO,52250007,SAN JOSÉ DEL TAPAJE (EL CHARCO - NARIÑO),2023,6,11088.0,321.0,880.0,viernes,2023-06-23 19:30:00,713.0
52,NARIÑO,52520,FRANCISCO PIZARRO,52520013,SAN PEDRO DEL VINO (FRANCISCO PIZARRO - NARIÑO),2023,6,4164.0,2375.0,27970.0,miércoles,2023-06-21 19:45:00,648.0
52,NARIÑO,52390,LA TOLA,52390013,AMÁRALES (LA TOLA - NARIÑO),2023,6,5709.0,1967.0,47780.0,miércoles,2023-06-14 19:30:00,54.0
52,NARIÑO,52390,LA TOLA,52390009,MULATOS (LA TOLA - NARIÑO),2023,6,523.0,2805.0,37250.0,viernes,2023-06-09 18:30:00,725.0
52,NARIÑO,52427,MAGÜÍ,52427901,ALTO ESTERO (MAGÜÍ - NARIÑO),2023,6,5340.0,1680.0,11040.0,viernes,2023-06-02 19:15:00,157.0
52,NARIÑO,52427,MAGÜÍ,52427013,LA LOMA (MAGÜÍ - NARIÑO),2023,6,3080.0,2180.0,6890.0,martes,2023-06-13 18:15:00,146.0
52,NARIÑO,52490,OLAYA HERRERA,52490913,BOCA DE PRIETA (OLAYA HERRERA - NARIÑO),2023,6,2371.0,6560.0,15530.0,jueves,2023-06-22 20:00:00,601.0
52,NARIÑO,52835,SAN ANDRÉS DE TUMACO,52835055,BOCAS DE CURAY (TUMACO - NARIÑO),2023,6,8423.0,3007.0,5520.0,viernes,2023-06-02 19:00:00,705.0
52,NARIÑO,52696,SANTA BÁRBARA (ISCUANDÉ),52696014,LA ENSENADA (SANTA BÁRBARA (ISCUANDÉ) - NARIÑO),2023,6,333.0,613.0,21920.0,jueves,2023-06-29 19:45:00,617.0
52,NARIÑO,52696,SANTA BÁRBARA (ISCUANDÉ),52696022,SECADERO (SANTA BÁRBARA (ISCUANDÉ) - NARIÑO),2023,6,3218.0,2215.0,14590.0,lunes,2023-06-05 18:45:00,917.0
86,PUTUMAYO,86573,PUERTO LEGUÍZAMO,86573009,PIÑUÑA NEGRO (PUERTO LEGUÍZAMO - PUTUMAYO),2023,6,2614.0,139.0,2240.0,sábado,2023-06-03 16:45:00,533.0
86,PUTUMAYO,86573,PUERTO LEGUÍZAMO,86573000,PUERTO LEGUÍZAMO (PUERTO LEGUÍZAMO - PUTUMAYO),2023,6,637269.0,233584.0,129659.0,martes,2023-06-13 18:45:00,2313.0
76,VALLE DEL CAUCA,76109,BUENAVENTURA,76109069,PAPAYAL 1 (BUENAVENTURA - VALLE DEL CAUCA),2023,6,9619.0,6790.0,44120.0,sábado,2023-06-03 18:30:00,845.0
76,VALLE DEL CAUCA,76109,BUENAVENTURA,76109028,PUERTO MERIZALDE (BUENAVENTURA - VALLE DEL CAUCA),2023,6,99946.0,3602.0,226510.0,miércoles,2023-06-21 19:45:00,215.0
76,VALLE DEL CAUCA,76109,BUENAVENTURA,76109032,SAN FRANCISCO NAYA (BUENAVENTURA - VALLE DEL CAUCA),2023,6,6449.0,2709.0,32160.0,jueves,2023-06-08 11:45:00,818.0
97,VAUPÉS,97161,CARURÚ,97161000,CARURÚ (CARURÚ - VAUPÉS),2023,6,23364.0,9927.0,84920.0,viernes,2023-06-09 18:30:00,1209.0
97,VAUPÉS,97001,MITÚ,97001000,MITÚ (MITÚ - VAUPÉS),2023,6,7576.0,361584.0,28824.0,martes,2023-06-13 12:00:00,24.0
97,VAUPÉS,97666,TARAIRA,97666000,TARAIRA (TARAIRA - VAUPÉS),2023,6,31932.0,10264.0,132970.0,miércoles,2023-06-28 12:30:00,1051.0
99,VICHADA,99773,CUMARIBO,99773000,CUMARIBO (CUMARIBO - VICHADA),2023,6,308892.0,124088.0,6600.0,viernes,2023-06-09 14:45:00,24.0
99,VICHADA,99001,PUERTO CARREÑO,99001000,PUERTO CARREÑO (PUERTO CARREÑO - VICHADA),2023,6,7576.0,758457.0,487168.0,jueves,2023-06-01 14:15:00,2351.0
91,AMAZONAS,91001,LETICIA,91001000,LETICIA (LETICIA - AMAZONAS),2023,7,7576.0,4650.0,788098.0,jueves,2023-07-27 15:00:00,24.0
91,AMAZONAS,91798,TARAPACA (ANM),91798000,TARAPACA (TARAPACA (ANM) - AMAZONAS),2023,7,27746.0,12859.0,112410.0,miércoles,2023-07-12 19:00:00,102.0
5,ANTIOQUIA,5873,VIGÍA DEL FUERTE,5873002,VEGAEZ (VIGÍA DEL FUERTE - ANTIOQUIA),2023,7,4947.0,4710.0,32060.0,jueves,2023-07-20 19:30:00,639.0
88,ARCHIPIÉLAGO DE SAN ANDRÉS y PROVIDENCIA,88564,PROVIDENCIA,88564000,PROVIDENCIA (PROVIDENCIA - ARCHIPIÉLAGO DE SAN ANDRÉS y PROVIDENCIA ),2023,7,7576.0,282664.0,220052.0,miércoles,2023-07-12 22:00:00,2358.0
88,ARCHIPIÉLAGO DE SAN ANDRÉS y PROVIDENCIA,88001,SAN ANDRÉS,88001000,SAN ANDRÉS (SAN ANDRÉS - ARCHIPIÉLAGO DE SAN ANDRÉS y PROVIDENCIA ),2023,7,7576.0,4650.0,3172893.0,viernes,2023-07-21 15:30:00,24.0
13,BOLÍVAR,13001,CARTAGENA DE INDIAS,13001007,ISLA FUERTE (CARTAGENA DE INDIAS - BOLÍVAR),2023,7,35668.0,20472.0,237530.0,sábado,2023-07-01 20:00:00,703.0
13,BOLÍVAR,13001,CARTAGENA DE INDIAS,13001037,ISLA MUCURA (CARTAGENA DE INDIAS - BOLÍVAR),2023,7,7284.0,2921.0,23140.0,miércoles,2023-07-05 22:30:00,1344.0
13,BOLÍVAR,13001,CARTAGENA DE INDIAS,13001017,SANTA CRUZ DEL ISLOTE (CARTAGENA DE INDIAS - BOLÍVAR),2023,7,5536.0,1715.0,18530.0,martes,2023-07-11 21:15:00,1139.0
18,CAQUETÁ,18150,CARTAGENA DEL CHAIRA,18150001,REMOLINO DEL CAGUAN (CARTAGENA DEL CHAIRA - CAQUETÁ),2023,7,19378.0,883.0,89370.0,sábado,2023-07-29 19:00:00,902.0
18,CAQUETÁ,18753,SAN VICENTE DEL CAGUÁN,18753002,GUACAMAYAS (SAN VICENTE DEL CAGUÁN - CAQUETÁ),2023,7,12425.0,4632.0,33120.0,sábado,2023-07-22 19:00:00,1805.0
18,CAQUETÁ,18753,SAN VICENTE DEL CAGUÁN,18753009,PUERTO BETANIA (SAN VICENTE DEL CAGUÁN - CAQUETÁ),2023,7,4384.0,1842.0,3360.0,viernes,2023-07-07 19:30:00,6.0
19,CAUCA,19318,GUAPI,19318008,LIMONES (GUAPI - CAUCA),2023,7,8512.0,4005.0,45890.0,miércoles,2023-07-05 18:15:00,848.0
19,CAUCA,19418,LÓPEZ DE MICAY,19418012,SAN ANTONIO DE CHUARE (LÓPEZ DE MICAY - CAUCA),2023,7,5872.0,1823.0,46690.0,sábado,2023-07-01 19:00:00,52.0
19,CAUCA,19809,TIMBIQUÍ,19809014,CHACON (TIMBIQUÍ - CAUCA),2023,7,3544.0,1015.0,27980.0,domingo,2023-07-30 19:45:00,556.0
19,CAUCA,19809,TIMBIQUÍ,19809003,COTEJE (TIMBIQUÍ - CAUCA),2023,7,5691.0,3826.0,30720.0,lunes,2023-07-24 19:30:00,705.0
19,CAUCA,19809,TIMBIQUÍ,19809023,PUERTO SAIJA (TIMBIQUÍ - CAUCA),2023,7,29833.0,10248.0,182160.0,miércoles,2023-07-19 19:30:00,62.0
19,CAUCA,19809,TIMBIQUÍ,19809009,SANTA ROSA DE SAIJA (TIMBIQUÍ - CAUCA),2023,7,3236.0,1284.0,20110.0,domingo,2023-07-23 19:30:00,558.0
27,CHOCÓ,27006,ACANDÍ,27006000,ACANDÍ (ACANDÍ - CHOCÓ),2023,7,675713.0,203724.0,169488.0,viernes,2023-07-07 20:45:00,18.0
27,CHOCÓ,27025,ALTO BAUDO,27025000,CIUDAD BAUDO - PIE DE PATO (ALTO BAUDO - CHOCÓ),2023,7,53237.0,17732.0,127070.0,jueves,2023-07-20 11:45:00,2344.0
27,CHOCÓ,27075,BAHÍA SOLANO,27075000,CIUDAD MUTIS (BAHÍA SOLANO - CHOCÓ),2023,7,613079.0,235459.0,129052.0,miércoles,2023-07-26 11:45:00,2351.0
27,CHOCÓ,27075,BAHÍA SOLANO,27075001,CUPICA (BAHÍA SOLANO - CHOCÓ),2023,7,55273.0,18455.0,123540.0,miércoles,2023-07-19 20:15:00,2354.0
27,CHOCÓ,27075,BAHÍA SOLANO,27075002,EL VALLE (BAHÍA SOLANO - CHOCÓ),2023,7,192736.0,71761.0,384120.0,viernes,2023-07-21 19:30:00,2333.0
27,CHOCÓ,27077,BAJO BAUDÓ,27077029,FIRME DE USARGA (BAJO BAUDÓ - CHOCÓ),2023,7,7550.0,8360.0,7120.0,lunes,2023-07-31 19:00:00,431.0
27,CHOCÓ,27077,BAJO BAUDÓ,27077026,GUINEAL (BAJO BAUDÓ - CHOCÓ),2023,7,5747.0,2493.0,31750.0,martes,2023-07-18 19:00:00,825.0
27,CHOCÓ,27077,BAJO BAUDÓ,27077000,PIZARRO (BAJO BAUDÓ - CHOCÓ),2023,7,2453.0,98778.0,606670.0,martes,2023-07-18 19:45:00,2213.0
27,CHOCÓ,27077,BAJO BAUDÓ,27077916,TERRON (BAJO BAUDÓ - CHOCÓ),2023,7,4613.0,2208.0,24560.0,miércoles,2023-07-19 12:45:00,801.0
27,CHOCÓ,27099,BOJAYÁ,27099000,BELLAVISTA (BOJAYÁ - CHOCÓ),2023,7,101093.0,31203.0,250330.0,sábado,2023-07-08 20:15:00,1645.0
27,CHOCÓ,27099,BOJAYÁ,27099030,PIEDRA CANDELA (BOJAYÁ - CHOCÓ),2023,7,7434.0,3293.0,34820.0,sábado,2023-07-29 15:30:00,946.0
27,CHOCÓ,27250,EL LITORAL DEL SAN JUAN,27250000,SANTA GENOVEVA DE DOCORDO (EL LITORAL DEL SAN JUAN - CHOCÓ),2023,7,103973.0,56702.0,246310.0,jueves,2023-07-20 12:45:00,2028.0
27,CHOCÓ,27372,JURADO,27372000,JURADO (JURADO - CHOCÓ),2023,7,184813.0,68165.0,362880.0,jueves,2023-07-20 19:30:00,23.0
27,CHOCÓ,27425,MEDIO ATRATO,27425000,BETE (MEDIO ATRATO - CHOCÓ),2023,7,10645.0,8936.0,560.0,jueves,2023-07-06 11:30:00,823.0
27,CHOCÓ,27800,UNGUÍA,27800001,BALBOA (UNGUÍA - CHOCÓ),2023,7,26211.0,9835.0,95110.0,domingo,2023-07-30 20:30:00,1152.0
27,CHOCÓ,27800,UNGUÍA,27800005,TITUMATE (UNGUÍA - CHOCÓ),2023,7,15421.0,7302.0,88350.0,sábado,2023-07-29 19:45:00,73.0
27,CHOCÓ,27800,UNGUÍA,27800000,UNGUÍA (UNGUÍA - CHOCÓ),2023,7,459939.0,155189.0,944060.0,lunes,2023-07-10 20:00:00,2207.0
94,GUAINÍA,94343,BARRANCO MINAS,94343000,BARRANCO MINAS (BARRANCO MINAS - GUAINÍA),2023,7,60935.0,14074.0,173590.0,miércoles,2023-07-05 18:30:00,1551.0
95,GUAVIARE,95200,MIRAFLORES,95200000,MIRAFLORES (MIRAFLORES - GUAVIARE),2023,7,83462.0,27375.0,19580.0,jueves,2023-07-06 18:45:00,1816.0
44,LA GUAJIRA,44847,URIBIA,44847012,NAZARETH (URIBIA - LA GUAJIRA),2023,7,58349.0,11007.0,347330.0,miércoles,2023-07-12 18:45:00,935.0
47,MAGDALENA,47189,CIÉNAGA,47189018,PALMOR (CIÉNAGA - MAGDALENA),2023,7,98207.0,35278.0,18330.0,viernes,2023-07-14 19:00:00,2251.0
50,META,50325,MAPIRIPAN,50325000,MAPIRIPAN (MAPIRIPAN - META),2023,7,166023.0,60755.0,344080.0,miércoles,2023-07-26 18:45:00,2351.0
52,NARIÑO,52250,EL CHARCO,52250023,BAZAN (EL CHARCO - NARIÑO),2023,7,17741.0,6878.0,11040.0,martes,2023-07-18 19:15:00,635.0
52,NARIÑO,52250,EL CHARCO,52250007,SAN JOSE DEL TAPAJE (EL CHARCO - NARIÑO),2023,7,1299.0,3724.0,800.0,sábado,2023-07-01 18:45:00,832.0
52,NARIÑO,52520,FRANCISCO PIZARRO,52520013,SAN PEDRO DEL VINO (FRANCISCO PIZARRO - NARIÑO),2023,7,4071.0,2175.0,23680.0,martes,2023-07-25 18:30:00,646.0
52,NARIÑO,52390,LA TOLA,52390013,AMARALES (LA TOLA - NARIÑO),2023,7,7193.0,2262.0,46020.0,martes,2023-07-18 20:00:00,717.0
52,NARIÑO,52427,MAGÜI,52427901,ALTO ESTERO (MAGÜI - NARIÑO),2023,7,4210.0,1320.0,11320.0,domingo,2023-07-30 19:15:00,127.0
52,NARIÑO,52427,MAGÜI,52427013,LA LOMA (MAGÜI - NARIÑO),2023,7,3390.0,2350.0,7450.0,domingo,2023-07-30 19:30:00,152.0
52,NARIÑO,52490,OLAYA HERRERA,52490913,BOCA DE PRIETA (OLAYA HERRERA - NARIÑO),2023,7,2347.0,6570.0,15860.0,miércoles,2023-07-26 20:00:00,532.0
52,NARIÑO,52835,SAN ANDRÉS DE TUMACO,52835055,BOCAS DE CURAY (SAN ANDRÉS DE TUMACO - NARIÑO),2023,7,8814.0,3287.0,5280.0,domingo,2023-07-23 12:00:00,727.0
52,NARIÑO,52696,SANTA BÁRBARA,52696014,LA ENSENADA (SANTA BÁRBARA - NARIÑO),2023,7,3485.0,6323.0,21860.0,jueves,2023-07-20 19:30:00,611.0
52,NARIÑO,52696,SANTA BÁRBARA,52696022,SECADERO (SANTA BÁRBARA - NARIÑO),2023,7,2602.0,1828.0,13080.0,domingo,2023-07-23 19:45:00,753.0
86,PUTUMAYO,86573,PUERTO LEGUIZAMO,86573000,PUERTO LEGUIZAMO (PUERTO LEGUIZAMO - PUTUMAYO),2023,7,671713.0,244357.0,126676.0,miércoles,2023-07-26 19:00:00,2322.0
76,VALLE DEL CAUCA,76109,BUENAVENTURA,76109069,PAPAYAL 1 (BUENAVENTURA - VALLE DEL CAUCA),2023,7,831.0,5800.0,41810.0,viernes,2023-07-28 18:45:00,736.0
76,VALLE DEL CAUCA,76109,BUENAVENTURA,76109028,PUERTO MERIZALDE (BUENAVENTURA - VALLE DEL CAUCA),2023,7,88095.0,32072.0,245520.0,jueves,2023-07-06 15:30:00,1857.0
76,VALLE DEL CAUCA,76109,BUENAVENTURA,76109032,SAN FRANCISCO NAYA (BUENAVENTURA - VALLE DEL CAUCA),2023,7,6483.0,2842.0,31740.0,sábado,2023-07-01 11:45:00,804.0
97,VAUPÉS,97161,CARURÚ,97161000,CARURÚ (CARURÚ - VAUPÉS),2023,7,25299.0,10383.0,86770.0,miércoles,2023-07-19 19:00:00,1217.0
97,VAUPÉS,97001,MITÚ,97001000,MITÚ (MITÚ - VAUPÉS),2023,7,7576.0,373817.0,289811.0,miércoles,2023-07-05 11:45:00,2358.0
97,VAUPÉS,97666,TARAIRA,97666000,TARAIRA (TARAIRA - VAUPÉS),2023,7,33997.0,10861.0,131820.0,miércoles,2023-07-26 12:30:00,1114.0
99,VICHADA,99773,CUMARIBO,99773000,CUMARIBO (CUMARIBO - VICHADA),2023,7,317822.0,129634.0,650320.0,jueves,2023-07-13 14:15:00,2358.0
99,VICHADA,99001,PUERTO CARREÑO,99001000,PUERTO CARREÑO (PUERTO CARREÑO - VICHADA),2023,7,7576.0,762278.0,445456.0,jueves,2023-07-06 14:15:00,2358.0
52,NARIÑO,52390,LA TOLA,52390009,MULATOS (LA TOLA - NARIÑO),2023,7,5866.0,1890.0,33920.0,viernes,2023-07-14 20:30:00,809.0
91,AMAZONAS,91798,TARAPACÁ (ANM),91798000,TARAPACÁ (TARAPACÁ (ANM) - AMAZONAS),2023,8,30314.0,13613.0,120390.0,sábado,2023-08-26 14:15:00,1015.0
5,ANTIOQUIA,5873,VIGÍA DEL FUERTE,5873002,VEGÁEZ (VIGÍA DEL FUERTE - ANTIOQUIA),2023,8,5313.0,7350.0,54620.0,sábado,2023-08-12 19:00:00,559.0
91,AMAZONAS,91001,LETICIA,91001000,LETICIA (LETICIA - AMAZONAS),2023,8,7576.0,4650.0,83409.0,martes,2023-08-22 14:45:00,24.0
88,"ARCHIPIÉLAGO DE SAN ANDRÉS, PROVIDENCIA Y SANTA CATALINA",88564,PROVIDENCIA,88564000,PROVIDENCIA (PROVIDENCIA - ARCHIPIÉLAGO DE SAN ANDRÉS Y PROVIDENCIA),2023,8,7576.0,269878.0,222512.0,jueves,2023-08-31 14:30:00,24.0
88,"ARCHIPIÉLAGO DE SAN ANDRÉS, PROVIDENCIA Y SANTA CATALINA",88001,SAN ANDRÉS,88001000,SAN ANDRÉS (SAN ANDRÉS - ARCHIPIÉLAGO DE SAN ANDRÉS Y PROVIDENCIA),2023,8,7576.0,4650.0,3316297.0,miércoles,2023-08-30 15:30:00,24.0
13,BOLÍVAR,13001,CARTAGENA DE INDIAS,13001007,ISLA FUERTE (CARTAGENA DE INDIAS - BOLÍVAR),2023,8,59332.0,34624.0,239690.0,sábado,2023-08-05 22:15:00,12.0
13,BOLÍVAR,13001,CARTAGENA DE INDIAS,13001037,ISLA MÚCURA (CARTAGENA DE INDIAS - BOLÍVAR),2023,8,7212.0,2912.0,23840.0,sábado,2023-08-19 23:30:00,1347.0
13,BOLÍVAR,13001,CARTAGENA DE INDIAS,13001017,SANTA CRUZ DEL ISLOTE (CARTAGENA DE INDIAS - BOLÍVAR),2023,8,5284.0,1708.0,18430.0,jueves,2023-08-10 20:30:00,1135.0
18,CAQUETÁ,18150,CARTAGENA DEL CHAIRÁ,18150001,REMOLINO DEL CAGUÁN (CARTAGENA DEL CHAIRA - CAQUETÁ),2023,8,19409.0,863.0,103840.0,sábado,2023-08-26 19:00:00,825.0
18,CAQUETÁ,18753,SAN VICENTE DEL CAGUÁN,18753002,GUACAMAYAS (SAN VICENTE DEL CAGUÁN - CAQUETÁ),2023,8,13259.0,5056.0,36820.0,miércoles,2023-08-09 19:15:00,1708.0
18,CAQUETÁ,18753,SAN VICENTE DEL CAGUÁN,18753009,PUERTO BETANIA (SAN VICENTE DEL CAGUÁN - CAQUETÁ),2023,8,4927.0,2037.0,3740.0,miércoles,2023-08-16 20:15:00,61.0
19,CAUCA,19318,GUAPI,19318008,LIMONES (GUAPI - CAUCA),2023,8,8101.0,3921.0,50330.0,domingo,2023-08-20 19:00:00,824.0
19,CAUCA,19318,GUAPI,19318013,SAN ANTONIO DE GUAJUÍ (GUAPI - CAUCA),2023,8,11007.0,6047.0,57810.0,miércoles,2023-08-02 19:30:00,806.0
19,CAUCA,19418,LÓPEZ DE MICAY,19418033,BOCA GRANDE (LÓPEZ (MICAY) - CAUCA),2023,8,4015.0,7320.0,3480.0,martes,2023-08-15 19:00:00,5.0
19,CAUCA,19418,LÓPEZ DE MICAY,19418038,ISLA DE GALLO (LÓPEZ DE MICAY - CAUCA),2023,8,4899.0,2448.0,28290.0,sábado,2023-08-05 20:15:00,724.0
19,CAUCA,19418,LÓPEZ DE MICAY,19418009,NOANAMITO (LÓPEZ DE MICAY - CAUCA),2023,8,7844.0,2996.0,360.0,domingo,2023-08-06 19:30:00,957.0
19,CAUCA,19418,LÓPEZ DE MICAY,19418011,DOS QUEBRADAS RÍO NAYA (LÓPEZ DE MICAY - CAUCA),2023,8,2404.0,9860.0,27460.0,miércoles,2023-08-30 19:30:00,337.0
19,CAUCA,19418,LÓPEZ DE MICAY,19418012,SAN ANTONIO DE CHUARÉ (LÓPEZ DE MICAY - CAUCA),2023,8,4772.0,1371.0,47460.0,sábado,2023-08-05 19:15:00,401.0
19,CAUCA,19418,LÓPEZ DE MICAY,19418015,SAN ISIDRO (LÓPEZ DE MICAY - CAUCA),2023,8,1063.0,5810.0,7420.0,domingo,2023-08-06 19:45:00,558.0
19,CAUCA,19809,TIMBIQUÍ,19809014,CHACÓN (TIMBIQUÍ - CAUCA),2023,8,3707.0,1081.0,24480.0,miércoles,2023-08-09 19:00:00,618.0
19,CAUCA,19809,TIMBIQUÍ,19809003,COTEJE (TIMBIQUÍ - CAUCA),2023,8,6201.0,4364.0,29920.0,jueves,2023-08-10 19:15:00,756.0
19,CAUCA,19809,TIMBIQUÍ,19809023,PUERTO SAIJA (TIMBIQUÍ - CAUCA),2023,8,38598.0,13508.0,17670.0,miércoles,2023-08-30 19:45:00,855.0
19,CAUCA,19809,TIMBIQUÍ,19809009,SANTA ROSA DE SAIJA (TIMBIQUÍ - CAUCA),2023,8,3266.0,1302.0,20060.0,lunes,2023-08-28 19:30:00,609.0
27,CHOCÓ,27006,ACANDÍ,27006000,ACANDÍ (ACANDÍ - CHOCÓ),2023,8,624583.0,193963.0,148632.0,viernes,2023-08-04 22:00:00,2009.0
27,CHOCÓ,27025,ALTO BAUDÓ (PIE DE PATO),27025000,CIUDAD BAUDÓ - PIE DE PATO (ALTO BAUDÓ - CHOCÓ),2023,8,53179.0,17886.0,122940.0,miércoles,2023-08-30 11:45:00,2354.0
27,CHOCÓ,27075,BAHÍA SOLANO (MUTIS),27075000,CIUDAD MUTIS (BAHÍA SOLANO - CHOCÓ),2023,8,122195.0,50665.0,12958.0,miércoles,2023-08-02 12:15:00,2306.0
27,CHOCÓ,27075,BAHÍA SOLANO (MUTIS),27075001,CUPICA (BAHÍA SOLANO - CHOCÓ),2023,8,56339.0,17183.0,124870.0,lunes,2023-08-14 20:00:00,2359.0
27,CHOCÓ,27075,BAHÍA SOLANO (MUTIS),27075002,EL VALLE (BAHÍA SOLANO - CHOCÓ),2023,8,190369.0,70576.0,382540.0,miércoles,2023-08-30 19:15:00,2314.0
27,CHOCÓ,27077,BAJO BAUDÓ (PIZARRO),27077029,FIRME DE USARGA (BAJO BAUDÓ (PIZARRO) - CHOCÓ),2023,8,3780.0,2460.0,630.0,domingo,2023-08-06 19:30:00,231.0
27,CHOCÓ,27077,BAJO BAUDÓ (PIZARRO),27077026,GUINEAL (BAJO BAUDÓ (PIZARRO) - CHOCÓ),2023,8,5965.0,5912.0,33240.0,domingo,2023-08-13 11:45:00,809.0
27,CHOCÓ,27077,BAJO BAUDÓ (PIZARRO),27077000,PIZARRO (BAJO BAUDÓ (PIZARRO) - CHOCÓ),2023,8,251425.0,97889.0,47150.0,miércoles,2023-08-02 19:30:00,231.0
27,CHOCÓ,27077,BAJO BAUDÓ (PIZARRO),27077916,TERRON (BAJO BAUDÓ - CHOCÓ),2023,8,5211.0,2581.0,26070.0,miércoles,2023-08-02 12:45:00,904.0
27,CHOCÓ,27099,BOJAYÁ (BELLAVISTA),27099000,BELLAVISTA (BOJAYÁ (BELLAVISTA) - CHOCÓ),2023,8,101643.0,30691.0,243020.0,viernes,2023-08-04 20:15:00,1645.0
27,CHOCÓ,27099,BOJAYÁ (BELLAVISTA),27099030,PIEDRA CANDELA (BOJAYÁ - CHOCÓ),2023,8,7787.0,3445.0,3550.0,martes,2023-08-29 16:00:00,92.0
27,CHOCÓ,27250,EL LITORAL DEL SAN JUAN,27250000,SANTA GENOVEVA DE DOCORDÓ (EL LITORAL DEL SAN JUAN - CHOCÓ),2023,8,95572.0,52957.0,235220.0,miércoles,2023-08-09 11:45:00,1825.0
27,CHOCÓ,27372,JURADÓ,27372000,JURADÓ (JURAÓ - CHOCÓ),2023,8,200154.0,70965.0,360320.0,miércoles,2023-08-16 19:15:00,2343.0
27,CHOCÓ,27425,MEDIO ATRATO (BETÉ),27425000,BETÉ (MEDIO ATRATO (BETÉ) - CHOCÓ),2023,8,12708.0,7979.0,560.0,martes,2023-08-29 12:30:00,1043.0
27,CHOCÓ,27495,NUQUÍ,27495011,PUERTO JAGUA (NUQUÍ - CHOCÓ),2023,8,9230.0,4670.0,60.0,sábado,2023-08-19 19:00:00,709.0
27,CHOCÓ,27495,NUQUÍ,27495003,JURUBIRA (NUQUÍ - CHOCÓ),2023,8,15945.0,7744.0,57360.0,viernes,2023-08-18 19:15:00,1256.0
27,CHOCÓ,27001,QUIBDÓ,27001029,TAGACHI (QUIBDÓ - CHOCÓ),2023,8,0.0,0.0,0.0,martes,2023-08-01 00:00:00,0.0
27,CHOCÓ,27800,UNGUÍA,27800001,BALBOA (UNGUÍA - CHOCÓ),2023,8,26794.0,9912.0,90450.0,sábado,2023-08-05 19:30:00,1208.0
27,CHOCÓ,27800,UNGUÍA,27800005,TITUMATE (UNGUÍA - CHOCÓ),2023,8,16873.0,5751.0,92840.0,viernes,2023-08-25 20:00:00,818.0
27,CHOCÓ,27800,UNGUÍA,27800000,UNGUÍA (UNGUÍA - CHOCÓ),2023,8,468171.0,158614.0,979440.0,miércoles,2023-08-30 21:00:00,2222.0
94,GUAINÍA,94343,BARRANCOMINAS,94343000,BARRANCOMINAS (BARRANCOMINAS - GUAINÍA),2023,8,60416.0,16684.0,216830.0,viernes,2023-08-25 18:30:00,1547.0
94,GUAINÍA,94001,INÍRIDA,94001000,INÍRIDA (INÍRIDA - GUAINÍA),2023,8,7576.0,639007.0,412984.0,viernes,2023-08-18 14:30:00,24.0
95,GUAVIARE,95200,MIRAFLORES,95200000,MIRAFLORES (MIRAFLORES - GUAVIARE),2023,8,8927.0,2841.0,211640.0,viernes,2023-08-25 13:30:00,1819.0
44,LA GUAJIRA,44847,URIBIA,44847012,NAZARETH (URIBIA - LA GUAJIRA),2023,8,53865.0,10924.0,344980.0,jueves,2023-08-10 19:00:00,935.0
47,MAGDALENA,47189,CIÉNAGA,47189018,PALMOR (CIÉNAGA - MAGDALENA),2023,8,83964.0,29169.0,179710.0,martes,2023-08-15 19:00:00,2303.0
50,META,50325,MAPIRIPÁN,50325000,MAPIRIPÁN (MAPIRIPÁN - META),2023,8,180492.0,66783.0,345840.0,miércoles,2023-08-23 19:00:00,2354.0
52,NARIÑO,52250,EL CHARCO,52250016,ALTERÓN (URIBE URIBE) (EL CHARCO - NARIÑO),2023,8,0.0,0.0,0.0,martes,2023-08-01 00:00:00,0.0
52,NARIÑO,52250,EL CHARCO,52250023,BAZÁN (EL CHARCO - NARIÑO),2023,8,23057.0,884.0,11040.0,sábado,2023-08-12 19:15:00,831.0
52,NARIÑO,52250,EL CHARCO,52250003,BOLÍVAR - SAN PEDRO (EL CHARCO - NARIÑO),2023,8,319.0,2658.0,27360.0,martes,2023-08-15 19:30:00,435.0
52,NARIÑO,52250,EL CHARCO,52250022,EL CUIL PUEBLO NUEVO (EL CHARCO - NARIÑO),2023,8,7076.0,3555.0,29960.0,miércoles,2023-08-30 19:15:00,907.0
52,NARIÑO,52250,EL CHARCO,52250005,LAS MERCEDES (EL CHARCO - NARIÑO),2023,8,2573.0,1959.0,14240.0,jueves,2023-08-31 19:45:00,709.0
52,NARIÑO,52250,EL CHARCO,52250007,SAN JOSÉ DEL TAPAJE (EL CHARCO - NARIÑO),2023,8,11974.0,344.0,800.0,lunes,2023-08-28 21:00:00,822.0
52,NARIÑO,52520,FRANCISCO PIZARRO,52520013,SAN PEDRO DEL VINO (FRANCISCO PIZARRO - NARIÑO),2023,8,4234.0,2442.0,25440.0,lunes,2023-08-21 19:00:00,645.0
52,NARIÑO,52390,LA TOLA,52390005,AGUACATAL (LA TOLA - NARIÑO),2023,8,3391.0,9930.0,11680.0,sábado,2023-08-19 20:00:00,1233.0
52,NARIÑO,52390,LA TOLA,52390013,AMÁRALES (LA TOLA - NARIÑO),2023,8,9507.0,3351.0,4790.0,viernes,2023-08-18 20:00:00,933.0
52,NARIÑO,52390,LA TOLA,52390003,LA VIGÍA DE LA MAR (LA TOLA - NARIÑO),2023,8,6544.0,2253.0,35280.0,viernes,2023-08-18 11:30:00,843.0
52,NARIÑO,52390,LA TOLA,52390009,MULATOS (LA TOLA - NARIÑO),2023,8,5257.0,3388.0,34560.0,martes,2023-08-08 18:00:00,738.0
52,NARIÑO,52390,LA TOLA,52390016,SAN PABLO DEL MAR (LA TOLA - NARIÑO),2023,8,4041.0,1563.0,16450.0,jueves,2023-08-17 18:45:00,1005.0
52,NARIÑO,52427,MAGÜÍ,52427013,LA LOMA (MAGÜÍ - NARIÑO),2023,8,9760.0,6070.0,6970.0,martes,2023-08-01 19:15:00,541.0
52,NARIÑO,52490,OLAYA HERRERA,52490913,BOCA DE PRIETA (OLAYA HERRERA - NARIÑO),2023,8,2691.0,7840.0,16130.0,viernes,2023-08-04 18:30:00,617.0
52,NARIÑO,52835,SAN ANDRÉS DE TUMACO,52835055,BOCAS DE CURAY (TUMACO - NARIÑO),2023,8,7895.0,2711.0,5280.0,miércoles,2023-08-09 19:15:00,633.0
52,NARIÑO,52835,SAN ANDRÉS DE TUMACO,52835217,SAN JUAN DE LA COSTA (SAN ANDRÉS DE TUMACO - NARIÑO),2023,8,22285.0,8667.0,11840.0,jueves,2023-08-10 19:00:00,845.0
52,NARIÑO,52696,SANTA BÁRBARA (ISCUANDÉ),52696014,LA ENSENADA (SANTA BÁRBARA (ISCUANDÉ) - NARIÑO),2023,8,3563.0,6345.0,23010.0,viernes,2023-08-25 19:15:00,613.0
52,NARIÑO,52696,SANTA BÁRBARA (ISCUANDÉ),52696022,SECADERO (SANTA BÁRBARA (ISCUANDÉ) - NARIÑO),2023,8,2848.0,187.0,14090.0,martes,2023-08-29 17:45:00,832.0
86,PUTUMAYO,86573,PUERTO LEGUÍZAMO,86573000,PUERTO LEGUÍZAMO (PUERTO LEGUÍZAMO - PUTUMAYO),2023,8,724411.0,246403.0,143554.0,jueves,2023-08-31 11:30:00,2348.0
76,VALLE DEL CAUCA,76109,BUENAVENTURA,76109069,PAPAYAL 1 (BUENAVENTURA - VALLE DEL CAUCA),2023,8,9476.0,8110.0,40460.0,domingo,2023-08-20 18:45:00,915.0
76,VALLE DEL CAUCA,76109,BUENAVENTURA,76109028,PUERTO MERIZALDE (BUENAVENTURA - VALLE DEL CAUCA),2023,8,97305.0,36072.0,223520.0,lunes,2023-08-21 18:00:00,2047.0
76,VALLE DEL CAUCA,76109,BUENAVENTURA,76109032,SAN FRANCISCO NAYA (BUENAVENTURA - VALLE DEL CAUCA),2023,8,6704.0,3015.0,32510.0,viernes,2023-08-18 12:15:00,81.0
97,VAUPÉS,97161,CARURÚ,97161000,CARURÚ (CARURÚ - VAUPÉS),2023,8,26153.0,10645.0,98470.0,jueves,2023-08-31 18:00:00,1214.0
97,VAUPÉS,97001,MITÚ,97001000,MITÚ (MITÚ - VAUPÉS),2023,8,7576.0,390499.0,29117.0,miércoles,2023-08-23 11:45:00,235.0
97,VAUPÉS,97666,TARAIRA,97666000,TARAIRA (TARAIRA - VAUPÉS),2023,8,36864.0,11207.0,134380.0,jueves,2023-08-10 12:45:00,1119.0
99,VICHADA,99773,CUMARIBO,99773000,CUMARIBO (CUMARIBO - VICHADA),2023,8,347125.0,135511.0,71060.0,jueves,2023-08-31 15:00:00,2341.0
99,VICHADA,99001,PUERTO CARREÑO,99001000,PUERTO CARREÑO (PUERTO CARREÑO - VICHADA),2023,8,7576.0,801372.0,480744.0,viernes,2023-08-18 14:30:00,2357.0
91,AMAZONAS,91001,LETICIA,91001000,LETICIA (LETICIA - AMAZONAS),2023,9,7576.0,4650.0,859246.0,jueves,2023-09-07 15:00:00,24.0
91,AMAZONAS,91798,TARAPACÁ (ANM),91798000,TARAPACÁ (TARAPACÁ (ANM) - AMAZONAS),2023,9,30097.0,13757.0,126710.0,miércoles,2023-09-06 15:15:00,1015.0
5,ANTIOQUIA,5873,VIGÍA DEL FUERTE,5873002,VEGÁEZ (VIGÍA DEL FUERTE - ANTIOQUIA),2023,9,5685.0,8370.0,56260.0,jueves,2023-09-07 21:00:00,618.0
88,"ARCHIPIÉLAGO DE SAN ANDRÉS, PROVIDENCIA Y SANTA CATALINA",88564,PROVIDENCIA,88564000,PROVIDENCIA (PROVIDENCIA - ARCHIPIÉLAGO DE SAN ANDRÉS Y PROVIDENCIA),2023,9,7576.0,271351.0,221359.0,martes,2023-09-26 14:15:00,24.0
88,"ARCHIPIÉLAGO DE SAN ANDRÉS, PROVIDENCIA Y SANTA CATALINA",88001,SAN ANDRÉS,88001000,SAN ANDRÉS (SAN ANDRÉS - ARCHIPIÉLAGO DE SAN ANDRÉS Y PROVIDENCIA),2023,9,7576.0,4650.0,3335595.0,viernes,2023-09-01 15:30:00,24.0
13,BOLÍVAR,13001,CARTAGENA DE INDIAS,13001007,ISLA FUERTE (CARTAGENA DE INDIAS - BOLÍVAR),2023,9,7329.0,40608.0,226640.0,viernes,2023-09-29 22:15:00,1607.0
13,BOLÍVAR,13001,CARTAGENA DE INDIAS,13001037,ISLA MÚCURA (CARTAGENA DE INDIAS - BOLÍVAR),2023,9,5539.0,2199.0,22370.0,viernes,2023-09-08 22:15:00,1032.0
13,BOLÍVAR,13001,CARTAGENA DE INDIAS,13001017,SANTA CRUZ DEL ISLOTE (CARTAGENA DE INDIAS - BOLÍVAR),2023,9,9602.0,3063.0,53730.0,jueves,2023-09-28 22:00:00,1103.0
18,CAQUETÁ,18150,CARTAGENA DEL CHAIRÁ,18150001,REMOLINO DEL CAGUÁN (CARTAGENA DEL CHAIRA - CAQUETÁ),2023,9,19377.0,8471.0,101430.0,sábado,2023-09-09 19:30:00,815.0
18,CAQUETÁ,18753,SAN VICENTE DEL CAGUÁN,18753002,GUACAMAYAS (SAN VICENTE DEL CAGUÁN - CAQUETÁ),2023,9,7487.0,2719.0,36580.0,martes,2023-09-12 20:15:00,1108.0
18,CAQUETÁ,18753,SAN VICENTE DEL CAGUÁN,18753009,PUERTO BETANIA (SAN VICENTE DEL CAGUÁN - CAQUETÁ),2023,9,4945.0,2037.0,37280.0,miércoles,2023-09-13 18:45:00,621.0
19,CAUCA,19318,GUAPI,19318008,LIMONES (GUAPI - CAUCA),2023,9,8078.0,3861.0,41240.0,viernes,2023-09-01 20:00:00,852.0
19,CAUCA,19318,GUAPI,19318013,SAN ANTONIO DE GUAJUÍ (GUAPI - CAUCA),2023,9,10067.0,554.0,57090.0,domingo,2023-09-10 19:30:00,747.0
19,CAUCA,19418,LÓPEZ DE MICAY,19418033,BOCA GRANDE (LÓPEZ (MICAY) - CAUCA),2023,9,1623.0,3020.0,33840.0,miércoles,2023-09-13 19:30:00,304.0
19,CAUCA,19418,LÓPEZ DE MICAY,19418038,ISLA DE GALLO (LÓPEZ DE MICAY - CAUCA),2023,9,1863.0,9500.0,28420.0,lunes,2023-09-11 18:00:00,548.0
19,CAUCA,19418,LÓPEZ DE MICAY,19418009,NOANAMITO (LÓPEZ DE MICAY - CAUCA),2023,9,3588.0,1366.0,360.0,sábado,2023-09-02 19:15:00,602.0
19,CAUCA,19418,LÓPEZ DE MICAY,19418012,SAN ANTONIO DE CHUARÉ (LÓPEZ DE MICAY - CAUCA),2023,9,4374.0,1225.0,46850.0,viernes,2023-09-08 19:15:00,352.0
19,CAUCA,19418,LÓPEZ DE MICAY,19418015,SAN ISIDRO (LÓPEZ DE MICAY - CAUCA),2023,9,4640.0,2610.0,7360.0,jueves,2023-09-30 18:30:00,513.0
19,CAUCA,19809,TIMBIQUÍ,19809014,CHACÓN (TIMBIQUÍ - CAUCA),2023,9,3824.0,1089.0,24160.0,martes,2023-09-05 18:15:00,701.0
19,CAUCA,19809,TIMBIQUÍ,19809003,COTEJE (TIMBIQUÍ - CAUCA),2023,9,6311.0,4448.0,30720.0,martes,2023-09-12 19:15:00,816.0
19,CAUCA,19809,TIMBIQUÍ,19809023,PUERTO SAIJA (TIMBIQUÍ - CAUCA),2023,9,34702.0,11795.0,188320.0,sábado,2023-09-09 20:00:00,738.0
19,CAUCA,19809,TIMBIQUÍ,19809009,SANTA ROSA DE SAIJA (TIMBIQUÍ - CAUCA),2023,9,4668.0,1823.0,20210.0,jueves,2023-09-28 19:15:00,901.0
27,CHOCÓ,27006,ACANDÍ,27006000,ACANDÍ (ACANDÍ - CHOCÓ),2023,9,711384.0,218142.0,15495.0,miércoles,2023-09-06 21:30:00,1956.0
27,CHOCÓ,27025,ALTO BAUDÓ (PIE DE PATO),27025000,CIUDAD BAUDÓ - PIE DE PATO (ALTO BAUDÓ - CHOCÓ),2023,9,52092.0,1761.0,123110.0,martes,2023-09-19 12:00:00,2336.0
27,CHOCÓ,27075,BAHÍA SOLANO (MUTIS),27075000,CIUDAD MUTIS (BAHÍA SOLANO - CHOCÓ),2023,9,469697.0,187068.0,125884.0,miércoles,2023-09-06 11:00:00,1836.0
27,CHOCÓ,27075,BAHÍA SOLANO (MUTIS),27075001,CUPICA (BAHÍA SOLANO - CHOCÓ),2023,9,53501.0,17298.0,133690.0,miércoles,2023-09-06 19:30:00,2356.0
27,CHOCÓ,27075,BAHÍA SOLANO (MUTIS),27075002,EL VALLE (BAHÍA SOLANO - CHOCÓ),2023,9,176881.0,687.0,374090.0,miércoles,2023-09-06 19:15:00,225.0
27,CHOCÓ,27077,BAJO BAUDÓ (PIZARRO),27077029,FIRME DE USARGA (BAJO BAUDÓ (PIZARRO) - CHOCÓ),2023,9,8910.0,3610.0,5990.0,lunes,2023-09-18 20:15:00,624.0
27,CHOCÓ,27077,BAJO BAUDÓ (PIZARRO),27077026,GUINEAL (BAJO BAUDÓ (PIZARRO) - CHOCÓ),2023,9,5951.0,3174.0,34250.0,miércoles,2023-09-27 18:45:00,837.0
27,CHOCÓ,27077,BAJO BAUDÓ (PIZARRO),27077000,PIZARRO (BAJO BAUDÓ (PIZARRO) - CHOCÓ),2023,9,217962.0,87272.0,483120.0,domingo,2023-09-24 19:00:00,2111.0
27,CHOCÓ,27077,BAJO BAUDÓ (PIZARRO),27077916,TERRON (BAJO BAUDÓ - CHOCÓ),2023,9,5577.0,243.0,24460.0,sábado,2023-09-30 12:15:00,1033.0
27,CHOCÓ,27099,BOJAYÁ (BELLAVISTA),27099000,BELLAVISTA (BOJAYÁ (BELLAVISTA) - CHOCÓ),2023,9,99956.0,33966.0,242050.0,martes,2023-09-19 19:15:00,1702.0
27,CHOCÓ,27099,BOJAYÁ (BELLAVISTA),27099030,PIEDRA CANDELA (BOJAYÁ - CHOCÓ),2023,9,7157.0,3199.0,37050.0,sábado,2023-09-16 14:00:00,917.0
27,CHOCÓ,27372,JURADÓ,27372000,JURADÓ (JURAÓ - CHOCÓ),2023,9,186721.0,66774.0,355680.0,sábado,2023-09-16 19:30:00,2325.0
27,CHOCÓ,27425,MEDIO ATRATO (BETÉ),27425000,BETÉ (MEDIO ATRATO (BETÉ) - CHOCÓ),2023,9,13876.0,9065.0,560.0,viernes,2023-09-08 12:00:00,1155.0
27,CHOCÓ,27495,NUQUÍ,27495011,PUERTO JAGUA (NUQUÍ - CHOCÓ),2023,9,3010.0,1420.0,5570.0,sábado,2023-09-09 20:15:00,711.0
27,CHOCÓ,27495,NUQUÍ,27495003,JURUBIRA (NUQUÍ - CHOCÓ),2023,9,0.0,0.0,0.0,viernes,2023-09-01 00:00:00,0.0
27,CHOCÓ,27001,QUIBDÓ,27001029,TAGACHI (QUIBDÓ - CHOCÓ),2023,9,6090.0,2180.0,40990.0,viernes,2023-09-29 20:30:00,37.0
27,CHOCÓ,27800,UNGUÍA,27800001,BALBOA (UNGUÍA - CHOCÓ),2023,9,26277.0,9834.0,88630.0,jueves,2023-09-14 21:00:00,1205.0
27,CHOCÓ,27800,UNGUÍA,27800005,TITUMATE (UNGUÍA - CHOCÓ),2023,9,15488.0,3777.0,93280.0,viernes,2023-09-01 20:15:00,746.0
27,CHOCÓ,27800,UNGUÍA,27800000,UNGUÍA (UNGUÍA - CHOCÓ),2023,9,459409.0,153081.0,100795.0,sábado,2023-09-30 19:45:00,2157.0
94,GUAINÍA,94343,BARRANCOMINAS,94343000,BARRANCOMINAS (BARRANCOMINAS - GUAINÍA),2023,9,69541.0,20238.0,213170.0,viernes,2023-09-01 14:00:00,1558.0
94,GUAINÍA,94001,INÍRIDA,94001000,INÍRIDA (INÍRIDA - GUAINÍA),2023,9,7576.0,666831.0,438768.0,viernes,2023-09-29 14:45:00,24.0
95,GUAVIARE,95200,MIRAFLORES,95200000,MIRAFLORES (MIRAFLORES - GUAVIARE),2023,9,90236.0,31623.0,221320.0,miércoles,2023-09-06 18:30:00,1823.0
44,LA GUAJIRA,44847,URIBIA,44847012,NAZARETH (URIBIA - LA GUAJIRA),2023,9,46427.0,10572.0,260640.0,miércoles,2023-09-27 18:30:00,922.0
47,MAGDALENA,47189,CIÉNAGA,47189018,PALMOR (CIÉNAGA - MAGDALENA),2023,9,91551.0,32765.0,179580.0,sábado,2023-09-23 18:15:00,2312.0
50,META,50325,MAPIRIPÁN,50325000,MAPIRIPÁN (MAPIRIPÁN - META),2023,9,176417.0,67186.0,372240.0,viernes,2023-09-08 18:45:00,233.0
52,NARIÑO,52250,EL CHARCO,52250023,BAZÁN (EL CHARCO - NARIÑO),2023,9,3671.0,1478.0,10560.0,viernes,2023-09-01 19:45:00,431.0
52,NARIÑO,52250,EL CHARCO,52250003,BOLÍVAR - SAN PEDRO (EL CHARCO - NARIÑO),2023,9,2463.0,2059.0,28540.0,miércoles,2023-09-13 18:45:00,42.0
52,NARIÑO,52250,EL CHARCO,52250022,EL CUIL PUEBLO NUEVO (EL CHARCO - NARIÑO),2023,9,4847.0,2274.0,3080.0,sábado,2023-09-16 18:45:00,731.0
52,NARIÑO,52250,EL CHARCO,52250005,LAS MERCEDES (EL CHARCO - NARIÑO),2023,9,2047.0,1154.0,16380.0,jueves,2023-09-07 19:45:00,553.0
52,NARIÑO,52250,EL CHARCO,52250007,SAN JOSÉ DEL TAPAJE (EL CHARCO - NARIÑO),2023,9,13058.0,329.0,560.0,viernes,2023-09-01 16:15:00,926.0
52,NARIÑO,52520,FRANCISCO PIZARRO,52520013,SAN PEDRO DEL VINO (FRANCISCO PIZARRO - NARIÑO),2023,9,4796.0,2767.0,25660.0,sábado,2023-09-30 19:00:00,804.0
52,NARIÑO,52390,LA TOLA,52390005,AGUACATAL (LA TOLA - NARIÑO),2023,9,2178.0,5560.0,12480.0,viernes,2023-09-22 19:15:00,826.0
52,NARIÑO,52390,LA TOLA,52390013,AMÁRALES (LA TOLA - NARIÑO),2023,9,7913.0,2527.0,55620.0,jueves,2023-09-14 19:15:00,717.0
52,NARIÑO,52390,LA TOLA,52390003,LA VIGÍA DE LA MAR (LA TOLA - NARIÑO),2023,9,7456.0,2618.0,39120.0,jueves,2023-09-21 11:30:00,1028.0
52,NARIÑO,52390,LA TOLA,52390009,MULATOS (LA TOLA - NARIÑO),2023,9,4873.0,3594.0,30720.0,domingo,2023-09-10 19:45:00,746.0
52,NARIÑO,52427,MAGÜÍ,52427013,LA LOMA (MAGÜÍ - NARIÑO),2023,9,4110.0,2590.0,6260.0,miércoles,2023-09-06 20:00:00,238.0
52,NARIÑO,52490,OLAYA HERRERA,52490913,BOCA DE PRIETA (OLAYA HERRERA - NARIÑO),2023,9,2264.0,6450.0,17160.0,domingo,2023-09-24 18:45:00,53.0
52,NARIÑO,52621,ROBERTO PAYAN,52621912,TAMAJE (ROBERTO PAYAN - NARIÑO),2023,9,0.0,0.0,0.0,viernes,2023-09-01 00:00:00,0.0
52,NARIÑO,52835,SAN ANDRÉS DE TUMACO,52835055,BOCAS DE CURAY (TUMACO - NARIÑO),2023,9,6565.0,2336.0,5520.0,sábado,2023-09-16 19:15:00,534.0
52,NARIÑO,52835,SAN ANDRÉS DE TUMACO,52835217,SAN JUAN DE LA COSTA (SAN ANDRÉS DE TUMACO - NARIÑO),2023,9,17106.0,6478.0,11840.0,martes,2023-09-05 18:45:00,658.0
52,NARIÑO,52696,SANTA BÁRBARA (ISCUANDÉ),52696014,LA ENSENADA (SANTA BÁRBARA (ISCUANDÉ) - NARIÑO),2023,9,3536.0,4482.0,22430.0,miércoles,2023-09-06 20:00:00,63.0
52,NARIÑO,52696,SANTA BÁRBARA (ISCUANDÉ),52696022,SECADERO (SANTA BÁRBARA (ISCUANDÉ) - NARIÑO),2023,9,2577.0,1678.0,13220.0,lunes,2023-09-18 18:45:00,801.0
86,PUTUMAYO,86573,PUERTO LEGUÍZAMO,86573000,PUERTO LEGUÍZAMO (PUERTO LEGUÍZAMO - PUTUMAYO),2023,9,922045.0,282787.0,212168.0,miércoles,2023-09-27 14:30:00,2349.0
76,VALLE DEL CAUCA,76109,BUENAVENTURA,76109069,PAPAYAL 1 (BUENAVENTURA - VALLE DEL CAUCA),2023,9,8682.0,7880.0,38940.0,miércoles,2023-09-06 19:30:00,928.0
76,VALLE DEL CAUCA,76109,BUENAVENTURA,76109028,PUERTO MERIZALDE (BUENAVENTURA - VALLE DEL CAUCA),2023,9,102484.0,3762.0,230910.0,sábado,2023-09-02 12:30:00,2315.0
76,VALLE DEL CAUCA,76109,BUENAVENTURA,76109032,SAN FRANCISCO NAYA (BUENAVENTURA - VALLE DEL CAUCA),2023,9,6728.0,3043.0,32670.0,sábado,2023-09-09 11:45:00,818.0
97,VAUPÉS,97161,CARURÚ,97161000,CARURÚ (CARURÚ - VAUPÉS),2023,9,26394.0,11449.0,96890.0,lunes,2023-09-25 14:30:00,113.0
97,VAUPÉS,97001,MITÚ,97001000,MITÚ (MITÚ - VAUPÉS),2023,9,7576.0,38135.0,3011.0,miércoles,2023-09-06 12:00:00,2359.0
97,VAUPÉS,97666,TARAIRA,97666000,TARAIRA (TARAIRA - VAUPÉS),2023,9,3331.0,10042.0,147050.0,jueves,2023-09-28 12:30:00,1022.0
99,VICHADA,99001,PUERTO CARREÑO,99001000,PUERTO CARREÑO (PUERTO CARREÑO - VICHADA),2023,9,7576.0,775651.0,502656.0,jueves,2023-09-28 14:15:00,2352.0
19,CAUCA,19418,LÓPEZ DE MICAY,19418012,SAN ANTONIO DE CHUARE (LÓPEZ DE MICAY - CAUCA),2023,10,5157.0,1442.0,47520.0,Viernes,2023-10-13 19:00:00,423.0
19,CAUCA,19418,LÓPEZ DE MICAY,19418015,SAN ISIDRO (LÓPEZ DE MICAY - CAUCA),2023,10,9630.0,5430.0,790.0,Sábado,2023-10-07 19:15:00,459.0
19,CAUCA,19418,LÓPEZ DE MICAY,19418019,ZARAGOZA (LÓPEZ DE MICAY - CAUCA),2023,10,11867.0,4348.0,63710.0,Martes,2023-10-03 19:30:00,902.0
19,CAUCA,19809,TIMBIQUÍ,19809014,CHACON (TIMBIQUÍ - CAUCA),2023,10,4173.0,1126.0,24880.0,Miércoles,2023-10-11 19:30:00,7.0
19,CAUCA,19809,TIMBIQUÍ,19809010,COMUNIDAD DE CHETE (TIMBIQUÍ - CAUCA),2023,10,4718.0,1837.0,29250.0,Martes,2023-10-31 07:45:00,621.0
19,CAUCA,19809,TIMBIQUÍ,19809003,COTEJE (TIMBIQUÍ - CAUCA),2023,10,6391.0,4618.0,3040.0,Jueves,2023-10-19 18:30:00,813.0
19,CAUCA,19809,TIMBIQUÍ,19809026,LOS BRAZOS (TIMBIQUÍ - CAUCA),2023,10,1184.0,5090.0,35090.0,Domingo,2023-10-15 20:00:00,118.0
19,CAUCA,19809,TIMBIQUÍ,19809023,PUERTO SAIJA (TIMBIQUÍ - CAUCA),2023,10,36433.0,12356.0,183040.0,Sábado,2023-10-14 19:30:00,811.0
19,CAUCA,19809,TIMBIQUÍ,19809007,SAN JOSE (TIMBIQUÍ - CAUCA),2023,10,6085.0,4542.0,33430.0,Sábado,2023-10-14 19:30:00,715.0
19,CAUCA,19809,TIMBIQUÍ,19809009,SANTA ROSA DE SAIJA (TIMBIQUÍ - CAUCA),2023,10,2538.0,1245.0,24140.0,Martes,2023-10-17 19:30:00,423.0
27,CHOCÓ,27006,ACANDÍ,27006000,ACANDÍ (ACANDÍ - CHOCÓ),2023,10,680242.0,209846.0,156816.0,Martes,2023-10-03 18:00:00,1954.0
27,CHOCÓ,27006,ACANDÍ,27006007,SAN FRANCISCO (ACANDÍ - CHOCÓ),2023,10,16326.0,7518.0,79440.0,Viernes,2023-10-20 20:30:00,901.0
27,CHOCÓ,27025,ALTO BAUDO,27025000,CIUDAD BAUDO - PIE DE PATO (ALTO BAUDO - CHOCÓ),2023,10,52904.0,18617.0,1650.0,Martes,2023-10-03 18:00:00,2331.0
27,CHOCÓ,27075,BAHÍA SOLANO,27075000,CIUDAD MUTIS (BAHÍA SOLANO - CHOCÓ),2023,10,519925.0,227459.0,1265.0,Viernes,2023-10-06 14:30:00,2212.0
27,CHOCÓ,27075,BAHÍA SOLANO,27075001,CUPICA (BAHÍA SOLANO - CHOCÓ),2023,10,50118.0,19327.0,117060.0,Viernes,2023-10-13 19:00:00,2358.0
27,CHOCÓ,27075,BAHÍA SOLANO,27075002,EL VALLE (BAHÍA SOLANO - CHOCÓ),2023,10,187874.0,7047.0,366430.0,Jueves,2023-10-12 19:15:00,2346.0
27,CHOCÓ,27077,BAJO BAUDÓ,27077008,ORPUA (BAJO BAUDÓ - CHOCÓ),2023,10,1055.0,5770.0,6880.0,Sábado,2023-10-21 13:15:00,9.0
27,CHOCÓ,27077,BAJO BAUDÓ,27077000,PIZARRO (BAJO BAUDÓ - CHOCÓ),2023,10,194991.0,83607.0,523780.0,Miércoles,2023-10-18 19:45:00,1817.0
27,CHOCÓ,27077,BAJO BAUDÓ,27077016,SIVIRU (BAJO BAUDÓ - CHOCÓ),2023,10,92.0,3435.0,42440.0,Miércoles,2023-10-18 18:45:00,1015.0
27,CHOCÓ,27077,BAJO BAUDÓ,27077019,VIRUDO (BAJO BAUDÓ - CHOCÓ),2023,10,6933.0,3136.0,30740.0,Jueves,2023-10-26 03:45:00,918.0
27,CHOCÓ,27099,BOJAYÁ,27099005,NAPIPI (BOJAYÁ - CHOCÓ),2023,10,11342.0,385.0,640.0,Viernes,2023-10-27 18:00:00,726.0
27,CHOCÓ,27250,EL LITORAL DEL SAN JUAN,27250000,SANTA GENOVEVA DE DOCORDO (EL LITORAL DEL SAN JUAN - CHOCÓ),2023,10,86493.0,46728.0,22110.0,Miércoles,2023-10-18 18:30:00,1702.0
27,CHOCÓ,27372,JURADO,27372000,JURADO (JURADO - CHOCÓ),2023,10,163692.0,5981.0,432640.0,Jueves,2023-10-19 19:00:00,20.0
27,CHOCÓ,27425,MEDIO ATRATO,27425000,BETE (MEDIO ATRATO - CHOCÓ),2023,10,15509.0,10252.0,520.0,Martes,2023-10-03 19:15:00,1304.0
27,CHOCÓ,27425,MEDIO ATRATO,27425008,SAN ROQUE (MEDIO ATRATO - CHOCÓ),2023,10,4280.0,1790.0,1560.0,Martes,2023-10-31 20:00:00,104.0
27,CHOCÓ,27495,NUQUÍ,27495011,COMUNIDAD DE PUERTO JAGUA (NUQUÍ - CHOCÓ),2023,10,9240.0,4180.0,5810.0,Jueves,2023-10-05 20:45:00,733.0
27,CHOCÓ,27001,QUIBDÓ,27001029,TAGACHI (QUIBDÓ - CHOCÓ),2023,10,6265.0,2407.0,46870.0,Domingo,2023-10-22 19:45:00,558.0
27,CHOCÓ,27800,UNGUÍA,27800001,BALBOA (UNGUÍA - CHOCÓ),2023,10,26681.0,9993.0,99770.0,Sábado,2023-10-14 18:30:00,1201.0
27,CHOCÓ,27800,UNGUÍA,27800005,TITUMATE (UNGUÍA - CHOCÓ),2023,10,165.0,4101.0,94690.0,Domingo,2023-10-01 20:15:00,806.0
27,CHOCÓ,27800,UNGUÍA,27800000,UNGUÍA (UNGUÍA - CHOCÓ),2023,10,442694.0,147903.0,105917.0,Jueves,2023-10-05 20:15:00,2035.0
94,GUAINÍA,94343,BARRANCO MINAS,94343000,BARRANCO MINAS (BARRANCO MINAS - GUAINÍA),2023,10,87969.0,25794.0,229130.0,Jueves,2023-10-05 18:15:00,1619.0
94,GUAINÍA,94001,INÍRIDA,94001000,INÍRIDA (INÍRIDA - GUAINÍA),2023,10,7576.0,709953.0,449504.0,Miércoles,2023-10-04 14:30:00,24.0
95,GUAVIARE,95200,MIRAFLORES,95200000,MIRAFLORES (MIRAFLORES - GUAVIARE),2023,10,96608.0,30631.0,22440.0,Lunes,2023-10-30 18:00:00,1842.0
47,MAGDALENA,47189,CIÉNAGA,47189018,PALMOR (CIÉNAGA - MAGDALENA),2023,10,991.0,40555.0,196420.0,Martes,2023-10-17 18:30:00,2211.0
50,META,50325,MAPIRIPAN,50325000,MAPIRIPAN (MAPIRIPAN - META),2023,10,190143.0,71194.0,38720.0,Miércoles,2023-10-04 18:15:00,2349.0
52,NARIÑO,52250,EL CHARCO,52250016,ALTERON - URIBE URIBE (EL CHARCO - NARIÑO),2023,10,9130.0,5530.0,9120.0,Domingo,2023-10-22 21:45:00,424.0
52,NARIÑO,52250,EL CHARCO,52250023,BAZAN (EL CHARCO - NARIÑO),2023,10,19613.0,7928.0,10560.0,Jueves,2023-10-05 19:30:00,726.0
52,NARIÑO,52250,EL CHARCO,52250003,BOLIVAR - SAN PEDRO (EL CHARCO - NARIÑO),2023,10,3797.0,3522.0,26620.0,Viernes,2023-10-06 19:45:00,552.0
52,NARIÑO,52250,EL CHARCO,52250022,EL CUIL PUEBLO NUEVO (EL CHARCO - NARIÑO),2023,10,6344.0,2942.0,30020.0,Lunes,2023-10-30 18:00:00,812.0
52,NARIÑO,52250,EL CHARCO,52250005,LAS MERCEDES (EL CHARCO - NARIÑO),2023,10,107.0,4850.0,9790.0,Jueves,2023-10-26 20:45:00,444.0
52,NARIÑO,52250,EL CHARCO,52250007,SAN JOSE DEL TAPAJE (EL CHARCO - NARIÑO),2023,10,1274.0,3764.0,640.0,Martes,2023-10-03 18:45:00,845.0
52,NARIÑO,52520,FRANCISCO PIZARRO,52520013,SAN PEDRO DEL VINO (FRANCISCO PIZARRO - NARIÑO),2023,10,7951.0,3326.0,39010.0,Sábado,2023-10-28 20:30:00,924.0
52,NARIÑO,52390,LA TOLA,52390013,AMARALES (LA TOLA - NARIÑO),2023,10,10913.0,3105.0,49180.0,Jueves,2023-10-12 19:45:00,1027.0
52,NARIÑO,52390,LA TOLA,52390003,LA VIGIA DE LA MAR (LA TOLA - NARIÑO),2023,10,6524.0,2264.0,3980.0,Viernes,2023-10-20 11:45:00,833.0
52,NARIÑO,52490,OLAYA HERRERA,52490913,BOCA DE PRIETA (OLAYA HERRERA - NARIÑO),2023,10,2414.0,7370.0,14950.0,Miércoles,2023-10-11 18:45:00,63.0
52,NARIÑO,52835,SAN ANDRÉS DE TUMACO,52835055,BOCAS DE CURAY (SAN ANDRÉS DE TUMACO - NARIÑO),2023,10,6246.0,224.0,5280.0,Viernes,2023-10-13 19:00:00,503.0
52,NARIÑO,52835,SAN ANDRÉS DE TUMACO,52835217,SAN JUAN DE LA COSTA (SAN ANDRÉS DE TUMACO - NARIÑO),2023,10,20498.0,7896.0,11840.0,Lunes,2023-10-23 19:00:00,807.0
52,NARIÑO,52696,SANTA BÁRBARA,52696014,LA ENSENADA (SANTA BÁRBARA - NARIÑO),2023,10,3957.0,4599.0,22140.0,Jueves,2023-10-19 19:15:00,7.0
52,NARIÑO,52696,SANTA BÁRBARA,52696022,SECADERO (SANTA BÁRBARA - NARIÑO),2023,10,2696.0,1682.0,13320.0,Lunes,2023-10-09 20:30:00,812.0
76,VALLE DEL CAUCA,76109,BUENAVENTURA,76109028,PUERTO MERIZALDE (BUENAVENTURA - VALLE DEL CAUCA),2023,10,94241.0,35266.0,206620.0,Miércoles,2023-10-18 20:30:00,2116.0
76,VALLE DEL CAUCA,76109,BUENAVENTURA,76109032,SAN FRANCISCO NAYA (BUENAVENTURA - VALLE DEL CAUCA),2023,10,6812.0,2883.0,32960.0,Martes,2023-10-03 19:15:00,817.0
97,VAUPÉS,97161,CARURÚ,97161000,CARURÚ (CARURÚ - VAUPÉS),2023,10,29005.0,12318.0,1100.0,Viernes,2023-10-27 19:45:00,1211.0
97,VAUPÉS,97001,MITÚ,97001000,MITÚ (MITÚ - VAUPÉS),2023,10,7576.0,425131.0,332018.0,Martes,2023-10-31 12:00:00,24.0
97,VAUPÉS,97666,TARAIRA,97666000,TARAIRA (TARAIRA - VAUPÉS),2023,10,3932.0,12123.0,143970.0,Miércoles,2023-10-04 12:45:00,1123.0
99,VICHADA,99001,PUERTO CARREÑO,99001000,PUERTO CARREÑO (PUERTO CARREÑO - VICHADA),2023,10,7576.0,827162.0,524568.0,Lunes,2023-10-09 14:15:00,2353.0
91,AMAZONAS,91001,LETICIA,91001000,LETICIA (LETICIA - AMAZONAS),2023,10,7576.0,4650.0,868261.0,Martes,2023-10-03 15:00:00,24.0
91,AMAZONAS,91798,TARAPACA (ANM),91798000,TARAPACA (TARAPACA (ANM) - AMAZONAS),2023,11,27058.0,12193.0,103430.0,Jueves,2023-11-02 14:45:00,101.0
5,ANTIOQUIA,5873,VIGÍA DEL FUERTE,5873013,LOMA MURRI (VIGÍA DEL FUERTE - ANTIOQUIA),2023,11,4113.0,1393.0,27830.0,Lunes,2023-11-27 17:15:00,1933.0
5,ANTIOQUIA,5873,VIGÍA DEL FUERTE,5873002,VEGAEZ (VIGÍA DEL FUERTE - ANTIOQUIA),2023,11,3347.0,8530.0,6960.0,Martes,2023-11-28 21:15:00,335.0
88,ARCHIPIÉLAGO DE SAN ANDRÉS y PROVIDENCIA,88564,PROVIDENCIA,88564000,PROVIDENCIA (PROVIDENCIA - ARCHIPIÉLAGO DE SAN ANDRÉS y PROVIDENCIA ),2023,11,7576.0,253729.0,209858.0,Viernes,2023-11-10 23:00:00,2359.0
13,BOLÍVAR,13001,CARTAGENA DE INDIAS,13001007,ISLA FUERTE (CARTAGENA DE INDIAS - BOLÍVAR),2023,11,65704.0,31174.0,242020.0,Domingo,2023-11-12 02:00:00,115.0
13,BOLÍVAR,13001,CARTAGENA DE INDIAS,13001037,ISLA MUCURA (CARTAGENA DE INDIAS - BOLÍVAR),2023,11,6626.0,2557.0,27460.0,Martes,2023-11-28 23:00:00,1133.0
13,BOLÍVAR,13001,CARTAGENA DE INDIAS,13001017,SANTA CRUZ DEL ISLOTE (CARTAGENA DE INDIAS - BOLÍVAR),2023,11,4480.0,1330.0,40350.0,Sábado,2023-11-11 22:45:00,31.0
18,CAQUETÁ,18150,CARTAGENA DEL CHAIRA,18150001,REMOLINO DEL CAGUAN (CARTAGENA DEL CHAIRA - CAQUETÁ),2023,11,18814.0,7987.0,99180.0,Sábado,2023-11-11 18:15:00,801.0
18,CAQUETÁ,18150,CARTAGENA DEL CHAIRA,18150002,SANTA FE DEL CAGUAN (CARTAGENA DEL CHAIRA - CAQUETÁ),2023,11,4326.0,2041.0,41240.0,Jueves,2023-11-09 18:15:00,423.0
18,CAQUETÁ,18753,SAN VICENTE DEL CAGUÁN,18753002,GUACAMAYAS (SAN VICENTE DEL CAGUÁN - CAQUETÁ),2023,11,12538.0,5007.0,36840.0,Viernes,2023-11-17 18:30:00,1716.0
18,CAQUETÁ,18753,SAN VICENTE DEL CAGUÁN,18753009,PUERTO BETANIA (SAN VICENTE DEL CAGUÁN - CAQUETÁ),2023,11,0.0,0.0,0.0,Miércoles,2023-11-01 00:00:00,0.0
19,CAUCA,19318,GUAPI,19318008,LIMONES (GUAPI - CAUCA),2023,11,8474.0,3841.0,6380.0,Domingo,2023-11-19 18:00:00,859.0
19,CAUCA,19318,GUAPI,19318013,SAN ANTONIO DE GUAJUI (GUAPI - CAUCA),2023,11,7662.0,4213.0,52710.0,Miércoles,2023-11-08 19:15:00,558.0
19,CAUCA,19418,LÓPEZ DE MICAY,19418038,ISLA DE GALLO (LÓPEZ DE MICAY - CAUCA),2023,11,3076.0,1482.0,28190.0,Lunes,2023-11-13 19:30:00,454.0
19,CAUCA,19418,LÓPEZ DE MICAY,19418009,NOANAMITO (LÓPEZ DE MICAY - CAUCA),2023,11,6616.0,2445.0,360.0,Domingo,2023-11-19 20:00:00,841.0
19,CAUCA,19418,LÓPEZ DE MICAY,19418011,RIO MAYA - DOS QUEBRADAS (LÓPEZ DE MICAY - CAUCA),2023,11,2213.0,8010.0,28030.0,Sábado,2023-11-11 19:00:00,319.0
19,CAUCA,19418,LÓPEZ DE MICAY,19418012,SAN ANTONIO DE CHUARE (LÓPEZ DE MICAY - CAUCA),2023,11,4393.0,1125.0,48480.0,Miércoles,2023-11-22 19:00:00,41.0
19,CAUCA,19418,LÓPEZ DE MICAY,19418015,SAN ISIDRO (LÓPEZ DE MICAY - CAUCA),2023,11,9760.0,5610.0,7520.0,Jueves,2023-11-02 18:15:00,542.0
19,CAUCA,19418,LÓPEZ DE MICAY,19418019,ZARAGOZA (LÓPEZ DE MICAY - CAUCA),2023,11,10757.0,384.0,47520.0,Jueves,2023-11-02 10:15:00,91.0
19,CAUCA,19809,TIMBIQUÍ,19809014,CHACON (TIMBIQUÍ - CAUCA),2023,11,3756.0,1053.0,24960.0,Sábado,2023-11-25 19:30:00,622.0
19,CAUCA,19809,TIMBIQUÍ,19809010,COMUNIDAD DE CHETE (TIMBIQUÍ - CAUCA),2023,11,517.0,2038.0,29150.0,Lunes,2023-11-13 06:45:00,723.0
19,CAUCA,19809,TIMBIQUÍ,19809003,COTEJE (TIMBIQUÍ - CAUCA),2023,11,5854.0,4181.0,30360.0,Martes,2023-11-07 19:45:00,739.0
19,CAUCA,19809,TIMBIQUÍ,19809026,LOS BRAZOS (TIMBIQUÍ - CAUCA),2023,11,5402.0,25.0,4020.0,Viernes,2023-11-17 18:45:00,555.0
19,CAUCA,19809,TIMBIQUÍ,19809023,PUERTO SAIJA (TIMBIQUÍ - CAUCA),2023,11,34122.0,11594.0,174940.0,Miércoles,2023-11-01 18:15:00,746.0
19,CAUCA,19809,TIMBIQUÍ,19809007,SAN JOSE (TIMBIQUÍ - CAUCA),2023,11,5485.0,3821.0,35450.0,Sábado,2023-11-18 19:45:00,615.0
19,CAUCA,19809,TIMBIQUÍ,19809009,SANTA ROSA DE SAIJA (TIMBIQUÍ - CAUCA),2023,11,224.0,6490.0,21170.0,Viernes,2023-11-24 19:30:00,425.0
27,CHOCÓ,27006,ACANDÍ,27006000,ACANDÍ (ACANDÍ - CHOCÓ),2023,11,702876.0,211893.0,158576.0,Jueves,2023-11-09 21:15:00,1913.0
27,CHOCÓ,27006,ACANDÍ,27006007,SAN FRANCISCO (ACANDÍ - CHOCÓ),2023,11,12717.0,5851.0,77330.0,Lunes,2023-11-27 19:00:00,711.0
27,CHOCÓ,27025,ALTO BAUDO,27025000,CIUDAD BAUDO - PIE DE PATO (ALTO BAUDO - CHOCÓ),2023,11,52084.0,18344.0,119940.0,Lunes,2023-11-06 12:15:00,24.0
27,CHOCÓ,27075,BAHÍA SOLANO,27075000,CIUDAD MUTIS (BAHÍA SOLANO - CHOCÓ),2023,11,541813.0,224723.0,119636.0,Sábado,2023-11-11 17:45:00,2215.0
27,CHOCÓ,27075,BAHÍA SOLANO,27075001,CUPICA (BAHÍA SOLANO - CHOCÓ),2023,11,67004.0,2298.0,164110.0,Martes,2023-11-14 19:15:00,2348.0
27,CHOCÓ,27075,BAHÍA SOLANO,27075002,EL VALLE (BAHÍA SOLANO - CHOCÓ),2023,11,178852.0,67562.0,349010.0,Sábado,2023-11-04 18:45:00,2352.0
27,CHOCÓ,27077,BAJO BAUDÓ,27077008,ORPUA (BAJO BAUDÓ - CHOCÓ),2023,11,102.0,4860.0,6760.0,Lunes,2023-11-27 18:45:00,824.0
27,CHOCÓ,27077,BAJO BAUDÓ,27077000,PIZARRO (BAJO BAUDÓ - CHOCÓ),2023,11,217027.0,91761.0,477310.0,Viernes,2023-11-10 19:00:00,2129.0
27,CHOCÓ,27077,BAJO BAUDÓ,27077016,SIVIRU (BAJO BAUDÓ - CHOCÓ),2023,11,8376.0,3068.0,45260.0,Jueves,2023-11-09 18:30:00,928.0
27,CHOCÓ,27099,BOJAYÁ,27099005,NAPIPI (BOJAYÁ - CHOCÓ),2023,11,12335.0,4182.0,6080.0,Miércoles,2023-11-01 18:45:00,81.0
27,CHOCÓ,27250,EL LITORAL DEL SAN JUAN,27250000,SANTA GENOVEVA DE DOCORDO (EL LITORAL DEL SAN JUAN - CHOCÓ),2023,11,86797.0,46316.0,219120.0,Viernes,2023-11-03 12:15:00,1752.0
27,CHOCÓ,27372,JURADO,27372000,JURADO (JURADO - CHOCÓ),2023,11,172225.0,61251.0,351680.0,Martes,2023-11-28 18:45:00,2303.0
27,CHOCÓ,27425,MEDIO ATRATO,27425000,BETE (MEDIO ATRATO - CHOCÓ),2023,11,14381.0,8997.0,520.0,Miércoles,2023-11-01 10:30:00,1216.0
27,CHOCÓ,27425,MEDIO ATRATO,27425008,SAN ROQUE (MEDIO ATRATO - CHOCÓ),2023,11,2640.0,1100.0,17520.0,Jueves,2023-11-02 18:45:00,39.0
27,CHOCÓ,27495,NUQUÍ,27495011,COMUNIDAD DE PUERTO JAGUA (NUQUÍ - CHOCÓ),2023,11,9400.0,4290.0,6070.0,Martes,2023-11-14 18:00:00,755.0
27,CHOCÓ,27001,QUIBDÓ,27001029,TAGACHI (QUIBDÓ - CHOCÓ),2023,11,4894.0,195.0,47450.0,Domingo,2023-11-26 19:30:00,441.0
27,CHOCÓ,27800,UNGUÍA,27800001,BALBOA (UNGUÍA - CHOCÓ),2023,11,24207.0,9073.0,95610.0,Viernes,2023-11-10 19:30:00,1054.0
27,CHOCÓ,27800,UNGUÍA,27800005,TITUMATE (UNGUÍA - CHOCÓ),2023,11,15589.0,369.0,93020.0,Sábado,2023-11-04 20:15:00,747.0
27,CHOCÓ,27800,UNGUÍA,27800000,UNGUÍA (UNGUÍA - CHOCÓ),2023,11,43326.0,142208.0,116213.0,Jueves,2023-11-09 18:30:00,2051.0
94,GUAINÍA,94343,BARRANCO MINAS,94343000,BARRANCO MINAS (BARRANCO MINAS - GUAINÍA),2023,11,82494.0,23342.0,217160.0,Miércoles,2023-11-22 18:15:00,1618.0
94,GUAINÍA,94001,INÍRIDA,94001000,INÍRIDA (INÍRIDA - GUAINÍA),2023,11,7576.0,672727.0,444048.0,Lunes,2023-11-20 15:00:00,24.0
95,GUAVIARE,95200,MIRAFLORES,95200000,MIRAFLORES (MIRAFLORES - GUAVIARE),2023,11,87077.0,27213.0,216920.0,Sábado,2023-11-18 18:00:00,1755.0
47,MAGDALENA,47189,CIÉNAGA,47189018,PALMOR (CIÉNAGA - MAGDALENA),2023,11,1083.0,47181.0,212740.0,Sábado,2023-11-11 18:15:00,2302.0
50,META,50325,MAPIRIPAN,50325000,MAPIRIPAN (MAPIRIPAN - META),2023,11,187623.0,65602.0,378840.0,Miércoles,2023-11-22 18:00:00,2359.0
52,NARIÑO,52250,EL CHARCO,52250016,ALTERON - URIBE URIBE (EL CHARCO - NARIÑO),2023,11,1900.0,1160.0,8760.0,Miércoles,2023-11-01 18:30:00,58.0
52,NARIÑO,52250,EL CHARCO,52250023,BAZAN (EL CHARCO - NARIÑO),2023,11,11082.0,4658.0,10080.0,Miércoles,2023-11-01 18:30:00,436.0
52,NARIÑO,52250,EL CHARCO,52250003,BOLIVAR - SAN PEDRO (EL CHARCO - NARIÑO),2023,11,1364.0,1346.0,24450.0,Jueves,2023-11-02 19:45:00,33.0
52,NARIÑO,52250,EL CHARCO,52250022,EL CUIL PUEBLO NUEVO (EL CHARCO - NARIÑO),2023,11,5848.0,26.0,30070.0,Lunes,2023-11-20 19:00:00,741.0
52,NARIÑO,52250,EL CHARCO,52250005,LAS MERCEDES (EL CHARCO - NARIÑO),2023,11,1312.0,5320.0,9340.0,Martes,2023-11-28 19:00:00,608.0
52,NARIÑO,52250,EL CHARCO,52250007,SAN JOSE DEL TAPAJE (EL CHARCO - NARIÑO),2023,11,9098.0,2412.0,640.0,Miércoles,2023-11-29 18:45:00,639.0
52,NARIÑO,52520,FRANCISCO PIZARRO,52520013,SAN PEDRO DEL VINO (FRANCISCO PIZARRO - NARIÑO),2023,11,832.0,354.0,3990.0,Jueves,2023-11-09 16:00:00,1046.0
52,NARIÑO,52390,LA TOLA,52390013,AMARALES (LA TOLA - NARIÑO),2023,11,9367.0,2482.0,4790.0,Miércoles,2023-11-01 19:00:00,913.0
52,NARIÑO,52390,LA TOLA,52390003,LA VIGIA DE LA MAR (LA TOLA - NARIÑO),2023,11,762.0,2512.0,40320.0,Martes,2023-11-28 11:45:00,1026.0
52,NARIÑO,52390,LA TOLA,52390009,MULATOS (LA TOLA - NARIÑO),2023,11,4232.0,3311.0,29820.0,Jueves,2023-11-02 15:15:00,743.0
52,NARIÑO,52490,OLAYA HERRERA,52490913,BOCA DE PRIETA (OLAYA HERRERA - NARIÑO),2023,11,2976.0,7770.0,16750.0,Domingo,2023-11-26 20:15:00,754.0
52,NARIÑO,52835,SAN ANDRÉS DE TUMACO,52835055,BOCAS DE CURAY (SAN ANDRÉS DE TUMACO - NARIÑO),2023,11,6741.0,2487.0,5760.0,Sábado,2023-11-18 19:00:00,53.0
52,NARIÑO,52835,SAN ANDRÉS DE TUMACO,52835217,SAN JUAN DE LA COSTA (SAN ANDRÉS DE TUMACO - NARIÑO),2023,11,17238.0,6393.0,12160.0,Jueves,2023-11-16 19:15:00,638.0
52,NARIÑO,52696,SANTA BÁRBARA,52696014,LA ENSENADA (SANTA BÁRBARA - NARIÑO),2023,11,3302.0,3764.0,22180.0,Jueves,2023-11-30 19:15:00,553.0
76,VALLE DEL CAUCA,76109,BUENAVENTURA,76109028,PUERTO MERIZALDE (BUENAVENTURA - VALLE DEL CAUCA),2023,11,91399.0,35244.0,224050.0,Miércoles,2023-11-15 19:45:00,2002.0
76,VALLE DEL CAUCA,76109,BUENAVENTURA,76109032,SAN FRANCISCO NAYA (BUENAVENTURA - VALLE DEL CAUCA),2023,11,6585.0,219.0,34620.0,Sábado,2023-11-11 12:00:00,815.0
97,VAUPÉS,97161,CARURÚ,97161000,CARURÚ (CARURÚ - VAUPÉS),2023,11,25424.0,8828.0,104720.0,Miércoles,2023-11-08 16:30:00,1054.0
97,VAUPÉS,97001,MITÚ,97001000,MITÚ (MITÚ - VAUPÉS),2023,11,7576.0,394293.0,31745.0,Miércoles,2023-11-01 12:00:00,24.0
97,VAUPÉS,97666,TARAIRA,97666000,TARAIRA (TARAIRA - VAUPÉS),2023,11,34057.0,10156.0,139830.0,Martes,2023-11-14 12:30:00,105.0
99,VICHADA,99001,PUERTO CARREÑO,99001000,PUERTO CARREÑO (PUERTO CARREÑO - VICHADA),2023,11,7576.0,66783.0,515152.0,Miércoles,2023-11-01 13:45:00,2359.0
91,AMAZONAS,91001,LETICIA,91001000,LETICIA (LETICIA - AMAZONAS),2023,11,7576.0,4650.0,828653.0,Viernes,2023-11-17 15:15:00,24.0
91,AMAZONAS,91798,TARAPACA (ANM),91798000,TARAPACA (TARAPACA (ANM) - AMAZONAS),2023,12,28067.0,12638.0,102430.0,Miércoles,2023-12-06 19:00:00,1015.0
5,ANTIOQUIA,5873,VIGÍA DEL FUERTE,5873010,LA PLAYA MURRI  (VIGÍA DEL FUERTE - ANTIOQUIA),2023,12,8082.0,4939.0,24910.0,Domingo,2023-12-24 18:30:00,2152.0
5,ANTIOQUIA,5873,VIGÍA DEL FUERTE,5873013,LOMA MURRI (VIGÍA DEL FUERTE - ANTIOQUIA),2023,12,10159.0,3759.0,34250.0,Domingo,2023-12-24 18:30:00,2359.0
88,ARCHIPIÉLAGO DE SAN ANDRÉS y PROVIDENCIA,88564,PROVIDENCIA,88564000,PROVIDENCIA (PROVIDENCIA - ARCHIPIÉLAGO DE SAN ANDRÉS y PROVIDENCIA ),2023,12,7576.0,254578.0,191811.0,Martes,2023-12-26 23:00:00,24.0
88,ARCHIPIÉLAGO DE SAN ANDRÉS y PROVIDENCIA,88001,SAN ANDRÉS,88001000,SAN ANDRÉS (SAN ANDRÉS - ARCHIPIÉLAGO DE SAN ANDRÉS y PROVIDENCIA ),2023,12,7576.0,4650.0,3122665.0,Miércoles,2023-12-27 15:45:00,24.0
13,BOLÍVAR,13001,CARTAGENA DE INDIAS,13001007,ISLA FUERTE (CARTAGENA DE INDIAS - BOLÍVAR),2023,12,54967.0,25641.0,269460.0,Sábado,2023-12-30 22:30:00,904.0
13,BOLÍVAR,13001,CARTAGENA DE INDIAS,13001037,ISLA MUCURA (CARTAGENA DE INDIAS - BOLÍVAR),2023,12,6884.0,2587.0,26210.0,Sábado,2023-12-02 00:45:00,1032.0
13,BOLÍVAR,13001,CARTAGENA DE INDIAS,13001017,SANTA CRUZ DEL ISLOTE (CARTAGENA DE INDIAS - BOLÍVAR),2023,12,0.0,0.0,0.0,Viernes,2023-12-01 00:00:00,0.0
18,CAQUETÁ,18150,CARTAGENA DEL CHAIRA,18150001,REMOLINO DEL CAGUAN (CARTAGENA DEL CHAIRA - CAQUETÁ),2023,12,15692.0,5805.0,100350.0,Viernes,2023-12-01 21:30:00,646.0
18,CAQUETÁ,18150,CARTAGENA DEL CHAIRA,18150002,SANTA FE DEL CAGUAN (CARTAGENA DEL CHAIRA - CAQUETÁ),2023,12,478.0,221.0,43160.0,Domingo,2023-12-31 19:15:00,453.0
18,CAQUETÁ,18753,SAN VICENTE DEL CAGUÁN,18753002,GUACAMAYAS (SAN VICENTE DEL CAGUÁN - CAQUETÁ),2023,12,10287.0,4246.0,35380.0,Domingo,2023-12-24 18:45:00,1402.0
18,CAQUETÁ,18753,SAN VICENTE DEL CAGUÁN,18753009,PUERTO BETANIA (SAN VICENTE DEL CAGUÁN - CAQUETÁ),2023,12,0.0,0.0,0.0,Viernes,2023-12-01 00:00:00,0.0
18,CAQUETÁ,18753,SAN VICENTE DEL CAGUÁN,18753033,VILLA LOBOS (SAN VICENTE DEL CAGUÁN - CAQUETÁ),2023,12,23077.0,9987.0,73020.0,Viernes,2023-12-01 18:15:00,1451.0
19,CAUCA,19318,GUAPI,19318008,LIMONES (GUAPI - CAUCA),2023,12,9215.0,4133.0,41520.0,Domingo,2023-12-24 20:00:00,939.0
19,CAUCA,19318,GUAPI,19318013,SAN ANTONIO DE GUAJUI (GUAPI - CAUCA),2023,12,11779.0,6664.0,52490.0,Martes,2023-12-05 19:30:00,91.0
19,CAUCA,19418,LÓPEZ DE MICAY,19418038,ISLA DE GALLO (LÓPEZ DE MICAY - CAUCA),2023,12,1893.0,7340.0,26750.0,Viernes,2023-12-22 20:15:00,539.0
19,CAUCA,19418,LÓPEZ DE MICAY,19418009,NOANAMITO (LÓPEZ DE MICAY - CAUCA),2023,12,8189.0,2923.0,320.0,Viernes,2023-12-01 19:00:00,1033.0
19,CAUCA,19418,LÓPEZ DE MICAY,19418011,RIO MAYA - DOS QUEBRADAS (LÓPEZ DE MICAY - CAUCA),2023,12,4688.0,1672.0,27010.0,Martes,2023-12-26 20:00:00,708.0
19,CAUCA,19418,LÓPEZ DE MICAY,19418012,SAN ANTONIO DE CHUARE (LÓPEZ DE MICAY - CAUCA),2023,12,1074.0,2640.0,42340.0,Viernes,2023-12-22 19:30:00,125.0
19,CAUCA,19418,LÓPEZ DE MICAY,19418015,SAN ISIDRO (LÓPEZ DE MICAY - CAUCA),2023,12,3360.0,1850.0,6620.0,Lunes,2023-12-04 18:30:00,211.0
19,CAUCA,19418,LÓPEZ DE MICAY,19418019,ZARAGOZA (LÓPEZ DE MICAY - CAUCA),2023,12,6482.0,2266.0,60610.0,Sábado,2023-12-09 19:00:00,517.0
19,CAUCA,19809,TIMBIQUÍ,19809014,CHACON (TIMBIQUÍ - CAUCA),2023,12,433.0,1276.0,25340.0,Sábado,2023-12-02 18:45:00,711.0
19,CAUCA,19809,TIMBIQUÍ,19809010,COMUNIDAD DE CHETE (TIMBIQUÍ - CAUCA),2023,12,4824.0,1952.0,40510.0,Sábado,2023-12-30 06:30:00,668.0
19,CAUCA,19809,TIMBIQUÍ,19809003,COTEJE (TIMBIQUÍ - CAUCA),2023,12,6198.0,4496.0,3040.0,Viernes,2023-12-15 20:15:00,811.0
19,CAUCA,19809,TIMBIQUÍ,19809026,LOS BRAZOS (TIMBIQUÍ - CAUCA),2023,12,7459.0,3409.0,36910.0,Sábado,2023-12-16 19:45:00,756.0
19,CAUCA,19809,TIMBIQUÍ,19809023,PUERTO SAIJA (TIMBIQUÍ - CAUCA),2023,12,27403.0,9243.0,182860.0,Domingo,2023-12-24 20:30:00,615.0
19,CAUCA,19809,TIMBIQUÍ,19809007,SAN JOSE (TIMBIQUÍ - CAUCA),2023,12,7195.0,4792.0,38540.0,Viernes,2023-12-15 18:45:00,3854.0
19,CAUCA,19809,TIMBIQUÍ,19809009,SANTA ROSA DE SAIJA (TIMBIQUÍ - CAUCA),2023,12,3561.0,106.0,2030.0,Sábado,2023-12-02 19:15:00,757.0
27,CHOCÓ,27006,ACANDÍ,27006000,ACANDÍ (ACANDÍ - CHOCÓ),2023,12,763985.0,225386.0,155901.0,Martes,2023-12-12 21:30:00,1933.0
27,CHOCÓ,27006,ACANDÍ,27006007,SAN FRANCISCO (ACANDÍ - CHOCÓ),2023,12,17019.0,7527.0,85780.0,Domingo,2023-12-31 19:00:00,845.0
27,CHOCÓ,27025,ALTO BAUDO,27025000,CIUDAD BAUDO - PIE DE PATO (ALTO BAUDO - CHOCÓ),2023,12,52554.0,19319.0,115630.0,Miércoles,2023-12-27 12:00:00,2359.0
27,CHOCÓ,27075,BAHÍA SOLANO,27075000,CIUDAD MUTIS (BAHÍA SOLANO - CHOCÓ),2023,12,796221.0,251852.0,157168.0,Viernes,2023-12-22 10:00:00,2344.0
27,CHOCÓ,27075,BAHÍA SOLANO,27075001,CUPICA (BAHÍA SOLANO - CHOCÓ),2023,12,74835.0,25296.0,157630.0,Martes,2023-12-05 19:15:00,2353.0
27,CHOCÓ,27075,BAHÍA SOLANO,27075002,EL VALLE (BAHÍA SOLANO - CHOCÓ),2023,12,192179.0,70932.0,362210.0,Viernes,2023-12-22 19:15:00,2354.0
27,CHOCÓ,27077,BAJO BAUDÓ,27077008,ORPUA (BAJO BAUDÓ - CHOCÓ),2023,12,1117.0,3250.0,6350.0,Viernes,2023-12-15 18:00:00,902.0
27,CHOCÓ,27077,BAJO BAUDÓ,27077000,PIZARRO (BAJO BAUDÓ - CHOCÓ),2023,12,235973.0,100121.0,473090.0,Domingo,2023-12-10 18:30:00,203.0
27,CHOCÓ,27077,BAJO BAUDÓ,27077016,SIVIRU (BAJO BAUDÓ - CHOCÓ),2023,12,8992.0,333.0,42960.0,Domingo,2023-12-31 19:30:00,942.0
27,CHOCÓ,27077,BAJO BAUDÓ,27077019,VIRUDO (BAJO BAUDÓ - CHOCÓ),2023,12,7127.0,3144.0,30730.0,Miércoles,2023-12-27 21:00:00,945.0
27,CHOCÓ,27099,BOJAYÁ,27099005,NAPIPI (BOJAYÁ - CHOCÓ),2023,12,1159.0,3853.0,6720.0,Domingo,2023-12-24 13:00:00,734.0
27,CHOCÓ,27250,EL LITORAL DEL SAN JUAN,27250023,PAPAYO (EL LITORAL DEL SAN JUAN - CHOCÓ),2023,12,685.0,2152.0,18290.0,Sábado,2023-12-02 19:15:00,2223.0
27,CHOCÓ,27250,EL LITORAL DEL SAN JUAN,27250913,SAN BERNARDO BURUJON (EL LITORAL DEL SAN JUAN - CHOCÓ),2023,12,2722.0,1946.0,11360.0,Jueves,2023-12-28 19:15:00,18.0
27,CHOCÓ,27250,EL LITORAL DEL SAN JUAN,27250000,SANTA GENOVEVA DE DOCORDO (EL LITORAL DEL SAN JUAN - CHOCÓ),2023,12,79851.0,40738.0,212390.0,Lunes,2023-12-04 12:30:00,1535.0
27,CHOCÓ,27361,ISTMINA,27361023,POTEDÓ (ISTMINA - CHOCÓ),2023,12,4772.0,3002.0,12010.0,Sábado,2023-12-09 19:15:00,1912.0
27,CHOCÓ,27361,ISTMINA,27361048,UNION CHOCO (ISTMINA - CHOCÓ),2023,12,2235.0,8380.0,1110.0,Miércoles,2023-12-06 13:30:00,1824.0
27,CHOCÓ,27372,JURADO,27372000,JURADO (JURADO - CHOCÓ),2023,12,192805.0,64716.0,353920.0,Martes,2023-12-05 19:30:00,2357.0
27,CHOCÓ,27425,MEDIO ATRATO,27425000,BETE (MEDIO ATRATO - CHOCÓ),2023,12,1494.0,881.0,560.0,Martes,2023-12-05 11:45:00,1236.0
27,CHOCÓ,27425,MEDIO ATRATO,27425008,SAN ROQUE (MEDIO ATRATO - CHOCÓ),2023,12,0.0,0.0,0.0,Viernes,2023-12-01 00:00:00,0.0
27,CHOCÓ,27450,MEDIO SAN JUAN,27450019,UNIÓN WAUNAÁN (MEDIO SAN JUAN - CHOCÓ),2023,12,6284.0,1378.0,18210.0,Martes,2023-12-26 19:15:00,2053.0
27,CHOCÓ,27491,NOVITA,27491004,JUNTAS DE TAMANA (NOVITA - CHOCÓ),2023,12,3855.0,154.0,10610.0,Viernes,2023-12-22 18:45:00,1928.0
27,CHOCÓ,27495,NUQUÍ,27495011,COMUNIDAD DE PUERTO JAGUA (NUQUÍ - CHOCÓ),2023,12,6850.0,3190.0,5950.0,Sábado,2023-12-09 20:45:00,519.0
27,CHOCÓ,27001,QUIBDÓ,27001029,TAGACHI (QUIBDÓ - CHOCÓ),2023,12,6427.0,2574.0,46610.0,Sábado,2023-12-30 19:30:00,554.0
27,CHOCÓ,27615,RIOSUCIO,27615011,SAN JOSE TAMBORAL (RIOSUCIO - CHOCÓ),2023,12,1293.0,5010.0,4590.0,Lunes,2023-12-25 18:45:00,1137.0
27,CHOCÓ,27800,UNGUÍA,27800001,BALBOA (UNGUÍA - CHOCÓ),2023,12,13889.0,5314.0,83140.0,Domingo,2023-12-24 19:45:00,649.0
27,CHOCÓ,27800,UNGUÍA,27800005,TITUMATE (UNGUÍA - CHOCÓ),2023,12,16144.0,3851.0,85010.0,Viernes,2023-12-31 20:00:00,811.0
27,CHOCÓ,27800,UNGUÍA,27800000,UNGUÍA (UNGUÍA - CHOCÓ),2023,12,471749.0,154056.0,967820.0,Miércoles,2023-12-13 19:00:00,2139.0
94,GUAINÍA,94343,BARRANCO MINAS,94343000,BARRANCO MINAS (BARRANCO MINAS - GUAINÍA),2023,12,86025.0,24132.0,221150.0,Jueves,2023-12-07 09:00:00,1645.0
94,GUAINÍA,94001,INÍRIDA,94001000,INÍRIDA (INÍRIDA - GUAINÍA),2023,12,7576.0,701469.0,424512.0,Jueves,2023-12-21 17:45:00,24.0
94,GUAINÍA,94001,INÍRIDA,94001966,LAGUNA COLORADA ALTA (INÍRIDA - GUAINÍA),2023,12,8604.0,2260.0,24380.0,Lunes,2023-12-04 18:30:00,164.0
95,GUAVIARE,95200,MIRAFLORES,95200000,MIRAFLORES (MIRAFLORES - GUAVIARE),2023,12,89286.0,2879.0,22220.0,Jueves,2023-12-21 18:15:00,1819.0
44,LA GUAJIRA,44847,URIBIA,44847003,CABO DE LA VELA (URIBIA - LA GUAJIRA),2023,12,64933.0,3166.0,152150.0,Miércoles,2023-12-27 20:00:00,225.0
47,MAGDALENA,47189,CIÉNAGA,47189018,PALMOR (CIÉNAGA - MAGDALENA),2023,12,113035.0,45923.0,207040.0,Sábado,2023-12-16 18:30:00,2344.0
50,META,50325,MAPIRIPAN,50325000,MAPIRIPAN (MAPIRIPAN - META),2023,12,189964.0,65139.0,355080.0,Jueves,2023-12-21 18:15:00,2355.0
52,NARIÑO,52250,EL CHARCO,52250016,ALTERON - URIBE URIBE (EL CHARCO - NARIÑO),2023,12,0.0,0.0,0.0,Viernes,2023-12-01 00:00:00,0.0
52,NARIÑO,52250,EL CHARCO,52250023,BAZAN (EL CHARCO - NARIÑO),2023,12,4888.0,2238.0,9120.0,Domingo,2023-12-03 20:15:00,215.0
52,NARIÑO,52250,EL CHARCO,52250003,BOLIVAR - SAN PEDRO (EL CHARCO - NARIÑO),2023,12,5220.0,4850.0,24350.0,Sábado,2023-12-23 21:00:00,57.0
52,NARIÑO,52250,EL CHARCO,52250022,EL CUIL PUEBLO NUEVO (EL CHARCO - NARIÑO),2023,12,7301.0,3195.0,30580.0,Viernes,2023-12-22 15:45:00,907.0
52,NARIÑO,52250,EL CHARCO,52250005,LAS MERCEDES (EL CHARCO - NARIÑO),2023,12,1397.0,6170.0,9730.0,Miércoles,2023-12-20 20:00:00,611.0
52,NARIÑO,52250,EL CHARCO,52250007,SAN JOSE DEL TAPAJE (EL CHARCO - NARIÑO),2023,12,11398.0,2932.0,640.0,Sábado,2023-12-09 19:00:00,802.0
52,NARIÑO,52390,LA TOLA,52390013,AMARALES (LA TOLA - NARIÑO),2023,12,10799.0,2676.0,48990.0,Domingo,2023-12-24 19:15:00,1004.0
52,NARIÑO,52390,LA TOLA,52390003,LA VIGIA DE LA MAR (LA TOLA - NARIÑO),2023,12,7303.0,244.0,38760.0,Martes,2023-12-05 11:30:00,92.0
52,NARIÑO,52390,LA TOLA,52390009,MULATOS (LA TOLA - NARIÑO),2023,12,4458.0,2902.0,28380.0,Miércoles,2023-12-20 18:00:00,754.0
52,NARIÑO,52490,OLAYA HERRERA,52490913,BOCA DE PRIETA (OLAYA HERRERA - NARIÑO),2023,12,2999.0,9020.0,14590.0,Miércoles,2023-12-20 18:00:00,74.0
52,NARIÑO,52835,SAN ANDRÉS DE TUMACO,52835055,BOCAS DE CURAY (SAN ANDRÉS DE TUMACO - NARIÑO),2023,12,892.0,3167.0,5280.0,Sábado,2023-12-16 19:00:00,723.0
52,NARIÑO,52835,SAN ANDRÉS DE TUMACO,52835217,SAN JUAN DE LA COSTA (SAN ANDRÉS DE TUMACO - NARIÑO),2023,12,21091.0,8106.0,10560.0,Martes,2023-12-26 19:15:00,846.0
52,NARIÑO,52696,SANTA BÁRBARA,52696014,LA ENSENADA (SANTA BÁRBARA - NARIÑO),2023,12,3894.0,4487.0,22080.0,Lunes,2023-12-18 17:45:00,65.0
76,VALLE DEL CAUCA,76109,BUENAVENTURA,76109957,HUMANES MAR (BUENAVENTURA - VALLE DEL CAUCA),2023,12,6089.0,1628.0,28710.0,Viernes,2023-12-22 10:45:00,1116.0
76,VALLE DEL CAUCA,76109,BUENAVENTURA,76109028,PUERTO MERIZALDE (BUENAVENTURA - VALLE DEL CAUCA),2023,12,96818.0,36328.0,213490.0,Viernes,2023-12-01 19:30:00,2149.0
76,VALLE DEL CAUCA,76109,BUENAVENTURA,76109032,SAN FRANCISCO NAYA (BUENAVENTURA - VALLE DEL CAUCA),2023,12,6578.0,3292.0,33180.0,Sábado,2023-12-23 12:30:00,809.0
76,VALLE DEL CAUCA,76109,BUENAVENTURA,76109034,SAN ISIDRO - CALIMA (BUENAVENTURA - VALLE DEL CAUCA),2023,12,1111.0,3430.0,11180.0,Domingo,2023-12-31 20:15:00,44.0
97,VAUPÉS,97161,CARURÚ,97161000,CARURÚ (CARURÚ - VAUPÉS),2023,12,22348.0,708.0,91610.0,Lunes,2023-12-04 18:15:00,1039.0
97,VAUPÉS,97001,MITÚ,97001000,MITÚ (MITÚ - VAUPÉS),2023,12,7576.0,373389.0,306994.0,Miércoles,2023-12-20 12:00:00,2354.0
97,VAUPÉS,97666,TARAIRA,97666000,TARAIRA (TARAIRA - VAUPÉS),2023,12,34421.0,10138.0,123020.0,Viernes,2023-12-01 13:15:00,112.0
99,VICHADA,99001,PUERTO CARREÑO,99001000,PUERTO CARREÑO (PUERTO CARREÑO - VICHADA),2023,12,7576.0,848376.0,511104.0,Miércoles,2023-12-20 14:30:00,2357.0
91,AMAZONAS,91001,LETICIA,91001000,LETICIA (LETICIA - AMAZONAS),2023,12,7576.0,4650.0,828179.0,Miércoles,2023-12-20 15:15:00,24.0
91,AMAZONAS,91001,LETICIA,91001000,LETICIA (LETICIA - AMAZONAS),2024,1,7576.0,4650.0,758108.0,Miércoles,2024-01-03 14:30:00,24.0
5,ANTIOQUIA,5873,VIGÍA DEL FUERTE,5873010,LA PLAYA MURRI  (VIGÍA DEL FUERTE - ANTIOQUIA),2024,1,5137.0,2908.0,26010.0,Domingo,2024-01-28 18:45:00,853.0
5,ANTIOQUIA,5873,VIGÍA DEL FUERTE,5873013,LOMA MURRI (VIGÍA DEL FUERTE - ANTIOQUIA),2024,1,607.0,2216.0,28560.0,Domingo,2024-01-28 14:45:00,816.0
88,ARCHIPIÉLAGO DE SAN ANDRÉS y PROVIDENCIA,88564,PROVIDENCIA,88564000,PROVIDENCIA (PROVIDENCIA - ARCHIPIÉLAGO DE SAN ANDRÉS y PROVIDENCIA ),2024,1,7576.0,254221.0,202826.0,Jueves,2024-01-04 21:30:00,2357.0
88,"ARCHIPIÉLAGO DE SAN ANDRÉS, PROVIDENCIA Y SANTA CATALINA",88001,SAN ANDRÉS,88001000,SAN ANDRÉS (SAN ANDRÉS - ARCHIPIÉLAGO DE SAN ANDRÉS Y PROVIDENCIA),2024,1,7576.0,4650.0,2562781.0,Lunes,2024-01-15 15:45:00,2359.0
13,BOLÍVAR,13001,CARTAGENA DE INDIAS,13001007,ISLA FUERTE (CARTAGENA DE INDIAS - BOLÍVAR),2024,1,57124.0,25836.0,280520.0,Viernes,2024-01-05 19:00:00,944.0
13,BOLÍVAR,13001,CARTAGENA DE INDIAS,13001037,ISLA MUCURA (CARTAGENA DE INDIAS - BOLÍVAR),2024,1,7245.0,2832.0,23970.0,Domingo,2024-01-07 05:30:00,12.0
13,BOLÍVAR,13001,CARTAGENA DE INDIAS,13001017,SANTA CRUZ DEL ISLOTE (CARTAGENA DE INDIAS - BOLÍVAR),2024,1,2051.0,7400.0,41060.0,Lunes,2024-01-29 22:15:00,151.0
18,CAQUETÁ,18150,CARTAGENA DEL CHAIRA,18150001,REMOLINO DEL CAGUAN (CARTAGENA DEL CHAIRA - CAQUETÁ),2024,1,17412.0,6532.0,96360.0,Sábado,2024-01-27 19:45:00,734.0
18,CAQUETÁ,18150,CARTAGENA DEL CHAIRA,18150002,SANTA FE DEL CAGUAN (CARTAGENA DEL CHAIRA - CAQUETÁ),2024,1,4322.0,1966.0,41320.0,Miércoles,2024-01-31 19:15:00,413.0
18,CAQUETÁ,18753,SAN VICENTE DEL CAGUÁN,18753002,GUACAMAYAS (SAN VICENTE DEL CAGUÁN - CAQUETÁ),2024,1,0.0,0.0,0.0,Lunes,2024-01-01 00:00:00,0.0
18,CAQUETÁ,18753,SAN VICENTE DEL CAGUÁN,18753009,PUERTO BETANIA (SAN VICENTE DEL CAGUÁN - CAQUETÁ),2024,1,120.0,50.0,20920.0,Martes,2024-01-30 13:30:00,1.0
18,CAQUETÁ,18753,SAN VICENTE DEL CAGUÁN,18753033,VILLA LOBOS (SAN VICENTE DEL CAGUÁN - CAQUETÁ),2024,1,11458.0,4545.0,69970.0,Miércoles,2024-01-17 19:30:00,626.0
19,CAUCA,19318,GUAPI,19318008,LIMONES (GUAPI - CAUCA),2024,1,9374.0,415.0,42730.0,Lunes,2024-01-15 19:45:00,939.0
19,CAUCA,19318,GUAPI,19318013,SAN ANTONIO DE GUAJUI (GUAPI - CAUCA),2024,1,11279.0,6561.0,50770.0,Viernes,2024-01-26 19:45:00,913.0
19,CAUCA,19418,LÓPEZ DE MICAY,19418033,BOCA GRANDE (LÓPEZ DE MICAY - CAUCA),2024,1,3845.0,8370.0,28840.0,Miércoles,2024-01-03 19:30:00,524.0
19,CAUCA,19418,LÓPEZ DE MICAY,19418038,ISLA DE GALLO (LÓPEZ DE MICAY - CAUCA),2024,1,2762.0,1281.0,35140.0,Viernes,2024-01-26 19:15:00,422.0
19,CAUCA,19418,LÓPEZ DE MICAY,19418009,NOANAMITO (LÓPEZ DE MICAY - CAUCA),2024,1,7653.0,2786.0,320.0,Sábado,2024-01-13 19:15:00,1023.0
19,CAUCA,19418,LÓPEZ DE MICAY,19418011,RIO MAYA - DOS QUEBRADAS (LÓPEZ DE MICAY - CAUCA),2024,1,4199.0,1449.0,31360.0,Viernes,2024-01-26 19:15:00,61.0
19,CAUCA,19418,LÓPEZ DE MICAY,19418012,SAN ANTONIO DE CHUARE (LÓPEZ DE MICAY - CAUCA),2024,1,2504.0,6600.0,47780.0,Viernes,2024-01-26 18:45:00,233.0
19,CAUCA,19418,LÓPEZ DE MICAY,19418015,SAN ISIDRO (LÓPEZ DE MICAY - CAUCA),2024,1,6270.0,3640.0,6910.0,Miércoles,2024-01-24 19:00:00,354.0
19,CAUCA,19418,LÓPEZ DE MICAY,19418019,ZARAGOZA (LÓPEZ DE MICAY - CAUCA),2024,1,4771.0,1732.0,4490.0,Sábado,2024-01-27 20:00:00,403.0
19,CAUCA,19809,TIMBIQUÍ,19809014,CHACON (TIMBIQUÍ - CAUCA),2024,1,3302.0,9700.0,24260.0,Martes,2024-01-30 20:30:00,532.0
19,CAUCA,19809,TIMBIQUÍ,19809003,COTEJE (TIMBIQUÍ - CAUCA),2024,1,5626.0,4207.0,27760.0,Lunes,2024-01-22 20:45:00,738.0
19,CAUCA,19809,TIMBIQUÍ,19809026,LOS BRAZOS (TIMBIQUÍ - CAUCA),2024,1,6938.0,3231.0,37540.0,Domingo,2024-01-07 19:30:00,717.0
19,CAUCA,19809,TIMBIQUÍ,19809023,PUERTO SAIJA (TIMBIQUÍ - CAUCA),2024,1,21638.0,7454.0,173360.0,Lunes,2024-01-29 20:30:00,504.0
19,CAUCA,19809,TIMBIQUÍ,19809007,SAN JOSE (TIMBIQUÍ - CAUCA),2024,1,6927.0,4754.0,360.0,Martes,2024-01-09 19:30:00,733.0
19,CAUCA,19809,TIMBIQUÍ,19809009,SANTA ROSA DE SAIJA (TIMBIQUÍ - CAUCA),2024,1,2661.0,7760.0,18820.0,Miércoles,2024-01-31 19:00:00,606.0
27,CHOCÓ,27006,ACANDÍ,27006000,ACANDÍ (ACANDÍ - CHOCÓ),2024,1,648455.0,19227.0,159298.0,Jueves,2024-01-25 22:00:00,1845.0
27,CHOCÓ,27006,ACANDÍ,27006003,CAPURGANA (ACANDÍ - CHOCÓ),2024,1,0.0,0.0,0.0,Lunes,2024-01-01 00:00:00,0.0
27,CHOCÓ,27006,ACANDÍ,27006007,SAN FRANCISCO (ACANDÍ - CHOCÓ),2024,1,1663.0,7375.0,94460.0,Viernes,2024-01-05 20:15:00,821.0
27,CHOCÓ,27025,ALTO BAUDO,27025000,CIUDAD BAUDO - PIE DE PATO (ALTO BAUDO - CHOCÓ),2024,1,5462.0,18968.0,12390.0,Martes,2024-01-23 12:00:00,2352.0
27,CHOCÓ,27025,ALTO BAUDO,27025034,PLAYITA CATRU (ALTO BAUDO - CHOCÓ),2024,1,6840.0,1030.0,5390.0,Domingo,2024-01-28 18:45:00,504.0
27,CHOCÓ,27075,BAHÍA SOLANO,27075000,CIUDAD MUTIS (BAHÍA SOLANO - CHOCÓ),2024,1,876676.0,274747.0,16764.0,Martes,2024-01-16 10:30:00,2347.0
27,CHOCÓ,27075,BAHÍA SOLANO,27075001,CUPICA (BAHÍA SOLANO - CHOCÓ),2024,1,74924.0,23948.0,158460.0,Lunes,2024-01-22 12:00:00,2355.0
27,CHOCÓ,27075,BAHÍA SOLANO,27075002,EL VALLE (BAHÍA SOLANO - CHOCÓ),2024,1,199559.0,72523.0,381480.0,Martes,2024-01-16 19:15:00,2331.0
27,CHOCÓ,27077,BAJO BAUDÓ,27077008,ORPUA (BAJO BAUDÓ - CHOCÓ),2024,1,1148.0,3570.0,7410.0,Miércoles,2024-01-24 18:45:00,836.0
27,CHOCÓ,27077,BAJO BAUDÓ,27077000,PIZARRO (BAJO BAUDÓ - CHOCÓ),2024,1,247062.0,98417.0,486290.0,Miércoles,2024-01-31 20:15:00,2229.0
27,CHOCÓ,27077,BAJO BAUDÓ,27077016,SIVIRU (BAJO BAUDÓ - CHOCÓ),2024,1,639.0,2224.0,46360.0,Sábado,2024-01-13 11:30:00,633.0
27,CHOCÓ,27077,BAJO BAUDÓ,27077019,VIRUDO (BAJO BAUDÓ - CHOCÓ),2024,1,62.0,2346.0,3030.0,Viernes,2024-01-26 20:00:00,828.0
27,CHOCÓ,27099,BOJAYÁ,27099005,NAPIPI (BOJAYÁ - CHOCÓ),2024,1,12828.0,4209.0,6720.0,Jueves,2024-01-25 20:15:00,808.0
27,CHOCÓ,27250,EL LITORAL DEL SAN JUAN,27250023,PAPAYO (EL LITORAL DEL SAN JUAN - CHOCÓ),2024,1,3442.0,106.0,17720.0,Miércoles,2024-01-17 19:00:00,72.0
27,CHOCÓ,27250,EL LITORAL DEL SAN JUAN,27250913,SAN BERNARDO BURUJON (EL LITORAL DEL SAN JUAN - CHOCÓ),2024,1,2547.0,4539.0,10690.0,Domingo,2024-01-14 23:15:00,1015.0
27,CHOCÓ,27250,EL LITORAL DEL SAN JUAN,27250000,SANTA GENOVEVA DE DOCORDO (EL LITORAL DEL SAN JUAN - CHOCÓ),2024,1,88631.0,43871.0,247370.0,Domingo,2024-01-28 19:15:00,1543.0
27,CHOCÓ,27361,ISTMINA,27361023,POTEDÓ (ISTMINA - CHOCÓ),2024,1,2581.0,1481.0,12430.0,Domingo,2024-01-28 18:30:00,839.0
27,CHOCÓ,27361,ISTMINA,27361048,UNION CHOCO (ISTMINA - CHOCÓ),2024,1,1358.0,5190.0,6350.0,Domingo,2024-01-07 20:15:00,339.0
27,CHOCÓ,27372,JURADO,27372000,JURADO (JURADO - CHOCÓ),2024,1,184421.0,64789.0,338880.0,Lunes,2024-01-22 16:00:00,2355.0
27,CHOCÓ,27425,MEDIO ATRATO,27425000,BETE (MEDIO ATRATO - CHOCÓ),2024,1,722.0,3588.0,600.0,Jueves,2024-01-25 19:45:00,522.0
27,CHOCÓ,27425,MEDIO ATRATO,27425008,SAN ROQUE (MEDIO ATRATO - CHOCÓ),2024,1,0.0,0.0,170.0,Martes,2024-01-23 16:00:00,0.0
27,CHOCÓ,27450,MEDIO SAN JUAN,27450019,UNIÓN WAUNAÁN (MEDIO SAN JUAN - CHOCÓ),2024,1,2028.0,4310.0,16860.0,Lunes,2024-01-29 19:00:00,443.0
27,CHOCÓ,27491,NOVITA,27491004,JUNTAS DE TAMANA (NOVITA - CHOCÓ),2024,1,116.0,4110.0,12180.0,Sábado,2024-01-13 18:45:00,423.0
27,CHOCÓ,27495,NUQUÍ,27495011,COMUNIDAD DE PUERTO JAGUA (NUQUÍ - CHOCÓ),2024,1,9390.0,3560.0,5330.0,Martes,2024-01-02 19:45:00,715.0
27,CHOCÓ,27001,QUIBDÓ,27001029,TAGACHI (QUIBDÓ - CHOCÓ),2024,1,5787.0,2158.0,47660.0,Miércoles,2024-01-03 19:30:00,504.0
27,CHOCÓ,27615,RIOSUCIO,27615011,SAN JOSE TAMBORAL (RIOSUCIO - CHOCÓ),2024,1,6890.0,2640.0,3950.0,Martes,2024-01-16 19:30:00,439.0
27,CHOCÓ,27800,UNGUÍA,27800001,BALBOA (UNGUÍA - CHOCÓ),2024,1,26737.0,10445.0,91780.0,Sábado,2024-01-27 20:45:00,1218.0
27,CHOCÓ,27800,UNGUÍA,27800005,TITUMATE (UNGUÍA - CHOCÓ),2024,1,17639.0,4068.0,90290.0,Lunes,2024-01-08 20:45:00,836.0
27,CHOCÓ,27800,UNGUÍA,27800000,UNGUÍA (UNGUÍA - CHOCÓ),2024,1,480145.0,158137.0,956740.0,Viernes,2024-01-26 21:30:00,2209.0
94,GUAINÍA,94343,BARRANCO MINAS,94343000,BARRANCO MINAS (BARRANCO MINAS - GUAINÍA),2024,1,84069.0,23303.0,214330.0,Lunes,2024-01-29 13:30:00,1628.0
94,GUAINÍA,94001,INÍRIDA,94001000,INÍRIDA (INÍRIDA - GUAINÍA),2024,1,7576.0,717693.0,431376.0,Miércoles,2024-01-31 14:45:00,24.0
94,GUAINÍA,94001,INÍRIDA,94001966,LAGUNA COLORADA ALTA (INÍRIDA - GUAINÍA),2024,1,7973.0,2860.0,26330.0,Martes,2024-01-02 18:15:00,1543.0
95,GUAVIARE,95200,MIRAFLORES,95200000,MIRAFLORES (MIRAFLORES - GUAVIARE),2024,1,8954.0,27803.0,222640.0,Sábado,2024-01-27 19:30:00,1806.0
44,LA GUAJIRA,44847,URIBIA,44847003,CABO DE LA VELA (URIBIA - LA GUAJIRA),2024,1,49224.0,2096.0,17970.0,Miércoles,2024-01-03 19:15:00,1252.0
47,MAGDALENA,47189,CIÉNAGA,47189018,PALMOR (CIÉNAGA - MAGDALENA),2024,1,105706.0,40062.0,19130.0,Domingo,2024-01-31 18:30:00,2342.0
50,META,50325,MAPIRIPAN,50325000,MAPIRIPAN (MAPIRIPAN - META),2024,1,187911.0,66356.0,35640.0,Martes,2024-01-07 18:45:00,24.0
52,NARIÑO,52250,EL CHARCO,52250016,ALTERON - URIBE URIBE (EL CHARCO - NARIÑO),2024,1,1140.0,610.0,60.0,Domingo,2024-01-23 19:00:00,42.0
52,NARIÑO,52250,EL CHARCO,52250023,BAZAN (EL CHARCO - NARIÑO),2024,1,0.0,0.0,0.0,Lunes,2024-01-28 11:00:00,0.0
52,NARIÑO,52250,EL CHARCO,52250003,BOLIVAR - SAN PEDRO (EL CHARCO - NARIÑO),2024,1,4370.0,4390.0,24380.0,Domingo,2024-01-01 00:00:00,46.0
52,NARIÑO,52250,EL CHARCO,52250022,EL CUIL PUEBLO NUEVO (EL CHARCO - NARIÑO),2024,1,5422.0,2374.0,30690.0,Viernes,2024-01-19 17:45:00,653.0
52,NARIÑO,52250,EL CHARCO,52250005,LAS MERCEDES (EL CHARCO - NARIÑO),2024,1,5800.0,1930.0,9250.0,Martes,2024-01-02 20:15:00,245.0
52,NARIÑO,52250,EL CHARCO,52250007,SAN JOSE DEL TAPAJE (EL CHARCO - NARIÑO),2024,1,10054.0,243.0,560.0,Martes,2024-01-02 19:45:00,715.0
52,NARIÑO,52390,LA TOLA,52390013,AMARALES (LA TOLA - NARIÑO),2024,1,10608.0,2754.0,47140.0,Sábado,2024-01-06 20:00:00,1005.0
52,NARIÑO,52390,LA TOLA,52390003,LA VIGIA DE LA MAR (LA TOLA - NARIÑO),2024,1,8291.0,2795.0,41680.0,Miércoles,2024-01-17 11:30:00,1037.0
52,NARIÑO,52390,LA TOLA,52390009,MULATOS (LA TOLA - NARIÑO),2024,1,414.0,2844.0,25470.0,Lunes,2024-01-29 19:15:00,723.0
52,NARIÑO,52490,OLAYA HERRERA,52490913,BOCA DE PRIETA (OLAYA HERRERA - NARIÑO),2024,1,2544.0,7480.0,14540.0,Miércoles,2024-01-17 18:45:00,631.0
52,NARIÑO,52835,SAN ANDRÉS DE TUMACO,52835055,BOCAS DE CURAY (SAN ANDRÉS DE TUMACO - NARIÑO),2024,1,1845.0,5380.0,4560.0,Miércoles,2024-01-03 18:30:00,14.0
52,NARIÑO,52835,SAN ANDRÉS DE TUMACO,52835217,SAN JUAN DE LA COSTA (SAN ANDRÉS DE TUMACO - NARIÑO),2024,1,12187.0,4369.0,12160.0,Miércoles,2024-01-10 19:00:00,442.0
52,NARIÑO,52696,SANTA BÁRBARA,52696014,LA ENSENADA (SANTA BÁRBARA - NARIÑO),2024,1,3661.0,4293.0,22270.0,Lunes,2024-01-29 19:15:00,64.0
76,VALLE DEL CAUCA,76109,BUENAVENTURA,76109957,HUMANES MAR (BUENAVENTURA - VALLE DEL CAUCA),2024,1,4912.0,1317.0,27480.0,Martes,2024-01-02 10:30:00,8.0
76,VALLE DEL CAUCA,76109,BUENAVENTURA,76109028,PUERTO MERIZALDE (BUENAVENTURA - VALLE DEL CAUCA),2024,1,94958.0,33285.0,205570.0,Miércoles,2024-01-17 19:45:00,2016.0
76,VALLE DEL CAUCA,76109,BUENAVENTURA,76109032,SAN FRANCISCO NAYA (BUENAVENTURA - VALLE DEL CAUCA),2024,1,6881.0,3526.0,35710.0,Miércoles,2024-01-10 11:45:00,814.0
76,VALLE DEL CAUCA,76109,BUENAVENTURA,76109034,SAN ISIDRO - CALIMA (BUENAVENTURA - VALLE DEL CAUCA),2024,1,1517.0,4380.0,12010.0,Viernes,2024-01-26 18:45:00,536.0
97,VAUPÉS,97161,CARURÚ,97161000,CARURÚ (CARURÚ - VAUPÉS),2024,1,22656.0,5947.0,7990.0,Lunes,2024-01-29 19:00:00,1203.0
97,VAUPÉS,97001,MITÚ,97001000,MITÚ (MITÚ - VAUPÉS),2024,1,7576.0,400758.0,315193.0,Lunes,2024-01-29 12:00:00,24.0
97,VAUPÉS,97666,TARAIRA,97666000,TARAIRA (TARAIRA - VAUPÉS),2024,1,35739.0,10778.0,120740.0,Viernes,2024-01-26 12:15:00,1226.0
99,VICHADA,99001,PUERTO CARREÑO,99001000,PUERTO CARREÑO (PUERTO CARREÑO - VICHADA),2024,1,7576.0,85315.0,50424.0,Miércoles,2024-01-31 14:45:00,2359.0
91,AMAZONAS,91001,LETICIA,91001000,LETICIA (LETICIA - AMAZONAS),2024,2,7576.0,4650.0,850711.0,Viernes,2024-02-23 14:45:00,24.0
5,ANTIOQUIA,5873,VIGÍA DEL FUERTE,5873010,LA PLAYA MURRI  (VIGÍA DEL FUERTE - ANTIOQUIA),2024,2,5127.0,2848.0,25790.0,Domingo,2024-02-25 16:15:00,84.0
5,ANTIOQUIA,5873,VIGÍA DEL FUERTE,5873013,LOMA MURRI (VIGÍA DEL FUERTE - ANTIOQUIA),2024,2,5958.0,2113.0,28120.0,Sábado,2024-02-24 20:15:00,839.0
88,ARCHIPIÉLAGO DE SAN ANDRÉS y PROVIDENCIA,88564,PROVIDENCIA,88564000,PROVIDENCIA (PROVIDENCIA - ARCHIPIÉLAGO DE SAN ANDRÉS y PROVIDENCIA ),2024,2,7576.0,226008.0,191455.0,Domingo,2024-02-18 21:30:00,24.0
13,BOLÍVAR,13001,CARTAGENA DE INDIAS,13001007,ISLA FUERTE (CARTAGENA DE INDIAS - BOLÍVAR),2024,2,63517.0,30203.0,225980.0,Sábado,2024-02-17 22:45:00,1236.0
13,BOLÍVAR,13001,CARTAGENA DE INDIAS,13001037,ISLA MUCURA (CARTAGENA DE INDIAS - BOLÍVAR),2024,2,5309.0,2189.0,22370.0,Lunes,2024-02-19 21:30:00,1051.0
13,BOLÍVAR,13001,CARTAGENA DE INDIAS,13001017,SANTA CRUZ DEL ISLOTE (CARTAGENA DE INDIAS - BOLÍVAR),2024,2,12401.0,4377.0,45180.0,Domingo,2024-02-18 23:00:00,1119.0
18,CAQUETÁ,18150,CARTAGENA DEL CHAIRA,18150001,REMOLINO DEL CAGUAN (CARTAGENA DEL CHAIRA - CAQUETÁ),2024,2,16666.0,6033.0,95860.0,Sábado,2024-02-24 18:45:00,731.0
18,CAQUETÁ,18150,CARTAGENA DEL CHAIRA,18150002,SANTA FE DEL CAGUAN (CARTAGENA DEL CHAIRA - CAQUETÁ),2024,2,3921.0,1769.0,42760.0,Jueves,2024-02-29 19:00:00,353.0
18,CAQUETÁ,18753,SAN VICENTE DEL CAGUÁN,18753002,GUACAMAYAS (SAN VICENTE DEL CAGUÁN - CAQUETÁ),2024,2,6837.0,2806.0,33070.0,Viernes,2024-02-23 19:15:00,1109.0
18,CAQUETÁ,18753,SAN VICENTE DEL CAGUÁN,18753033,VILLA LOBOS (SAN VICENTE DEL CAGUÁN - CAQUETÁ),2024,2,13116.0,5162.0,86210.0,Viernes,2024-02-23 19:00:00,727.0
19,CAUCA,19318,GUAPI,19318008,LIMONES (GUAPI - CAUCA),2024,2,7942.0,3614.0,41740.0,Miércoles,2024-02-28 19:30:00,855.0
19,CAUCA,19318,GUAPI,19318013,SAN ANTONIO DE GUAJUI (GUAPI - CAUCA),2024,2,10657.0,60.0,53980.0,Jueves,2024-02-22 19:45:00,85.0
19,CAUCA,19418,LÓPEZ DE MICAY,19418033,BOCA GRANDE (LÓPEZ DE MICAY - CAUCA),2024,2,3509.0,7850.0,28160.0,Domingo,2024-02-18 20:30:00,519.0
19,CAUCA,19418,LÓPEZ DE MICAY,19418038,ISLA DE GALLO (LÓPEZ DE MICAY - CAUCA),2024,2,3386.0,1706.0,27420.0,Jueves,2024-02-22 19:15:00,521.0
19,CAUCA,19418,LÓPEZ DE MICAY,19418009,NOANAMITO (LÓPEZ DE MICAY - CAUCA),2024,2,73.0,2746.0,320.0,Jueves,2024-02-01 19:30:00,1021.0
19,CAUCA,19418,LÓPEZ DE MICAY,19418011,RIO MAYA - DOS QUEBRADAS (LÓPEZ DE MICAY - CAUCA),2024,2,3041.0,1046.0,32770.0,Viernes,2024-02-16 18:30:00,413.0
19,CAUCA,19418,LÓPEZ DE MICAY,19418012,SAN ANTONIO DE CHUARE (LÓPEZ DE MICAY - CAUCA),2024,2,4701.0,1407.0,4880.0,Sábado,2024-02-03 19:00:00,423.0
19,CAUCA,19418,LÓPEZ DE MICAY,19418015,SAN ISIDRO (LÓPEZ DE MICAY - CAUCA),2024,2,9210.0,5610.0,7940.0,Jueves,2024-02-22 19:30:00,553.0
19,CAUCA,19418,LÓPEZ DE MICAY,19418019,ZARAGOZA (LÓPEZ DE MICAY - CAUCA),2024,2,8006.0,2935.0,52260.0,Jueves,2024-02-29 16:15:00,647.0
19,CAUCA,19809,TIMBIQUÍ,19809014,CHACON (TIMBIQUÍ - CAUCA),2024,2,2878.0,6620.0,21410.0,Jueves,2024-02-01 12:15:00,605.0
19,CAUCA,19809,TIMBIQUÍ,19809023,PUERTO SAIJA (TIMBIQUÍ - CAUCA),2024,2,30724.0,10842.0,173890.0,Domingo,2024-02-04 19:15:00,723.0
19,CAUCA,19809,TIMBIQUÍ,19809009,SANTA ROSA DE SAIJA (TIMBIQUÍ - CAUCA),2024,2,2339.0,6440.0,20350.0,Lunes,2024-02-26 19:45:00,454.0
27,CHOCÓ,27006,ACANDÍ,27006000,ACANDÍ (ACANDÍ - CHOCÓ),2024,2,535704.0,161161.0,148456.0,Lunes,2024-02-12 21:00:00,1824.0
27,CHOCÓ,27006,ACANDÍ,27006003,CAPURGANA (ACANDÍ - CHOCÓ),2024,2,103589.0,32873.0,365640.0,Domingo,2024-02-18 23:30:00,1453.0
27,CHOCÓ,27025,ALTO BAUDO,27025000,CIUDAD BAUDO - PIE DE PATO (ALTO BAUDO - CHOCÓ),2024,2,53185.0,18273.0,137810.0,Jueves,2024-02-15 11:45:00,2346.0
27,CHOCÓ,27025,ALTO BAUDO,27025034,PLAYITA CATRU (ALTO BAUDO - CHOCÓ),2024,2,5060.0,640.0,6180.0,Viernes,2024-02-23 18:45:00,349.0
27,CHOCÓ,27075,BAHÍA SOLANO,27075000,CIUDAD MUTIS (BAHÍA SOLANO - CHOCÓ),2024,2,860924.0,254421.0,1551.0,Jueves,2024-02-01 19:15:00,2358.0
27,CHOCÓ,27075,BAHÍA SOLANO,27075001,CUPICA (BAHÍA SOLANO - CHOCÓ),2024,2,71851.0,24958.0,164450.0,Viernes,2024-02-16 12:15:00,2335.0
27,CHOCÓ,27075,BAHÍA SOLANO,27075002,EL VALLE (BAHÍA SOLANO - CHOCÓ),2024,2,181104.0,65588.0,36960.0,Jueves,2024-02-08 19:30:00,2332.0
27,CHOCÓ,27077,BAJO BAUDÓ,27077008,ORPUA (BAJO BAUDÓ - CHOCÓ),2024,2,5810.0,3770.0,4420.0,Sábado,2024-02-17 18:30:00,704.0
27,CHOCÓ,27077,BAJO BAUDÓ,27077000,PIZARRO (BAJO BAUDÓ - CHOCÓ),2024,2,23377.0,92629.0,515330.0,Jueves,2024-02-01 18:30:00,215.0
27,CHOCÓ,27077,BAJO BAUDÓ,27077016,SIVIRU (BAJO BAUDÓ - CHOCÓ),2024,2,9232.0,3447.0,48230.0,Sábado,2024-02-17 12:00:00,1031.0
27,CHOCÓ,27077,BAJO BAUDÓ,27077019,VIRUDO (BAJO BAUDÓ - CHOCÓ),2024,2,6239.0,2398.0,30830.0,Viernes,2024-02-23 19:30:00,858.0
27,CHOCÓ,27099,BOJAYÁ,27099005,NAPIPI (BOJAYÁ - CHOCÓ),2024,2,11589.0,3838.0,6720.0,Sábado,2024-02-24 19:15:00,743.0
27,CHOCÓ,27250,EL LITORAL DEL SAN JUAN,27250023,PAPAYO (EL LITORAL DEL SAN JUAN - CHOCÓ),2024,2,3058.0,9590.0,17470.0,Martes,2024-02-27 19:30:00,708.0
27,CHOCÓ,27250,EL LITORAL DEL SAN JUAN,27250000,SANTA GENOVEVA DE DOCORDO (EL LITORAL DEL SAN JUAN - CHOCÓ),2024,2,96044.0,49255.0,239580.0,Sábado,2024-02-03 12:00:00,1903.0
27,CHOCÓ,27361,ISTMINA,27361023,POTEDÓ (ISTMINA - CHOCÓ),2024,2,2195.0,1324.0,12060.0,Miércoles,2024-02-21 16:45:00,807.0
27,CHOCÓ,27372,JURADO,27372000,JURADO (JURADO - CHOCÓ),2024,2,177544.0,64736.0,339360.0,Jueves,2024-02-15 19:45:00,2355.0
27,CHOCÓ,27425,MEDIO ATRATO,27425000,BETE (MEDIO ATRATO - CHOCÓ),2024,2,17365.0,8172.0,640.0,Viernes,2024-02-02 19:15:00,1304.0
27,CHOCÓ,27425,MEDIO ATRATO,27425008,SAN ROQUE (MEDIO ATRATO - CHOCÓ),2024,2,0.0,0.0,0.0,Jueves,2024-02-01 00:00:00,0.0
27,CHOCÓ,27491,NOVITA,27491004,JUNTAS DE TAMANA (NOVITA - CHOCÓ),2024,2,9070.0,3060.0,11780.0,Martes,2024-02-13 19:45:00,327.0
27,CHOCÓ,27495,NUQUÍ,27495011,COMUNIDAD DE PUERTO JAGUA (NUQUÍ - CHOCÓ),2024,2,7360.0,2720.0,5280.0,Lunes,2024-02-05 19:15:00,615.0
27,CHOCÓ,27001,QUIBDÓ,27001029,TAGACHI (QUIBDÓ - CHOCÓ),2024,2,5697.0,219.0,52080.0,Jueves,2024-02-01 21:15:00,524.0
27,CHOCÓ,27615,RIOSUCIO,27615011,SAN JOSE TAMBORAL (RIOSUCIO - CHOCÓ),2024,2,3200.0,1090.0,4570.0,Sábado,2024-02-17 19:30:00,307.0
27,CHOCÓ,27800,UNGUÍA,27800001,BALBOA (UNGUÍA - CHOCÓ),2024,2,25185.0,9795.0,93360.0,Domingo,2024-02-11 20:30:00,1212.0
27,CHOCÓ,27800,UNGUÍA,27800005,TITUMATE (UNGUÍA - CHOCÓ),2024,2,14757.0,3686.0,77970.0,Jueves,2024-02-01 20:30:00,837.0
27,CHOCÓ,27800,UNGUÍA,27800000,UNGUÍA (UNGUÍA - CHOCÓ),2024,2,42948.0,143086.0,995810.0,Martes,2024-02-06 20:45:00,2133.0
94,GUAINÍA,94343,BARRANCO MINAS,94343000,BARRANCO MINAS (BARRANCO MINAS - GUAINÍA),2024,2,80678.0,22562.0,253570.0,Jueves,2024-02-29 14:15:00,1543.0
94,GUAINÍA,94001,INÍRIDA,94001000,INÍRIDA (INÍRIDA - GUAINÍA),2024,2,7576.0,66443.0,46288.0,Martes,2024-02-20 14:45:00,24.0
94,GUAINÍA,94001,INÍRIDA,94001966,LAGUNA COLORADA ALTA (INÍRIDA - GUAINÍA),2024,2,8558.0,4340.0,28310.0,Lunes,2024-02-19 18:15:00,1721.0
95,GUAVIARE,95200,MIRAFLORES,95200000,MIRAFLORES (MIRAFLORES - GUAVIARE),2024,2,89338.0,27538.0,216920.0,Sábado,2024-02-24 18:45:00,1834.0
44,LA GUAJIRA,44847,URIBIA,44847003,CABO DE LA VELA (URIBIA - LA GUAJIRA),2024,2,41955.0,2054.0,150310.0,Martes,2024-02-06 18:30:00,131.0
47,MAGDALENA,47189,CIÉNAGA,47189018,PALMOR (CIÉNAGA - MAGDALENA),2024,2,96593.0,35064.0,190460.0,Martes,2024-02-20 18:30:00,2324.0
50,META,50325,MAPIRIPAN,50325000,MAPIRIPAN (MAPIRIPAN - META),2024,2,183775.0,62042.0,359920.0,Miércoles,2024-02-07 18:30:00,2354.0
52,NARIÑO,52250,EL CHARCO,52250016,ALTERON - URIBE URIBE (EL CHARCO - NARIÑO),2024,2,4760.0,2520.0,8040.0,Lunes,2024-02-19 21:00:00,252.0
52,NARIÑO,52250,EL CHARCO,52250023,BAZAN (EL CHARCO - NARIÑO),2024,2,0.0,0.0,0.0,Jueves,2024-02-01 00:00:00,0.0
52,NARIÑO,52250,EL CHARCO,52250003,BOLIVAR - SAN PEDRO (EL CHARCO - NARIÑO),2024,2,3950.0,3750.0,27780.0,Miércoles,2024-02-07 19:45:00,5.0
52,NARIÑO,52250,EL CHARCO,52250022,EL CUIL PUEBLO NUEVO (EL CHARCO - NARIÑO),2024,2,6022.0,2668.0,31360.0,Sábado,2024-02-17 18:45:00,838.0
52,NARIÑO,52250,EL CHARCO,52250005,LAS MERCEDES (EL CHARCO - NARIÑO),2024,2,3800.0,2240.0,11620.0,Jueves,2024-02-22 19:45:00,1162.0
52,NARIÑO,52250,EL CHARCO,52250007,SAN JOSE DEL TAPAJE (EL CHARCO - NARIÑO),2024,2,10042.0,231.0,640.0,Sábado,2024-02-17 19:30:00,723.0
52,NARIÑO,52390,LA TOLA,52390013,AMARALES (LA TOLA - NARIÑO),2024,2,899.0,2384.0,49120.0,Domingo,2024-02-25 11:45:00,856.0
52,NARIÑO,52390,LA TOLA,52390003,LA VIGIA DE LA MAR (LA TOLA - NARIÑO),2024,2,7904.0,2357.0,45360.0,Jueves,2024-02-29 11:30:00,945.0
52,NARIÑO,52390,LA TOLA,52390009,MULATOS (LA TOLA - NARIÑO),2024,2,398.0,2654.0,2650.0,Jueves,2024-02-29 17:45:00,74.0
52,NARIÑO,52490,OLAYA HERRERA,52490913,BOCA DE PRIETA (OLAYA HERRERA - NARIÑO),2024,2,2448.0,7180.0,16610.0,Domingo,2024-02-11 19:45:00,645.0
52,NARIÑO,52835,SAN ANDRÉS DE TUMACO,52835055,BOCAS DE CURAY (SAN ANDRÉS DE TUMACO - NARIÑO),2024,2,0.0,0.0,0.0,Jueves,2024-02-01 00:00:00,0.0
52,NARIÑO,52835,SAN ANDRÉS DE TUMACO,52835217,SAN JUAN DE LA COSTA (SAN ANDRÉS DE TUMACO - NARIÑO),2024,2,15934.0,5886.0,11840.0,Miércoles,2024-02-21 19:00:00,636.0
52,NARIÑO,52696,SANTA BÁRBARA,52696014,LA ENSENADA (SANTA BÁRBARA - NARIÑO),2024,2,3113.0,3591.0,21060.0,Viernes,2024-02-09 18:30:00,607.0
76,VALLE DEL CAUCA,76109,BUENAVENTURA,76109957,HUMANES MAR (BUENAVENTURA - VALLE DEL CAUCA),2024,2,4356.0,1226.0,27570.0,Domingo,2024-02-25 10:30:00,717.0
76,VALLE DEL CAUCA,76109,BUENAVENTURA,76109028,PUERTO MERIZALDE (BUENAVENTURA - VALLE DEL CAUCA),2024,2,90741.0,32512.0,261890.0,Jueves,2024-02-22 20:00:00,205.0
76,VALLE DEL CAUCA,76109,BUENAVENTURA,76109032,SAN FRANCISCO NAYA (BUENAVENTURA - VALLE DEL CAUCA),2024,2,662.0,3373.0,36540.0,Miércoles,2024-02-14 11:45:00,813.0
76,VALLE DEL CAUCA,76109,BUENAVENTURA,76109034,SAN ISIDRO - CALIMA (BUENAVENTURA - VALLE DEL CAUCA),2024,2,1189.0,3850.0,1270.0,Domingo,2024-02-04 13:15:00,413.0
97,VAUPÉS,97161,CARURÚ,97161000,CARURÚ (CARURÚ - VAUPÉS),2024,2,19105.0,4708.0,85360.0,Jueves,2024-02-08 18:30:00,1022.0
97,VAUPÉS,97001,MITÚ,97001000,MITÚ (MITÚ - VAUPÉS),2024,2,7576.0,381857.0,324006.0,Lunes,2024-02-19 13:00:00,2347.0
97,VAUPÉS,97666,TARAIRA,97666000,TARAIRA (TARAIRA - VAUPÉS),2024,2,3161.0,9722.0,122320.0,Viernes,2024-02-23 11:30:00,1147.0
99,VICHADA,99001,PUERTO CARREÑO,99001000,PUERTO CARREÑO (PUERTO CARREÑO - VICHADA),2024,2,7576.0,818783.0,536448.0,Viernes,2024-02-16 14:00:00,24.0
91,AMAZONAS,91001,LETICIA,91001000,LETICIA (LETICIA - AMAZONAS),2024,3,7576.0,4650.0,821606.0,Viernes,2024-03-22 14:30:00,24.0
5,ANTIOQUIA,5873,VIGÍA DEL FUERTE,5873010,LA PLAYA MURRI  (VIGÍA DEL FUERTE - ANTIOQUIA),2024,3,6269.0,3543.0,24370.0,Miércoles,2024-03-06 18:45:00,1032.0
5,ANTIOQUIA,5873,VIGÍA DEL FUERTE,5873013,LOMA MURRI (VIGÍA DEL FUERTE - ANTIOQUIA),2024,3,6558.0,2407.0,28860.0,Sábado,2024-03-16 20:00:00,908.0
88,ARCHIPIÉLAGO DE SAN ANDRÉS y PROVIDENCIA,88001,SAN ANDRÉS,88001000,SAN ANDRÉS (SAN ANDRÉS - ARCHIPIÉLAGO DE SAN ANDRÉS y PROVIDENCIA ),2024,3,7576.0,4650.0,3190736.0,Viernes,2024-03-22 15:45:00,24.0
13,BOLÍVAR,13001,CARTAGENA DE INDIAS,13001007,ISLA FUERTE (CARTAGENA DE INDIAS - BOLÍVAR),2024,3,62153.0,30531.0,259980.0,Sábado,2024-03-23 22:30:00,1014.0
13,BOLÍVAR,13001,CARTAGENA DE INDIAS,13001037,ISLA MUCURA (CARTAGENA DE INDIAS - BOLÍVAR),2024,3,6777.0,2624.0,23360.0,Miércoles,2024-03-27 00:45:00,1206.0
13,BOLÍVAR,13001,CARTAGENA DE INDIAS,13001017,SANTA CRUZ DEL ISLOTE (CARTAGENA DE INDIAS - BOLÍVAR),2024,3,14435.0,4758.0,48580.0,Miércoles,2024-03-27 23:00:00,113.0
18,CAQUETÁ,18150,CARTAGENA DEL CHAIRA,18150001,REMOLINO DEL CAGUAN (CARTAGENA DEL CHAIRA - CAQUETÁ),2024,3,20273.0,7357.0,99350.0,Sábado,2024-03-09 19:00:00,811.0
18,CAQUETÁ,18150,CARTAGENA DEL CHAIRA,18150002,SANTA FE DEL CAGUAN (CARTAGENA DEL CHAIRA - CAQUETÁ),2024,3,4382.0,2027.0,42640.0,Viernes,2024-03-08 19:00:00,411.0
18,CAQUETÁ,18753,SAN VICENTE DEL CAGUÁN,18753002,GUACAMAYAS (SAN VICENTE DEL CAGUÁN - CAQUETÁ),2024,3,12113.0,5015.0,32140.0,Sábado,2024-03-23 19:00:00,1753.0
18,CAQUETÁ,18753,SAN VICENTE DEL CAGUÁN,18753033,VILLA LOBOS (SAN VICENTE DEL CAGUÁN - CAQUETÁ),2024,3,1224.0,4716.0,77090.0,Jueves,2024-03-21 19:30:00,638.0
19,CAUCA,19318,GUAPI,19318008,LIMONES (GUAPI - CAUCA),2024,3,10303.0,4638.0,470.0,Miércoles,2024-03-20 19:30:00,10.0
19,CAUCA,19318,GUAPI,19318013,SAN ANTONIO DE GUAJUI (GUAPI - CAUCA),2024,3,9341.0,537.0,5160.0,Martes,2024-03-05 18:45:00,714.0
19,CAUCA,19418,LÓPEZ DE MICAY,19418033,BOCA GRANDE (LÓPEZ DE MICAY - CAUCA),2024,3,4124.0,8940.0,30720.0,Lunes,2024-03-11 18:45:00,547.0
19,CAUCA,19418,LÓPEZ DE MICAY,19418038,ISLA DE GALLO (LÓPEZ DE MICAY - CAUCA),2024,3,3142.0,1533.0,2720.0,Miércoles,2024-03-06 18:45:00,536.0
19,CAUCA,19418,LÓPEZ DE MICAY,19418009,NOANAMITO (LÓPEZ DE MICAY - CAUCA),2024,3,6884.0,2653.0,360.0,Sábado,2024-03-26 19:15:00,854.0
19,CAUCA,19418,LÓPEZ DE MICAY,19418011,RIO MAYA - DOS QUEBRADAS (LÓPEZ DE MICAY - CAUCA),2024,3,4281.0,1619.0,32580.0,Sábado,2024-03-16 19:00:00,542.0
19,CAUCA,19418,LÓPEZ DE MICAY,19418012,SAN ANTONIO DE CHUARE (LÓPEZ DE MICAY - CAUCA),2024,3,2408.0,7470.0,45180.0,Domingo,2024-03-10 19:15:00,214.0
19,CAUCA,19418,LÓPEZ DE MICAY,19418015,SAN ISIDRO (LÓPEZ DE MICAY - CAUCA),2024,3,6820.0,3910.0,7330.0,Sábado,2024-03-02 19:45:00,423.0
19,CAUCA,19418,LÓPEZ DE MICAY,19418019,ZARAGOZA (LÓPEZ DE MICAY - CAUCA),2024,3,8894.0,3065.0,68160.0,Sábado,2024-03-23 19:00:00,614.0
19,CAUCA,19809,TIMBIQUÍ,19809014,CHACON (TIMBIQUÍ - CAUCA),2024,3,3961.0,1071.0,22620.0,Sábado,2024-03-16 20:15:00,727.0
19,CAUCA,19809,TIMBIQUÍ,19809023,PUERTO SAIJA (TIMBIQUÍ - CAUCA),2024,3,32805.0,11419.0,174240.0,Miércoles,2024-03-06 19:15:00,721.0
19,CAUCA,19809,TIMBIQUÍ,19809009,SANTA ROSA DE SAIJA (TIMBIQUÍ - CAUCA),2024,3,2787.0,7600.0,21050.0,Viernes,2024-03-01 19:30:00,529.0
27,CHOCÓ,27006,ACANDÍ,27006000,ACANDÍ (ACANDÍ - CHOCÓ),2024,3,58565.0,176397.0,151606.0,Lunes,2024-03-18 21:15:00,1901.0
27,CHOCÓ,27006,ACANDÍ,27006003,CAPURGANA (ACANDÍ - CHOCÓ),2024,3,208532.0,65266.0,808720.0,Domingo,2024-03-24 14:45:00,1825.0
27,CHOCÓ,27025,ALTO BAUDO,27025000,CIUDAD BAUDO - PIE DE PATO (ALTO BAUDO - CHOCÓ),2024,3,54429.0,19362.0,119860.0,Jueves,2024-03-21 12:00:00,2336.0
27,CHOCÓ,27025,ALTO BAUDO,27025034,PLAYITA CATRU (ALTO BAUDO - CHOCÓ),2024,3,6780.0,840.0,6770.0,Domingo,2024-03-10 18:30:00,505.0
27,CHOCÓ,27075,BAHÍA SOLANO,27075000,CIUDAD MUTIS (BAHÍA SOLANO - CHOCÓ),2024,3,908362.0,243092.0,164912.0,Domingo,2024-03-03 19:30:00,2358.0
27,CHOCÓ,27075,BAHÍA SOLANO,27075001,CUPICA (BAHÍA SOLANO - CHOCÓ),2024,3,70384.0,23622.0,155970.0,Lunes,2024-03-04 19:45:00,2322.0
27,CHOCÓ,27075,BAHÍA SOLANO,27075002,EL VALLE (BAHÍA SOLANO - CHOCÓ),2024,3,187867.0,66499.0,369340.0,Sábado,2024-03-30 19:15:00,2318.0
27,CHOCÓ,27077,BAJO BAUDÓ,27077008,ORPUA (BAJO BAUDÓ - CHOCÓ),2024,3,6170.0,3930.0,4530.0,Miércoles,2024-03-27 10:30:00,629.0
27,CHOCÓ,27077,BAJO BAUDÓ,27077000,PIZARRO (BAJO BAUDÓ - CHOCÓ),2024,3,187204.0,74625.0,538560.0,Sábado,2024-03-16 19:45:00,163.0
27,CHOCÓ,27077,BAJO BAUDÓ,27077016,SIVIRU (BAJO BAUDÓ - CHOCÓ),2024,3,7113.0,2577.0,43840.0,Sábado,2024-03-09 11:15:00,748.0
27,CHOCÓ,27077,BAJO BAUDÓ,27077019,VIRUDO (BAJO BAUDÓ - CHOCÓ),2024,3,6579.0,2205.0,32150.0,Miércoles,2024-03-06 03:15:00,843.0
27,CHOCÓ,27099,BOJAYÁ,27099005,NAPIPI (BOJAYÁ - CHOCÓ),2024,3,1273.0,4262.0,640.0,Viernes,2024-03-08 19:00:00,756.0
27,CHOCÓ,27250,EL LITORAL DEL SAN JUAN,27250023,PAPAYO (EL LITORAL DEL SAN JUAN - CHOCÓ),2024,3,3677.0,1134.0,18540.0,Domingo,2024-03-31 19:30:00,729.0
27,CHOCÓ,27250,EL LITORAL DEL SAN JUAN,27250000,SANTA GENOVEVA DE DOCORDO (EL LITORAL DEL SAN JUAN - CHOCÓ),2024,3,74747.0,38069.0,249610.0,Viernes,2024-03-15 19:15:00,1347.0
27,CHOCÓ,27361,ISTMINA,27361023,POTEDÓ (ISTMINA - CHOCÓ),2024,3,2379.0,1459.0,12680.0,Jueves,2024-03-14 16:30:00,817.0
27,CHOCÓ,27372,JURADO,27372000,JURADO (JURADO - CHOCÓ),2024,3,194447.0,68818.0,339360.0,Miércoles,2024-03-13 19:15:00,2359.0
27,CHOCÓ,27425,MEDIO ATRATO,27425000,BETE (MEDIO ATRATO - CHOCÓ),2024,3,20194.0,10126.0,760.0,Viernes,2024-03-29 15:00:00,144.0
27,CHOCÓ,27425,MEDIO ATRATO,27425008,SAN ROQUE (MEDIO ATRATO - CHOCÓ),2024,3,5600.0,2240.0,15070.0,Jueves,2024-03-14 20:30:00,139.0
27,CHOCÓ,27491,NOVITA,27491004,JUNTAS DE TAMANA (NOVITA - CHOCÓ),2024,3,2043.0,7210.0,11820.0,Lunes,2024-03-18 19:30:00,751.0
27,CHOCÓ,27495,NUQUÍ,27495011,COMUNIDAD DE PUERTO JAGUA (NUQUÍ - CHOCÓ),2024,3,9110.0,3480.0,4870.0,Lunes,2024-03-04 20:00:00,728.0
27,CHOCÓ,27615,RIOSUCIO,27615011,SAN JOSE TAMBORAL (RIOSUCIO - CHOCÓ),2024,3,2750.0,880.0,4990.0,Sábado,2024-03-02 19:00:00,223.0
27,CHOCÓ,27800,UNGUÍA,27800001,BALBOA (UNGUÍA - CHOCÓ),2024,3,27561.0,10904.0,95190.0,Domingo,2024-03-17 20:15:00,1152.0
27,CHOCÓ,27800,UNGUÍA,27800005,TITUMATE (UNGUÍA - CHOCÓ),2024,3,16571.0,4362.0,73390.0,Jueves,2024-03-28 19:45:00,1013.0
27,CHOCÓ,27800,UNGUÍA,27800000,UNGUÍA (UNGUÍA - CHOCÓ),2024,3,479149.0,159003.0,969410.0,Domingo,2024-03-17 21:00:00,2212.0
94,GUAINÍA,94343,BARRANCO MINAS,94343000,BARRANCO MINAS (BARRANCO MINAS - GUAINÍA),2024,3,93049.0,29052.0,245760.0,Lunes,2024-03-04 18:15:00,1612.0
94,GUAINÍA,94001,INÍRIDA,94001000,INÍRIDA (INÍRIDA - GUAINÍA),2024,3,7576.0,695342.0,455136.0,Miércoles,2024-03-20 14:30:00,24.0
94,GUAINÍA,94001,INÍRIDA,94001966,LAGUNA COLORADA ALTA (INÍRIDA - GUAINÍA),2024,3,966.0,8140.0,28820.0,Martes,2024-03-26 17:45:00,1611.0
95,GUAVIARE,95200,MIRAFLORES,95200000,MIRAFLORES (MIRAFLORES - GUAVIARE),2024,3,100938.0,31688.0,232760.0,Lunes,2024-03-11 19:00:00,205.0
44,LA GUAJIRA,44847,URIBIA,44847003,CABO DE LA VELA (URIBIA - LA GUAJIRA),2024,3,44785.0,162.0,161330.0,Jueves,2024-03-28 19:00:00,1235.0
47,MAGDALENA,47189,CIÉNAGA,47189018,PALMOR (CIÉNAGA - MAGDALENA),2024,3,102799.0,37767.0,190460.0,Sábado,2024-03-09 19:00:00,2307.0
50,META,50325,MAPIRIPAN,50325000,MAPIRIPAN (MAPIRIPAN - META),2024,3,190341.0,6225.0,368280.0,Miércoles,2024-03-20 18:45:00,2358.0
52,NARIÑO,52390,LA TOLA,52390013,AMARALES (LA TOLA - NARIÑO),2024,3,11637.0,4368.0,54340.0,Domingo,2024-03-24 19:30:00,10.0
52,NARIÑO,52390,LA TOLA,52390003,LA VIGIA DE LA MAR (LA TOLA - NARIÑO),2024,3,5107.0,1714.0,44760.0,Viernes,2024-03-01 11:30:00,954.0
52,NARIÑO,52390,LA TOLA,52390009,MULATOS (LA TOLA - NARIÑO),2024,3,4431.0,2873.0,28480.0,Viernes,2024-03-15 17:15:00,743.0
52,NARIÑO,52490,OLAYA HERRERA,52490913,BOCA DE PRIETA (OLAYA HERRERA - NARIÑO),2024,3,2489.0,7410.0,16540.0,Miércoles,2024-03-06 19:30:00,639.0
52,NARIÑO,52835,SAN ANDRÉS DE TUMACO,52835055,BOCAS DE CURAY (SAN ANDRÉS DE TUMACO - NARIÑO),2024,3,0.0,0.0,0.0,Viernes,2024-03-01 00:00:00,0.0
52,NARIÑO,52835,SAN ANDRÉS DE TUMACO,52835217,SAN JUAN DE LA COSTA (SAN ANDRÉS DE TUMACO - NARIÑO),2024,3,16666.0,6257.0,11840.0,Miércoles,2024-03-20 19:15:00,63.0
52,NARIÑO,52696,SANTA BÁRBARA,52696014,LA ENSENADA (SANTA BÁRBARA - NARIÑO),2024,3,3542.0,4018.0,21410.0,Miércoles,2024-03-13 18:45:00,631.0
76,VALLE DEL CAUCA,76109,BUENAVENTURA,76109957,HUMANES MAR (BUENAVENTURA - VALLE DEL CAUCA),2024,3,5262.0,1584.0,27420.0,Domingo,2024-03-17 11:30:00,809.0
76,VALLE DEL CAUCA,76109,BUENAVENTURA,76109028,PUERTO MERIZALDE (BUENAVENTURA - VALLE DEL CAUCA),2024,3,110155.0,39591.0,231260.0,Miércoles,2024-03-13 19:30:00,235.0
5,ANTIOQUIA,5873,VIGÍA DEL FUERTE,5873013,LOMA MURRI,2026,1,8311.0,4395.0,30066.0,domingo,2026-01-25 18:30:00,1.238
76,VALLE DEL CAUCA,76109,BUENAVENTURA,76109032,SAN FRANCISCO NAYA (BUENAVENTURA - VALLE DEL CAUCA),2024,3,6369.0,2626.0,35520.0,Sábado,2024-03-16 11:45:00,745.0
76,VALLE DEL CAUCA,76109,BUENAVENTURA,76109034,SAN ISIDRO - CALIMA (BUENAVENTURA - VALLE DEL CAUCA),2024,3,1491.0,4710.0,11990.0,Sábado,2024-03-23 18:30:00,5.0
97,VAUPÉS,97001,MITÚ,97001000,MITÚ (MITÚ - VAUPÉS),2024,3,7576.0,406478.0,319841.0,Viernes,2024-03-22 12:00:00,2359.0
97,VAUPÉS,97666,TARAIRA,97666000,TARAIRA (TARAIRA - VAUPÉS),2024,3,37011.0,11334.0,129180.0,Viernes,2024-03-22 12:15:00,1224.0
99,VICHADA,99001,PUERTO CARREÑO,99001000,PUERTO CARREÑO (PUERTO CARREÑO - VICHADA),2024,3,7576.0,889067.0,576224.0,Jueves,2024-03-14 21:30:00,24.0
91,AMAZONAS,91001,LETICIA,91001000,LETICIA (LETICIA - AMAZONAS),2024,4,7576.0,4650.0,825875.0,Lunes,2024-04-22 15:00:00,24.0
88,ARCHIPIÉLAGO DE SAN ANDRÉS y PROVIDENCIA,88001,SAN ANDRÉS,88001000,SAN ANDRÉS (SAN ANDRÉS - ARCHIPIÉLAGO DE SAN ANDRÉS y PROVIDENCIA ),2024,4,7576.0,4650.0,3245759.0,Jueves,2024-04-25 15:45:00,24.0
13,BOLÍVAR,13001,CARTAGENA DE INDIAS,13001007,ISLA FUERTE (CARTAGENA DE INDIAS - BOLÍVAR),2024,4,54985.0,26475.0,232880.0,Miércoles,2024-04-03 21:45:00,926.0
13,BOLÍVAR,13001,CARTAGENA DE INDIAS,13001037,ISLA MUCURA (CARTAGENA DE INDIAS - BOLÍVAR),2024,4,557.0,2018.0,22270.0,Jueves,2024-04-04 22:00:00,1011.0
18,CAQUETÁ,18150,CARTAGENA DEL CHAIRA,18150001,REMOLINO DEL CAGUAN (CARTAGENA DEL CHAIRA - CAQUETÁ),2024,4,16589.0,6816.0,101930.0,Sábado,2024-04-20 18:45:00,656.0
18,CAQUETÁ,18150,CARTAGENA DEL CHAIRA,18150002,SANTA FE DEL CAGUAN (CARTAGENA DEL CHAIRA - CAQUETÁ),2024,4,4744.0,2244.0,450.0,Martes,2024-04-16 18:30:00,444.0
18,CAQUETÁ,18753,SAN VICENTE DEL CAGUÁN,18753002,GUACAMAYAS (SAN VICENTE DEL CAGUÁN - CAQUETÁ),2024,4,12404.0,51.0,3530.0,Domingo,2024-04-14 19:15:00,1833.0
19,CAUCA,19318,GUAPI,19318008,LIMONES (GUAPI - CAUCA),2024,4,895.0,3888.0,44120.0,Miércoles,2024-04-17 19:15:00,918.0
19,CAUCA,19418,LÓPEZ DE MICAY,19418009,NOANAMITO (LÓPEZ DE MICAY - CAUCA),2024,4,5821.0,2549.0,400.0,Sábado,2024-04-06 19:45:00,715.0
19,CAUCA,19809,TIMBIQUÍ,19809014,CHACON (TIMBIQUÍ - CAUCA),2024,4,3175.0,8780.0,22860.0,Martes,2024-04-16 19:00:00,545.0
19,CAUCA,19809,TIMBIQUÍ,19809023,PUERTO SAIJA (TIMBIQUÍ - CAUCA),2024,4,29149.0,12477.0,177060.0,Sábado,2024-04-13 19:45:00,638.0
19,CAUCA,19809,TIMBIQUÍ,19809009,SANTA ROSA DE SAIJA (TIMBIQUÍ - CAUCA),2024,4,2844.0,7600.0,20450.0,Miércoles,2024-04-17 19:30:00,544.0
27,CHOCÓ,27006,ACANDÍ,27006000,ACANDÍ (ACANDÍ - CHOCÓ),2024,4,309159.0,86543.0,777220.0,Viernes,2024-04-05 21:45:00,1833.0
27,CHOCÓ,27006,ACANDÍ,27006003,CAPURGANA (ACANDÍ - CHOCÓ),2024,4,235178.0,78695.0,781440.0,Domingo,2024-04-21 22:00:00,2103.0
27,CHOCÓ,27025,ALTO BAUDO,27025000,CIUDAD BAUDO - PIE DE PATO (ALTO BAUDO - CHOCÓ),2024,4,54397.0,18323.0,130860.0,Sábado,2024-04-13 12:15:00,2356.0
27,CHOCÓ,27075,BAHÍA SOLANO,27075000,CIUDAD MUTIS (BAHÍA SOLANO - CHOCÓ),2024,4,846704.0,250344.0,161084.0,Viernes,2024-04-12 19:15:00,2345.0
27,CHOCÓ,27075,BAHÍA SOLANO,27075001,CUPICA (BAHÍA SOLANO - CHOCÓ),2024,4,69709.0,2176.0,167110.0,Lunes,2024-04-15 19:15:00,2342.0
27,CHOCÓ,27075,BAHÍA SOLANO,27075002,EL VALLE (BAHÍA SOLANO - CHOCÓ),2024,4,18249.0,6708.0,367750.0,Lunes,2024-04-01 19:30:00,2341.0
27,CHOCÓ,27077,BAJO BAUDÓ,27077008,ORPUA (BAJO BAUDÓ - CHOCÓ),2024,4,5640.0,3440.0,4560.0,Domingo,2024-04-28 18:15:00,544.0
27,CHOCÓ,27077,BAJO BAUDÓ,27077016,SIVIRU (BAJO BAUDÓ - CHOCÓ),2024,4,825.0,2765.0,42920.0,Miércoles,2024-04-10 18:30:00,916.0
27,CHOCÓ,27099,BOJAYÁ,27099005,NAPIPI (BOJAYÁ - CHOCÓ),2024,4,12683.0,4265.0,640.0,Sábado,2024-04-21 04:00:00,809.0
27,CHOCÓ,27250,EL LITORAL DEL SAN JUAN,27250000,SANTA GENOVEVA DE DOCORDO (EL LITORAL DEL SAN JUAN - CHOCÓ),2024,4,3657.0,1707.0,261890.0,Miércoles,2024-04-06 19:00:00,604.0
27,CHOCÓ,27372,JURADO,27372000,JURADO (JURADO - CHOCÓ),2024,4,182517.0,64067.0,339040.0,Martes,2024-04-16 11:00:00,2337.0
27,CHOCÓ,27425,MEDIO ATRATO,27425000,BETE (MEDIO ATRATO - CHOCÓ),2024,4,18402.0,8986.0,640.0,Martes,2024-04-09 12:30:00,1252.0
27,CHOCÓ,27425,MEDIO ATRATO,27425008,SAN ROQUE (MEDIO ATRATO - CHOCÓ),2024,4,1321.0,5500.0,16370.0,Martes,2024-04-09 19:30:00,42.0
27,CHOCÓ,27495,NUQUÍ,27495011,COMUNIDAD DE PUERTO JAGUA (NUQUÍ - CHOCÓ),2024,4,7690.0,3140.0,4490.0,Domingo,2024-04-07 19:30:00,708.0
27,CHOCÓ,27800,UNGUÍA,27800001,BALBOA (UNGUÍA - CHOCÓ),2024,4,25147.0,9473.0,89040.0,Viernes,2024-04-05 21:30:00,1204.0
27,CHOCÓ,27800,UNGUÍA,27800000,UNGUÍA (UNGUÍA - CHOCÓ),2024,4,467653.0,151591.0,101376.0,Martes,2024-04-09 21:00:00,2206.0
94,GUAINÍA,94343,BARRANCO MINAS,94343000,BARRANCO MINAS (BARRANCO MINAS - GUAINÍA),2024,4,89115.0,26143.0,243430.0,Lunes,2024-04-15 19:15:00,1618.0
94,GUAINÍA,94001,INÍRIDA,94001000,INÍRIDA (INÍRIDA - GUAINÍA),2024,4,7576.0,651076.0,460856.0,Miércoles,2024-04-10 14:15:00,2355.0
95,GUAVIARE,95200,MIRAFLORES,95200000,MIRAFLORES (MIRAFLORES - GUAVIARE),2024,4,111542.0,35676.0,236280.0,Martes,2024-04-16 18:15:00,24.0
47,MAGDALENA,47189,CIÉNAGA,47189018,PALMOR (CIÉNAGA - MAGDALENA),2024,4,9788.0,35862.0,181060.0,Sábado,2024-04-13 18:45:00,2323.0
50,META,50325,MAPIRIPAN,50325000,MAPIRIPAN (MAPIRIPAN - META),2024,4,184426.0,59979.0,357720.0,Viernes,2024-04-12 18:30:00,2358.0
52,NARIÑO,52390,LA TOLA,52390013,AMARALES (LA TOLA - NARIÑO),2024,4,6378.0,1822.0,5610.0,Viernes,2024-04-26 19:30:00,521.0
52,NARIÑO,52390,LA TOLA,52390003,LA VIGIA DE LA MAR (LA TOLA - NARIÑO),2024,4,3272.0,1156.0,22560.0,Sábado,2024-04-27 11:30:00,71.0
52,NARIÑO,52390,LA TOLA,52390009,MULATOS (LA TOLA - NARIÑO),2024,4,4389.0,2609.0,29730.0,Lunes,2024-04-22 19:30:00,731.0
52,NARIÑO,52490,OLAYA HERRERA,52490913,BOCA DE PRIETA (OLAYA HERRERA - NARIÑO),2024,4,2339.0,7110.0,14040.0,Lunes,2024-04-01 19:00:00,639.0
52,NARIÑO,52835,SAN ANDRÉS DE TUMACO,52835217,SAN JUAN DE LA COSTA (SAN ANDRÉS DE TUMACO - NARIÑO),2024,4,18842.0,6954.0,1120.0,Viernes,2024-04-05 19:00:00,744.0
52,NARIÑO,52696,SANTA BÁRBARA,52696014,LA ENSENADA (SANTA BÁRBARA - NARIÑO),2024,4,3167.0,3441.0,22850.0,Sábado,2024-04-13 19:30:00,603.0
76,VALLE DEL CAUCA,76109,BUENAVENTURA,76109957,HUMANES MAR (BUENAVENTURA - VALLE DEL CAUCA),2024,4,3845.0,9810.0,27330.0,Jueves,2024-04-25 19:30:00,62.0
76,VALLE DEL CAUCA,76109,BUENAVENTURA,76109028,PUERTO MERIZALDE (BUENAVENTURA - VALLE DEL CAUCA),2024,4,101932.0,36728.0,207330.0,Martes,2024-04-09 20:30:00,2259.0
76,VALLE DEL CAUCA,76109,BUENAVENTURA,76109032,SAN FRANCISCO NAYA (BUENAVENTURA - VALLE DEL CAUCA),2024,4,6325.0,2599.0,33630.0,Sábado,2024-04-27 11:45:00,807.0
97,VAUPÉS,97001,MITÚ,97001000,MITÚ (MITÚ - VAUPÉS),2024,4,7576.0,394491.0,326678.0,Lunes,2024-04-15 13:15:00,2359.0
97,VAUPÉS,97666,TARAIRA,97666000,TARAIRA (TARAIRA - VAUPÉS),2024,4,36155.0,11045.0,124080.0,Lunes,2024-04-15 18:45:00,1224.0
99,VICHADA,99001,PUERTO CARREÑO,99001000,PUERTO CARREÑO (PUERTO CARREÑO - VICHADA),2024,4,7576.0,720002.0,544192.0,Miércoles,2024-04-10 13:45:00,24.0
18,CAQUETÁ,18150,CARTAGENA DEL CHAIRA,18150001,REMOLINO DEL CAGUAN (CARTAGENA DEL CHAIRA - CAQUETÁ),2024,5,18848.0,845.0,105920.0,Sábado,2024-05-11 19:30:00,74.0
18,CAQUETÁ,18150,CARTAGENA DEL CHAIRA,18150002,SANTA FE DEL CAGUAN (CARTAGENA DEL CHAIRA - CAQUETÁ),2024,5,4355.0,1963.0,400.0,Viernes,2024-05-24 18:30:00,421.0
18,CAQUETÁ,18753,SAN VICENTE DEL CAGUÁN,18753002,GUACAMAYAS (SAN VICENTE DEL CAGUÁN - CAQUETÁ),2024,5,8538.0,3679.0,34370.0,Lunes,2024-05-13 18:45:00,1226.0
19,CAUCA,19318,GUAPI,19318008,LIMONES (GUAPI - CAUCA),2024,5,858.0,3745.0,42960.0,Miércoles,2024-05-29 19:15:00,845.0
19,CAUCA,19318,GUAPI,19318013,SAN ANTONIO DE GUAJUI (GUAPI - CAUCA),2024,5,10561.0,6131.0,52540.0,Viernes,2024-05-31 19:45:00,827.0
19,CAUCA,19418,LÓPEZ DE MICAY,19418009,NOANAMITO (LÓPEZ DE MICAY - CAUCA),2024,5,7935.0,3763.0,360.0,Domingo,2024-05-26 19:00:00,1036.0
91,AMAZONAS,91540,PUERTO NARIÑO,91540000,PUERTO NARIÑO (PUERTO NARIÑO - AMAZONAS),2024,5,132215.0,41907.0,28640.0,Jueves,2024-05-23 18:00:00,24.0
91,AMAZONAS,91798,TARAPACA (ANM),91798000,TARAPACA (TARAPACA (ANM) - AMAZONAS),2024,5,28132.0,12662.0,10260.0,Viernes,2024-05-03 18:30:00,1016.0
5,ANTIOQUIA,5873,VIGÍA DEL FUERTE,5873010,LA PLAYA MURRI  (VIGÍA DEL FUERTE - ANTIOQUIA),2024,5,2686.0,111.0,27460.0,Martes,2024-05-21 19:45:00,419.0
88,ARCHIPIÉLAGO DE SAN ANDRÉS y PROVIDENCIA,88564,PROVIDENCIA,88564000,PROVIDENCIA (PROVIDENCIA - ARCHIPIÉLAGO DE SAN ANDRÉS y PROVIDENCIA ),2024,5,7576.0,284638.0,219028.0,Viernes,2024-05-10 15:00:00,2359.0
13,BOLÍVAR,13001,CARTAGENA DE INDIAS,13001007,ISLA FUERTE (CARTAGENA DE INDIAS - BOLÍVAR),2024,5,64368.0,30561.0,247590.0,Sábado,2024-05-18 22:00:00,109.0
13,BOLÍVAR,13001,CARTAGENA DE INDIAS,13001017,SANTA CRUZ DEL ISLOTE (CARTAGENA DE INDIAS - BOLÍVAR),2024,5,13543.0,4513.0,52580.0,Jueves,2024-05-16 21:00:00,102.0
19,CAUCA,19809,TIMBIQUÍ,19809014,CHACON (TIMBIQUÍ - CAUCA),2024,5,4286.0,1264.0,31250.0,Lunes,2024-05-06 20:00:00,758.0
19,CAUCA,19809,TIMBIQUÍ,19809010,COMUNIDAD DE CHETE (TIMBIQUÍ - CAUCA),2024,5,4502.0,1728.0,5040.0,Martes,2024-05-27 07:00:00,554.0
19,CAUCA,19809,TIMBIQUÍ,19809003,COTEJE (TIMBIQUÍ - CAUCA),2024,5,5778.0,4333.0,2840.0,Martes,2024-05-28 20:45:00,756.0
19,CAUCA,19809,TIMBIQUÍ,19809026,LOS BRAZOS (TIMBIQUÍ - CAUCA),2024,5,7285.0,3271.0,37340.0,Domingo,2024-05-12 20:00:00,8.0
19,CAUCA,19809,TIMBIQUÍ,19809007,SAN JOSE (TIMBIQUÍ - CAUCA),2024,5,6623.0,4522.0,37390.0,Sábado,2024-05-06 19:15:00,708.0
19,CAUCA,19809,TIMBIQUÍ,19809009,SANTA ROSA DE SAIJA (TIMBIQUÍ - CAUCA),2024,5,3496.0,1019.0,20350.0,Miércoles,2024-05-15 19:15:00,645.0
27,CHOCÓ,27006,ACANDÍ,27006000,ACANDÍ (ACANDÍ - CHOCÓ),2024,5,598738.0,171032.0,155478.0,Miércoles,2024-05-29 21:00:00,1853.0
27,CHOCÓ,27006,ACANDÍ,27006003,CAPURGANA (ACANDÍ - CHOCÓ),2024,5,420977.0,142002.0,878680.0,Lunes,2024-05-06 21:30:00,2141.0
27,CHOCÓ,27006,ACANDÍ,27006007,SAN FRANCISCO (ACANDÍ - CHOCÓ),2024,5,17322.0,653.0,77660.0,lunes,2024-05-25 20:00:00,921.0
27,CHOCÓ,27025,ALTO BAUDO,27025000,CIUDAD BAUDO - PIE DE PATO (ALTO BAUDO - CHOCÓ),2024,5,56244.0,19018.0,128740.0,Miercoles,2024-05-01 12:00:00,2342.0
27,CHOCÓ,27075,BAHÍA SOLANO,27075000,CIUDAD MUTIS (BAHÍA SOLANO - CHOCÓ),2024,5,874026.0,247553.0,166496.0,Miercoles,2024-05-01 11:15:00,2344.0
27,CHOCÓ,27075,BAHÍA SOLANO,27075002,EL VALLE (BAHÍA SOLANO - CHOCÓ),2024,5,188024.0,68687.0,378050.0,Lunes,2024-05-27 19:00:00,2318.0
27,CHOCÓ,27077,BAJO BAUDÓ,27077905,BUENAVISTA (BAJO BAUDÓ (PIZARRO) - CHOCÓ),2024,5,3552.0,1341.0,17440.0,Lunes,2024-05-06 19:45:00,8.0
27,CHOCÓ,27077,BAJO BAUDÓ,27077029,FIRME DE USARGA (BAJO BAUDÓ (PIZARRO) - CHOCÓ),2024,5,8360.0,3590.0,7010.0,Viernes,2024-05-17 20:15:00,516.0
27,CHOCÓ,27077,BAJO BAUDÓ,27077026,GUINEAL (BAJO BAUDÓ (PIZARRO) - CHOCÓ),2024,5,4866.0,137.0,37380.0,Viernes,2024-05-17 19:00:00,613.0
27,CHOCÓ,27077,BAJO BAUDÓ,27077008,ORPUA (BAJO BAUDÓ - CHOCÓ),2024,5,7050.0,2880.0,5710.0,Lunes,2024-05-13 18:00:00,73.0
27,CHOCÓ,27077,BAJO BAUDÓ,27077000,PIZARRO (BAJO BAUDÓ - CHOCÓ),2024,5,246317.0,95726.0,479420.0,Sábado,2024-05-18 15:15:00,2243.0
27,CHOCÓ,27077,BAJO BAUDÓ,27077916,TERRON (BAJO BAUDÓ - CHOCÓ),2024,5,4192.0,1769.0,26420.0,Sábado,2024-05-04 12:45:00,722.0
27,CHOCÓ,27077,BAJO BAUDÓ,27077019,VIRUDO (BAJO BAUDÓ - CHOCÓ),2024,5,4294.0,5965.0,31380.0,Martes,2024-05-21 21:45:00,525.0
27,CHOCÓ,27099,BOJAYÁ,27099000,BELLAVISTA (BOJAYÁ (BELLAVISTA) - CHOCÓ),2024,5,84005.0,23959.0,299230.0,Sábado,2024-05-06 20:00:00,1224.0
27,CHOCÓ,27099,BOJAYÁ,27099005,NAPIPI (BOJAYÁ - CHOCÓ),2024,5,12426.0,4213.0,7360.0,Lunes,2024-05-20 19:00:00,739.0
27,CHOCÓ,27099,BOJAYÁ,27099008,PUERTO CONTO (BOJAYÁ (BELLAVISTA) - CHOCO),2024,5,12349.0,3815.0,600.0,Viernes,2024-05-31 18:45:00,816.0
27,CHOCÓ,27250,EL LITORAL DEL SAN JUAN,27250023,PAPAYO (EL LITORAL DEL SAN JUAN - CHOCÓ),2024,5,3527.0,1038.0,18870.0,Miercoles,2024-05-22 19:30:00,716.0
27,CHOCÓ,27250,EL LITORAL DEL SAN JUAN,27250000,SANTA GENOVEVA DE DOCORDO (EL LITORAL DEL SAN JUAN - CHOCÓ),2024,5,367.0,17118.0,256340.0,Viernes,2024-05-31 19:30:00,6.0
27,CHOCÓ,27372,JURADO,27372000,JURADO (JURADO - CHOCÓ),2024,5,180964.0,6306.0,33120.0,Martes,2024-05-28 12:00:00,2347.0
27,CHOCÓ,27425,MEDIO ATRATO,27425000,BETE (MEDIO ATRATO - CHOCÓ),2024,5,17901.0,8923.0,680.0,Miercoles,2024-05-22 11:30:00,1236.0
27,CHOCÓ,27425,MEDIO ATRATO,27425008,SAN ROQUE (MEDIO ATRATO - CHOCÓ),2024,5,2481.0,1112.0,19150.0,Miercoles,2024-05-15 19:30:00,604.0
27,CHOCÓ,27491,NOVITA,27491004,JUNTAS DE TAMANA (NOVITA - CHOCÓ),2024,5,1863.0,6200.0,11990.0,Viernes,2024-05-31 18:45:00,651.0
27,CHOCÓ,27495,NUQUÍ,27495001,ARUSÍ (NUQUÍ - CHOCO),2024,5,20705.0,7668.0,6240.0,Lunes,2024-05-16 19:45:00,1519.0
27,CHOCÓ,27495,NUQUÍ,27495011,COMUNIDAD DE PUERTO JAGUA (NUQUÍ - CHOCÓ),2024,5,8760.0,3720.0,5160.0,Miercoles,2024-05-08 19:00:00,745.0
27,CHOCÓ,27495,NUQUÍ,27495912,COMUNIDAD INDÍGENA DE PANGUÍ - EL YUCAL (NUQUÍ - CHOCÓ),2024,5,7439.0,1873.0,1150.0,Sábado,2024-05-04 12:30:00,2139.0
27,CHOCÓ,27495,NUQUÍ,27495000,NUQUÍ (NUQUÍ - CHOCÓ),2024,5,306425.0,109467.0,556510.0,Jueves,2024-05-30 19:30:00,2357.0
27,CHOCÓ,27001,QUIBDÓ,27001029,TAGACHI (QUIBDÓ - CHOCÓ),2024,5,0.0,0.0,0.0,Miercoles,2024-05-01 12:00:00,0.0
27,CHOCÓ,27615,RIOSUCIO,27615011,SAN JOSE TAMBORAL (RIOSUCIO - CHOCÓ),2024,5,3280.0,1120.0,4280.0,Lunes,2024-05-27 19:15:00,305.0
27,CHOCÓ,27800,UNGUÍA,27800005,TITUMATE (UNGUÍA - CHOCÓ),2024,5,16923.0,445.0,76740.0,Jueves,2024-05-30 20:30:00,926.0
27,CHOCÓ,27800,UNGUÍA,27800000,UNGUÍA (UNGUÍA - CHOCÓ),2024,5,484045.0,156408.0,987360.0,Jueves,2024-05-30 19:45:00,2218.0
94,GUAINÍA,94343,BARRANCO MINAS,94343000,BARRANCO MINAS (BARRANCO MINAS - GUAINÍA),2024,5,76458.0,22812.0,239270.0,Miercoles,2024-05-08 14:00:00,143.0
94,GUAINÍA,94001,INÍRIDA,94001000,INÍRIDA (INÍRIDA - GUAINÍA),2024,5,7576.0,635769.0,415184.0,Martes,2024-05-14 15:30:00,2359.0
44,LA GUAJIRA,44847,URIBIA,44847003,CABO DE LA VELA (URIBIA - LA GUAJIRA),2024,5,37485.0,3837.0,148840.0,Jueves,2024-05-02 21:00:00,102.0
44,LA GUAJIRA,44847,URIBIA,44847012,NAZARETH (URIBIA - LA GUAJIRA),2024,5,33425.0,749.0,263040.0,Lunes,2024-05-27 19:00:00,457.0
47,MAGDALENA,47189,CIÉNAGA,47189018,PALMOR (CIÉNAGA - MAGDALENA),2024,5,92841.0,32703.0,174780.0,Sábado,2024-05-04 12:00:00,2236.0
50,META,50325,MAPIRIPAN,50325000,MAPIRIPAN (MAPIRIPAN - META),2024,5,182486.0,59588.0,35640.0,Martes,2024-05-07 15:00:00,2359.0
52,NARIÑO,52250,EL CHARCO,52250007,SAN JOSÉ DEL TAPAJE (EL CHARCO - NARIÑO),2024,5,14018.0,3736.0,560.0,Viernes,2024-05-03 14:45:00,1026.0
52,NARIÑO,52390,LA TOLA,52390005,AGUACATAL (LA TOLA - NARIÑO),2024,5,7370.0,2560.0,9950.0,Domingo,2024-05-26 20:00:00,3.0
52,NARIÑO,52390,LA TOLA,52390013,AMARALES (LA TOLA - NARIÑO),2024,5,6807.0,8040.0,54210.0,Viernes,2024-05-10 20:00:00,544.0
52,NARIÑO,52390,LA TOLA,52390003,LA VIGIA DE LA MAR (LA TOLA - NARIÑO),2024,5,4406.0,1896.0,22680.0,Viernes,2024-05-10 12:30:00,92.0
52,NARIÑO,52390,LA TOLA,52390009,MULATOS (LA TOLA - NARIÑO),2024,5,405.0,249.0,3050.0,Miercoles,2024-05-01 17:00:00,7.0
52,NARIÑO,52427,MAGÜÍ,52427910,EL ROSARIO,2024,5,2680.0,500.0,5660.0,Sábado,2024-05-25 18:00:00,156.0
52,NARIÑO,52427,MAGÜÍ,52427913,LA ISLA (MAGÜÍ - NARIÑO),2024,5,0.0,0.0,0.0,Miercoles,2024-05-01 12:00:00,0.0
52,NARIÑO,52427,MAGÜÍ,52427915,LAS LAJAS (MAGÜÍ - NARIÑO),2024,5,0.0,0.0,0.0,Miercoles,2024-05-01 12:00:00,0.0
52,NARIÑO,52473,MOSQUERA,52473010,EL BAJITO DE ECHANDÍA (MOSQUERA - NARIÑO),2024,5,210.0,60.0,9170.0,Miercoles,2024-05-22 19:15:00,5.0
52,NARIÑO,52490,OLAYA HERRERA,52490913,BOCA DE PRIETA (OLAYA HERRERA - NARIÑO),2024,5,1733.0,5750.0,14330.0,Miercoles,2024-05-15 17:45:00,448.0
52,NARIÑO,52621,ROBERTO PAYAN,52621912,TAMAJE (ROBERTO PAYAN - NARIÑO),2024,5,5291.0,3418.0,24360.0,Miercoles,2024-05-29 17:00:00,938.0
52,NARIÑO,52835,SAN ANDRÉS DE TUMACO,52835055,BOCAS DE CURAY (TUMACO - NARIÑO),2024,5,5986.0,2425.0,480.0,Sábado,2024-05-04 18:45:00,546.0
52,NARIÑO,52835,SAN ANDRÉS DE TUMACO,52835217,SAN JUAN DE LA COSTA (SAN ANDRÉS DE TUMACO - NARIÑO),2024,5,23427.0,8802.0,1120.0,Viernes,2024-05-17 18:45:00,951.0
52,NARIÑO,52696,SANTA BÁRBARA,52696014,LA ENSENADA (SANTA BÁRBARA - NARIÑO),2024,5,3712.0,4191.0,20930.0,Miercoles,2024-05-01 20:00:00,703.0
86,PUTUMAYO,86573,PUERTO LEGUÍZAMO,86573009,PIÑUÑA NEGRO (PUERTO LEGUÍZAMO - PUTUMAYO),2024,5,2821.0,1686.0,2240.0,Viernes,2024-05-10 20:15:00,538.0
76,VALLE DEL CAUCA,76109,BUENAVENTURA,76109069,PAPAYAL 1 (BUENAVENTURA - VALLE DEL CAUCA),2024,5,7219.0,1389.0,31010.0,Sábado,2024-05-18 19:30:00,1019.0
76,VALLE DEL CAUCA,76109,BUENAVENTURA,76109105,PITAL (BUENAVENTURA - VALLE DEL CAUCA),2024,5,2101.0,5160.0,10290.0,martes,2024-05-06 19:30:00,751.0
76,VALLE DEL CAUCA,76109,BUENAVENTURA,76109028,PUERTO MERIZALDE (BUENAVENTURA - VALLE DEL CAUCA),2024,5,88938.0,31614.0,232670.0,Viernes,2024-05-17 14:45:00,19.0
76,VALLE DEL CAUCA,76109,BUENAVENTURA,76109081,PUNTA BONITA,2024,5,2617.0,3171.0,16320.0,domingo,2024-05-17 19:15:00,63.0
76,VALLE DEL CAUCA,76109,BUENAVENTURA,76109032,SAN FRANCISCO NAYA (BUENAVENTURA - VALLE DEL CAUCA),2024,5,703.0,2924.0,33120.0,Martes,2024-05-21 11:45:00,85.0
97,VAUPÉS,97161,CARURÚ,97161000,CARURÚ (CARURÚ - VAUPÉS),2024,5,0.0,0.0,0.0,Miercoles,2024-05-01 12:00:00,0.0
97,VAUPÉS,97001,MITÚ,97001000,MITÚ (MITÚ - VAUPÉS),2024,5,7576.0,383483.0,314847.0,Jueves,2024-05-02 13:15:00,2355.0
97,VAUPÉS,97666,TARAIRA,97666000,TARAIRA (TARAIRA - VAUPÉS),2024,5,37059.0,11165.0,132790.0,Miercoles,2024-05-08 12:00:00,1202.0
99,VICHADA,99001,PUERTO CARREÑO,99001000,PUERTO CARREÑO (PUERTO CARREÑO - VICHADA),2024,5,7576.0,737306.0,506.0,Viernes,2024-05-03 14:15:00,2347.0
91,AMAZONAS,91001,LETICIA,91001000,LETICIA (LETICIA - AMAZONAS),2024,6,7576.0,4650.0,782451.0,Jueves,2024-06-20 15:30:00,24.0
91,AMAZONAS,91540,PUERTO NARIÑO,91540000,PUERTO NARIÑO (PUERTO NARIÑO - AMAZONAS),2024,6,127838.0,40378.0,2560.0,Miércoles,2024-06-05 18:15:00,24.0
91,AMAZONAS,91798,TARAPACA (ANM),91798000,TARAPACA (TARAPACA (ANM) - AMAZONAS),2024,6,26578.0,11917.0,101430.0,Jueves,2024-06-20 18:30:00,1018.0
88,ARCHIPIÉLAGO DE SAN ANDRÉS y PROVIDENCIA,88564,PROVIDENCIA,88564000,PROVIDENCIA (PROVIDENCIA - ARCHIPIÉLAGO DE SAN ANDRÉS y PROVIDENCIA ),2024,6,7576.0,274864.0,224156.0,Miércoles,2024-06-12 14:15:00,24.0
13,BOLÍVAR,13001,CARTAGENA DE INDIAS,13001007,ISLA FUERTE (CARTAGENA DE INDIAS - BOLÍVAR),2024,6,60724.0,28336.0,265630.0,Domingo,2024-06-30 20:00:00,94.0
13,BOLÍVAR,13001,CARTAGENA DE INDIAS,13001017,SANTA CRUZ DEL ISLOTE (CARTAGENA DE INDIAS - BOLÍVAR),2024,6,1204.0,3944.0,53410.0,Viernes,2024-06-21 22:30:00,924.0
18,CAQUETÁ,18150,CARTAGENA DEL CHAIRA,18150001,REMOLINO DEL CAGUAN (CARTAGENA DEL CHAIRA - CAQUETÁ),2024,6,18647.0,8183.0,104260.0,Sábado,2024-06-22 18:45:00,743.0
18,CAQUETÁ,18150,CARTAGENA DEL CHAIRA,18150002,SANTA FE DEL CAGUAN (CARTAGENA DEL CHAIRA - CAQUETÁ),2024,6,4127.0,1932.0,3940.0,Sábado,2024-06-15 18:00:00,427.0
18,CAQUETÁ,18753,SAN VICENTE DEL CAGUÁN,18753002,GUACAMAYAS (SAN VICENTE DEL CAGUÁN - CAQUETÁ),2024,6,877.0,3282.0,32350.0,Sábado,2024-06-29 19:45:00,1456.0
19,CAUCA,19318,GUAPI,19318008,LIMONES (GUAPI - CAUCA),2024,6,9158.0,4037.0,43340.0,Jueves,2024-06-27 19:30:00,922.0
19,CAUCA,19318,GUAPI,19318013,SAN ANTONIO DE GUAJUI (GUAPI - CAUCA),2024,6,1252.0,6833.0,54590.0,Miércoles,2024-06-12 18:30:00,936.0
19,CAUCA,19418,LÓPEZ DE MICAY,19418009,NOANAMITO (LÓPEZ DE MICAY - CAUCA),2024,6,6719.0,3215.0,360.0,Domingo,2024-06-02 19:30:00,822.0
19,CAUCA,19809,TIMBIQUÍ,19809014,CHACON (TIMBIQUÍ - CAUCA),2024,6,3571.0,8750.0,220.0,Sábado,2024-06-22 18:45:00,726.0
19,CAUCA,19809,TIMBIQUÍ,19809003,COTEJE (TIMBIQUÍ - CAUCA),2024,6,5703.0,4209.0,29760.0,Viernes,2024-06-07 19:15:00,75.0
19,CAUCA,19809,TIMBIQUÍ,19809026,LOS BRAZOS (TIMBIQUÍ - CAUCA),2024,6,2593.0,1121.0,36550.0,Miércoles,2024-06-12 20:00:00,256.0
19,CAUCA,19809,TIMBIQUÍ,19809007,SAN JOSE (TIMBIQUÍ - CAUCA),2024,6,6642.0,4607.0,35350.0,Miércoles,2024-06-12 19:30:00,738.0
19,CAUCA,19809,TIMBIQUÍ,19809009,SANTA ROSA DE SAIJA (TIMBIQUÍ - CAUCA),2024,6,3387.0,1002.0,2020.0,Domingo,2024-06-02 19:45:00,704.0
27,CHOCÓ,27006,ACANDÍ,27006000,ACANDÍ (ACANDÍ - CHOCÓ),2024,6,682186.0,197644.0,15796.0,Lunes,2024-06-17 20:30:00,1937.0
27,CHOCÓ,27006,ACANDÍ,27006003,CAPURGANA (ACANDÍ - CHOCÓ),2024,6,4038.0,128896.0,894960.0,Sábado,2024-06-29 20:30:00,2103.0
27,CHOCÓ,27025,ALTO BAUDO,27025000,CIUDAD BAUDO - PIE DE PATO (ALTO BAUDO - CHOCÓ),2024,6,52766.0,18043.0,12760.0,Martes,2024-06-11 12:30:00,2353.0
27,CHOCÓ,27075,BAHÍA SOLANO,27075000,CIUDAD MUTIS (BAHÍA SOLANO - CHOCÓ),2024,6,806798.0,240527.0,157388.0,Sábado,2024-06-01 19:30:00,2355.0
27,CHOCÓ,27075,BAHÍA SOLANO,27075002,EL VALLE (BAHÍA SOLANO - CHOCÓ),2024,6,184938.0,65667.0,366960.0,Sábado,2024-06-29 20:15:00,2354.0
27,CHOCÓ,27077,BAJO BAUDÓ,27077905,BUENAVISTA (BAJO BAUDÓ (PIZARRO) - CHOCÓ),2024,6,4215.0,1621.0,1840.0,Lunes,2024-06-03 19:45:00,10.0
27,CHOCÓ,27077,BAJO BAUDÓ,27077029,FIRME DE USARGA (BAJO BAUDÓ (PIZARRO) - CHOCÓ),2024,6,9060.0,3940.0,7210.0,Domingo,2024-06-30 19:15:00,551.0
27,CHOCÓ,27077,BAJO BAUDÓ,27077026,GUINEAL (BAJO BAUDÓ (PIZARRO) - CHOCÓ),2024,6,5274.0,2959.0,33880.0,Domingo,2024-06-02 11:45:00,809.0
27,CHOCÓ,27077,BAJO BAUDÓ,27077008,ORPUA (BAJO BAUDÓ - CHOCÓ),2024,6,6480.0,1700.0,6240.0,Jueves,2024-06-27 19:15:00,557.0
27,CHOCÓ,27077,BAJO BAUDÓ,27077000,PIZARRO (BAJO BAUDÓ - CHOCÓ),2024,6,2334.0,91021.0,44880.0,Lunes,2024-06-24 19:30:00,2305.0
27,CHOCÓ,27077,BAJO BAUDÓ,27077916,TERRON (BAJO BAUDÓ - CHOCÓ),2024,6,53.0,2263.0,27790.0,Lunes,2024-06-10 11:45:00,1028.0
27,CHOCÓ,27099,BOJAYÁ,27099000,BELLAVISTA (BOJAYÁ (BELLAVISTA) - CHOCÓ),2024,6,91673.0,27162.0,265980.0,Lunes,2024-06-03 18:15:00,1516.0
27,CHOCÓ,27099,BOJAYÁ,27099005,NAPIPI (BOJAYÁ - CHOCÓ),2024,6,9331.0,3096.0,6080.0,Sábado,2024-06-01 19:00:00,62.0
27,CHOCÓ,27099,BOJAYÁ,27099008,PUERTO CONTO (BOJAYÁ (BELLAVISTA) - CHOCO),2024,6,11489.0,3514.0,6720.0,Viernes,2024-06-21 20:15:00,801.0
27,CHOCÓ,27250,EL LITORAL DEL SAN JUAN,27250000,SANTA GENOVEVA DE DOCORDO (EL LITORAL DEL SAN JUAN - CHOCÓ),2024,6,31176.0,14902.0,25370.0,Miércoles,2024-06-05 18:45:00,526.0
27,CHOCÓ,27372,JURADO,27372000,JURADO (JURADO - CHOCÓ),2024,6,168917.0,56559.0,308640.0,Sábado,2024-06-01 19:00:00,24.0
27,CHOCÓ,27425,MEDIO ATRATO,27425000,BETE (MEDIO ATRATO - CHOCÓ),2024,6,16199.0,8094.0,640.0,Miércoles,2024-06-19 12:00:00,1139.0
27,CHOCÓ,27425,MEDIO ATRATO,27425008,SAN ROQUE (MEDIO ATRATO - CHOCÓ),2024,6,2241.0,9710.0,20470.0,Domingo,2024-06-30 20:15:00,508.0
27,CHOCÓ,27495,NUQUÍ,27495001,ARUSÍ (NUQUÍ - CHOCO),2024,6,18961.0,7124.0,600.0,Sábado,2024-06-01 12:00:00,153.0
27,CHOCÓ,27495,NUQUÍ,27495011,COMUNIDAD DE PUERTO JAGUA (NUQUÍ - CHOCÓ),2024,6,8890.0,4110.0,5350.0,Lunes,2024-06-17 18:45:00,707.0
27,CHOCÓ,27495,NUQUÍ,27495912,COMUNIDAD INDÍGENA DE PANGUÍ - EL YUCAL (NUQUÍ - CHOCÓ),2024,6,7888.0,182.0,1150.0,Viernes,2024-06-28 07:15:00,2317.0
27,CHOCÓ,27495,NUQUÍ,27495000,NUQUÍ (NUQUÍ - CHOCÓ),2024,6,286414.0,100295.0,539260.0,Sábado,2024-06-01 19:45:00,2356.0
27,CHOCÓ,27001,QUIBDÓ,27001029,TAGACHI (QUIBDÓ - CHOCÓ),2024,6,1160.0,310.0,18770.0,Viernes,2024-06-28 15:15:00,24.0
27,CHOCÓ,27615,RIOSUCIO,27615011,SAN JOSE TAMBORAL (RIOSUCIO - CHOCÓ),2024,6,4650.0,1760.0,4330.0,Martes,2024-06-18 19:00:00,429.0
27,CHOCÓ,27800,UNGUÍA,27800005,TITUMATE (UNGUÍA - CHOCÓ),2024,6,13024.0,3367.0,76650.0,Sábado,2024-06-01 21:45:00,726.0
27,CHOCÓ,27800,UNGUÍA,27800000,UNGUÍA (UNGUÍA - CHOCÓ),2024,6,453004.0,145637.0,957790.0,Viernes,2024-06-07 20:15:00,2215.0
94,GUAINÍA,94343,BARRANCO MINAS,94343000,BARRANCO MINAS (BARRANCO MINAS - GUAINÍA),2024,6,8738.0,28373.0,234280.0,Martes,2024-06-25 17:30:00,1611.0
94,GUAINÍA,94001,INÍRIDA,94001905,CHORRO BOCON (INÍRIDA - GUAINÍA),2024,6,5482.0,4440.0,1910.0,Viernes,2024-06-14 19:15:00,1559.0
94,GUAINÍA,94001,INÍRIDA,94001000,INÍRIDA (INÍRIDA - GUAINÍA),2024,6,7576.0,580002.0,409904.0,Martes,2024-06-18 14:30:00,24.0
44,LA GUAJIRA,44847,URIBIA,44847003,CABO DE LA VELA (URIBIA - LA GUAJIRA),2024,6,32748.0,1938.0,159450.0,Miércoles,2024-06-05 19:30:00,833.0
44,LA GUAJIRA,44847,URIBIA,44847012,NAZARETH (URIBIA - LA GUAJIRA),2024,6,31835.0,694.0,265920.0,Viernes,2024-06-07 18:30:00,446.0
47,MAGDALENA,47189,CIÉNAGA,47189018,PALMOR (CIÉNAGA - MAGDALENA),2024,6,88076.0,3012.0,169220.0,Sábado,2024-06-01 11:45:00,2321.0
50,META,50325,MAPIRIPAN,50325000,MAPIRIPAN (MAPIRIPAN - META),2024,6,173757.0,58073.0,340120.0,Lunes,2024-06-17 15:00:00,24.0
52,NARIÑO,52250,EL CHARCO,52250016,ALTERÓN (URIBE URIBE) (EL CHARCO - NARIÑO),2024,6,5540.0,3470.0,6430.0,Martes,2024-06-04 18:45:00,343.0
52,NARIÑO,52250,EL CHARCO,52250005,LAS MERCEDES (EL CHARCO - NARIÑO),2024,6,9830.0,8730.0,12580.0,Sábado,2024-06-01 19:00:00,414.0
52,NARIÑO,52250,EL CHARCO,52250007,SAN JOSÉ DEL TAPAJE (EL CHARCO - NARIÑO),2024,6,9682.0,292.0,640.0,Viernes,2024-06-28 20:15:00,1006.0
52,NARIÑO,52390,LA TOLA,52390005,AGUACATAL (LA TOLA - NARIÑO),2024,6,7830.0,1890.0,950.0,Domingo,2024-06-30 11:30:00,327.0
52,NARIÑO,52390,LA TOLA,52390013,AMARALES (LA TOLA - NARIÑO),2024,6,8842.0,2662.0,51460.0,Jueves,2024-06-13 12:15:00,801.0
52,NARIÑO,52390,LA TOLA,52390003,LA VIGIA DE LA MAR (LA TOLA - NARIÑO),2024,6,4814.0,2215.0,21640.0,Miércoles,2024-06-26 12:45:00,95.0
52,NARIÑO,52390,LA TOLA,52390009,MULATOS (LA TOLA - NARIÑO),2024,6,4251.0,2656.0,28990.0,Sábado,2024-06-22 18:45:00,753.0
52,NARIÑO,52390,LA TOLA,52390016,SAN PABLO DEL MAR (LA TOLA - NARIÑO),2024,6,5924.0,2122.0,2630.0,Sábado,2024-06-15 19:30:00,1003.0
52,NARIÑO,52427,MAGÜÍ,52427913,LA ISLA (MAGÜÍ - NARIÑO),2024,6,0.0,0.0,0.0,Sábado,2024-06-01 00:00:00,0.0
52,NARIÑO,52427,MAGÜÍ,52427915,LAS LAJAS (MAGÜÍ - NARIÑO),2024,6,0.0,0.0,0.0,Sábado,2024-06-01 00:00:00,0.0
52,NARIÑO,52473,MOSQUERA,52473010,EL BAJITO DE ECHANDÍA (MOSQUERA - NARIÑO),2024,6,1615.0,6300.0,1020.0,Jueves,2024-06-13 18:15:00,703.0
52,NARIÑO,52490,OLAYA HERRERA,52490913,BOCA DE PRIETA (OLAYA HERRERA - NARIÑO),2024,6,2168.0,6560.0,1370.0,Sábado,2024-06-29 19:30:00,619.0
52,NARIÑO,52621,ROBERTO PAYAN,52621912,TAMAJE (ROBERTO PAYAN - NARIÑO),2024,6,4778.0,2999.0,23020.0,Domingo,2024-06-16 15:45:00,854.0
52,NARIÑO,52835,SAN ANDRÉS DE TUMACO,52835055,BOCAS DE CURAY (TUMACO - NARIÑO),2024,6,7922.0,2975.0,480.0,Viernes,2024-06-07 19:15:00,719.0
52,NARIÑO,52835,SAN ANDRÉS DE TUMACO,52835217,SAN JUAN DE LA COSTA (SAN ANDRÉS DE TUMACO - NARIÑO),2024,6,23815.0,9302.0,10560.0,Viernes,2024-06-07 19:15:00,1042.0
52,NARIÑO,52696,SANTA BÁRBARA,52696014,LA ENSENADA (SANTA BÁRBARA - NARIÑO),2024,6,3102.0,2058.0,21730.0,Martes,2024-06-04 18:45:00,628.0
86,PUTUMAYO,86573,PUERTO LEGUÍZAMO,86573009,PIÑUÑA NEGRO (PUERTO LEGUÍZAMO - PUTUMAYO),2024,6,2654.0,159.0,2240.0,Sábado,2024-06-01 19:00:00,53.0
76,VALLE DEL CAUCA,76109,BUENAVENTURA,76109069,PAPAYAL 1 (BUENAVENTURA - VALLE DEL CAUCA),2024,6,7207.0,1312.0,28950.0,Martes,2024-06-25 20:00:00,1101.0
76,VALLE DEL CAUCA,76109,BUENAVENTURA,76109105,PITAL (BUENAVENTURA - VALLE DEL CAUCA),2024,6,2427.0,6560.0,9860.0,Domingo,2024-06-09 15:45:00,942.0
76,VALLE DEL CAUCA,76109,BUENAVENTURA,76109028,PUERTO MERIZALDE (BUENAVENTURA - VALLE DEL CAUCA),2024,6,103108.0,35909.0,21260.0,Lunes,2024-06-10 19:45:00,2126.0
76,VALLE DEL CAUCA,76109,BUENAVENTURA,76109081,PUNTA BONITA,2024,6,2799.0,3112.0,21030.0,Sábado,2024-06-29 20:30:00,628.0
76,VALLE DEL CAUCA,76109,BUENAVENTURA,76109032,SAN FRANCISCO NAYA (BUENAVENTURA - VALLE DEL CAUCA),2024,6,8189.0,3084.0,42590.0,Sábado,2024-06-22 11:45:00,929.0
97,VAUPÉS,97161,CARURÚ,97161000,CARURÚ (CARURÚ - VAUPÉS),2024,6,20522.0,514.0,8210.0,Miércoles,2024-06-12 18:45:00,1158.0
97,VAUPÉS,97001,MITÚ,97001000,MITÚ (MITÚ - VAUPÉS),2024,6,7576.0,366345.0,302854.0,Martes,2024-06-18 12:00:00,24.0
97,VAUPÉS,97666,TARAIRA,97666000,TARAIRA (TARAIRA - VAUPÉS),2024,6,3483.0,9545.0,130330.0,Miércoles,2024-06-26 12:00:00,1226.0
99,VICHADA,99001,PUERTO CARREÑO,99001000,PUERTO CARREÑO (PUERTO CARREÑO - VICHADA),2024,6,7576.0,673372.0,479424.0,Domingo,2024-06-02 20:45:00,2356.0
91,AMAZONAS,91001,LETICIA,91001000,LETICIA (LETICIA - AMAZONAS),2024,7,7576.0,4650.0,782349.0,Jueves,2024-07-25 15:30:00,24.0
91,AMAZONAS,91540,PUERTO NARIÑO,91540000,PUERTO NARIÑO (PUERTO NARIÑO - AMAZONAS),2024,7,132554.0,42294.0,27040.0,Miercoles,2024-07-24 18:15:00,24.0
91,AMAZONAS,91798,TARAPACA (ANM),91798000,TARAPACA (TARAPACA (ANM) - AMAZONAS),2024,7,26803.0,12169.0,101430.0,Lunes,2024-07-29 14:30:00,1017.0
88,ARCHIPIÉLAGO DE SAN ANDRÉS y PROVIDENCIA,88564,PROVIDENCIA,88564000,PROVIDENCIA (PROVIDENCIA - ARCHIPIÉLAGO DE SAN ANDRÉS y PROVIDENCIA ),2024,7,7576.0,275839.0,222981.0,Miercoles,2024-07-10 22:30:00,24.0
88,"ARCHIPIÉLAGO DE SAN ANDRÉS, PROVIDENCIA Y SANTA CATALINA",88001,SAN ANDRÉS,88001000,SAN ANDRÉS (SAN ANDRÉS - ARCHIPIÉLAGO DE SAN ANDRÉS Y PROVIDENCIA),2024,7,7576.0,4650.0,3346236.0,Jueves,2024-07-25 15:45:00,24.0
13,BOLÍVAR,13001,CARTAGENA DE INDIAS,13001007,ISLA FUERTE (CARTAGENA DE INDIAS - BOLÍVAR),2024,7,28683.0,13831.0,264060.0,Lunes,2024-07-01 00:30:00,422.0
13,BOLÍVAR,13001,CARTAGENA DE INDIAS,13001017,SANTA CRUZ DEL ISLOTE (CARTAGENA DE INDIAS - BOLÍVAR),2024,7,13868.0,4464.0,54180.0,Viernes,2024-07-12 22:15:00,1015.0
18,CAQUETÁ,18150,CARTAGENA DEL CHAIRA,18150001,REMOLINO DEL CAGUAN (CARTAGENA DEL CHAIRA - CAQUETÁ),2024,7,11716.0,5089.0,104750.0,Martes,2024-07-09 19:45:00,43.0
18,CAQUETÁ,18150,CARTAGENA DEL CHAIRA,18150002,SANTA FE DEL CAGUAN (CARTAGENA DEL CHAIRA - CAQUETÁ),2024,7,3571.0,1667.0,40640.0,Viernes,2024-07-12 18:45:00,342.0
18,CAQUETÁ,18753,SAN VICENTE DEL CAGUÁN,18753002,GUACAMAYAS (SAN VICENTE DEL CAGUÁN - CAQUETÁ),2024,7,2672.0,9760.0,27840.0,Lunes,2024-07-01 19:30:00,501.0
19,CAUCA,19318,GUAPI,19318008,LIMONES (GUAPI - CAUCA),2024,7,4288.0,1882.0,45280.0,Viernes,2024-07-05 19:45:00,408.0
19,CAUCA,19318,GUAPI,19318013,SAN ANTONIO DE GUAJUI (GUAPI - CAUCA),2024,7,11284.0,6147.0,55810.0,Viernes,2024-07-26 19:00:00,823.0
19,CAUCA,19418,LÓPEZ DE MICAY,19418009,NOANAMITO (LÓPEZ DE MICAY - CAUCA),2024,7,6151.0,2827.0,400.0,Sabado,2024-07-13 19:15:00,642.0
19,CAUCA,19809,TIMBIQUÍ,19809014,CHACON (TIMBIQUÍ - CAUCA),2024,7,4464.0,1154.0,22220.0,Domingo,2024-07-21 20:30:00,835.0
19,CAUCA,19809,TIMBIQUÍ,19809003,COTEJE (TIMBIQUÍ - CAUCA),2024,7,5913.0,4186.0,29880.0,Jueves,2024-07-11 19:30:00,745.0
19,CAUCA,19809,TIMBIQUÍ,19809007,SAN JOSE (TIMBIQUÍ - CAUCA),2024,7,6046.0,4222.0,34580.0,Lunes,2024-07-15 19:45:00,649.0
19,CAUCA,19809,TIMBIQUÍ,19809009,SANTA ROSA DE SAIJA (TIMBIQUÍ - CAUCA),2024,7,3295.0,1109.0,1980.0,Lunes,2024-07-22 19:45:00,632.0
27,CHOCÓ,27006,ACANDÍ,27006000,ACANDÍ (ACANDÍ - CHOCÓ),2024,7,727226.0,207226.0,156112.0,Sabado,2024-07-13 21:45:00,1903.0
27,CHOCÓ,27006,ACANDÍ,27006003,CAPURGANA (ACANDÍ - CHOCÓ),2024,7,349527.0,110165.0,817080.0,Miercoles,2024-07-03 20:45:00,1845.0
27,CHOCÓ,27025,ALTO BAUDO,27025000,CIUDAD BAUDO - PIE DE PATO (ALTO BAUDO - CHOCÓ),2024,7,4642.0,16571.0,139570.0,Domingo,2024-07-21 12:30:00,1751.0
27,CHOCÓ,27075,BAHÍA SOLANO,27075000,CIUDAD MUTIS (BAHÍA SOLANO - CHOCÓ),2024,7,879191.0,232126.0,157916.0,Lunes,2024-07-29 19:45:00,2347.0
27,CHOCÓ,27075,BAHÍA SOLANO,27075002,EL VALLE (BAHÍA SOLANO - CHOCÓ),2024,7,196222.0,66893.0,423190.0,Lunes,2024-07-15 19:15:00,2316.0
27,CHOCÓ,27075,BAHÍA SOLANO (MUTIS),27075001,CUPICA (BAHÍA SOLANO - CHOCÓ),2024,7,60272.0,18844.0,130010.0,Lunes,2024-07-29 19:15:00,221.0
27,CHOCÓ,27077,BAJO BAUDÓ,27077905,BUENAVISTA (BAJO BAUDÓ (PIZARRO) - CHOCÓ),2024,7,3622.0,1429.0,16320.0,Miercoles,2024-07-03 11:30:00,832.0
27,CHOCÓ,27077,BAJO BAUDÓ,27077029,FIRME DE USARGA (BAJO BAUDÓ (PIZARRO) - CHOCÓ),2024,7,7300.0,3020.0,7290.0,Lunes,2024-07-01 19:00:00,444.0
27,CHOCÓ,27077,BAJO BAUDÓ,27077026,GUINEAL (BAJO BAUDÓ (PIZARRO) - CHOCÓ),2024,7,7265.0,444.0,34020.0,Lunes,2024-07-15 11:30:00,1023.0
27,CHOCÓ,27077,BAJO BAUDÓ,27077008,ORPUA (BAJO BAUDÓ - CHOCÓ),2024,7,9420.0,2680.0,7190.0,Martes,2024-07-23 18:30:00,813.0
27,CHOCÓ,27077,BAJO BAUDÓ,27077000,PIZARRO (BAJO BAUDÓ - CHOCÓ),2024,7,257463.0,99964.0,478370.0,Lunes,2024-07-15 12:30:00,233.0
27,CHOCÓ,27077,BAJO BAUDÓ,27077916,TERRON (BAJO BAUDÓ - CHOCÓ),2024,7,3828.0,1591.0,27570.0,Jueves,2024-07-25 13:00:00,703.0
27,CHOCÓ,27077,BAJO BAUDÓ,27077019,VIRUDO (BAJO BAUDÓ - CHOCÓ),2024,7,6922.0,5092.0,31050.0,Domingo,2024-07-21 22:00:00,912.0
27,CHOCÓ,27099,BOJAYÁ,27099000,BELLAVISTA (BOJAYÁ (BELLAVISTA) - CHOCÓ),2024,7,63749.0,1862.0,265980.0,Domingo,2024-07-07 15:00:00,1039.0
27,CHOCÓ,27099,BOJAYÁ,27099002,LA LOMA DE BOJAYÁ (BOJAYÁ (BELLAVISTA) - CHOCÓ),2024,7,9539.0,3531.0,5120.0,nan,2024-07-20 19:30:00,81.0
27,CHOCÓ,27099,BOJAYÁ,27099005,NAPIPI (BOJAYÁ - CHOCÓ),2024,7,9344.0,297.0,6080.0,Domingo,2024-07-07 19:45:00,616.0
27,CHOCÓ,27099,BOJAYÁ,27099008,PUERTO CONTO (BOJAYÁ (BELLAVISTA) - CHOCO),2024,7,11897.0,3685.0,6240.0,Martes,2024-07-02 19:00:00,734.0
27,CHOCÓ,27250,EL LITORAL DEL SAN JUAN,27250000,SANTA GENOVEVA DE DOCORDO (EL LITORAL DEL SAN JUAN - CHOCÓ),2024,7,6153.0,30589.0,245120.0,Domingo,2024-07-07 19:30:00,1055.0
27,CHOCÓ,27372,JURADO,27372000,JURADO (JURADO - CHOCÓ),2024,7,182873.0,62366.0,35120.0,Lunes,2024-07-29 20:00:00,2332.0
27,CHOCÓ,27425,MEDIO ATRATO,27425000,BETE (MEDIO ATRATO - CHOCÓ),2024,7,16169.0,7622.0,680.0,Jueves,2024-07-11 11:30:00,1034.0
27,CHOCÓ,27425,MEDIO ATRATO,27425008,SAN ROQUE (MEDIO ATRATO - CHOCÓ),2024,7,1666.0,6700.0,22920.0,Lunes,2024-07-08 20:00:00,324.0
27,CHOCÓ,27495,NUQUÍ,27495001,ARUSÍ (NUQUÍ - CHOCO),2024,7,18926.0,7459.0,600.0,Domingo,2024-07-14 11:45:00,1506.0
27,CHOCÓ,27495,NUQUÍ,27495011,COMUNIDAD DE PUERTO JAGUA (NUQUÍ - CHOCÓ),2024,7,9860.0,4430.0,5620.0,Lunes,2024-07-08 19:00:00,712.0
27,CHOCÓ,27495,NUQUÍ,27495912,COMUNIDAD INDÍGENA DE PANGUÍ - EL YUCAL (NUQUÍ - CHOCÓ),2024,7,7219.0,2956.0,1150.0,Jueves,2024-07-11 15:30:00,2229.0
27,CHOCÓ,27495,NUQUÍ,27495000,NUQUÍ (NUQUÍ - CHOCÓ),2024,7,312363.0,105627.0,575870.0,Martes,2024-07-16 19:45:00,2351.0
27,CHOCÓ,27001,QUIBDÓ,27001029,TAGACHI (QUIBDÓ - CHOCÓ),2024,7,4620.0,1380.0,18140.0,Viernes,2024-07-05 20:00:00,107.0
27,CHOCÓ,27800,UNGUÍA,27800005,TITUMATE (UNGUÍA - CHOCÓ),2024,7,18007.0,4842.0,76910.0,Lunes,2024-07-22 20:30:00,1029.0
27,CHOCÓ,27800,UNGUÍA,27800000,UNGUÍA (UNGUÍA - CHOCÓ),2024,7,508534.0,160237.0,105178.0,Lunes,2024-07-15 00:15:00,2223.0
94,GUAINÍA,94343,BARRANCO MINAS,94343000,BARRANCO MINAS (BARRANCO MINAS - GUAINÍA),2024,7,87489.0,29752.0,245590.0,Miercoles,2024-07-17 10:15:00,1536.0
94,GUAINÍA,94001,INÍRIDA,94001905,CHORRO BOCON (INÍRIDA - GUAINÍA),2024,7,5177.0,3640.0,17160.0,Jueves,2024-07-25 19:15:00,1604.0
94,GUAINÍA,94001,INÍRIDA,94001000,INÍRIDA (INÍRIDA - GUAINÍA),2024,7,7576.0,557699.0,38368.0,Jueves,2024-07-25 14:45:00,24.0
44,LA GUAJIRA,44847,URIBIA,44847012,NAZARETH (URIBIA - LA GUAJIRA),2024,7,38023.0,8637.0,262080.0,Martes,2024-07-16 19:00:00,536.0
47,MAGDALENA,47189,CIÉNAGA,47189018,PALMOR (CIÉNAGA - MAGDALENA),2024,7,76944.0,27976.0,167740.0,Domingo,2024-07-21 19:15:00,2153.0
50,META,50325,MAPIRIPAN,50325000,MAPIRIPAN (MAPIRIPAN - META),2024,7,175985.0,58347.0,34760.0,Lunes,2024-07-29 18:45:00,2359.0
52,NARIÑO,52250,EL CHARCO,52250016,ALTERÓN (URIBE URIBE) (EL CHARCO - NARIÑO),2024,7,2830.0,1770.0,6140.0,Lunes,2024-07-29 19:15:00,153.0
52,NARIÑO,52250,EL CHARCO,52250005,LAS MERCEDES (EL CHARCO - NARIÑO),2024,7,1211.0,8510.0,880.0,Sabado,2024-07-06 21:30:00,537.0
52,NARIÑO,52250,EL CHARCO,52250007,SAN JOSÉ DEL TAPAJE (EL CHARCO - NARIÑO),2024,7,1346.0,401.0,640.0,Lunes,2024-07-15 20:30:00,94.0
52,NARIÑO,52390,LA TOLA,52390005,AGUACATAL (LA TOLA - NARIÑO),2024,7,2252.0,4820.0,10370.0,Sabado,2024-07-13 19:15:00,914.0
52,NARIÑO,52390,LA TOLA,52390013,AMARALES (LA TOLA - NARIÑO),2024,7,7626.0,2501.0,56350.0,Martes,2024-07-30 19:45:00,62.0
52,NARIÑO,52390,LA TOLA,52390003,LA VIGIA DE LA MAR (LA TOLA - NARIÑO),2024,7,6165.0,2772.0,25960.0,Sabado,2024-07-20 12:30:00,1123.0
52,NARIÑO,52390,LA TOLA,52390009,MULATOS (LA TOLA - NARIÑO),2024,7,4478.0,2834.0,27970.0,Martes,2024-07-02 18:00:00,807.0
52,NARIÑO,52390,LA TOLA,52390016,SAN PABLO DEL MAR (LA TOLA - NARIÑO),2024,7,4799.0,1757.0,27010.0,Jueves,2024-07-25 19:00:00,8.0
52,NARIÑO,52427,MAGÜÍ,52427913,LA ISLA (MAGÜÍ - NARIÑO),2024,7,0.0,0.0,0.0,Lunes,2024-07-01 00:00:00,0.0
52,NARIÑO,52427,MAGÜÍ,52427915,LAS LAJAS (MAGÜÍ - NARIÑO),2024,7,0.0,0.0,0.0,Lunes,2024-07-01 00:00:00,0.0
52,NARIÑO,52473,MOSQUERA,52473010,EL BAJITO DE ECHANDÍA (MOSQUERA - NARIÑO),2024,7,2725.0,9610.0,15050.0,Jueves,2024-07-04 12:00:00,1017.0
52,NARIÑO,52490,OLAYA HERRERA,52490913,BOCA DE PRIETA (OLAYA HERRERA - NARIÑO),2024,7,2438.0,7390.0,13560.0,Miercoles,2024-07-03 19:15:00,648.0
52,NARIÑO,52621,ROBERTO PAYAN,52621912,TAMAJE (ROBERTO PAYAN - NARIÑO),2024,7,4916.0,303.0,27820.0,Martes,2024-07-16 20:30:00,851.0
52,NARIÑO,52835,SAN ANDRÉS DE TUMACO,52835055,BOCAS DE CURAY (TUMACO - NARIÑO),2024,7,811.0,3002.0,5040.0,Sabado,2024-07-13 19:00:00,716.0
52,NARIÑO,52835,SAN ANDRÉS DE TUMACO,52835217,SAN JUAN DE LA COSTA (SAN ANDRÉS DE TUMACO - NARIÑO),2024,7,24929.0,9692.0,10560.0,Miercoles,2024-07-24 19:15:00,1049.0
52,NARIÑO,52696,SANTA BÁRBARA,52696014,LA ENSENADA (SANTA BÁRBARA - NARIÑO),2024,7,3178.0,1695.0,20670.0,Sabado,2024-07-27 20:00:00,627.0
86,PUTUMAYO,86573,PUERTO LEGUÍZAMO,86573009,PIÑUÑA NEGRO (PUERTO LEGUÍZAMO - PUTUMAYO),2024,7,2684.0,1626.0,2240.0,Sabado,2024-07-06 17:00:00,524.0
76,VALLE DEL CAUCA,76109,BUENAVENTURA,76109069,PAPAYAL 1 (BUENAVENTURA - VALLE DEL CAUCA),2024,7,5757.0,1043.0,39470.0,Miercoles,2024-07-31 19:45:00,835.0
76,VALLE DEL CAUCA,76109,BUENAVENTURA,76109105,PITAL (BUENAVENTURA - VALLE DEL CAUCA),2024,7,2224.0,6420.0,10690.0,Martes,2024-07-16 17:45:00,832.0
76,VALLE DEL CAUCA,76109,BUENAVENTURA,76109028,PUERTO MERIZALDE (BUENAVENTURA - VALLE DEL CAUCA),2024,7,101752.0,35905.0,207860.0,Lunes,2024-07-15 20:15:00,2314.0
76,VALLE DEL CAUCA,76109,BUENAVENTURA,76109081,PUNTA BONITA,2024,7,4166.0,3331.0,22690.0,Miercoles,2024-07-10 21:00:00,744.0
76,VALLE DEL CAUCA,76109,BUENAVENTURA,76109032,SAN FRANCISCO NAYA (BUENAVENTURA - VALLE DEL CAUCA),2024,7,799.0,3515.0,32640.0,Sabado,2024-07-13 11:30:00,1018.0
97,VAUPÉS,97161,CARURÚ,97161000,CARURÚ (CARURÚ - VAUPÉS),2024,7,2769.0,7064.0,74890.0,Lunes,2024-07-22 18:30:00,1643.0
97,VAUPÉS,97001,MITÚ,97001000,MITÚ (MITÚ - VAUPÉS),2024,7,7576.0,368701.0,307797.0,Viernes,2024-07-05 12:15:00,2358.0
97,VAUPÉS,97666,TARAIRA,97666000,TARAIRA (TARAIRA - VAUPÉS),2024,7,36778.0,9619.0,122940.0,Miercoles,2024-07-03 12:15:00,1214.0
99,VICHADA,99001,PUERTO CARREÑO,99001000,PUERTO CARREÑO (PUERTO CARREÑO - VICHADA),2024,7,7576.0,6799.0,479512.0,Miercoles,2024-07-10 15:30:00,2358.0
91,AMAZONAS,91001,LETICIA,91001000,LETICIA (LETICIA - AMAZONAS),2024,8,7576.0,4650.0,843124.0,Viernes,2024-08-23 15:15:00,24.0
91,AMAZONAS,91540,PUERTO NARIÑO,91540000,PUERTO NARIÑO (PUERTO NARIÑO - AMAZONAS),2024,8,138406.0,44141.0,28320.0,Miércoles,2024-08-21 18:30:00,24.0
91,AMAZONAS,91798,TARAPACA (ANM),91798000,TARAPACA (TARAPACA (ANM) - AMAZONAS),2024,8,27927.0,12547.0,102760.0,Viernes,2024-08-23 14:30:00,1013.0
88,ARCHIPIÉLAGO DE SAN ANDRÉS y PROVIDENCIA,88564,PROVIDENCIA,88564000,PROVIDENCIA (PROVIDENCIA - ARCHIPIÉLAGO DE SAN ANDRÉS y PROVIDENCIA ),2024,8,7576.0,291177.0,220452.0,Miércoles,2024-08-28 22:00:00,24.0
88,ARCHIPIÉLAGO DE SAN ANDRÉS y PROVIDENCIA,88001,SAN ANDRÉS,88001000,SAN ANDRÉS (SAN ANDRÉS - ARCHIPIÉLAGO DE SAN ANDRÉS Y PROVIDENCIA),2024,8,7576.0,4650.0,3411378.0,Martes,2024-08-20 15:45:00,24.0
18,CAQUETÁ,18753,SAN VICENTE DEL CAGUÁN,18753002,GUACAMAYAS (SAN VICENTE DEL CAGUÁN - CAQUETÁ),2024,8,10221.0,3449.0,3110.0,Domingo,2024-08-11 19:30:00,1711.0
18,CAQUETÁ,18150,CARTAGENA DEL CHAIRA,18150001,REMOLINO DEL CAGUAN (CARTAGENA DEL CHAIRA - CAQUETÁ),2024,8,10186.0,408.0,1060.0,Sábado,2024-08-24 19:15:00,348.0
19,CAUCA,19809,TIMBIQUÍ,19809014,CHACON (TIMBIQUÍ - CAUCA),2024,8,4263.0,1102.0,22420.0,Jueves,2024-08-22 19:00:00,814.0
19,CAUCA,19809,TIMBIQUÍ,19809010,COMUNIDAD DE CHETE (TIMBIQUÍ - CAUCA),2024,8,4947.0,1947.0,2970.0,Miércoles,2024-08-14 19:30:00,625.0
19,CAUCA,19809,TIMBIQUÍ,19809003,COTEJE (TIMBIQUÍ - CAUCA),2024,8,5571.0,3951.0,29120.0,Martes,2024-08-13 19:30:00,721.0
19,CAUCA,19418,LÓPEZ DE MICAY,19418009,NOANAMITO (LÓPEZ DE MICAY - CAUCA),2024,8,683.0,3246.0,400.0,Sábado,2024-08-24 18:45:00,744.0
19,CAUCA,19318,GUAPI,19318013,SAN ANTONIO DE GUAJUI (GUAPI - CAUCA),2024,8,9881.0,5449.0,55260.0,Sábado,2024-08-03 19:45:00,733.0
19,CAUCA,19809,TIMBIQUÍ,19809007,SAN JOSE (TIMBIQUÍ - CAUCA),2024,8,5736.0,4008.0,35660.0,Jueves,2024-08-29 19:00:00,623.0
19,CAUCA,19809,TIMBIQUÍ,19809009,SANTA ROSA DE SAIJA (TIMBIQUÍ - CAUCA),2024,8,3668.0,1243.0,21340.0,Jueves,2024-08-29 23:30:00,701.0
27,CHOCÓ,27006,ACANDÍ,27006000,ACANDÍ (ACANDÍ - CHOCÓ),2024,8,563125.0,161445.0,15921.0,Miércoles,2024-08-21 20:15:00,1605.0
27,CHOCÓ,27495,NUQUÍ,27495001,ARUSI (NIQUÍ - CHOCÓ),2024,8,20628.0,8243.0,600.0,Sábado,2024-08-17 12:30:00,1518.0
27,CHOCÓ,27099,BOJAYÁ,27099000,BELLAVISTA (BOJAYÁ (BELLAVISTA) - CHOCÓ),2024,8,102438.0,30189.0,332480.0,Viernes,2024-08-02 03:45:00,1625.0
27,CHOCÓ,27425,MEDIO ATRATO,27425000,BETE (MEDIO ATRATO - CHOCÓ),2024,8,15856.0,7302.0,720.0,Miércoles,2024-08-07 11:15:00,1018.0
27,CHOCÓ,27077,BAJO BAUDÓ,27077905,BUENAVISTA (BAJO BAUDÓ - CHOCÓ),2024,8,4083.0,1648.0,16420.0,Jueves,2024-08-15 20:45:00,10.0
27,CHOCÓ,27025,ALTO BAUDO,27025000,CIUDAD BAUDO - PIE DE PATO (ALTO BAUDO - CHOCÓ),2024,8,3973.0,14556.0,141330.0,Domingo,2024-08-25 19:15:00,1531.0
27,CHOCÓ,27075,BAHÍA SOLANO,27075000,CIUDAD MUTIS (BAHÍA SOLANO - CHOCÓ),2024,8,865279.0,247476.0,159896.0,Martes,2024-08-27 19:30:00,2346.0
27,CHOCÓ,27495,NUQUÍ,27495011,COMUNIDAD DE PUERTO JAGUA (NUQUÍ - CHOCÓ),2024,8,106.0,4960.0,5880.0,Domingo,2024-08-18 19:15:00,717.0
27,CHOCÓ,27495,NUQUÍ,27495912,COMUNIDAD INDÍGENA DE PANGUÍ - EL YUCAL (NUQUÍ - CHOCÓ),2024,8,6917.0,2943.0,1150.0,Martes,2024-08-27 06:30:00,2243.0
27,CHOCÓ,27075,BAHÍA SOLANO,27075001,CUPICA (BAHÍA SOLANO - CHOCÓ),2024,8,63493.0,19293.0,131860.0,Viernes,2024-08-02 20:15:00,2341.0
27,CHOCÓ,27075,BAHÍA SOLANO,27075002,EL VALLE (BAHÍA SOLANO - CHOCÓ),2024,8,195529.0,680.0,371180.0,Miércoles,2024-08-14 19:45:00,2351.0
27,CHOCÓ,27077,BAJO BAUDÓ,27077029,FIRME DE USARGA (BAJO BAUDÓ (PIZARRO) - CHOCÓ),2024,8,7480.0,3380.0,6850.0,Miércoles,2024-08-07 18:45:00,445.0
27,CHOCÓ,27077,BAJO BAUDÓ,27077026,GUINEAL (BAJO BAUDÓ (PIZARRO) - CHOCÓ),2024,8,6986.0,3852.0,33450.0,Miércoles,2024-08-28 19:30:00,1031.0
27,CHOCÓ,27372,JURADO,27372000,JURADO (JURADO - CHOCÓ),2024,8,191136.0,64029.0,373120.0,Viernes,2024-08-16 10:45:00,2337.0
27,CHOCÓ,27495,NUQUÍ,27495000,NUQUÍ (NUQUÍ - CHOCÓ),2024,8,30512.0,101111.0,561440.0,Miércoles,2024-08-28 20:00:00,2345.0
27,CHOCÓ,27077,BAJO BAUDÓ,27077008,ORPUA (BAJO BAUDÓ - CHOCÓ),2024,8,6860.0,2110.0,5250.0,Sábado,2024-08-17 20:00:00,607.0
27,CHOCÓ,27099,BOJAYÁ,27099030,PIEDRA CANDELA (BOJAYÁ - CHOCÓ),2024,8,6903.0,304.0,36970.0,Viernes,2024-08-30 16:00:00,838.0
27,CHOCÓ,27077,BAJO BAUDÓ,27077000,PIZARRO (BAJO BAUDÓ - CHOCÓ),2024,8,24077.0,9508.0,456190.0,Miércoles,2024-08-28 19:15:00,2306.0
27,CHOCÓ,27099,BOJAYÁ,27099008,PUERTO CONTO (BOJAYÁ - CHOCÓ),2024,8,13109.0,4224.0,6240.0,Viernes,2024-08-02 19:00:00,815.0
27,CHOCÓ,27425,MEDIO ATRATO,27425008,SAN ROQUE (MEDIO ATRATO - CHOCÓ),2024,8,1568.0,6810.0,21530.0,Sábado,2024-08-17 20:00:00,343.0
27,CHOCÓ,27250,EL LITORAL DEL SAN JUAN,27250000,SANTA GENOVEVA DE DOCORDO (EL LITORAL DEL SAN JUAN - CHOCÓ),2024,8,82319.0,41381.0,237860.0,Lunes,2024-08-19 19:30:00,1502.0
27,CHOCÓ,27077,BAJO BAUDÓ,27077916,TERRON (BAJO BAUDÓ - CHOCÓ),2024,8,2035.0,8890.0,24620.0,Lunes,2024-08-12 13:45:00,358.0
27,CHOCÓ,27800,UNGUÍA,27800005,TITUMATE (UNGUÍA - CHOCÓ),2024,8,16493.0,4387.0,73390.0,Miércoles,2024-08-21 19:00:00,942.0
27,CHOCÓ,27800,UNGUÍA,27800000,UNGUÍA (UNGUÍA - CHOCÓ),2024,8,483322.0,152596.0,102432.0,Miércoles,2024-08-28 21:15:00,2126.0
27,CHOCÓ,27077,BAJO BAUDÓ,27077019,VIRUDO (BAJO BAUDÓ - CHOCÓ),2024,8,6804.0,4079.0,31050.0,Viernes,2024-08-30 22:00:00,915.0
94,GUAINÍA,94001,INÍRIDA,94001905,CHORRO BOCON (INÍRIDA - GUAINÍA),2024,8,5844.0,5070.0,17660.0,Domingo,2024-08-25 18:15:00,1658.0
94,GUAINÍA,94001,INÍRIDA,94001000,INÍRIDA (INÍRIDA - GUAINÍA),2024,8,7576.0,605279.0,44792.0,Jueves,2024-08-22 14:30:00,2359.0
44,LA GUAJIRA,44847,URIBIA,44847003,CABO DE LA VELA (URIBIA - LA GUAJIRA),2024,8,8751.0,3420.0,141630.0,Jueves,2024-08-04 19:15:00,302.0
44,LA GUAJIRA,44847,URIBIA,44847012,NAZARETH (URIBIA - LA GUAJIRA),2024,8,40008.0,8714.0,267360.0,Sábado,2024-08-31 18:00:00,542.0
47,MAGDALENA,47189,CIÉNAGA,47189018,PALMOR (CIÉNAGA - MAGDALENA),2024,8,89106.0,31211.0,176830.0,Miércoles,2024-08-28 18:45:00,2257.0
50,META,50325,MAPIRIPAN,50325000,MAPIRIPAN (MAPIRIPAN - META),2024,8,188322.0,61901.0,361240.0,Jueves,2024-08-22 18:45:00,2358.0
52,NARIÑO,52390,LA TOLA,52390005,AGUACATAL (LA TOLA - NARIÑO),2024,8,3990.0,820.0,100.0,Jueves,2024-08-06 15:45:00,136.0
52,NARIÑO,52250,EL CHARCO,52250016,ALTERON - URIBE URIBE (EL CHARCO - NARIÑO),2024,8,6080.0,4030.0,6480.0,Miércoles,2024-08-07 17:45:00,402.0
52,NARIÑO,52427,MAGÜI,52427901,ALTO ESTERO (MAGÜI - NARIÑO),2024,8,2880.0,940.0,9580.0,Sábado,2024-08-03 19:30:00,107.0
52,NARIÑO,52390,LA TOLA,52390013,AMARALES (LA TOLA - NARIÑO),2024,8,9318.0,2501.0,58210.0,Viernes,2024-08-02 20:45:00,832.0
52,NARIÑO,52490,OLAYA HERRERA,52490913,BOCA DE PRIETA (OLAYA HERRERA - NARIÑO),2024,8,2167.0,6620.0,12940.0,Jueves,2024-08-01 20:30:00,634.0
52,NARIÑO,52835,SAN ANDRÉS DE TUMACO,52835055,BOCAS DE CURAY (SAN ANDRÉS DE TUMACO - NARIÑO),2024,8,6641.0,2521.0,480.0,Martes,2024-08-06 19:00:00,554.0
52,NARIÑO,52473,MOSQUERA,52473010,EL BAJITO DE ECHANDIA (MOSQUERA - NARIÑO),2024,8,2959.0,9710.0,12650.0,Lunes,2024-08-19 18:30:00,1015.0
52,NARIÑO,52427,MAGÜI,52427910,EL ROSARIO (MAGÜI - NARIÑO),2024,8,0.0,0.0,980.0,Martes,2024-08-13 09:00:00,0.0
52,NARIÑO,52427,MAGÜI,52427013,LA LOMA (MAGÜI - NARIÑO),2024,8,890.0,260.0,5330.0,Miércoles,2024-08-14 18:30:00,44.0
52,NARIÑO,52390,LA TOLA,52390003,LA VIGIA DE LA MAR (LA TOLA - NARIÑO),2024,8,5544.0,2643.0,25640.0,Miércoles,2024-08-21 12:45:00,946.0
52,NARIÑO,52250,EL CHARCO,52250005,LAS MERCEDES (EL CHARCO - NARIÑO),2024,8,9360.0,4110.0,11940.0,Domingo,2024-08-25 20:30:00,415.0
52,NARIÑO,52390,LA TOLA,52390009,MULATOS (LA TOLA - NARIÑO),2024,8,2941.0,1789.0,25470.0,Jueves,2024-08-01 17:00:00,557.0
52,NARIÑO,52835,SAN ANDRÉS DE TUMACO,52835217,SAN JUAN DE LA COSTA (SAN ANDRÉS DE TUMACO - NARIÑO),2024,8,2518.0,9879.0,10560.0,Martes,2024-08-06 19:15:00,1041.0
52,NARIÑO,52390,LA TOLA,52390016,SAN PABLO DEL MAR (LA TOLA - NARIÑO),2024,8,3514.0,1266.0,2470.0,Jueves,2024-08-01 19:00:00,543.0
52,NARIÑO,52621,ROBERTO PAYAN,52621912,TAMAJE (ROBERTO PAYAN - NARIÑO),2024,8,7380.0,4490.0,21460.0,Domingo,2024-08-04 19:30:00,118.0
86,PUTUMAYO,86573,PUERTO LEGUIZAMO,86573009,PIÑUÑA NEGRO (PUERTO LEGUÍZAMO - PUTUMAYO),2024,8,2682.0,1656.0,2240.0,Viernes,2024-08-02 18:45:00,531.0
86,PUTUMAYO,86573,PUERTO LEGUIZAMO,86573000,PUERTO LEGUÍZAMO (PUERTO LEGUÍZAMO - PUTUMAYO),2024,8,974651.0,271412.0,206677.0,Jueves,2024-08-22 15:00:00,2347.0
76,VALLE DEL CAUCA,76109,BUENAVENTURA,76109069,PAPAYAL 1 (BUENAVENTURA - VALLE DEL CAUCA),2024,8,9681.0,1402.0,44580.0,Domingo,2024-08-18 19:00:00,1036.0
76,VALLE DEL CAUCA,76109,BUENAVENTURA,76109028,PUERTO MERIZALDE (BUENAVENTURA - VALLE DEL CAUCA),2024,8,96031.0,33217.0,222290.0,Miércoles,2024-08-28 19:45:00,21.0
76,VALLE DEL CAUCA,76109,BUENAVENTURA,76109081,PUNTA BONITA (BUENAVENTURA - VALLE DEL CAUCA),2024,8,4975.0,4623.0,22160.0,Sábado,2024-08-17 19:15:00,93.0
76,VALLE DEL CAUCA,76109,BUENAVENTURA,76109032,SAN FRANCISCO NAYA (BUENAVENTURA - VALLE DEL CAUCA),2024,8,761.0,3285.0,31230.0,Viernes,2024-08-02 19:15:00,1005.0
97,VAUPÉS,97161,CARURÚ,97161000,CARURÚ (CARURÚ - VAUPÉS),2024,8,31775.0,7881.0,87820.0,Jueves,2024-08-29 18:45:00,1639.0
97,VAUPÉS,97001,MITÚ,97001000,MITÚ (MITÚ - VAUPÉS),2024,8,7576.0,387197.0,323671.0,Miércoles,2024-08-21 13:00:00,2356.0
97,VAUPÉS,97666,TARAIRA,97666000,TARAIRA (TARAIRA - VAUPÉS),2024,8,39226.0,10719.0,136840.0,Martes,2024-08-20 12:00:00,1301.0
99,VICHADA,99001,PUERTO CARREÑO,99001000,PUERTO CARREÑO (PUERTO CARREÑO - VICHADA),2024,8,7576.0,732978.0,501424.0,Martes,2024-08-20 14:00:00,24.0
91,AMAZONAS,91540,PUERTO NARIÑO,91540000,PUERTO NARIÑO (PUERTO NARIÑO - AMAZONAS),2024,9,140156.0,45616.0,29440.0,jueves,2024-09-19 18:00:00,24.0
91,AMAZONAS,91798,TARAPACA (ANM),91798000,TARAPACA (TARAPACA (ANM) - AMAZONAS),2024,9,27342.0,12153.0,103590.0,domingo,2024-09-15 13:30:00,1037.0
88,ARCHIPIÉLAGO DE SAN ANDRÉS y PROVIDENCIA,88564,PROVIDENCIA,88564000,PROVIDENCIA (PROVIDENCIA - ARCHIPIÉLAGO DE SAN ANDRÉS y PROVIDENCIA ),2024,9,7576.0,267106.0,22692.0,lunes,2024-09-16 14:45:00,2399.0
88,ARCHIPIÉLAGO DE SAN ANDRÉS y PROVIDENCIA,88001,SAN ANDRÉS,88001000,SAN ANDRÉS (SAN ANDRÉS - ARCHIPIÉLAGO DE SAN ANDRÉS y PROVIDENCIA ),2024,9,7576.0,4650.0,3429065.0,lunes,2024-09-16 15:30:00,24.0
13,BOLÍVAR,13001,CARTAGENA DE INDIAS,13001007,ISLA FUERTE (CARTAGENA DE INDIAS - BOLÍVAR),2024,9,31801.0,14619.0,25350.0,sábado,2024-09-14 22:15:00,535.0
13,BOLÍVAR,13001,CARTAGENA DE INDIAS,13001037,ISLA MUCURA (CARTAGENA DE INDIAS - BOLÍVAR),2024,9,0.0,0.0,0.0,domingo,2024-09-01 00:00:00,0.0
13,BOLÍVAR,13001,CARTAGENA DE INDIAS,13001017,SANTA CRUZ DEL ISLOTE (CARTAGENA DE INDIAS - BOLÍVAR),2024,9,13441.0,3944.0,5120.0,martes,2024-09-24 21:15:00,1112.0
18,CAQUETÁ,18150,CARTAGENA DEL CHAIRA,18150001,REMOLINO DEL CAGUAN (CARTAGENA DEL CHAIRA - CAQUETÁ),2024,9,9969.0,4005.0,109240.0,sábado,2024-09-14 19:45:00,38.0
18,CAQUETÁ,18150,CARTAGENA DEL CHAIRA,18150002,SANTA FE DEL CAGUAN (CARTAGENA DEL CHAIRA - CAQUETÁ),2024,9,5990.0,2490.0,33560.0,sábado,2024-09-21 19:00:00,8.0
18,CAQUETÁ,18753,SAN VICENTE DEL CAGUÁN,18753002,GUACAMAYAS (SAN VICENTE DEL CAGUÁN - CAQUETÁ),2024,9,10894.0,4451.0,32830.0,jueves,2024-09-19 18:45:00,1764.0
18,CAQUETÁ,18753,SAN VICENTE DEL CAGUÁN,18753009,PUERTO BETANIA (SAN VICENTE DEL CAGUÁN - CAQUETÁ),2024,9,3569.0,1333.0,38960.0,miércoles,2024-09-25 19:00:00,511.0
19,CAUCA,19318,GUAPI,19318008,LIMONES (GUAPI - CAUCA),2024,9,8446.0,3448.0,39740.0,lunes,2024-09-09 19:30:00,938.0
19,CAUCA,19318,GUAPI,19318013,SAN ANTONIO DE GUAJUI (GUAPI - CAUCA),2024,9,11403.0,6256.0,53930.0,jueves,2024-09-26 19:00:00,897.0
19,CAUCA,19418,LÓPEZ DE MICAY,19418009,NOANAMITO (LÓPEZ DE MICAY - CAUCA),2024,9,621.0,2883.0,400.0,domingo,2024-09-01 18:45:00,708.0
19,CAUCA,19809,TIMBIQUÍ,19809014,CHACON (TIMBIQUÍ - CAUCA),2024,9,4378.0,1109.0,21490.0,sábado,2024-09-21 19:15:00,851.0
19,CAUCA,19809,TIMBIQUÍ,19809010,COMUNIDAD DE CHETE (TIMBIQUÍ - CAUCA),2024,9,4963.0,1932.0,3040.0,viernes,2024-09-13 19:15:00,638.0
19,CAUCA,19809,TIMBIQUÍ,19809003,COTEJE (TIMBIQUÍ - CAUCA),2024,9,6188.0,466.0,30320.0,lunes,2024-09-23 22:00:00,888.0
19,CAUCA,19809,TIMBIQUÍ,19809007,SAN JOSE (TIMBIQUÍ - CAUCA),2024,9,5782.0,3786.0,35570.0,lunes,2024-09-02 19:15:00,661.0
19,CAUCA,19809,TIMBIQUÍ,19809009,SANTA ROSA DE SAIJA (TIMBIQUÍ - CAUCA),2024,9,4213.0,1343.0,23710.0,sábado,2024-09-07 20:30:00,794.0
27,CHOCÓ,27006,ACANDÍ,27006000,ACANDÍ (ACANDÍ - CHOCÓ),2024,9,662116.0,187882.0,156939.0,martes,2024-09-10 21:45:00,1893.0
27,CHOCÓ,27006,ACANDÍ,27006003,CAPURGANA (ACANDÍ - CHOCÓ),2024,9,280582.0,949.0,793320.0,jueves,2024-09-26 22:15:00,199.0
27,CHOCÓ,27006,ACANDÍ,27006007,SAN FRANCISCO (ACANDÍ - CHOCÓ),2024,9,0.0,0.0,60.0,viernes,2024-09-27 09:45:00,0.0
27,CHOCÓ,27025,ALTO BAUDO,27025000,CIUDAD BAUDO - PIE DE PATO (ALTO BAUDO - CHOCÓ),2024,9,48702.0,17325.0,137810.0,jueves,2024-09-19 12:15:00,2028.0
27,CHOCÓ,27075,BAHÍA SOLANO,27075000,CIUDAD MUTIS (BAHÍA SOLANO - CHOCÓ),2024,9,82185.0,24342.0,156464.0,jueves,2024-09-19 19:30:00,2372.0
27,CHOCÓ,27075,BAHÍA SOLANO,27075001,CUPICA (BAHÍA SOLANO - CHOCÓ),2024,9,62087.0,17933.0,135020.0,domingo,2024-09-29 19:00:00,2352.0
27,CHOCÓ,27075,BAHÍA SOLANO,27075002,EL VALLE (BAHÍA SOLANO - CHOCÓ),2024,9,187282.0,63408.0,373820.0,miércoles,2024-09-11 19:45:00,2348.0
27,CHOCÓ,27077,BAJO BAUDÓ,27077905,BUENAVISTA (BAJO BAUDÓ - CHOCÓ),2024,9,417.0,1685.0,20580.0,jueves,2024-09-26 20:30:00,1036.0
27,CHOCÓ,27077,BAJO BAUDÓ,27077029,FIRME DE USARGA (BAJO BAUDÓ - CHOCÓ),2024,9,6680.0,3000.0,6870.0,sábado,2024-09-07 18:30:00,433.0
27,CHOCÓ,27077,BAJO BAUDÓ,27077026,GUINEAL (BAJO BAUDÓ - CHOCÓ),2024,9,3584.0,1792.0,3480.0,miércoles,2024-09-04 19:15:00,534.0
27,CHOCÓ,27077,BAJO BAUDÓ,27077008,ORPUA (BAJO BAUDÓ - CHOCÓ),2024,9,3510.0,1850.0,5060.0,domingo,2024-09-01 19:00:00,355.0
27,CHOCÓ,27077,BAJO BAUDÓ,27077011,PILIZA - BELLAVISTA - VILLA LUZ (BAJO BAUDÓ - CHOCÓ),2024,9,1504.0,3940.0,320.0,viernes,2024-09-06 18:45:00,21.0
27,CHOCÓ,27077,BAJO BAUDÓ,27077000,PIZARRO (BAJO BAUDÓ - CHOCÓ),2024,9,206384.0,81596.0,5280.0,lunes,2024-09-09 19:00:00,1977.0
27,CHOCÓ,27077,BAJO BAUDÓ,27077016,SIVIRU (BAJO BAUDÓ - CHOCÓ),2024,9,0.0,0.0,0.0,domingo,2024-09-01 00:00:00,0.0
27,CHOCÓ,27077,BAJO BAUDÓ,27077916,TERRON (BAJO BAUDÓ - CHOCÓ),2024,9,3447.0,1415.0,24020.0,viernes,2024-09-13 18:30:00,693.0
27,CHOCÓ,27099,BOJAYÁ,27099000,BELLAVISTA (BOJAYÁ - CHOCÓ),2024,9,9762.0,28649.0,249360.0,jueves,2024-09-12 19:45:00,1681.0
27,CHOCÓ,27099,BOJAYÁ,27099002,LA LOMA DE BOJAYA (BOJAYÁ - CHOCÓ),2024,9,8725.0,3426.0,5120.0,lunes,2024-09-09 19:15:00,787.0
27,CHOCÓ,27099,BOJAYÁ,27099005,NAPIPI (BOJAYÁ - CHOCÓ),2024,9,9755.0,3403.0,8320.0,miércoles,2024-09-11 19:30:00,658.0
27,CHOCÓ,27099,BOJAYÁ,27099030,PIEDRA CANDELA (BOJAYÁ - CHOCÓ),2024,9,6808.0,3039.0,35040.0,jueves,2024-09-19 16:15:00,859.0
27,CHOCÓ,27099,BOJAYÁ,27099012,POGUE (BOJAYÁ - CHOCÓ),2024,9,0.0,0.0,0.0,domingo,2024-09-01 00:00:00,0.0
27,CHOCÓ,27099,BOJAYÁ,27099008,PUERTO CONTO (BOJAYÁ - CHOCÓ),2024,9,13049.0,4118.0,6480.0,sábado,2024-09-14 17:00:00,865.0
27,CHOCÓ,27250,EL LITORAL DEL SAN JUAN,27250000,SANTA GENOVEVA DE DOCORDO (EL LITORAL DEL SAN JUAN - CHOCÓ),2024,9,85654.0,43601.0,233110.0,miércoles,2024-09-18 18:45:00,1625.0
27,CHOCÓ,27372,JURADO,27372000,JURADO (JURADO - CHOCÓ),2024,9,168389.0,57054.0,33840.0,lunes,2024-09-02 19:45:00,2248.0
27,CHOCÓ,27425,MEDIO ATRATO,27425000,BETE (MEDIO ATRATO - CHOCÓ),2024,9,18704.0,8409.0,680.0,jueves,2024-09-05 12:30:00,1253.0
27,CHOCÓ,27425,MEDIO ATRATO,27425008,SAN ROQUE (MEDIO ATRATO - CHOCÓ),2024,9,2029.0,9740.0,18890.0,viernes,2024-09-20 19:00:00,483.0
27,CHOCÓ,27495,NUQUÍ,27495001,ARUSI (NUQUÍ - CHOCÓ),2024,9,20329.0,7822.0,600.0,martes,2024-09-24 19:45:00,1551.0
27,CHOCÓ,27495,NUQUÍ,27495011,COMUNIDAD DE PUERTO JAGUA (NUQUÍ - CHOCÓ),2024,9,8810.0,3910.0,6120.0,domingo,2024-09-29 20:00:00,592.0
27,CHOCÓ,27495,NUQUÍ,27495912,COMUNIDAD INDÍGENA DE PANGUI - EL YUCAL (NUQUÍ - CHOCÓ),2024,9,7859.0,296.0,1150.0,martes,2024-09-03 14:30:00,2333.0
27,CHOCÓ,27495,NUQUÍ,27495003,JURUBIRA (NUQUÍ - CHOCÓ),2024,9,18818.0,6856.0,60240.0,lunes,2024-09-09 19:00:00,1456.0
27,CHOCÓ,27495,NUQUÍ,27495000,NUQUÍ (NUQUÍ - CHOCÓ),2024,9,297826.0,99878.0,55510.0,viernes,2024-09-13 19:15:00,2395.0
27,CHOCÓ,27001,QUIBDÓ,27001029,TAGACHI (QUIBDÓ - CHOCÓ),2024,9,1799.0,6750.0,36820.0,domingo,2024-09-29 19:15:00,211.0
27,CHOCÓ,27800,UNGUÍA,27800001,BALBOA (UNGUÍA - CHOCÓ),2024,9,17656.0,7878.0,89870.0,viernes,2024-09-27 20:30:00,1268.0
27,CHOCÓ,27800,UNGUÍA,27800005,TITUMATE (UNGUÍA - CHOCÓ),2024,9,16562.0,4309.0,7110.0,domingo,2024-09-01 20:00:00,1043.0
27,CHOCÓ,27800,UNGUÍA,27800000,UNGUÍA (UNGUÍA - CHOCÓ),2024,9,489283.0,152548.0,105178.0,domingo,2024-09-15 19:45:00,2218.0
94,GUAINÍA,94001,INÍRIDA,94001905,CHORRO BOCON (INÍRIDA - GUAINÍA),2024,9,5541.0,5790.0,1860.0,miércoles,2024-09-04 19:45:00,1627.0
94,GUAINÍA,94001,INÍRIDA,94001000,INÍRIDA (INÍRIDA - GUAINÍA),2024,9,7576.0,600627.0,44308.0,martes,2024-09-24 14:30:00,24.0
44,LA GUAJIRA,44847,URIBIA,44847003,CABO DE LA VELA (URIBIA - LA GUAJIRA),2024,9,12522.0,6840.0,115140.0,martes,2024-09-17 19:00:00,521.0
44,LA GUAJIRA,44847,URIBIA,44847012,NAZARETH (URIBIA - LA GUAJIRA),2024,9,30472.0,6465.0,265440.0,lunes,2024-09-02 19:00:00,486.0
47,MAGDALENA,47189,CIÉNAGA,47189018,PALMOR (CIÉNAGA - MAGDALENA),2024,9,91663.0,31673.0,181630.0,domingo,2024-09-15 12:00:00,2338.0
50,META,50325,MAPIRIPAN,50325000,MAPIRIPAN (MAPIRIPAN - META),2024,9,195836.0,6416.0,374880.0,lunes,2024-09-30 18:30:00,24.0
52,NARIÑO,52250,EL CHARCO,52250016,ALTERON - URIBE URIBE (EL CHARCO - NARIÑO),2024,9,1210.0,790.0,5520.0,lunes,2024-09-02 19:45:00,87.0
52,NARIÑO,52250,EL CHARCO,52250022,EL CUIL PUEBLO NUEVO (EL CHARCO - NARIÑO),2024,9,2728.0,1237.0,30240.0,martes,2024-09-24 20:00:00,366.0
52,NARIÑO,52250,EL CHARCO,52250005,LAS MERCEDES (EL CHARCO - NARIÑO),2024,9,5980.0,1930.0,8060.0,martes,2024-09-03 19:45:00,308.0
52,NARIÑO,52250,EL CHARCO,52250007,SAN JOSE DEL TAPAJE (EL CHARCO - NARIÑO),2024,9,10578.0,2008.0,960.0,sábado,2024-09-21 19:00:00,545.0
52,NARIÑO,52390,LA TOLA,52390005,AGUACATAL (LA TOLA - NARIÑO),2024,9,197.0,4230.0,9340.0,viernes,2024-09-13 13:15:00,848.0
52,NARIÑO,52390,LA TOLA,52390013,AMARALES (LA TOLA - NARIÑO),2024,9,7192.0,201.0,55230.0,viernes,2024-09-13 19:15:00,652.0
52,NARIÑO,52390,LA TOLA,52390003,LA VIGIA DE LA MAR (LA TOLA - NARIÑO),2024,9,5891.0,2948.0,26680.0,domingo,2024-09-29 12:30:00,1084.0
52,NARIÑO,52390,LA TOLA,52390009,MULATOS (LA TOLA - NARIÑO),2024,9,4221.0,2324.0,26940.0,martes,2024-09-17 16:45:00,812.0
52,NARIÑO,52390,LA TOLA,52390016,SAN PABLO DEL MAR (LA TOLA - NARIÑO),2024,9,5431.0,1953.0,25220.0,viernes,2024-09-27 18:45:00,943.0
52,NARIÑO,52427,MAGÜI,52427910,EL ROSARIO (MAGÜI - NARIÑO),2024,9,0.0,0.0,0.0,domingo,2024-09-01 00:00:00,0.0
52,NARIÑO,52473,MOSQUERA,52473010,EL BAJITO DE ECHANDIA (MOSQUERA - NARIÑO),2024,9,302.0,1178.0,14640.0,sábado,2024-09-28 11:45:00,1031.0
52,NARIÑO,52490,OLAYA HERRERA,52490913,BOCA DE PRIETA (OLAYA HERRERA - NARIÑO),2024,9,204.0,6600.0,12340.0,lunes,2024-09-09 19:45:00,655.0
52,NARIÑO,52621,ROBERTO PAYAN,52621912,TAMAJE (ROBERTO PAYAN - NARIÑO),2024,9,3415.0,1281.0,23740.0,domingo,2024-09-22 19:15:00,613.0
52,NARIÑO,52835,SAN ANDRÉS DE TUMACO,52835055,BOCAS DE CURAY (SAN ANDRÉS DE TUMACO - NARIÑO),2024,9,9232.0,3531.0,5040.0,miércoles,2024-09-25 19:15:00,843.0
52,NARIÑO,52835,SAN ANDRÉS DE TUMACO,52835217,SAN JUAN DE LA COSTA (SAN ANDRÉS DE TUMACO - NARIÑO),2024,9,22843.0,8996.0,11520.0,miércoles,2024-09-25 18:45:00,994.0
52,NARIÑO,52696,SANTA BÁRBARA,52696014,LA ENSENADA (SANTA BÁRBARA - NARIÑO),2024,9,3193.0,1294.0,3110.0,sábado,2024-09-14 18:45:00,651.0
86,PUTUMAYO,86573,PUERTO LEGUIZAMO,86573009,PIÑUÑA NEGRO (PUERTO LEGUIZAMO - PUTUMAYO),2024,9,2634.0,1652.0,2560.0,sábado,2024-09-14 20:00:00,52.0
86,PUTUMAYO,86573,PUERTO LEGUIZAMO,86573000,PUERTO LEGUIZAMO (PUERTO LEGUIZAMO - PUTUMAYO),2024,9,915606.0,239217.0,195114.0,martes,2024-09-03 19:00:00,2385.0
76,VALLE DEL CAUCA,76109,BUENAVENTURA,76109930,GALVEZ (BUENAVENTURA - VALLE DEL CAUCA),2024,9,3459.0,6860.0,12190.0,lunes,2024-09-16 17:45:00,1889.0
76,VALLE DEL CAUCA,76109,BUENAVENTURA,76109957,HUMANES MAR (BUENAVENTURA - VALLE DEL CAUCA),2024,9,6127.0,1579.0,29440.0,domingo,2024-09-29 10:45:00,1014.0
76,VALLE DEL CAUCA,76109,BUENAVENTURA,76109069,PAPAYAL 1 (BUENAVENTURA - VALLE DEL CAUCA),2024,9,7556.0,1352.0,43490.0,miércoles,2024-09-04 18:45:00,1083.0
76,VALLE DEL CAUCA,76109,BUENAVENTURA,76109028,PUERTO MERIZALDE (BUENAVENTURA - VALLE DEL CAUCA),2024,9,94103.0,3162.0,206450.0,viernes,2024-09-27 20:15:00,2093.0
76,VALLE DEL CAUCA,76109,BUENAVENTURA,76109081,PUNTA BONITA (BUENAVENTURA - VALLE DEL CAUCA),2024,9,4349.0,3881.0,20050.0,domingo,2024-09-01 19:00:00,926.0
76,VALLE DEL CAUCA,76109,BUENAVENTURA,76109032,SAN FRANCISCO NAYA (BUENAVENTURA - VALLE DEL CAUCA),2024,9,8142.0,3367.0,34270.0,lunes,2024-09-02 11:30:00,1078.0
76,VALLE DEL CAUCA,76109,BUENAVENTURA,76109034,SAN ISIDRO - CALIMA (BUENAVENTURA - VALLE DEL CAUCA),2024,9,2919.0,4920.0,25240.0,jueves,2024-09-05 19:15:00,469.0
97,VAUPÉS,97161,CARURÚ,97161000,CARURÚ (CARURÚ - VAUPÉS),2024,9,35746.0,8582.0,92140.0,martes,2024-09-24 18:30:00,1722.0
97,VAUPÉS,97001,MITÚ,97001000,MITÚ (MITÚ - VAUPÉS),2024,9,7576.0,385301.0,33551.0,martes,2024-09-24 13:00:00,24.0
97,VAUPÉS,97666,TARAIRA,97666000,TARAIRA (TARAIRA - VAUPÉS),2024,9,45482.0,12302.0,138160.0,lunes,2024-09-16 12:30:00,1425.0
99,VICHADA,99001,PUERTO CARREÑO,99001000,PUERTO CARREÑO (PUERTO CARREÑO - VICHADA),2024,9,7576.0,703817.0,514712.0,jueves,2024-09-12 13:45:00,24.0
91,AMAZONAS,91001,LETICIA,91001000,LETICIA (LETICIA - AMAZONAS),2024,9,7576.0,4650.0,873574.0,viernes,2024-09-20 14:30:00,24.0
91,AMAZONAS,91540,PUERTO NARIÑO,91540000,PUERTO NARIÑO (PUERTO NARIÑO - AMAZONAS),2024,10,143343.0,47284.0,2960.0,jueves,2024-10-17 18:15:00,24.0
91,AMAZONAS,91798,TARAPACA (ANM),91798000,TARAPACA (TARAPACA (ANM) - AMAZONAS),2024,10,25722.0,11455.0,94450.0,miércoles,2024-10-02 14:30:00,1027.0
5,ANTIOQUIA,5873,VIGÍA DEL FUERTE,5873010,LA PLAYA MURRI  (VIGÍA DEL FUERTE - ANTIOQUIA),2024,10,5792.0,2428.0,22550.0,jueves,2024-10-03 18:30:00,114.0
5,ANTIOQUIA,5873,VIGÍA DEL FUERTE,5873013,LOMA MURRI (VIGÍA DEL FUERTE - ANTIOQUIA),2024,10,7563.0,3492.0,27640.0,lunes,2024-10-07 17:30:00,1202.0
88,ARCHIPIÉLAGO DE SAN ANDRÉS y PROVIDENCIA,88564,PROVIDENCIA,88564000,PROVIDENCIA (PROVIDENCIA - ARCHIPIÉLAGO DE SAN ANDRÉS y PROVIDENCIA ),2024,10,7576.0,248214.0,201532.0,jueves,2024-10-24 14:30:00,2398.0
13,BOLÍVAR,13001,CARTAGENA DE INDIAS,13001007,ISLA FUERTE (CARTAGENA DE INDIAS - BOLÍVAR),2024,10,60909.0,27005.0,261480.0,sábado,2024-10-12 21:45:00,975.0
13,BOLÍVAR,13001,CARTAGENA DE INDIAS,13001037,ISLA MUCURA (CARTAGENA DE INDIAS - BOLÍVAR),2024,10,0.0,0.0,0.0,martes,2024-10-01 00:00:00,0.0
13,BOLÍVAR,13001,CARTAGENA DE INDIAS,13001017,SANTA CRUZ DEL ISLOTE (CARTAGENA DE INDIAS - BOLÍVAR),2024,10,13769.0,3852.0,54080.0,viernes,2024-10-25 22:30:00,1057.0
18,CAQUETÁ,18150,CARTAGENA DEL CHAIRA,18150001,REMOLINO DEL CAGUAN (CARTAGENA DEL CHAIRA - CAQUETÁ),2024,10,10614.0,4275.0,104750.0,jueves,2024-10-17 19:15:00,398.0
18,CAQUETÁ,18150,CARTAGENA DEL CHAIRA,18150002,SANTA FE DEL CAGUAN (CARTAGENA DEL CHAIRA - CAQUETÁ),2024,10,1853.0,7840.0,37120.0,martes,2024-10-22 18:45:00,213.0
18,CAQUETÁ,18753,SAN VICENTE DEL CAGUÁN,18753002,GUACAMAYAS (SAN VICENTE DEL CAGUÁN - CAQUETÁ),2024,10,11461.0,4135.0,35330.0,viernes,2024-10-18 20:15:00,173.0
18,CAQUETÁ,18753,SAN VICENTE DEL CAGUÁN,18753009,PUERTO BETANIA (SAN VICENTE DEL CAGUÁN - CAQUETÁ),2024,10,4898.0,1658.0,3920.0,martes,2024-10-22 19:30:00,519.0
18,CAQUETÁ,18753,SAN VICENTE DEL CAGUÁN,18753033,VILLA LOBOS (SAN VICENTE DEL CAGUÁN - CAQUETÁ),2024,10,584.0,2186.0,59980.0,sábado,2024-10-05 19:45:00,391.0
19,CAUCA,19318,GUAPI,19318013,SAN ANTONIO DE GUAJUI (GUAPI - CAUCA),2024,10,10491.0,5719.0,55650.0,martes,2024-10-29 19:15:00,794.0
19,CAUCA,19418,LÓPEZ DE MICAY,19418009,NOANAMITO (LÓPEZ DE MICAY - CAUCA),2024,10,555.0,2571.0,440.0,lunes,2024-10-28 19:15:00,58.0
19,CAUCA,19809,TIMBIQUÍ,19809014,CHACON (TIMBIQUÍ - CAUCA),2024,10,4237.0,10.0,23550.0,sábado,2024-10-26 18:30:00,721.0
19,CAUCA,19809,TIMBIQUÍ,19809010,COMUNIDAD DE CHETE (TIMBIQUÍ - CAUCA),2024,10,4853.0,1895.0,32290.0,miércoles,2024-10-30 18:30:00,609.0
19,CAUCA,19809,TIMBIQUÍ,19809007,SAN JOSE (TIMBIQUÍ - CAUCA),2024,10,5319.0,3342.0,35260.0,miércoles,2024-10-30 19:00:00,598.0
19,CAUCA,19809,TIMBIQUÍ,19809009,SANTA ROSA DE SAIJA (TIMBIQUÍ - CAUCA),2024,10,2838.0,8670.0,22390.0,domingo,2024-10-27 19:15:00,493.0
27,CHOCÓ,27006,ACANDÍ,27006000,ACANDÍ (ACANDÍ - CHOCÓ),2024,10,70005.0,199855.0,145147.0,viernes,2024-10-25 22:15:00,202.0
27,CHOCÓ,27006,ACANDÍ,27006007,SAN FRANCISCO (ACANDÍ - CHOCÓ),2024,10,0.0,0.0,0.0,martes,2024-10-01 00:00:00,0.0
27,CHOCÓ,27025,ALTO BAUDO,27025000,CIUDAD BAUDO - PIE DE PATO (ALTO BAUDO - CHOCÓ),2024,10,49525.0,17855.0,136660.0,sábado,2024-10-05 11:30:00,207.0
27,CHOCÓ,27075,BAHÍA SOLANO,27075000,CIUDAD MUTIS (BAHÍA SOLANO - CHOCÓ),2024,10,858004.0,260374.0,152372.0,jueves,2024-10-17 18:30:00,2383.0
27,CHOCÓ,27075,BAHÍA SOLANO,27075001,CUPICA (BAHÍA SOLANO - CHOCÓ),2024,10,46559.0,17624.0,144490.0,viernes,2024-10-11 19:00:00,1702.0
27,CHOCÓ,27075,BAHÍA SOLANO,27075002,EL VALLE (BAHÍA SOLANO - CHOCÓ),2024,10,113146.0,38231.0,372240.0,sábado,2024-10-05 19:00:00,1395.0
27,CHOCÓ,27077,BAJO BAUDÓ,27077002,BELEN DE DOCAMPADO (BAJO BAUDÓ - CHOCÓ),2024,10,8011.0,2852.0,37380.0,sábado,2024-10-26 18:30:00,941.0
27,CHOCÓ,27077,BAJO BAUDÓ,27077905,BUENAVISTA (BAJO BAUDÓ - CHOCÓ),2024,10,4169.0,1669.0,17090.0,miércoles,2024-10-02 20:30:00,981.0
27,CHOCÓ,27077,BAJO BAUDÓ,27077029,FIRME DE USARGA (BAJO BAUDÓ - CHOCÓ),2024,10,5170.0,2290.0,5930.0,lunes,2024-10-28 11:45:00,371.0
27,CHOCÓ,27077,BAJO BAUDÓ,27077026,GUINEAL (BAJO BAUDÓ - CHOCÓ),2024,10,2627.0,1961.0,37620.0,domingo,2024-10-27 18:15:00,518.0
27,CHOCÓ,27077,BAJO BAUDÓ,27077008,ORPUA (BAJO BAUDÓ - CHOCÓ),2024,10,3080.0,1570.0,5390.0,miércoles,2024-10-30 19:30:00,306.0
27,CHOCÓ,27077,BAJO BAUDÓ,27077011,PILIZA - BELLAVISTA - VILLA LUZ (BAJO BAUDÓ - CHOCÓ),2024,10,3472.0,1076.0,2880.0,viernes,2024-10-25 19:00:00,568.0
27,CHOCÓ,27077,BAJO BAUDÓ,27077000,PIZARRO (BAJO BAUDÓ - CHOCÓ),2024,10,121713.0,47969.0,46570.0,sábado,2024-10-05 18:45:00,1199.0
27,CHOCÓ,27077,BAJO BAUDÓ,27077016,SIVIRU (BAJO BAUDÓ - CHOCÓ),2024,10,0.0,0.0,0.0,martes,2024-10-01 00:00:00,0.0
27,CHOCÓ,27077,BAJO BAUDÓ,27077916,TERRON (BAJO BAUDÓ - CHOCÓ),2024,10,5259.0,226.0,23890.0,sábado,2024-10-05 18:45:00,1063.0
27,CHOCÓ,27077,BAJO BAUDÓ,27077019,VIRUDO (BAJO BAUDÓ - CHOCÓ),2024,10,3520.0,1720.0,26760.0,domingo,2024-10-06 20:15:00,53.0
27,CHOCÓ,27099,BOJAYÁ,27099005,NAPIPI (BOJAYÁ - CHOCÓ),2024,10,11485.0,4061.0,640.0,viernes,2024-10-04 19:00:00,756.0
27,CHOCÓ,27099,BOJAYÁ,27099008,PUERTO CONTO (BOJAYÁ - CHOCÓ),2024,10,12075.0,376.0,6480.0,viernes,2024-10-11 18:30:00,76.0
27,CHOCÓ,27250,EL LITORAL DEL SAN JUAN,27250000,SANTA GENOVEVA DE DOCORDO (EL LITORAL DEL SAN JUAN - CHOCÓ),2024,10,81383.0,40085.0,242090.0,viernes,2024-10-11 19:15:00,1527.0
27,CHOCÓ,27372,JURADO,27372000,JURADO (JURADO - CHOCÓ),2024,10,182969.0,61194.0,34480.0,jueves,2024-10-03 19:00:00,2394.0
27,CHOCÓ,27425,MEDIO ATRATO,27425000,BETE (MEDIO ATRATO - CHOCÓ),2024,10,19063.0,8733.0,680.0,sábado,2024-10-26 11:15:00,1235.0
27,CHOCÓ,27425,MEDIO ATRATO,27425008,SAN ROQUE (MEDIO ATRATO - CHOCÓ),2024,10,1542.0,7000.0,18790.0,martes,2024-10-22 20:30:00,373.0
27,CHOCÓ,27495,NUQUÍ,27495001,ARUSI (NUQUÍ - CHOCÓ),2024,10,16399.0,6235.0,5760.0,sábado,2024-10-05 18:45:00,125.0
27,CHOCÓ,27495,NUQUÍ,27495011,COMUNIDAD DE PUERTO JAGUA (NUQUÍ - CHOCÓ),2024,10,9560.0,4010.0,5860.0,lunes,2024-10-14 18:15:00,642.0
27,CHOCÓ,27495,NUQUÍ,27495912,COMUNIDAD INDÍGENA DE PANGUI - EL YUCAL (NUQUÍ - CHOCÓ),2024,10,6761.0,1683.0,12220.0,jueves,2024-10-24 08:45:00,1977.0
27,CHOCÓ,27495,NUQUÍ,27495000,NUQUÍ (NUQUÍ - CHOCÓ),2024,10,292011.0,101507.0,569890.0,viernes,2024-10-11 18:30:00,23.0
27,CHOCÓ,27001,QUIBDÓ,27001029,TAGACHI (QUIBDÓ - CHOCÓ),2024,10,3983.0,1398.0,38620.0,martes,2024-10-29 19:30:00,448.0
27,CHOCÓ,27800,UNGUÍA,27800001,BALBOA (UNGUÍA - CHOCÓ),2024,10,28284.0,14449.0,99930.0,domingo,2024-10-13 18:45:00,1243.0
27,CHOCÓ,27800,UNGUÍA,27800005,TITUMATE (UNGUÍA - CHOCÓ),2024,10,16535.0,4124.0,7040.0,jueves,2024-10-17 19:15:00,1026.0
27,CHOCÓ,27800,UNGUÍA,27800000,UNGUÍA (UNGUÍA - CHOCÓ),2024,10,487097.0,153321.0,101851.0,viernes,2024-10-25 19:45:00,224.0
94,GUAINÍA,94001,INÍRIDA,94001905,CHORRO BOCON (INÍRIDA - GUAINÍA),2024,10,596.0,7090.0,20030.0,domingo,2024-10-06 18:15:00,1716.0
94,GUAINÍA,94001,INÍRIDA,94001000,INÍRIDA (INÍRIDA - GUAINÍA),2024,10,7576.0,654496.0,471856.0,lunes,2024-10-21 14:45:00,24.0
44,LA GUAJIRA,44847,URIBIA,44847012,NAZARETH (URIBIA - LA GUAJIRA),2024,10,36281.0,7757.0,267360.0,martes,2024-10-29 18:15:00,551.0
47,MAGDALENA,47189,CIÉNAGA,47189018,PALMOR (CIÉNAGA - MAGDALENA),2024,10,10825.0,43734.0,216510.0,sábado,2024-10-26 18:30:00,2324.0
50,META,50325,MAPIRIPAN,50325000,MAPIRIPAN (MAPIRIPAN - META),2024,10,200623.0,64737.0,392040.0,lunes,2024-10-21 18:00:00,24.0
52,NARIÑO,52250,EL CHARCO,52250022,EL CUIL PUEBLO NUEVO (EL CHARCO - NARIÑO),2024,10,3449.0,1581.0,31470.0,viernes,2024-10-25 18:30:00,436.0
52,NARIÑO,52250,EL CHARCO,52250005,LAS MERCEDES (EL CHARCO - NARIÑO),2024,10,9210.0,5180.0,8740.0,sábado,2024-10-12 19:45:00,406.0
52,NARIÑO,52250,EL CHARCO,52250007,SAN JOSE DEL TAPAJE (EL CHARCO - NARIÑO),2024,10,9108.0,1826.0,880.0,martes,2024-10-01 19:45:00,558.0
52,NARIÑO,52390,LA TOLA,52390005,AGUACATAL (LA TOLA - NARIÑO),2024,10,2708.0,5650.0,10140.0,lunes,2024-10-07 13:45:00,1083.0
52,NARIÑO,52390,LA TOLA,52390013,AMARALES (LA TOLA - NARIÑO),2024,10,6959.0,3223.0,5750.0,jueves,2024-10-10 19:30:00,64.0
52,NARIÑO,52390,LA TOLA,52390003,LA VIGIA DE LA MAR (LA TOLA - NARIÑO),2024,10,4738.0,2344.0,29560.0,viernes,2024-10-18 19:45:00,768.0
52,NARIÑO,52390,LA TOLA,52390009,MULATOS (LA TOLA - NARIÑO),2024,10,8870.0,5620.0,2160.0,jueves,2024-10-03 16:00:00,183.0
52,NARIÑO,52390,LA TOLA,52390016,SAN PABLO DEL MAR (LA TOLA - NARIÑO),2024,10,6188.0,2133.0,25410.0,martes,2024-10-08 19:15:00,105.0
52,NARIÑO,52473,MOSQUERA,52473010,EL BAJITO DE ECHANDIA (MOSQUERA - NARIÑO),2024,10,3162.0,1164.0,15290.0,martes,2024-10-22 11:45:00,1036.0
52,NARIÑO,52835,SAN ANDRÉS DE TUMACO,52835055,BOCAS DE CURAY (SAN ANDRÉS DE TUMACO - NARIÑO),2024,10,5585.0,199.0,5040.0,martes,2024-10-01 18:00:00,465.0
52,NARIÑO,52835,SAN ANDRÉS DE TUMACO,52835217,SAN JUAN DE LA COSTA (SAN ANDRÉS DE TUMACO - NARIÑO),2024,10,22891.0,9017.0,12160.0,lunes,2024-10-28 18:45:00,986.0
52,NARIÑO,52696,SANTA BÁRBARA,52696014,LA ENSENADA (SANTA BÁRBARA - NARIÑO),2024,10,3437.0,1564.0,200.0,martes,2024-10-01 19:45:00,7.0
86,PUTUMAYO,86573,PUERTO LEGUIZAMO,86573009,PIÑUÑA NEGRO (PUERTO LEGUIZAMO - PUTUMAYO),2024,10,281.0,1795.0,2560.0,sábado,2024-10-26 18:30:00,535.0
86,PUTUMAYO,86573,PUERTO LEGUIZAMO,86573000,PUERTO LEGUIZAMO (PUERTO LEGUIZAMO - PUTUMAYO),2024,10,898093.0,256776.0,210399.0,jueves,2024-10-17 13:45:00,2233.0
76,VALLE DEL CAUCA,76109,BUENAVENTURA,76109957,HUMANES MAR (BUENAVENTURA - VALLE DEL CAUCA),2024,10,6391.0,1226.0,31590.0,sábado,2024-10-26 11:15:00,928.0
76,VALLE DEL CAUCA,76109,BUENAVENTURA,76109069,PAPAYAL 1 (BUENAVENTURA - VALLE DEL CAUCA),2024,10,6167.0,1463.0,41230.0,sábado,2024-10-26 12:30:00,963.0
76,VALLE DEL CAUCA,76109,BUENAVENTURA,76109028,PUERTO MERIZALDE (BUENAVENTURA - VALLE DEL CAUCA),2024,10,105789.0,36701.0,218060.0,sábado,2024-10-19 19:45:00,2315.0
76,VALLE DEL CAUCA,76109,BUENAVENTURA,76109081,PUNTA BONITA (BUENAVENTURA - VALLE DEL CAUCA),2024,10,4127.0,4261.0,18550.0,sábado,2024-10-12 13:45:00,879.0
76,VALLE DEL CAUCA,76109,BUENAVENTURA,76109032,SAN FRANCISCO NAYA (BUENAVENTURA - VALLE DEL CAUCA),2024,10,5979.0,2432.0,33020.0,domingo,2024-10-27 11:45:00,763.0
76,VALLE DEL CAUCA,76109,BUENAVENTURA,76109034,SAN ISIDRO - CALIMA (BUENAVENTURA - VALLE DEL CAUCA),2024,10,5506.0,1053.0,26060.0,martes,2024-10-08 19:00:00,861.0
97,VAUPÉS,97161,CARURÚ,97161000,CARURÚ (CARURÚ - VAUPÉS),2024,10,3655.0,7807.0,93540.0,jueves,2024-10-17 19:00:00,1675.0
97,VAUPÉS,97001,MITÚ,97001000,MITÚ (MITÚ - VAUPÉS),2024,10,7576.0,402973.0,344216.0,lunes,2024-10-21 13:30:00,2392.0
97,VAUPÉS,97666,TARAIRA,97666000,TARAIRA (TARAIRA - VAUPÉS),2024,10,48031.0,1301.0,139480.0,lunes,2024-10-07 12:30:00,1442.0
99,VICHADA,99001,PUERTO CARREÑO,99001000,PUERTO CARREÑO (PUERTO CARREÑO - VICHADA),2024,10,7576.0,736227.0,54252.0,lunes,2024-10-21 13:45:00,2398.0
91,AMAZONAS,91001,LETICIA,91001000,LETICIA (LETICIA - AMAZONAS),2024,10,7576.0,4650.0,883917.0,jueves,2024-10-03 17:45:00,2391.0
91,AMAZONAS,91540,PUERTO NARIÑO,91540000,PUERTO NARIÑO (PUERTO NARIÑO - AMAZONAS),2024,11,132076.0,42989.0,28160.0,martes,2024-11-19 18:15:00,24.0
91,AMAZONAS,91798,TARAPACA (ANM),91798000,TARAPACA (TARAPACA (ANM) - AMAZONAS),2024,11,24872.0,11436.0,93120.0,viernes,2024-11-29 18:15:00,1025.0
5,ANTIOQUIA,5873,VIGÍA DEL FUERTE,5873010,LA PLAYA MURRI  (VIGÍA DEL FUERTE - ANTIOQUIA),2024,11,5699.0,2378.0,21410.0,martes,2024-11-19 12:45:00,1219.0
5,ANTIOQUIA,5873,VIGÍA DEL FUERTE,5873013,LOMA MURRI (VIGÍA DEL FUERTE - ANTIOQUIA),2024,11,8122.0,3565.0,31650.0,sábado,2024-11-16 07:30:00,1377.0
88,ARCHIPIÉLAGO DE SAN ANDRÉS y PROVIDENCIA,88564,PROVIDENCIA,88564000,PROVIDENCIA (PROVIDENCIA - ARCHIPIÉLAGO DE SAN ANDRÉS y PROVIDENCIA ),2024,11,7576.0,224829.0,192121.0,jueves,2024-11-07 15:00:00,24.0
13,BOLÍVAR,13001,CARTAGENA DE INDIAS,13001007,ISLA FUERTE (CARTAGENA DE INDIAS - BOLÍVAR),2024,11,51103.0,23051.0,242440.0,sábado,2024-11-09 21:45:00,861.0
13,BOLÍVAR,13001,CARTAGENA DE INDIAS,13001037,ISLA MUCURA (CARTAGENA DE INDIAS - BOLÍVAR),2024,11,4481.0,1628.0,18820.0,viernes,2024-11-29 23:30:00,986.0
13,BOLÍVAR,13001,CARTAGENA DE INDIAS,13001017,SANTA CRUZ DEL ISLOTE (CARTAGENA DE INDIAS - BOLÍVAR),2024,11,4427.0,1201.0,50110.0,martes,2024-11-05 22:15:00,373.0
18,CAQUETÁ,18150,CARTAGENA DEL CHAIRA,18150001,REMOLINO DEL CAGUAN (CARTAGENA DEL CHAIRA - CAQUETÁ),2024,11,10502.0,4183.0,10650.0,sábado,2024-11-02 19:45:00,431.0
18,CAQUETÁ,18150,CARTAGENA DEL CHAIRA,18150002,SANTA FE DEL CAGUAN (CARTAGENA DEL CHAIRA - CAQUETÁ),2024,11,3332.0,1306.0,40520.0,jueves,2024-11-28 18:30:00,366.0
18,CAQUETÁ,18753,SAN VICENTE DEL CAGUÁN,18753002,GUACAMAYAS (SAN VICENTE DEL CAGUÁN - CAQUETÁ),2024,11,9194.0,3188.0,36940.0,viernes,2024-11-08 19:15:00,1337.0
18,CAQUETÁ,18753,SAN VICENTE DEL CAGUÁN,18753009,PUERTO BETANIA (SAN VICENTE DEL CAGUÁN - CAQUETÁ),2024,11,5952.0,1949.0,41160.0,viernes,2024-11-22 19:00:00,66.0
19,CAUCA,19318,GUAPI,19318013,SAN ANTONIO DE GUAJUI (GUAPI - CAUCA),2024,11,11343.0,6343.0,53430.0,miércoles,2024-11-20 19:15:00,903.0
19,CAUCA,19418,LÓPEZ DE MICAY,19418009,NOANAMITO (LÓPEZ DE MICAY - CAUCA),2024,11,6096.0,2925.0,400.0,viernes,2024-11-01 18:15:00,693.0
19,CAUCA,19809,TIMBIQUÍ,19809014,CHACON (TIMBIQUÍ - CAUCA),2024,11,4732.0,1158.0,23170.0,domingo,2024-11-24 19:15:00,834.0
19,CAUCA,19809,TIMBIQUÍ,19809010,COMUNIDAD DE CHETE (TIMBIQUÍ - CAUCA),2024,11,5732.0,2281.0,31870.0,viernes,2024-11-01 19:15:00,753.0
19,CAUCA,19809,TIMBIQUÍ,19809007,SAN JOSE (TIMBIQUÍ - CAUCA),2024,11,6389.0,4097.0,34370.0,viernes,2024-11-01 19:30:00,773.0
19,CAUCA,19809,TIMBIQUÍ,19809009,SANTA ROSA DE SAIJA (TIMBIQUÍ - CAUCA),2024,11,3336.0,1057.0,21960.0,jueves,2024-11-21 18:45:00,612.0
27,CHOCÓ,27006,ACANDÍ,27006000,ACANDÍ (ACANDÍ - CHOCÓ),2024,11,678331.0,196012.0,139797.0,jueves,2024-11-07 22:15:00,2055.0
27,CHOCÓ,27006,ACANDÍ,27006007,SAN FRANCISCO (ACANDÍ - CHOCÓ),2024,11,0.0,0.0,0.0,viernes,2024-11-01 00:00:00,0.0
27,CHOCÓ,27025,ALTO BAUDO,27025000,CIUDAD BAUDO - PIE DE PATO (ALTO BAUDO - CHOCÓ),2024,11,52063.0,17354.0,139480.0,miércoles,2024-11-06 12:15:00,2368.0
27,CHOCÓ,27075,BAHÍA SOLANO,27075000,CIUDAD MUTIS (BAHÍA SOLANO - CHOCÓ),2024,11,775786.0,237026.0,149116.0,jueves,2024-11-14 14:15:00,2377.0
27,CHOCÓ,27075,BAHÍA SOLANO,27075001,CUPICA (BAHÍA SOLANO - CHOCÓ),2024,11,60636.0,27745.0,135180.0,lunes,2024-11-25 20:00:00,236.0
27,CHOCÓ,27075,BAHÍA SOLANO,27075002,EL VALLE (BAHÍA SOLANO - CHOCÓ),2024,11,0.0,0.0,0.0,viernes,2024-11-01 00:00:00,0.0
27,CHOCÓ,27077,BAJO BAUDÓ,27077002,BELEN DE DOCAMPADO (BAJO BAUDÓ - CHOCÓ),2024,11,8356.0,2902.0,36060.0,sábado,2024-11-02 18:30:00,1052.0
27,CHOCÓ,27077,BAJO BAUDÓ,27077905,BUENAVISTA (BAJO BAUDÓ - CHOCÓ),2024,11,4801.0,1848.0,26110.0,viernes,2024-11-15 18:45:00,1112.0
27,CHOCÓ,27077,BAJO BAUDÓ,27077029,FIRME DE USARGA (BAJO BAUDÓ - CHOCÓ),2024,11,9840.0,4620.0,6190.0,lunes,2024-11-25 18:15:00,722.0
27,CHOCÓ,27077,BAJO BAUDÓ,27077026,GUINEAL (BAJO BAUDÓ - CHOCÓ),2024,11,2838.0,2438.0,37010.0,martes,2024-11-12 18:15:00,595.0
27,CHOCÓ,27077,BAJO BAUDÓ,27077008,ORPUA (BAJO BAUDÓ - CHOCÓ),2024,11,3310.0,1270.0,490.0,martes,2024-11-12 18:30:00,33.0
27,CHOCÓ,27077,BAJO BAUDÓ,27077011,PILIZA - BELLAVISTA - VILLA LUZ (BAJO BAUDÓ - CHOCÓ),2024,11,3742.0,1035.0,2880.0,sábado,2024-11-02 18:45:00,592.0
27,CHOCÓ,27077,BAJO BAUDÓ,27077000,PIZARRO (BAJO BAUDÓ - CHOCÓ),2024,11,166727.0,63184.0,503180.0,viernes,2024-11-29 19:00:00,1557.0
27,CHOCÓ,27077,BAJO BAUDÓ,27077016,SIVIRU (BAJO BAUDÓ - CHOCÓ),2024,11,0.0,0.0,0.0,viernes,2024-11-01 00:00:00,0.0
27,CHOCÓ,27077,BAJO BAUDÓ,27077916,TERRON (BAJO BAUDÓ - CHOCÓ),2024,11,2786.0,1171.0,25010.0,miércoles,2024-11-06 19:00:00,538.0
27,CHOCÓ,27077,BAJO BAUDÓ,27077019,VIRUDO (BAJO BAUDÓ - CHOCÓ),2024,11,3538.0,1781.0,29590.0,viernes,2024-11-22 21:00:00,517.0
27,CHOCÓ,27099,BOJAYÁ,27099005,NAPIPI (BOJAYÁ - CHOCÓ),2024,11,1048.0,3648.0,5760.0,domingo,2024-11-03 19:45:00,748.0
27,CHOCÓ,27099,BOJAYÁ,27099008,PUERTO CONTO (BOJAYÁ - CHOCÓ),2024,11,12288.0,3775.0,6240.0,sábado,2024-11-30 18:30:00,851.0
27,CHOCÓ,27250,EL LITORAL DEL SAN JUAN,27250023,PAPAYO (EL LITORAL DEL SAN JUAN - CHOCÓ),2024,11,2183.0,7920.0,1730.0,sábado,2024-11-16 20:00:00,509.0
27,CHOCÓ,27250,EL LITORAL DEL SAN JUAN,27250000,SANTA GENOVEVA DE DOCORDO (EL LITORAL DEL SAN JUAN - CHOCÓ),2024,11,80972.0,39662.0,22480.0,jueves,2024-11-07 19:00:00,1547.0
27,CHOCÓ,27372,JURADO,27372000,JURADO (JURADO - CHOCÓ),2024,11,169699.0,56012.0,319680.0,lunes,2024-11-25 18:45:00,2398.0
27,CHOCÓ,27425,MEDIO ATRATO,27425000,BETE (MEDIO ATRATO - CHOCÓ),2024,11,16681.0,8107.0,720.0,miércoles,2024-11-06 18:30:00,1152.0
27,CHOCÓ,27425,MEDIO ATRATO,27425008,SAN ROQUE (MEDIO ATRATO - CHOCÓ),2024,11,1316.0,6060.0,1850.0,martes,2024-11-12 20:15:00,32.0
27,CHOCÓ,27495,NUQUÍ,27495001,ARUSI (NUQUÍ - CHOCÓ),2024,11,16947.0,6063.0,5520.0,sábado,2024-11-16 10:45:00,1401.0
27,CHOCÓ,27495,NUQUÍ,27495011,COMUNIDAD DE PUERTO JAGUA (NUQUÍ - CHOCÓ),2024,11,1038.0,4190.0,550.0,sábado,2024-11-02 18:15:00,807.0
27,CHOCÓ,27495,NUQUÍ,27495912,COMUNIDAD INDÍGENA DE PANGUI - EL YUCAL (NUQUÍ - CHOCÓ),2024,11,6459.0,1741.0,11620.0,sábado,2024-11-09 11:30:00,2118.0
27,CHOCÓ,27495,NUQUÍ,27495000,NUQUÍ (NUQUÍ - CHOCÓ),2024,11,267348.0,89599.0,566720.0,viernes,2024-11-15 19:00:00,2299.0
27,CHOCÓ,27001,QUIBDÓ,27001029,TAGACHI (QUIBDÓ - CHOCÓ),2024,11,5261.0,182.0,48430.0,domingo,2024-11-17 19:15:00,606.0
27,CHOCÓ,27800,UNGUÍA,27800001,BALBOA (UNGUÍA - CHOCÓ),2024,11,2479.0,12781.0,94360.0,sábado,2024-11-30 18:45:00,1177.0
27,CHOCÓ,27800,UNGUÍA,27800005,TITUMATE (UNGUÍA - CHOCÓ),2024,11,13738.0,3434.0,63360.0,martes,2024-11-05 20:45:00,952.0
27,CHOCÓ,27800,UNGUÍA,27800000,UNGUÍA (UNGUÍA - CHOCÓ),2024,11,449777.0,141181.0,948290.0,miércoles,2024-11-06 18:30:00,2238.0
94,GUAINÍA,94001,INÍRIDA,94001905,CHORRO BOCON (INÍRIDA - GUAINÍA),2024,11,5598.0,5500.0,18820.0,domingo,2024-11-17 17:45:00,1652.0
94,GUAINÍA,94001,INÍRIDA,94001000,INÍRIDA (INÍRIDA - GUAINÍA),2024,11,7576.0,625264.0,463232.0,jueves,2024-11-07 14:30:00,24.0
95,GUAVIARE,95200,MIRAFLORES,95200000,MIRAFLORES (MIRAFLORES - GUAVIARE),2024,11,130789.0,21127.0,298080.0,jueves,2024-11-07 18:00:00,24.0
47,MAGDALENA,47189,CIÉNAGA,47189018,PALMOR (CIÉNAGA - MAGDALENA),2024,11,108779.0,49619.0,222980.0,sábado,2024-11-30 18:00:00,2171.0
50,META,50325,MAPIRIPAN,50325000,MAPIRIPAN (MAPIRIPAN - META),2024,11,193935.0,62878.0,399520.0,jueves,2024-11-07 18:15:00,24.0
52,NARIÑO,52250,EL CHARCO,52250022,EL CUIL PUEBLO NUEVO (EL CHARCO - NARIÑO),2024,11,3806.0,1855.0,31020.0,miércoles,2024-11-06 18:45:00,493.0
52,NARIÑO,52250,EL CHARCO,52250007,SAN JOSE DEL TAPAJE (EL CHARCO - NARIÑO),2024,11,14146.0,3156.0,880.0,viernes,2024-11-01 18:45:00,829.0
52,NARIÑO,52390,LA TOLA,52390005,AGUACATAL (LA TOLA - NARIÑO),2024,11,1897.0,3900.0,1190.0,jueves,2024-11-21 18:45:00,722.0
52,NARIÑO,52390,LA TOLA,52390013,AMARALES (LA TOLA - NARIÑO),2024,11,646.0,2916.0,57090.0,viernes,2024-11-08 19:45:00,555.0
52,NARIÑO,52390,LA TOLA,52390003,LA VIGIA DE LA MAR (LA TOLA - NARIÑO),2024,11,6047.0,2969.0,29480.0,lunes,2024-11-18 11:30:00,1028.0
52,NARIÑO,52390,LA TOLA,52390009,MULATOS (LA TOLA - NARIÑO),2024,11,2868.0,2153.0,23680.0,viernes,2024-11-15 17:00:00,603.0
52,NARIÑO,52390,LA TOLA,52390016,SAN PABLO DEL MAR (LA TOLA - NARIÑO),2024,11,419.0,1341.0,2720.0,martes,2024-11-19 19:15:00,717.0
52,NARIÑO,52473,MOSQUERA,52473010,EL BAJITO DE ECHANDIA (MOSQUERA - NARIÑO),2024,11,2966.0,1065.0,14690.0,viernes,2024-11-15 11:00:00,993.0
52,NARIÑO,52835,SAN ANDRÉS DE TUMACO,52835055,BOCAS DE CURAY (SAN ANDRÉS DE TUMACO - NARIÑO),2024,11,6984.0,2555.0,480.0,lunes,2024-11-04 18:45:00,617.0
52,NARIÑO,52835,SAN ANDRÉS DE TUMACO,52835217,SAN JUAN DE LA COSTA (SAN ANDRÉS DE TUMACO - NARIÑO),2024,11,24517.0,939.0,1120.0,jueves,2024-11-14 18:30:00,1054.0
52,NARIÑO,52696,SANTA BÁRBARA,52696014,LA ENSENADA (SANTA BÁRBARA - NARIÑO),2024,11,3041.0,1244.0,19170.0,miércoles,2024-11-06 18:30:00,651.0
86,PUTUMAYO,86573,PUERTO LEGUIZAMO,86573009,PIÑUÑA NEGRO (PUERTO LEGUIZAMO - PUTUMAYO),2024,11,3005.0,1887.0,2560.0,sábado,2024-11-09 18:30:00,57.0
86,PUTUMAYO,86573,PUERTO LEGUIZAMO,86573000,PUERTO LEGUIZAMO (PUERTO LEGUIZAMO - PUTUMAYO),2024,11,870952.0,262911.0,194735.0,jueves,2024-11-07 18:15:00,2398.0
76,VALLE DEL CAUCA,76109,BUENAVENTURA,76109957,HUMANES MAR (BUENAVENTURA - VALLE DEL CAUCA),2024,11,6866.0,1267.0,44960.0,domingo,2024-11-24 10:45:00,799.0
76,VALLE DEL CAUCA,76109,BUENAVENTURA,76109069,PAPAYAL 1 (BUENAVENTURA - VALLE DEL CAUCA),2024,11,8234.0,1476.0,48280.0,miércoles,2024-11-06 12:15:00,959.0
76,VALLE DEL CAUCA,76109,BUENAVENTURA,76109028,PUERTO MERIZALDE (BUENAVENTURA - VALLE DEL CAUCA),2024,11,103366.0,33185.0,213140.0,viernes,2024-11-15 20:15:00,2369.0
76,VALLE DEL CAUCA,76109,BUENAVENTURA,76109081,PUNTA BONITA (BUENAVENTURA - VALLE DEL CAUCA),2024,11,5335.0,4517.0,24850.0,domingo,2024-11-17 19:15:00,909.0
76,VALLE DEL CAUCA,76109,BUENAVENTURA,76109032,SAN FRANCISCO NAYA (BUENAVENTURA - VALLE DEL CAUCA),2024,11,8681.0,355.0,32540.0,sábado,2024-11-02 11:00:00,119.0
76,VALLE DEL CAUCA,76109,BUENAVENTURA,76109034,SAN ISIDRO - CALIMA (BUENAVENTURA - VALLE DEL CAUCA),2024,11,5424.0,1173.0,24550.0,jueves,2024-11-07 18:15:00,892.0
97,VAUPÉS,97161,CARURÚ,97161000,CARURÚ (CARURÚ - VAUPÉS),2024,11,38425.0,7362.0,10270.0,sábado,2024-11-30 19:30:00,1732.0
97,VAUPÉS,97001,MITÚ,97001000,MITÚ (MITÚ - VAUPÉS),2024,11,7576.0,39257.0,339303.0,miércoles,2024-11-06 12:00:00,2382.0
97,VAUPÉS,97666,TARAIRA,97666000,TARAIRA (TARAIRA - VAUPÉS),2024,11,43619.0,11786.0,141770.0,viernes,2024-11-01 19:00:00,141.0
99,VICHADA,99001,PUERTO CARREÑO,99001000,PUERTO CARREÑO (PUERTO CARREÑO - VICHADA),2024,11,7576.0,71453.0,544368.0,jueves,2024-11-07 13:15:00,2398.0
91,AMAZONAS,91001,LETICIA,91001000,LETICIA (LETICIA - AMAZONAS),2024,11,7576.0,4650.0,861086.0,viernes,2024-11-01 14:30:00,24.0
91,AMAZONAS,91540,PUERTO NARIÑO,91540000,PUERTO NARIÑO (PUERTO NARIÑO - AMAZONAS),2024,12,13056.0,43031.0,27040.0,lunes,2024-12-02 18:45:00,2387.0
5,ANTIOQUIA,5873,VIGÍA DEL FUERTE,5873010,LA PLAYA MURRI  (VIGÍA DEL FUERTE - ANTIOQUIA),2024,12,6644.0,2789.0,26120.0,martes,2024-12-31 21:00:00,1365.0
5,ANTIOQUIA,5873,VIGÍA DEL FUERTE,5873013,LOMA MURRI (VIGÍA DEL FUERTE - ANTIOQUIA),2024,12,8494.0,3657.0,25360.0,miércoles,2024-12-25 15:15:00,1423.0
88,ARCHIPIÉLAGO DE SAN ANDRÉS y PROVIDENCIA,88564,PROVIDENCIA,88564000,PROVIDENCIA (PROVIDENCIA - ARCHIPIÉLAGO DE SAN ANDRÉS y PROVIDENCIA ),2024,12,7576.0,227963.0,183543.0,miércoles,2024-12-11 22:15:00,24.0
88,ARCHIPIÉLAGO DE SAN ANDRÉS y PROVIDENCIA,88001,SAN ANDRÉS,88001000,SAN ANDRÉS (SAN ANDRÉS - ARCHIPIÉLAGO DE SAN ANDRÉS y PROVIDENCIA ),2024,12,7576.0,4650.0,3109113.0,miércoles,2024-12-11 15:45:00,2399.0
13,BOLÍVAR,13001,CARTAGENA DE INDIAS,13001007,ISLA FUERTE (CARTAGENA DE INDIAS - BOLÍVAR),2024,12,33251.0,1466.0,254330.0,sábado,2024-12-28 22:00:00,507.0
13,BOLÍVAR,13001,CARTAGENA DE INDIAS,13001037,ISLA MUCURA (CARTAGENA DE INDIAS - BOLÍVAR),2024,12,669.0,2262.0,22180.0,lunes,2024-12-30 23:00:00,1205.0
18,CAQUETÁ,18150,CARTAGENA DEL CHAIRA,18150002,SANTA FE DEL CAGUAN (CARTAGENA DEL CHAIRA - CAQUETÁ),2024,12,366.0,1435.0,39520.0,jueves,2024-12-05 18:45:00,392.0
18,CAQUETÁ,18753,SAN VICENTE DEL CAGUÁN,18753002,GUACAMAYAS (SAN VICENTE DEL CAGUÁN - CAQUETÁ),2024,12,12708.0,4715.0,39790.0,martes,2024-12-31 18:45:00,1802.0
18,CAQUETÁ,18753,SAN VICENTE DEL CAGUÁN,18753009,PUERTO BETANIA (SAN VICENTE DEL CAGUÁN - CAQUETÁ),2024,12,6819.0,2338.0,45280.0,martes,2024-12-31 20:00:00,712.0
19,CAUCA,19318,GUAPI,19318013,SAN ANTONIO DE GUAJUI (GUAPI - CAUCA),2024,12,11803.0,6563.0,57250.0,lunes,2024-12-02 19:15:00,89.0
19,CAUCA,19418,LÓPEZ DE MICAY,19418009,NOANAMITO (LÓPEZ DE MICAY - CAUCA),2024,12,6763.0,3257.0,400.0,domingo,2024-12-01 19:15:00,755.0
19,CAUCA,19809,TIMBIQUÍ,19809014,CHACON (TIMBIQUÍ - CAUCA),2024,12,3271.0,3680.0,21680.0,viernes,2024-12-06 17:00:00,735.0
19,CAUCA,19809,TIMBIQUÍ,19809010,COMUNIDAD DE CHETE (TIMBIQUÍ - CAUCA),2024,12,527.0,21.0,31490.0,jueves,2024-12-12 19:00:00,69.0
19,CAUCA,19809,TIMBIQUÍ,19809007,SAN JOSE (TIMBIQUÍ - CAUCA),2024,12,7197.0,4144.0,35570.0,martes,2024-12-10 18:15:00,805.0
19,CAUCA,19809,TIMBIQUÍ,19809009,SANTA ROSA DE SAIJA (TIMBIQUÍ - CAUCA),2024,12,3581.0,1206.0,2040.0,lunes,2024-12-02 19:45:00,743.0
27,CHOCÓ,27006,ACANDÍ,27006000,ACANDÍ (ACANDÍ - CHOCÓ),2024,12,714301.0,201068.0,141838.0,jueves,2024-12-05 22:00:00,2016.0
27,CHOCÓ,27006,ACANDÍ,27006007,SAN FRANCISCO (ACANDÍ - CHOCÓ),2024,12,17978.0,4926.0,134530.0,martes,2024-12-31 19:15:00,611.0
27,CHOCÓ,27025,ALTO BAUDO,27025000,CIUDAD BAUDO - PIE DE PATO (ALTO BAUDO - CHOCÓ),2024,12,52657.0,18317.0,118980.0,jueves,2024-12-12 12:00:00,2393.0
27,CHOCÓ,27075,BAHÍA SOLANO,27075001,CUPICA (BAHÍA SOLANO - CHOCÓ),2024,12,67518.0,25672.0,133850.0,viernes,2024-12-06 19:45:00,2375.0
27,CHOCÓ,27077,BAJO BAUDÓ,27077002,BELEN DE DOCAMPADO (BAJO BAUDÓ - CHOCÓ),2024,12,8896.0,3034.0,38550.0,viernes,2024-12-27 10:45:00,107.0
27,CHOCÓ,27077,BAJO BAUDÓ,27077905,BUENAVISTA (BAJO BAUDÓ - CHOCÓ),2024,12,4937.0,1837.0,18780.0,sábado,2024-12-28 19:15:00,1169.0
27,CHOCÓ,27077,BAJO BAUDÓ,27077029,FIRME DE USARGA (BAJO BAUDÓ - CHOCÓ),2024,12,1377.0,6580.0,6240.0,jueves,2024-12-05 11:00:00,979.0
27,CHOCÓ,27077,BAJO BAUDÓ,27077026,GUINEAL (BAJO BAUDÓ - CHOCÓ),2024,12,3428.0,3052.0,29720.0,jueves,2024-12-19 19:00:00,72.0
27,CHOCÓ,27077,BAJO BAUDÓ,27077008,ORPUA (BAJO BAUDÓ - CHOCÓ),2024,12,3480.0,2460.0,4490.0,jueves,2024-12-05 19:00:00,366.0
27,CHOCÓ,27077,BAJO BAUDÓ,27077011,PILIZA - BELLAVISTA - VILLA LUZ (BAJO BAUDÓ - CHOCÓ),2024,12,5138.0,1438.0,320.0,viernes,2024-12-06 18:45:00,744.0
27,CHOCÓ,27077,BAJO BAUDÓ,27077000,PIZARRO (BAJO BAUDÓ - CHOCÓ),2024,12,206787.0,7873.0,493150.0,viernes,2024-12-06 19:30:00,2027.0
27,CHOCÓ,27077,BAJO BAUDÓ,27077016,SIVIRU (BAJO BAUDÓ - CHOCÓ),2024,12,3083.0,1251.0,41570.0,martes,2024-12-17 18:30:00,331.0
27,CHOCÓ,27099,BOJAYÁ,27099005,NAPIPI (BOJAYÁ - CHOCÓ),2024,12,10485.0,3675.0,640.0,martes,2024-12-24 19:45:00,704.0
27,CHOCÓ,27250,EL LITORAL DEL SAN JUAN,27250023,PAPAYO (EL LITORAL DEL SAN JUAN - CHOCÓ),2024,12,3939.0,1446.0,170.0,martes,2024-12-31 15:45:00,939.0
27,CHOCÓ,27250,EL LITORAL DEL SAN JUAN,27250000,SANTA GENOVEVA DE DOCORDO (EL LITORAL DEL SAN JUAN - CHOCÓ),2024,12,8677.0,42841.0,239180.0,martes,2024-12-31 19:30:00,159.0
27,CHOCÓ,27361,ISTMINA,27361021,PANAMACITO (ISTMINA - CHOCÓ),2024,12,2454.0,3600.0,12710.0,martes,2024-12-17 20:15:00,776.0
27,CHOCÓ,27372,JURADO,27372000,JURADO (JURADO - CHOCÓ),2024,12,188473.0,60323.0,33280.0,miércoles,2024-12-18 18:30:00,239.0
27,CHOCÓ,27425,MEDIO ATRATO,27425000,BETE (MEDIO ATRATO - CHOCÓ),2024,12,15141.0,6933.0,840.0,sábado,2024-12-28 18:30:00,923.0
27,CHOCÓ,27425,MEDIO ATRATO,27425008,SAN ROQUE (MEDIO ATRATO - CHOCÓ),2024,12,9910.0,4660.0,2170.0,lunes,2024-12-30 20:00:00,215.0
27,CHOCÓ,27495,NUQUÍ,27495001,ARUSI (NUQUÍ - CHOCÓ),2024,12,18354.0,6973.0,600.0,sábado,2024-12-28 19:00:00,152.0
27,CHOCÓ,27495,NUQUÍ,27495011,COMUNIDAD DE PUERTO JAGUA (NUQUÍ - CHOCÓ),2024,12,1115.0,3620.0,5810.0,miércoles,2024-12-04 18:00:00,806.0
27,CHOCÓ,27495,NUQUÍ,27495912,COMUNIDAD INDÍGENA DE PANGUI - EL YUCAL (NUQUÍ - CHOCÓ),2024,12,828.0,2215.0,14260.0,domingo,2024-12-22 07:00:00,2336.0
27,CHOCÓ,27495,NUQUÍ,27495000,NUQUÍ (NUQUÍ - CHOCÓ),2024,12,303549.0,98869.0,534340.0,sábado,2024-12-28 18:45:00,24.0
27,CHOCÓ,27001,QUIBDÓ,27001029,TAGACHI (QUIBDÓ - CHOCÓ),2024,12,539.0,195.0,42020.0,martes,2024-12-31 19:30:00,608.0
27,CHOCÓ,27800,UNGUÍA,27800001,BALBOA (UNGUÍA - CHOCÓ),2024,12,28726.0,14096.0,97770.0,martes,2024-12-24 18:45:00,1256.0
27,CHOCÓ,27800,UNGUÍA,27800005,TITUMATE (UNGUÍA - CHOCÓ),2024,12,14723.0,3534.0,65210.0,lunes,2024-12-30 20:15:00,947.0
27,CHOCÓ,27800,UNGUÍA,27800000,UNGUÍA (UNGUÍA - CHOCÓ),2024,12,487918.0,152095.0,932450.0,miércoles,2024-12-18 19:00:00,2246.0
94,GUAINÍA,94001,INÍRIDA,94001905,CHORRO BOCON (INÍRIDA - GUAINÍA),2024,12,5249.0,4050.0,17830.0,martes,2024-12-31 18:15:00,173.0
94,GUAINÍA,94001,INÍRIDA,94001000,INÍRIDA (INÍRIDA - GUAINÍA),2024,12,7576.0,611281.0,6138.0,lunes,2024-12-16 17:15:00,2395.0
95,GUAVIARE,95200,MIRAFLORES,95200000,MIRAFLORES (MIRAFLORES - GUAVIARE),2024,12,12595.0,20195.0,24950.0,martes,2024-12-03 18:00:00,24.0
47,MAGDALENA,47189,CIÉNAGA,47189018,PALMOR (CIÉNAGA - MAGDALENA),2024,12,124881.0,55098.0,221120.0,domingo,2024-12-22 11:45:00,2373.0
50,META,50325,MAPIRIPAN,50325000,MAPIRIPAN (MAPIRIPAN - META),2024,12,203251.0,66779.0,388080.0,miércoles,2024-12-04 18:15:00,24.0
52,NARIÑO,52250,EL CHARCO,52250022,EL CUIL PUEBLO NUEVO (EL CHARCO - NARIÑO),2024,12,566.0,2596.0,34050.0,domingo,2024-12-29 18:30:00,719.0
52,NARIÑO,52250,EL CHARCO,52250005,LAS MERCEDES (EL CHARCO - NARIÑO),2024,12,8570.0,1466.0,10110.0,martes,2024-12-31 20:30:00,387.0
52,NARIÑO,52250,EL CHARCO,52250007,SAN JOSE DEL TAPAJE (EL CHARCO - NARIÑO),2024,12,7048.0,2428.0,560.0,domingo,2024-12-01 18:00:00,774.0
52,NARIÑO,52390,LA TOLA,52390005,AGUACATAL (LA TOLA - NARIÑO),2024,12,2685.0,5790.0,11360.0,jueves,2024-12-12 13:15:00,1049.0
52,NARIÑO,52390,LA TOLA,52390013,AMARALES (LA TOLA - NARIÑO),2024,12,9989.0,4479.0,54820.0,martes,2024-12-24 19:30:00,878.0
52,NARIÑO,52390,LA TOLA,52390003,LA VIGIA DE LA MAR (LA TOLA - NARIÑO),2024,12,5949.0,2682.0,3020.0,lunes,2024-12-16 11:45:00,961.0
52,NARIÑO,52390,LA TOLA,52390009,MULATOS (LA TOLA - NARIÑO),2024,12,1908.0,6960.0,19870.0,martes,2024-12-31 21:00:00,438.0
52,NARIÑO,52390,LA TOLA,52390016,SAN PABLO DEL MAR (LA TOLA - NARIÑO),2024,12,6249.0,2103.0,24510.0,sábado,2024-12-28 13:30:00,1073.0
52,NARIÑO,52473,MOSQUERA,52473010,EL BAJITO DE ECHANDIA (MOSQUERA - NARIÑO),2024,12,3344.0,1245.0,18480.0,lunes,2024-12-09 18:45:00,106.0
52,NARIÑO,52835,SAN ANDRÉS DE TUMACO,52835055,BOCAS DE CURAY (SAN ANDRÉS DE TUMACO - NARIÑO),2024,12,11126.0,3182.0,600.0,viernes,2024-12-20 18:00:00,749.0
52,NARIÑO,52835,SAN ANDRÉS DE TUMACO,52835217,SAN JUAN DE LA COSTA (SAN ANDRÉS DE TUMACO - NARIÑO),2024,12,27804.0,10662.0,1120.0,sábado,2024-12-21 18:45:00,1174.0
52,NARIÑO,52696,SANTA BÁRBARA,52696014,LA ENSENADA (SANTA BÁRBARA - NARIÑO),2024,12,331.0,1474.0,20320.0,jueves,2024-12-19 20:15:00,702.0
86,PUTUMAYO,86573,PUERTO LEGUIZAMO,86573009,PIÑUÑA NEGRO (PUERTO LEGUIZAMO - PUTUMAYO),2024,12,311.0,2038.0,2560.0,sábado,2024-12-07 19:00:00,568.0
86,PUTUMAYO,86573,PUERTO LEGUIZAMO,86573000,PUERTO LEGUIZAMO (PUERTO LEGUIZAMO - PUTUMAYO),2024,12,95847.0,270068.0,190177.0,martes,2024-12-03 14:30:00,2344.0
76,VALLE DEL CAUCA,76109,BUENAVENTURA,76109957,HUMANES MAR (BUENAVENTURA - VALLE DEL CAUCA),2024,12,3839.0,5000.0,38770.0,domingo,2024-12-01 08:45:00,1009.0
76,VALLE DEL CAUCA,76109,BUENAVENTURA,76109028,PUERTO MERIZALDE (BUENAVENTURA - VALLE DEL CAUCA),2024,12,99721.0,31275.0,202220.0,jueves,2024-12-12 19:30:00,2139.0
76,VALLE DEL CAUCA,76109,BUENAVENTURA,76109081,PUNTA BONITA (BUENAVENTURA - VALLE DEL CAUCA),2024,12,4836.0,2916.0,24110.0,jueves,2024-12-12 17:30:00,775.0
76,VALLE DEL CAUCA,76109,BUENAVENTURA,76109032,SAN FRANCISCO NAYA (BUENAVENTURA - VALLE DEL CAUCA),2024,12,8964.0,364.0,32420.0,lunes,2024-12-02 12:00:00,1183.0
76,VALLE DEL CAUCA,76109,BUENAVENTURA,76109034,SAN ISIDRO - CALIMA (BUENAVENTURA - VALLE DEL CAUCA),2024,12,3811.0,8760.0,22550.0,miércoles,2024-12-04 19:00:00,81.0
97,VAUPÉS,97161,CARURÚ,97161000,CARURÚ (CARURÚ - VAUPÉS),2024,12,3889.0,7075.0,97860.0,martes,2024-12-03 19:00:00,1728.0
97,VAUPÉS,97001,MITÚ,97001000,MITÚ (MITÚ - VAUPÉS),2024,12,7576.0,390283.0,33929.0,jueves,2024-12-05 11:45:00,2396.0
97,VAUPÉS,97666,TARAIRA,97666000,TARAIRA (TARAIRA - VAUPÉS),2024,12,42504.0,11497.0,122580.0,sábado,2024-12-07 12:45:00,1445.0
99,VICHADA,99001,PUERTO CARREÑO,99001000,PUERTO CARREÑO (PUERTO CARREÑO - VICHADA),2024,12,7576.0,784232.0,525008.0,miércoles,2024-12-11 14:15:00,24.0
91,AMAZONAS,91001,LETICIA,91001000,LETICIA (LETICIA - AMAZONAS),2024,12,7576.0,4650.0,828571.0,lunes,2024-12-02 15:30:00,24.0
5,ANTIOQUIA,5873,VIGÍA DEL FUERTE,5873001,SAN ANTONIO DE PADUA(VIGÍA DEL FUERTE - ANTIOQUIA),2025,1,6481.0,0.0,44640.0,jueves,2025-01-23 19:45:00,82661.0
5,ANTIOQUIA,5873,VIGÍA DEL FUERTE,5873005,SAN MIGUEL(VIGÍA DEL FUERTE - ANTIOQUIA),2025,1,3887.0,1762.0,18440.0,miércoles,2025-01-29 18:45:00,84435.0
5,ANTIOQUIA,5873,VIGÍA DEL FUERTE,5873010,LA PLAYA MURRI (VIGÍA DEL FUERTE - ANTIOQUIA),2025,1,3806.0,1427.0,25430.0,martes,2025-01-21 19:15:00,7621.0
5,ANTIOQUIA,5873,VIGÍA DEL FUERTE,5873013,LOMA MURRI(VIGÍA DEL FUERTE - ANTIOQUIA),2025,1,585.0,236.0,30770.0,jueves,2025-01-16 18:45:00,89758.0
5,ANTIOQUIA,5873,VIGÍA DEL FUERTE,5873910,PUERTO MEDELLÍN(VIGÍA DEL FUERTE - ANTIOQUIA),2025,1,2357.0,8060.0,10880.0,martes,2025-01-14 19:45:00,104677.0
5,ANTIOQUIA,5873,VIGÍA DEL FUERTE,5873913,JARAPETO (RESGUARDO INDÍGENA)(VIGÍA DEL FUERTE - ANTIOQUIA),2025,1,3840.0,2010.0,3590.0,miércoles,2025-01-01 17:45:00,45403.0
13,BOLÍVAR,13001,CARTAGENA DE INDIAS,13001007,ISLA FUERTE(CARTAGENA DE INDIAS - BOLÍVAR),2025,1,37563.0,15681.0,269380.0,miércoles,2025-01-01 23:15:00,56694.0
13,BOLÍVAR,13001,CARTAGENA DE INDIAS,13001017,SANTA CRUZ DEL ISLOTE(CARTAGENA DE INDIAS - BOLÍVAR),2025,1,9938.0,2881.0,50530.0,miércoles,2025-01-08 21:30:00,79516.0
13,BOLÍVAR,13001,CARTAGENA DE INDIAS,13001037,ISLA MUCURA(CARTAGENA DE INDIAS - BOLÍVAR),2025,1,6678.0,2194.0,2390.0,domingo,2025-01-05 22:45:00,115161.0
18,CAQUETÁ,18150,CARTAGENA DEL CHAIRA,18150001,REMOLINO DEL CAGUAN(CARTAGENA DEL CHAIRA - CAQUETÁ),2025,1,77.0,2992.0,102340.0,sábado,2025-01-11 19:15:00,3.0
18,CAQUETÁ,18150,CARTAGENA DEL CHAIRA,18150002,SANTA FE DEL CAGUAN(CARTAGENA DEL CHAIRA - CAQUETÁ),2025,1,3184.0,1295.0,36920.0,jueves,2025-01-23 19:15:00,3621.0
18,CAQUETÁ,18753,SAN VICENTE DEL CAGUÁN,18753002,GUACAMAYAS(SAN VICENTE DEL CAGUÁN - CAQUETÁ),2025,1,38.0,1485.0,3550.0,miércoles,2025-01-01 18:45:00,53468.0
18,CAQUETÁ,18753,SAN VICENTE DEL CAGUÁN,18753009,PUERTO BETANIA(SAN VICENTE DEL CAGUÁN - CAQUETÁ),2025,1,5374.0,184.0,41040.0,jueves,2025-01-16 19:30:00,56855.0
18,CAQUETÁ,18753,SAN VICENTE DEL CAGUÁN,18753012,SANTA ROSA(SAN VICENTE DEL CAGUÁN - CAQUETÁ),2025,1,2793.0,1245.0,16660.0,jueves,2025-01-16 18:45:00,72097.0
18,CAQUETÁ,18753,SAN VICENTE DEL CAGUÁN,18753033,VILLA LOBOS(SAN VICENTE DEL CAGUÁN - CAQUETÁ),2025,1,6483.0,227.0,53010.0,jueves,2025-01-30 18:30:00,49274.0
19,CAUCA,19318,GUAPI,19318008,LIMONES(GUAPI - CAUCA),2025,1,9085.0,4642.0,42180.0,domingo,2025-01-05 22:00:00,93548.0
19,CAUCA,19318,GUAPI,19318013,SAN ANTONIO DE GUAJUI(GUAPI - CAUCA),2025,1,10877.0,6113.0,5210.0,martes,2025-01-07 19:00:00,81935.0
19,CAUCA,19418,LÓPEZ DE MICAY,19418009,NOANAMITO(LÓPEZ DE MICAY - CAUCA),2025,1,7252.0,3481.0,360.0,miércoles,2025-01-01 19:00:00,83548.0
19,CAUCA,19418,LÓPEZ DE MICAY,19418033,BOCA GRANDE(LÓPEZ DE MICAY - CAUCA),2025,1,4499.0,1413.0,36040.0,lunes,2025-01-27 19:00:00,48952.0
19,CAUCA,19809,TIMBIQUÍ,19809003,COTEJE(TIMBIQUÍ - CAUCA),2025,1,4993.0,3922.0,28960.0,miércoles,2025-01-22 20:00:00,70081.0
19,CAUCA,19809,TIMBIQUÍ,19809007,SAN JOSE(TIMBIQUÍ - CAUCA),2025,1,6291.0,3392.0,37130.0,martes,2025-01-28 19:30:00,67903.0
19,CAUCA,19809,TIMBIQUÍ,19809009,SANTA ROSA DE SAIJA(TIMBIQUÍ - CAUCA),2025,1,2711.0,9420.0,19560.0,lunes,2025-01-27 19:30:00,57258.0
19,CAUCA,19809,TIMBIQUÍ,19809010,COMUNIDAD DE CHETE(TIMBIQUÍ - CAUCA),2025,1,3946.0,1593.0,3050.0,domingo,2025-01-26 20:00:00,52097.0
19,CAUCA,19809,TIMBIQUÍ,19809014,CHACON(TIMBIQUÍ - CAUCA),2025,1,3117.0,3040.0,20340.0,sábado,2025-01-11 19:30:00,69516.0
27,CHOCÓ,27001,QUIBDÓ,27001029,TAGACHI(QUIBDÓ - CHOCÓ),2025,1,5264.0,187.0,46080.0,jueves,2025-01-30 20:15:00,53871.0
27,CHOCÓ,27006,ACANDÍ,27006000,ACANDÍ(ACANDÍ - CHOCÓ),2025,1,676419.0,192359.0,143387.0,jueves,2025-01-30 21:30:00,200161.0
27,CHOCÓ,27006,ACANDÍ,27006007,SAN FRANCISCO(ACANDÍ - CHOCÓ),2025,1,27157.0,742.0,167870.0,sábado,2025-01-04 18:45:00,89597.0
27,CHOCÓ,27025,ALTO BAUDO,27025000,CIUDAD BAUDO - PIE DE PATO(ALTO BAUDO - CHOCÓ),2025,1,51496.0,18174.0,122230.0,sábado,2025-01-18 11:45:00,236452.0
27,CHOCÓ,27025,ALTO BAUDO,27025033,MIACORA(ALTO BAUDO - CHOCÓ),2025,1,0.0,0.0,34965.0,nan,2025-04-05 11:15:00,0.0
27,CHOCÓ,27025,ALTO BAUDO,27025035,PUERTO ALEGRE(ALTO BAUDO - CHOCÓ),2025,1,0.0,0.0,34965.0,nan,2025-02-11 14:45:00,0.0
27,CHOCÓ,27025,ALTO BAUDO,27025920,EL MORRO(ALTO BAUDO - CHOCÓ),2025,1,5750.0,1650.0,4590.0,miércoles,2025-01-15 17:30:00,65806.0
27,CHOCÓ,27025,ALTO BAUDO,27025937,VILLA CECILIA(ALTO BAUDO - CHOCÓ),2025,1,2870.0,970.0,330.0,domingo,2025-01-26 18:45:00,20081.0
27,CHOCÓ,27075,BAHÍA SOLANO,27075000,CIUDAD MUTIS(BAHÍA SOLANO - CHOCÓ),2025,1,821664.0,209935.0,162184.0,miércoles,2025-01-08 19:30:00,229919.0
27,CHOCÓ,27075,BAHÍA SOLANO,27075001,CUPICA(BAHÍA SOLANO - CHOCÓ),2025,1,58482.0,16265.0,122210.0,viernes,2025-01-10 19:45:00,238952.0
27,CHOCÓ,27077,BAJO BAUDÓ,27077000,PIZARRO(BAJO BAUDÓ - CHOCÓ),2025,1,218298.0,773.0,460420.0,miércoles,2025-01-15 19:15:00,214597.0
27,CHOCÓ,27077,BAJO BAUDÓ,27077002,BELEN DE DOCAMPADO(BAJO BAUDÓ - CHOCÓ),2025,1,8794.0,2914.0,37360.0,martes,2025-01-28 19:15:00,104839.0
27,CHOCÓ,27077,BAJO BAUDÓ,27077008,ORPUA(BAJO BAUDÓ - CHOCÓ),2025,1,3480.0,2650.0,510.0,martes,2025-01-07 18:30:00,41048.0
27,CHOCÓ,27077,BAJO BAUDÓ,27077011,PILIZA - BELLAVISTA - VILLA LUZ(BAJO BAUDÓ - CHOCÓ),2025,1,301.0,7640.0,2880.0,sábado,2025-01-04 12:45:00,48065.0
27,CHOCÓ,27077,BAJO BAUDÓ,27077016,SIVIRU(BAJO BAUDÓ - CHOCÓ),2025,1,45.0,1787.0,4340.0,martes,2025-01-21 19:00:00,51774.0
27,CHOCÓ,27077,BAJO BAUDÓ,27077019,VIRUDO(BAJO BAUDÓ - CHOCÓ),2025,1,0.0,0.0,34965.0,nan,2025-03-03 11:00:00,0.0
27,CHOCÓ,27077,BAJO BAUDÓ,27077026,GUINEAL(BAJO BAUDÓ - CHOCÓ),2025,1,4183.0,401.0,2160.0,sábado,2025-01-25 11:00:00,100887.0
27,CHOCÓ,27077,BAJO BAUDÓ,27077029,FIRME DE USARGA(BAJO BAUDÓ - CHOCÓ),2025,1,1056.0,4960.0,6490.0,martes,2025-01-07 18:30:00,73306.0
27,CHOCÓ,27077,BAJO BAUDÓ,27077905,BUENAVISTA(BAJO BAUDÓ - CHOCÓ),2025,1,2283.0,8110.0,19520.0,jueves,2025-01-23 18:45:00,51613.0
27,CHOCÓ,27077,BAJO BAUDÓ,27077916,TERRON(BAJO BAUDÓ - CHOCÓ),2025,1,1926.0,8490.0,24580.0,sábado,2025-01-25 12:00:00,39839.0
27,CHOCÓ,27099,BOJAYÁ,27099005,NAPIPI(BOJAYÁ - CHOCÓ),2025,1,9758.0,3276.0,640.0,sábado,2025-01-11 19:15:00,625.0
27,CHOCÓ,27099,BOJAYÁ,27099012,POGUE(BOJAYÁ - CHOCÓ),2025,1,0.0,0.0,34965.0,nan,2025-05-29 13:00:00,0.0
27,CHOCÓ,27099,BOJAYÁ,27099030,PIEDRA CANDELA(BOJAYÁ - CHOCÓ),2025,1,804.0,3602.0,38780.0,viernes,2025-01-31 19:45:00,96935.0
27,CHOCÓ,27250,EL LITORAL DEL SAN JUAN,27250000,SANTA GENOVEVA DE DOCORDO(EL LITORAL DEL SAN JUAN - CHOCÓ),2025,1,83135.0,40325.0,237070.0,miércoles,2025-01-22 18:45:00,150887.0
27,CHOCÓ,27250,EL LITORAL DEL SAN JUAN,27250023,PAPAYO(EL LITORAL DEL SAN JUAN - CHOCÓ),2025,1,3505.0,1268.0,16850.0,lunes,2025-01-20 16:30:00,79435.0
27,CHOCÓ,27361,ISTMINA,27361023,POTEDÓ(ISTMINA - CHOCÓ),2025,1,0.0,0.0,34965.0,nan,2025-06-17 05:30:00,0.0
27,CHOCÓ,27361,ISTMINA,27361048,UNION CHOCO(ISTMINA - CHOCÓ),2025,1,6750.0,2650.0,880.0,miércoles,2025-01-15 08:30:00,46613.0
27,CHOCÓ,27372,JURADO,27372000,JURADO(JURADO - CHOCÓ),2025,1,183724.0,60518.0,336960.0,jueves,2025-01-23 11:30:00,236048.0
27,CHOCÓ,27372,JURADO,27372901,SANTA TERESITA(JURADO - CHOCÓ),2025,1,5620.0,300.0,20840.0,miércoles,2025-01-15 11:45:00,24919.0
27,CHOCÓ,27372,JURADO,27372902,BUENAVISTA(JURADO - CHOCÓ),2025,1,1407.0,3920.0,13420.0,jueves,2025-01-09 17:45:00,94677.0
27,CHOCÓ,27372,JURADO,27372905,DICHARDI(JURADO - CHOCÓ),2025,1,1254.0,7500.0,14070.0,martes,2025-01-14 10:45:00,81694.0
27,CHOCÓ,27372,JURADO,27372907,EYASAKE(JURADO - CHOCÓ),2025,1,4759.0,2194.0,18340.0,jueves,2025-01-02 14:00:00,109274.0
27,CHOCÓ,27372,JURADO,27372930,DOS BOCAS(JURADO - CHOCÓ),2025,1,3860.0,1490.0,16730.0,jueves,2025-01-02 08:30:00,17258.0
27,CHOCÓ,27425,MEDIO ATRATO,27425000,BETE(MEDIO ATRATO - CHOCÓ),2025,1,11191.0,4784.0,880.0,viernes,2025-01-03 18:45:00,59839.0
27,CHOCÓ,27425,MEDIO ATRATO,27425008,SAN ROQUE(MEDIO ATRATO - CHOCÓ),2025,1,1726.0,8100.0,21770.0,lunes,2025-01-06 21:15:00,38468.0
27,CHOCÓ,27491,NOVITA,27491004,JUNTAS DE TAMANA(NOVITA - CHOCÓ),2025,1,0.0,0.0,34965.0,nan,2025-12-30 07:30:00,0.0
27,CHOCÓ,27495,NUQUÍ,27495000,NUQUÍ(NUQUÍ - CHOCÓ),2025,1,307255.0,96616.0,571650.0,viernes,2025-01-31 19:30:00,237742.0
27,CHOCÓ,27495,NUQUÍ,27495001,ARUSI(NUQUÍ - CHOCÓ),2025,1,19917.0,7897.0,5520.0,lunes,2025-01-13 12:30:00,154919.0
27,CHOCÓ,27495,NUQUÍ,27495003,JURUBIRA(NUQUÍ - CHOCÓ),2025,1,0.0,0.0,34965.0,nan,2025-09-02 17:30:00,0.0
27,CHOCÓ,27495,NUQUÍ,27495008,JOVI(NUQUÍ - CHOCÓ),2025,1,8428.0,3183.0,28230.0,martes,2025-01-21 20:00:00,156855.0
27,CHOCÓ,27495,NUQUÍ,27495010,TERMALES(NUQUÍ - CHOCÓ),2025,1,6194.0,2841.0,28050.0,viernes,2025-01-24 12:15:00,109758.0
27,CHOCÓ,27495,NUQUÍ,27495011,COMUNIDAD DE PUERTO JAGUA(NUQUÍ - CHOCÓ),2025,1,9660.0,3250.0,5860.0,jueves,2025-01-02 19:45:00,67903.0
27,CHOCÓ,27495,NUQUÍ,27495012,COMUNIDAD INDIG. PUERTO INDIO(NUQUÍ - CHOCÓ),2025,1,0.0,0.0,34965.0,nan,2025-01-07 13:30:00,0.0
27,CHOCÓ,27495,NUQUÍ,27495910,COMUNIDAD INDIG. DE RIO NUQUÍ(NUQUÍ - CHOCÓ),2025,1,9570.0,1630.0,4350.0,jueves,2025-01-02 19:00:00,1075.0
27,CHOCÓ,27495,NUQUÍ,27495912,COMUNIDAD INDÍGENA DE PANGUI - EL YUCAL(NUQUÍ - CHOCÓ),2025,1,6929.0,1853.0,11630.0,domingo,2025-01-12 06:45:00,221532.0
27,CHOCÓ,27600,RIO QUITO,27600001,BOCA DE APARTADO(RIO QUITO - CHOCÓ),2025,1,910.0,350.0,5990.0,viernes,2025-01-03 18:45:00,629.0
27,CHOCÓ,27615,RIOSUCIO,27615011,SAN JOSE TAMBORAL(RIOSUCIO - CHOCÓ),2025,1,0.0,0.0,34965.0,nan,2025-08-26 04:00:00,0.0
27,CHOCÓ,27800,UNGUÍA,27800000,UNGUÍA(UNGUÍA - CHOCÓ),2025,1,483641.0,1506.0,979970.0,jueves,2025-01-30 21:00:00,224194.0
27,CHOCÓ,27800,UNGUÍA,27800001,BALBOA(UNGUÍA - CHOCÓ),2025,1,28264.0,10382.0,90290.0,lunes,2025-01-06 20:30:00,130645.0
27,CHOCÓ,27800,UNGUÍA,27800005,TITUMATE(UNGUÍA - CHOCÓ),2025,1,15305.0,3175.0,66790.0,martes,2025-01-21 22:00:00,95968.0
44,LA GUAJIRA,44847,URIBIA,44847003,CABO DE LA VELA(URIBIA - LA GUAJIRA),2025,1,7386.0,7610.0,96830.0,domingo,2025-01-12 19:00:00,35.0
44,LA GUAJIRA,44847,URIBIA,44847012,NAZARETH(URIBIA - LA GUAJIRA),2025,1,31884.0,7532.0,224640.0,domingo,2025-01-19 18:15:00,55645.0
47,MAGDALENA,47189,CIÉNAGA,47189018,PALMOR(CIÉNAGA - MAGDALENA),2025,1,108064.0,42274.0,204540.0,sábado,2025-01-04 18:45:00,238145.0
50,META,50325,MAPIRIPAN,50325000,MAPIRIPAN(MAPIRIPAN - META),2025,1,188054.0,64239.0,34540.0,lunes,2025-01-20 17:15:00,24.0
52,NARIÑO,52250,EL CHARCO,52250005,LAS MERCEDES(EL CHARCO - NARIÑO),2025,1,560.0,1310.0,1370.0,miércoles,2025-01-01 01:15:00,1532.0
52,NARIÑO,52250,EL CHARCO,52250007,SAN JOSE DEL TAPAJE(EL CHARCO - NARIÑO),2025,1,5554.0,2106.0,320.0,jueves,2025-01-02 19:15:00,76855.0
52,NARIÑO,52250,EL CHARCO,52250016,ALTERON - URIBE URIBE(EL CHARCO - NARIÑO),2025,1,1160.0,810.0,6020.0,viernes,2025-01-31 19:30:00,8387.0
52,NARIÑO,52250,EL CHARCO,52250022,EL CUIL PUEBLO NUEVO(EL CHARCO - NARIÑO),2025,1,4183.0,1885.0,32590.0,martes,2025-01-07 19:00:00,52258.0
52,NARIÑO,52390,LA TOLA,52390003,LA VIGIA DE LA MAR(LA TOLA - NARIÑO),2025,1,6029.0,3363.0,31160.0,sábado,2025-01-04 12:30:00,9121.0
52,NARIÑO,52390,LA TOLA,52390005,AGUACATAL(LA TOLA - NARIÑO),2025,1,1585.0,3460.0,10940.0,sábado,2025-01-18 18:00:00,59919.0
52,NARIÑO,52390,LA TOLA,52390009,MULATOS(LA TOLA - NARIÑO),2025,1,3916.0,1598.0,23520.0,sábado,2025-01-04 18:30:00,78871.0
52,NARIÑO,52390,LA TOLA,52390013,AMARALES(LA TOLA - NARIÑO),2025,1,7855.0,3426.0,56130.0,lunes,2025-01-06 19:45:00,69758.0
52,NARIÑO,52390,LA TOLA,52390016,SAN PABLO DEL MAR(LA TOLA - NARIÑO),2025,1,5899.0,1888.0,25630.0,domingo,2025-01-05 19:00:00,97016.0
52,NARIÑO,52473,MOSQUERA,52473010,EL BAJITO DE ECHANDIA(MOSQUERA - NARIÑO),2025,1,2677.0,1005.0,14420.0,viernes,2025-01-10 18:45:00,87177.0
52,NARIÑO,52490,OLAYA HERRERA,52490913,BOCA DE PRIETA(OLAYA HERRERA - NARIÑO),2025,1,1147.0,2690.0,12310.0,jueves,2025-01-02 21:15:00,57258.0
52,NARIÑO,52621,ROBERTO PAYAN,52621912,TAMAJE(ROBERTO PAYAN - NARIÑO),2025,1,5482.0,2338.0,22870.0,lunes,2025-01-27 14:45:00,975.0
52,NARIÑO,52696,SANTA BÁRBARA,52696014,LA ENSENADA(SANTA BÁRBARA - NARIÑO),2025,1,3325.0,1653.0,19810.0,domingo,2025-01-05 19:45:00,69677.0
52,NARIÑO,52696,SANTA BÁRBARA,52696017,SANTA RITA(SANTA BÁRBARA - NARIÑO),2025,1,4252.0,192.0,390.0,jueves,2025-01-02 19:00:00,4871.0
52,NARIÑO,52835,SAN ANDRÉS DE TUMACO,52835055,BOCAS DE CURAY(SAN ANDRÉS DE TUMACO - NARIÑO),2025,1,8284.0,2364.0,6240.0,jueves,2025-01-30 18:15:00,5629.0
52,NARIÑO,52835,SAN ANDRÉS DE TUMACO,52835217,SAN JUAN DE LA COSTA(SAN ANDRÉS DE TUMACO - NARIÑO),2025,1,27354.0,10597.0,1120.0,sábado,2025-01-04 18:30:00,110403.0
76,VALLE DEL CAUCA,76109,BUENAVENTURA,76109011,PASTICO(BUENAVENTURA - VALLE DEL CAUCA),2025,1,2762.0,103.0,15020.0,miércoles,2025-01-08 19:30:00,72258.0
76,VALLE DEL CAUCA,76109,BUENAVENTURA,76109018,CONCEPCION(BUENAVENTURA - VALLE DEL CAUCA),2025,1,0.0,0.0,34965.0,nan,2025-07-30 10:15:00,0.0
76,VALLE DEL CAUCA,76109,BUENAVENTURA,76109028,PUERTO MERIZALDE(BUENAVENTURA - VALLE DEL CAUCA),2025,1,99026.0,32025.0,203810.0,miércoles,2025-01-29 20:15:00,219194.0
76,VALLE DEL CAUCA,76109,BUENAVENTURA,76109030,PUNTA SOLDADO(BUENAVENTURA - VALLE DEL CAUCA),2025,1,3132.0,1776.0,24680.0,jueves,2025-01-23 19:30:00,62258.0
76,VALLE DEL CAUCA,76109,BUENAVENTURA,76109032,SAN FRANCISCO NAYA(BUENAVENTURA - VALLE DEL CAUCA),2025,1,8329.0,412.0,34180.0,jueves,2025-01-16 11:45:00,105726.0
76,VALLE DEL CAUCA,76109,BUENAVENTURA,76109034,SAN ISIDRO - CALIMA(BUENAVENTURA - VALLE DEL CAUCA),2025,1,7263.0,1706.0,75220.0,viernes,2025-01-31 19:00:00,76048.0
76,VALLE DEL CAUCA,76109,BUENAVENTURA,76109040,VENERAL(BUENAVENTURA - VALLE DEL CAUCA),2025,1,5500.0,1190.0,12280.0,sábado,2025-01-18 19:45:00,20726.0
76,VALLE DEL CAUCA,76109,BUENAVENTURA,76109069,PAPAYAL 1(BUENAVENTURA - VALLE DEL CAUCA),2025,1,7916.0,1387.0,32950.0,domingo,2025-01-12 19:45:00,95242.0
76,VALLE DEL CAUCA,76109,BUENAVENTURA,76109081,PUNTA BONITA(BUENAVENTURA - VALLE DEL CAUCA),2025,1,5453.0,3228.0,22830.0,jueves,2025-01-09 18:45:00,93468.0
76,VALLE DEL CAUCA,76109,BUENAVENTURA,76109105,PITAL(BUENAVENTURA - VALLE DEL CAUCA),2025,1,2865.0,5370.0,17260.0,viernes,2025-01-31 07:45:00,64194.0
76,VALLE DEL CAUCA,76109,BUENAVENTURA,76109817,SANTA MARIA 1 NAYA(BUENAVENTURA - VALLE DEL CAUCA),2025,1,1012.0,3340.0,10310.0,sábado,2025-01-18 19:15:00,39194.0
76,VALLE DEL CAUCA,76109,BUENAVENTURA,76109863,SAN ANTONIO (BUENAVENTURA - VALLE DEL CAUCA),2025,1,2138.0,5520.0,8140.0,viernes,2025-01-10 01:00:00,122016.0
76,VALLE DEL CAUCA,76109,BUENAVENTURA,76109904,SAN ANTONIO (RIO CAJAMBRE)(BUENAVENTURA - VALLE DEL CAUCA),2025,1,5178.0,1418.0,3020.0,miércoles,2025-01-22 19:15:00,69758.0
76,VALLE DEL CAUCA,76109,BUENAVENTURA,76109913,MAYORQUIN(BUENAVENTURA - VALLE DEL CAUCA),2025,1,2377.0,8940.0,15370.0,domingo,2025-01-26 20:30:00,6129.0
76,VALLE DEL CAUCA,76109,BUENAVENTURA,76109930,GALVEZ(BUENAVENTURA - VALLE DEL CAUCA),2025,1,2696.0,4680.0,9690.0,viernes,2025-01-03 18:30:00,105806.0
76,VALLE DEL CAUCA,76109,BUENAVENTURA,76109957,HUMANES MAR(BUENAVENTURA - VALLE DEL CAUCA),2025,1,202.0,2190.0,13190.0,sábado,2025-01-25 10:45:00,94919.0
86,PUTUMAYO,86573,PUERTO LEGUIZAMO,86573000,PUERTO LEGUIZAMO(PUERTO LEGUIZAMO - PUTUMAYO),2025,1,988628.0,280577.0,197842.0,jueves,2025-01-23 13:45:00,237823.0
86,PUTUMAYO,86573,PUERTO LEGUIZAMO,86573009,PIÑUÑA NEGRO(PUERTO LEGUIZAMO - PUTUMAYO),2025,1,2928.0,1717.0,2240.0,miércoles,2025-01-01 00:15:00,55.0
88,ARCHIPIÉLAGO DE SAN ANDRÉS y PROVIDENCIA,88001,SAN ANDRÉS,88001000,SAN ANDRÉS(SAN ANDRÉS - ARCHIPIÉLAGO DE SAN ANDRÉS y PROVIDENCIA ),2025,1,7576.0,4650.0,2999308.0,miércoles,2025-01-29 16:00:00,24.0
88,ARCHIPIÉLAGO DE SAN ANDRÉS y PROVIDENCIA,88564,PROVIDENCIA,88564000,PROVIDENCIA(PROVIDENCIA - ARCHIPIÉLAGO DE SAN ANDRÉS y PROVIDENCIA ),2025,1,7576.0,220252.0,184187.0,lunes,2025-01-27 14:15:00,24.0
91,AMAZONAS,91001,LETICIA,91001000,LETICIA(LETICIA - AMAZONAS),2025,1,7576.0,983686.0,803752.0,viernes,2025-01-17 15:30:00,24.0
91,AMAZONAS,91540,PUERTO NARIÑO,91540000,PUERTO NARIÑO(PUERTO NARIÑO - AMAZONAS),2025,1,133145.0,42384.0,26080.0,viernes,2025-01-17 18:45:00,24.0
91,AMAZONAS,91798,TARAPACA (ANM),91798000,TARAPACA(TARAPACA (ANM) - AMAZONAS),2025,1,25128.0,11309.0,92790.0,lunes,2025-01-20 19:15:00,102661.0
94,GUAINÍA,94001,INÍRIDA,94001000,INÍRIDA(INÍRIDA - GUAINÍA),2025,1,7576.0,623725.0,43648.0,miércoles,2025-01-29 14:30:00,24.0
94,GUAINÍA,94001,INÍRIDA,94001905,CHORRO BOCON(INÍRIDA - GUAINÍA),2025,1,4719.0,3580.0,16030.0,domingo,2025-01-05 19:45:00,166935.0
94,GUAINÍA,94001,INÍRIDA,94001916,VENADO(INÍRIDA - GUAINÍA),2025,1,3246.0,7810.0,10790.0,sábado,2025-01-11 21:15:00,227419.0
94,GUAINÍA,94001,INÍRIDA,94001966,LAGUNA COLORADA ALTA(INÍRIDA - GUAINÍA),2025,1,9095.0,4490.0,28370.0,domingo,2025-01-19 18:30:00,160645.0
94,GUAINÍA,94343,BARRANCO MINAS,94343900,CARPINTERO(BARRANCO MINAS - GUAINÍA),2025,1,135.0,6020.0,4010.0,viernes,2025-01-31 19:00:00,97984.0
94,GUAINÍA,94343,BARRANCO MINAS,94343901,CHATARE(BARRANCO MINAS - GUAINÍA),2025,1,1828.0,1660.0,4350.0,lunes,2025-01-20 18:45:00,227177.0
95,GUAVIARE,95001,SAN JOSÉ DEL GUAVIARE,95001012,CACHICAMO(SAN JOSÉ DEL GUAVIARE - GUAVIARE),2025,1,11228.0,4673.0,36990.0,sábado,2025-01-11 18:30:00,140323.0
95,GUAVIARE,95200,MIRAFLORES,95200000,MIRAFLORES(MIRAFLORES - GUAVIARE),2025,1,116405.0,19002.0,224110.0,viernes,2025-01-10 18:45:00,24.0
97,VAUPÉS,97001,MITÚ,97001000,MITÚ(MITÚ - VAUPÉS),2025,1,7576.0,37551.0,324854.0,lunes,2025-01-20 12:00:00,24.0
97,VAUPÉS,97161,CARURÚ,97161000,CARURÚ(CARURÚ - VAUPÉS),2025,1,34438.0,5807.0,90020.0,miércoles,2025-01-22 16:00:00,169839.0
97,VAUPÉS,97666,TARAIRA,97666000,TARAIRA(TARAIRA - VAUPÉS),2025,1,41498.0,11122.0,129540.0,lunes,2025-01-27 12:30:00,144435.0
99,VICHADA,99001,PUERTO CARREÑO,99001000,PUERTO CARREÑO(PUERTO CARREÑO - VICHADA),2025,1,7576.0,711768.0,513832.0,miércoles,2025-01-29 14:15:00,234516.0
99,VICHADA,99773,CUMARIBO,99773000,CUMARIBO(CUMARIBO - VICHADA),2025,1,370705.0,140716.0,749460.0,miércoles,2025-01-29 14:30:00,237419.0
5,ANTIOQUIA,5873,VIGÍA DEL FUERTE,5873001,SAN ANTONIO DE PADUA(VIGÍA DEL FUERTE - ANTIOQUIA),2025,2,9416.0,0.0,37980.0,jueves,2025-02-20 19:15:00,137411.0
5,ANTIOQUIA,5873,VIGÍA DEL FUERTE,5873005,SAN MIGUEL(VIGÍA DEL FUERTE - ANTIOQUIA),2025,2,4162.0,1989.0,16670.0,domingo,2025-02-02 15:00:00,111786.0
5,ANTIOQUIA,5873,VIGÍA DEL FUERTE,5873010,LA PLAYA MURRI (VIGÍA DEL FUERTE - ANTIOQUIA),2025,2,3438.0,1318.0,23140.0,domingo,2025-02-23 18:45:00,99911.0
5,ANTIOQUIA,5873,VIGÍA DEL FUERTE,5873013,LOMA MURRI(VIGÍA DEL FUERTE - ANTIOQUIA),2025,2,2542.0,1057.0,29970.0,domingo,2025-02-02 19:00:00,44464.0
5,ANTIOQUIA,5873,VIGÍA DEL FUERTE,5873910,PUERTO MEDELLÍN(VIGÍA DEL FUERTE - ANTIOQUIA),2025,2,2146.0,7360.0,13350.0,viernes,2025-02-28 12:00:00,105268.0
5,ANTIOQUIA,5873,VIGÍA DEL FUERTE,5873913,JARAPETO (RESGUARDO INDÍGENA)(VIGÍA DEL FUERTE - ANTIOQUIA),2025,2,3650.0,2160.0,2620.0,domingo,2025-02-09 19:45:00,27232.0
13,BOLÍVAR,13001,CARTAGENA DE INDIAS,13001017,SANTA CRUZ DEL ISLOTE(CARTAGENA DE INDIAS - BOLÍVAR),2025,2,11224.0,3035.0,4960.0,jueves,2025-02-20 22:15:00,106429.0
13,BOLÍVAR,13001,CARTAGENA DE INDIAS,13001037,ISLA MUCURA(CARTAGENA DE INDIAS - BOLÍVAR),2025,2,5255.0,1783.0,19360.0,martes,2025-02-25 23:30:00,117143.0
5,ANTIOQUIA,5873,VIGÍA DEL FUERTE,5873910,PUERTO MEDELLÍN,2025,12,1055.0,4560.0,109868.0,martes,2025-12-16 18:30:00,480.0
18,CAQUETÁ,18150,CARTAGENA DEL CHAIRA,18150001,REMOLINO DEL CAGUAN(CARTAGENA DEL CHAIRA - CAQUETÁ),2025,2,88.0,3204.0,103010.0,sábado,2025-02-15 19:15:00,37232.0
18,CAQUETÁ,18150,CARTAGENA DEL CHAIRA,18150002,SANTA FE DEL CAGUAN(CARTAGENA DEL CHAIRA - CAQUETÁ),2025,2,2991.0,1221.0,41480.0,jueves,2025-02-13 19:15:00,35446.0
18,CAQUETÁ,18753,SAN VICENTE DEL CAGUÁN,18753009,PUERTO BETANIA(SAN VICENTE DEL CAGUÁN - CAQUETÁ),2025,2,5257.0,1793.0,39760.0,jueves,2025-02-27 19:15:00,66964.0
18,CAQUETÁ,18753,SAN VICENTE DEL CAGUÁN,18753012,SANTA ROSA(SAN VICENTE DEL CAGUÁN - CAQUETÁ),2025,2,2563.0,1104.0,28210.0,sábado,2025-02-22 18:15:00,72589.0
18,CAQUETÁ,18753,SAN VICENTE DEL CAGUÁN,18753033,VILLA LOBOS(SAN VICENTE DEL CAGUÁN - CAQUETÁ),2025,2,6176.0,2198.0,56170.0,viernes,2025-02-21 19:45:00,50982.0
19,CAUCA,19318,GUAPI,19318008,LIMONES(GUAPI - CAUCA),2025,2,7909.0,3975.0,39630.0,sábado,2025-02-01 19:30:00,9375.0
19,CAUCA,19318,GUAPI,19318013,SAN ANTONIO DE GUAJUI(GUAPI - CAUCA),2025,2,10034.0,5646.0,52210.0,miércoles,2025-02-05 20:15:00,83661.0
19,CAUCA,19418,LÓPEZ DE MICAY,19418009,NOANAMITO(LÓPEZ DE MICAY - CAUCA),2025,2,6602.0,3088.0,360.0,sábado,2025-02-01 18:45:00,82054.0
19,CAUCA,19418,LÓPEZ DE MICAY,19418033,BOCA GRANDE(LÓPEZ DE MICAY - CAUCA),2025,2,3752.0,1164.0,54920.0,viernes,2025-02-28 19:30:00,42768.0
19,CAUCA,19809,TIMBIQUÍ,19809003,COTEJE(TIMBIQUÍ - CAUCA),2025,2,4888.0,3733.0,290.0,jueves,2025-02-13 19:15:00,74286.0
19,CAUCA,19809,TIMBIQUÍ,19809007,SAN JOSE(TIMBIQUÍ - CAUCA),2025,2,5656.0,3181.0,34850.0,martes,2025-02-18 19:30:00,71161.0
19,CAUCA,19809,TIMBIQUÍ,19809009,SANTA ROSA DE SAIJA(TIMBIQUÍ - CAUCA),2025,2,3215.0,1004.0,2230.0,sábado,2025-02-22 20:45:00,64643.0
19,CAUCA,19809,TIMBIQUÍ,19809010,COMUNIDAD DE CHETE(TIMBIQUÍ - CAUCA),2025,2,3893.0,153.0,30660.0,viernes,2025-02-07 18:15:00,54732.0
19,CAUCA,19809,TIMBIQUÍ,19809014,CHACON(TIMBIQUÍ - CAUCA),2025,2,3422.0,4200.0,18540.0,sábado,2025-02-15 16:45:00,82321.0
27,CHOCÓ,27001,QUIBDÓ,27001029,TAGACHI(QUIBDÓ - CHOCÓ),2025,2,5139.0,1804.0,47690.0,domingo,2025-02-02 19:30:00,53839.0
27,CHOCÓ,27006,ACANDÍ,27006000,ACANDÍ(ACANDÍ - CHOCÓ),2025,2,601137.0,169131.0,138125.0,martes,2025-02-18 21:15:00,199196.0
27,CHOCÓ,27006,ACANDÍ,27006007,SAN FRANCISCO(ACANDÍ - CHOCÓ),2025,2,22355.0,8796.0,114880.0,sábado,2025-02-08 20:00:00,94018.0
27,CHOCÓ,27025,ALTO BAUDO,27025000,CIUDAD BAUDO - PIE DE PATO(ALTO BAUDO - CHOCÓ),2025,2,48289.0,1666.0,123290.0,sábado,2025-02-08 12:45:00,239554.0
27,CHOCÓ,27025,ALTO BAUDO,27025033,MIACORA(ALTO BAUDO - CHOCÓ),2025,2,640.0,0.0,2210.0,jueves,2025-02-20 18:45:00,804.0
27,CHOCÓ,27025,ALTO BAUDO,27025035,PUERTO ALEGRE(ALTO BAUDO - CHOCÓ),2025,2,4170.0,1370.0,470.0,lunes,2025-02-24 19:00:00,39464.0
27,CHOCÓ,27025,ALTO BAUDO,27025920,EL MORRO(ALTO BAUDO - CHOCÓ),2025,2,5080.0,1400.0,4350.0,jueves,2025-02-06 20:00:00,63125.0
27,CHOCÓ,27025,ALTO BAUDO,27025937,VILLA CECILIA(ALTO BAUDO - CHOCÓ),2025,2,2480.0,850.0,3370.0,sábado,2025-02-15 15:15:00,15893.0
27,CHOCÓ,27075,BAHÍA SOLANO,27075000,CIUDAD MUTIS(BAHÍA SOLANO - CHOCÓ),2025,2,782425.0,22367.0,180048.0,miércoles,2025-02-05 13:00:00,232857.0
27,CHOCÓ,27075,BAHÍA SOLANO,27075001,CUPICA(BAHÍA SOLANO - CHOCÓ),2025,2,58536.0,17537.0,140340.0,miércoles,2025-02-19 12:15:00,24.0
27,CHOCÓ,27077,BAJO BAUDÓ,27077000,PIZARRO(BAJO BAUDÓ - CHOCÓ),2025,2,182176.0,64837.0,524830.0,miércoles,2025-02-26 20:30:00,1925.0
27,CHOCÓ,27077,BAJO BAUDÓ,27077002,BELEN DE DOCAMPADO(BAJO BAUDÓ - CHOCÓ),2025,2,7747.0,2549.0,38740.0,domingo,2025-02-16 20:00:00,99107.0
27,CHOCÓ,27077,BAJO BAUDÓ,27077008,ORPUA(BAJO BAUDÓ - CHOCÓ),2025,2,5140.0,3380.0,5250.0,sábado,2025-02-22 12:15:00,55804.0
27,CHOCÓ,27077,BAJO BAUDÓ,27077011,PILIZA - BELLAVISTA - VILLA LUZ(BAJO BAUDÓ - CHOCÓ),2025,2,3459.0,8950.0,2560.0,sábado,2025-02-01 19:00:00,65536.0
27,CHOCÓ,27077,BAJO BAUDÓ,27077016,SIVIRU(BAJO BAUDÓ - CHOCÓ),2025,2,6259.0,2602.0,43070.0,domingo,2025-02-16 11:45:00,76161.0
27,CHOCÓ,27077,BAJO BAUDÓ,27077019,VIRUDO(BAJO BAUDÓ - CHOCÓ),2025,2,378.0,1817.0,28840.0,miércoles,2025-02-12 21:45:00,58929.0
27,CHOCÓ,27077,BAJO BAUDÓ,27077026,GUINEAL(BAJO BAUDÓ - CHOCÓ),2025,2,3803.0,3796.0,22170.0,martes,2025-02-25 19:00:00,10.0
27,CHOCÓ,27077,BAJO BAUDÓ,27077029,FIRME DE USARGA(BAJO BAUDÓ - CHOCÓ),2025,2,6020.0,2660.0,6440.0,sábado,2025-02-22 19:00:00,44821.0
27,CHOCÓ,27077,BAJO BAUDÓ,27077905,BUENAVISTA(BAJO BAUDÓ - CHOCÓ),2025,2,4108.0,1581.0,17440.0,sábado,2025-02-15 11:45:00,102054.0
27,CHOCÓ,27077,BAJO BAUDÓ,27077911,PLAYA NUEVA(BAJO BAUDÓ - CHOCÓ),2025,2,3055.0,13.0,17080.0,jueves,2025-02-27 08:15:00,88125.0
27,CHOCÓ,27077,BAJO BAUDÓ,27077916,TERRON(BAJO BAUDÓ - CHOCÓ),2025,2,800.0,350.0,19310.0,sábado,2025-02-01 13:45:00,1696.0
27,CHOCÓ,27099,BOJAYÁ,27099002,LA LOMA DE BOJAYA(BOJAYÁ - CHOCÓ),2025,2,12398.0,5373.0,70020.0,viernes,2025-02-14 18:45:00,84554.0
27,CHOCÓ,27099,BOJAYÁ,27099005,NAPIPI(BOJAYÁ - CHOCÓ),2025,2,901.0,3041.0,6720.0,sábado,2025-02-22 18:45:00,64554.0
27,CHOCÓ,27099,BOJAYÁ,27099012,POGUE(BOJAYÁ - CHOCÓ),2025,2,0.0,0.0,34965.0,nan,2025-02-01 14:45:00,0.0
27,CHOCÓ,27099,BOJAYÁ,27099030,PIEDRA CANDELA(BOJAYÁ - CHOCÓ),2025,2,7409.0,3118.0,37830.0,sábado,2025-02-01 20:00:00,96518.0
27,CHOCÓ,27099,BOJAYÁ,27099905,CHANO(BOJAYÁ - CHOCÓ),2025,2,7730.0,300.0,7680.0,viernes,2025-02-07 20:15:00,60446.0
27,CHOCÓ,27250,EL LITORAL DEL SAN JUAN,27250000,SANTA GENOVEVA DE DOCORDO(EL LITORAL DEL SAN JUAN - CHOCÓ),2025,2,84098.0,41169.0,249220.0,miércoles,2025-02-19 19:45:00,162946.0
27,CHOCÓ,27250,EL LITORAL DEL SAN JUAN,27250023,PAPAYO(EL LITORAL DEL SAN JUAN - CHOCÓ),2025,2,1879.0,6680.0,16730.0,sábado,2025-02-15 19:00:00,47321.0
27,CHOCÓ,27361,ISTMINA,27361023,POTEDÓ(ISTMINA - CHOCÓ),2025,2,0.0,0.0,34965.0,nan,2025-08-13 09:30:00,0.0
27,CHOCÓ,27361,ISTMINA,27361048,UNION CHOCO(ISTMINA - CHOCÓ),2025,2,0.0,0.0,34965.0,nan,2025-05-11 12:45:00,0.0
27,CHOCÓ,27372,JURADO,27372000,JURADO(JURADO - CHOCÓ),2025,2,173888.0,57746.0,362720.0,jueves,2025-02-06 19:00:00,24.0
27,CHOCÓ,27372,JURADO,27372901,SANTA TERESITA(JURADO - CHOCÓ),2025,2,1321.0,90.0,20570.0,domingo,2025-02-16 10:45:00,57946.0
27,CHOCÓ,27372,JURADO,27372902,BUENAVISTA(JURADO - CHOCÓ),2025,2,1123.0,3330.0,12680.0,martes,2025-02-18 18:45:00,7375.0
27,CHOCÓ,27372,JURADO,27372905,DICHARDI(JURADO - CHOCÓ),2025,2,8050.0,5520.0,13460.0,viernes,2025-02-21 18:45:00,55.0
27,CHOCÓ,27372,JURADO,27372907,EYASAKE(JURADO - CHOCÓ),2025,2,2707.0,1315.0,18440.0,domingo,2025-02-09 17:00:00,66429.0
27,CHOCÓ,27372,JURADO,27372930,DOS BOCAS(JURADO - CHOCÓ),2025,2,0.0,0.0,34965.0,nan,2025-11-13 16:00:00,0.0
27,CHOCÓ,27425,MEDIO ATRATO,27425000,BETE(MEDIO ATRATO - CHOCÓ),2025,2,8692.0,3605.0,800.0,domingo,2025-02-02 20:00:00,51339.0
27,CHOCÓ,27425,MEDIO ATRATO,27425008,SAN ROQUE(MEDIO ATRATO - CHOCÓ),2025,2,5050.0,2440.0,16510.0,martes,2025-02-04 19:30:00,14821.0
27,CHOCÓ,27491,NOVITA,27491004,JUNTAS DE TAMANA(NOVITA - CHOCÓ),2025,2,0.0,0.0,34965.0,nan,2025-11-18 20:15:00,0.0
27,CHOCÓ,27495,NUQUÍ,27495000,NUQUÍ(NUQUÍ - CHOCÓ),2025,2,273998.0,86216.0,539260.0,jueves,2025-02-13 19:45:00,239554.0
27,CHOCÓ,27495,NUQUÍ,27495001,ARUSI(NUQUÍ - CHOCÓ),2025,2,21101.0,8248.0,600.0,jueves,2025-02-27 19:15:00,182768.0
27,CHOCÓ,27495,NUQUÍ,27495003,JURUBIRA(NUQUÍ - CHOCÓ),2025,2,0.0,0.0,34965.0,nan,2025-02-07 14:15:00,0.0
27,CHOCÓ,27495,NUQUÍ,27495008,JOVI(NUQUÍ - CHOCÓ),2025,2,7443.0,2864.0,23160.0,lunes,2025-02-10 19:45:00,155268.0
27,CHOCÓ,27495,NUQUÍ,27495010,TERMALES(NUQUÍ - CHOCÓ),2025,2,8257.0,4097.0,27210.0,viernes,2025-02-14 20:00:00,1425.0
27,CHOCÓ,27495,NUQUÍ,27495011,COMUNIDAD DE PUERTO JAGUA(NUQUÍ - CHOCÓ),2025,2,8380.0,2890.0,7320.0,domingo,2025-02-16 19:45:00,62321.0
27,CHOCÓ,27495,NUQUÍ,27495012,COMUNIDAD INDIG. PUERTO INDIO(NUQUÍ - CHOCÓ),2025,2,0.0,0.0,34965.0,nan,2025-10-09 12:15:00,0.0
27,CHOCÓ,27495,NUQUÍ,27495910,COMUNIDAD INDIG. DE RIO NUQUÍ(NUQUÍ - CHOCÓ),2025,2,7380.0,1540.0,3810.0,martes,2025-02-18 21:00:00,96607.0
27,CHOCÓ,27495,NUQUÍ,27495912,COMUNIDAD INDÍGENA DE PANGUI - EL YUCAL(NUQUÍ - CHOCÓ),2025,2,7503.0,1796.0,1160.0,sábado,2025-02-08 16:15:00,237589.0
27,CHOCÓ,27600,RIO QUITO,27600001,BOCA DE APARTADO(RIO QUITO - CHOCÓ),2025,2,1600.0,690.0,6410.0,viernes,2025-02-28 19:30:00,13304.0
27,CHOCÓ,27615,RIOSUCIO,27615011,SAN JOSE TAMBORAL(RIOSUCIO - CHOCÓ),2025,2,0.0,0.0,34965.0,nan,2025-01-18 11:30:00,0.0
27,CHOCÓ,27800,UNGUÍA,27800000,UNGUÍA(UNGUÍA - CHOCÓ),2025,2,439068.0,137718.0,98630.0,miércoles,2025-02-12 21:15:00,224196.0
27,CHOCÓ,27800,UNGUÍA,27800001,BALBOA(UNGUÍA - CHOCÓ),2025,2,24813.0,9328.0,89620.0,martes,2025-02-11 19:45:00,127589.0
27,CHOCÓ,27800,UNGUÍA,27800005,TITUMATE(UNGUÍA - CHOCÓ),2025,2,14149.0,2895.0,66090.0,martes,2025-02-04 21:15:00,109464.0
44,LA GUAJIRA,44847,URIBIA,44847003,CABO DE LA VELA(URIBIA - LA GUAJIRA),2025,2,4417.0,4040.0,92850.0,martes,2025-02-25 20:30:00,21875.0
44,LA GUAJIRA,44847,URIBIA,44847012,NAZARETH(URIBIA - LA GUAJIRA),2025,2,30237.0,7062.0,24480.0,miércoles,2025-02-19 18:45:00,53393.0
47,MAGDALENA,47189,CIÉNAGA,47189018,PALMOR(CIÉNAGA - MAGDALENA),2025,2,98016.0,3433.0,205570.0,sábado,2025-02-01 18:45:00,234911.0
50,META,50325,MAPIRIPAN,50325000,MAPIRIPAN(MAPIRIPAN - META),2025,2,176906.0,58075.0,370480.0,miércoles,2025-02-26 16:30:00,239643.0
52,NARIÑO,52250,EL CHARCO,52250005,LAS MERCEDES(EL CHARCO - NARIÑO),2025,2,0.0,0.0,34965.0,nan,2025-09-12 22:00:00,0.0
52,NARIÑO,52250,EL CHARCO,52250007,SAN JOSE DEL TAPAJE(EL CHARCO - NARIÑO),2025,2,5832.0,1308.0,560.0,viernes,2025-02-07 18:15:00,50268.0
52,NARIÑO,52250,EL CHARCO,52250016,ALTERON - URIBE URIBE(EL CHARCO - NARIÑO),2025,2,1017.0,6260.0,8140.0,miércoles,2025-02-26 19:30:00,73482.0
52,NARIÑO,52250,EL CHARCO,52250022,EL CUIL PUEBLO NUEVO(EL CHARCO - NARIÑO),2025,2,2933.0,1328.0,32420.0,sábado,2025-02-22 19:00:00,40714.0
52,NARIÑO,52390,LA TOLA,52390003,LA VIGIA DE LA MAR(LA TOLA - NARIÑO),2025,2,4388.0,2798.0,28840.0,miércoles,2025-02-19 18:45:00,70179.0
52,NARIÑO,52390,LA TOLA,52390005,AGUACATAL(LA TOLA - NARIÑO),2025,2,2501.0,5680.0,10290.0,lunes,2025-02-10 19:45:00,110089.0
52,NARIÑO,52390,LA TOLA,52390009,MULATOS(LA TOLA - NARIÑO),2025,2,3719.0,1831.0,23740.0,sábado,2025-02-15 16:45:00,79286.0
52,NARIÑO,52390,LA TOLA,52390013,AMARALES(LA TOLA - NARIÑO),2025,2,6548.0,2761.0,55650.0,lunes,2025-02-10 19:30:00,63482.0
52,NARIÑO,52390,LA TOLA,52390016,SAN PABLO DEL MAR(LA TOLA - NARIÑO),2025,2,4541.0,1405.0,24290.0,domingo,2025-02-16 19:00:00,83125.0
52,NARIÑO,52473,MOSQUERA,52473010,EL BAJITO DE ECHANDIA(MOSQUERA - NARIÑO),2025,2,0.0,0.0,34965.0,nan,2025-12-11 07:30:00,0.0
52,NARIÑO,52490,OLAYA HERRERA,52490913,BOCA DE PRIETA(OLAYA HERRERA - NARIÑO),2025,2,6420.0,2320.0,10540.0,viernes,2025-02-07 16:45:00,26518.0
52,NARIÑO,52621,ROBERTO PAYAN,52621912,TAMAJE(ROBERTO PAYAN - NARIÑO),2025,2,5024.0,1963.0,24120.0,sábado,2025-02-01 19:15:00,94464.0
52,NARIÑO,52696,SANTA BÁRBARA,52696014,LA ENSENADA(SANTA BÁRBARA - NARIÑO),2025,2,2922.0,1538.0,20450.0,martes,2025-02-25 19:30:00,65446.0
52,NARIÑO,52696,SANTA BÁRBARA,52696017,SANTA RITA(SANTA BÁRBARA - NARIÑO),2025,2,2960.0,1530.0,3160.0,domingo,2025-02-02 20:15:00,375.0
52,NARIÑO,52835,SAN ANDRÉS DE TUMACO,52835055,BOCAS DE CURAY(SAN ANDRÉS DE TUMACO - NARIÑO),2025,2,607.0,2134.0,5040.0,miércoles,2025-02-05 19:15:00,57054.0
52,NARIÑO,52835,SAN ANDRÉS DE TUMACO,52835217,SAN JUAN DE LA COSTA(SAN ANDRÉS DE TUMACO - NARIÑO),2025,2,22148.0,8394.0,12160.0,lunes,2025-02-24 19:15:00,99375.0
76,VALLE DEL CAUCA,76109,BUENAVENTURA,76109011,PASTICO(BUENAVENTURA - VALLE DEL CAUCA),2025,2,3232.0,1323.0,21140.0,domingo,2025-02-23 13:45:00,97679.0
76,VALLE DEL CAUCA,76109,BUENAVENTURA,76109018,CONCEPCION(BUENAVENTURA - VALLE DEL CAUCA),2025,2,0.0,0.0,34965.0,nan,2025-05-09 16:30:00,0.0
5,ANTIOQUIA,5873,VIGÍA DEL FUERTE,5873910,PUERTO MEDELLÍN,2026,1,1595.0,6510.0,130536.0,viernes,2026-01-09 18:00:00,722.0
76,VALLE DEL CAUCA,76109,BUENAVENTURA,76109028,PUERTO MERIZALDE(BUENAVENTURA - VALLE DEL CAUCA),2025,2,79358.0,27491.0,209090.0,miércoles,2025-02-19 20:00:00,197232.0
76,VALLE DEL CAUCA,76109,BUENAVENTURA,76109030,PUNTA SOLDADO(BUENAVENTURA - VALLE DEL CAUCA),2025,2,8296.0,2865.0,54230.0,domingo,2025-02-16 18:30:00,108571.0
76,VALLE DEL CAUCA,76109,BUENAVENTURA,76109032,SAN FRANCISCO NAYA(BUENAVENTURA - VALLE DEL CAUCA),2025,2,6789.0,2755.0,32480.0,domingo,2025-02-23 11:30:00,96518.0
76,VALLE DEL CAUCA,76109,BUENAVENTURA,76109034,SAN ISIDRO - CALIMA(BUENAVENTURA - VALLE DEL CAUCA),2025,2,19168.0,3767.0,95170.0,jueves,2025-02-20 19:00:00,89375.0
76,VALLE DEL CAUCA,76109,BUENAVENTURA,76109040,VENERAL(BUENAVENTURA - VALLE DEL CAUCA),2025,2,3936.0,4060.0,28390.0,jueves,2025-02-13 20:00:00,65804.0
76,VALLE DEL CAUCA,76109,BUENAVENTURA,76109069,PAPAYAL 1(BUENAVENTURA - VALLE DEL CAUCA),2025,2,8952.0,151.0,51610.0,jueves,2025-02-13 19:30:00,104464.0
76,VALLE DEL CAUCA,76109,BUENAVENTURA,76109081,PUNTA BONITA(BUENAVENTURA - VALLE DEL CAUCA),2025,2,5169.0,3216.0,2120.0,sábado,2025-02-08 17:45:00,105714.0
76,VALLE DEL CAUCA,76109,BUENAVENTURA,76109105,PITAL(BUENAVENTURA - VALLE DEL CAUCA),2025,2,289.0,6000.0,19030.0,sábado,2025-02-01 18:00:00,6875.0
76,VALLE DEL CAUCA,76109,BUENAVENTURA,76109863,SAN ANTONIO (BUENAVENTURA - VALLE DEL CAUCA),2025,2,1623.0,3770.0,8090.0,miércoles,2025-02-12 15:45:00,95179.0
76,VALLE DEL CAUCA,76109,BUENAVENTURA,76109904,SAN ANTONIO (RIO CAJAMBRE)(BUENAVENTURA - VALLE DEL CAUCA),2025,2,4317.0,1296.0,31680.0,jueves,2025-02-06 11:15:00,68661.0
76,VALLE DEL CAUCA,76109,BUENAVENTURA,76109913,MAYORQUIN(BUENAVENTURA - VALLE DEL CAUCA),2025,2,2737.0,1152.0,15980.0,domingo,2025-02-09 20:30:00,77946.0
76,VALLE DEL CAUCA,76109,BUENAVENTURA,76109930,GALVEZ(BUENAVENTURA - VALLE DEL CAUCA),2025,2,4253.0,7500.0,19680.0,sábado,2025-02-22 20:00:00,104018.0
76,VALLE DEL CAUCA,76109,BUENAVENTURA,76109957,HUMANES MAR(BUENAVENTURA - VALLE DEL CAUCA),2025,2,1336.0,1530.0,11970.0,sábado,2025-02-01 11:00:00,85446.0
86,PUTUMAYO,86573,PUERTO LEGUIZAMO,86573000,PUERTO LEGUIZAMO(PUERTO LEGUIZAMO - PUTUMAYO),2025,2,880009.0,247118.0,202506.0,miércoles,2025-02-05 15:00:00,235357.0
86,PUTUMAYO,86573,PUERTO LEGUIZAMO,86573009,PIÑUÑA NEGRO(PUERTO LEGUIZAMO - PUTUMAYO),2025,2,4325.0,2474.0,3520.0,domingo,2025-02-16 17:15:00,76607.0
88,ARCHIPIÉLAGO DE SAN ANDRÉS y PROVIDENCIA,88001,SAN ANDRÉS,88001000,SAN ANDRÉS(SAN ANDRÉS - ARCHIPIÉLAGO DE SAN ANDRÉS y PROVIDENCIA ),2025,2,7576.0,4650.0,2980572.0,viernes,2025-02-28 16:15:00,24.0
88,ARCHIPIÉLAGO DE SAN ANDRÉS y PROVIDENCIA,88564,PROVIDENCIA,88564000,PROVIDENCIA(PROVIDENCIA - ARCHIPIÉLAGO DE SAN ANDRÉS y PROVIDENCIA ),2025,2,7576.0,203998.0,190402.0,viernes,2025-02-28 15:00:00,239554.0
91,AMAZONAS,91001,LETICIA,91001000,LETICIA(LETICIA - AMAZONAS),2025,2,7576.0,845293.0,785144.0,martes,2025-02-04 15:45:00,24.0
91,AMAZONAS,91540,PUERTO NARIÑO,91540000,PUERTO NARIÑO(PUERTO NARIÑO - AMAZONAS),2025,2,116955.0,36836.0,26240.0,martes,2025-02-04 14:30:00,24.0
91,AMAZONAS,91798,TARAPACA (ANM),91798000,TARAPACA(TARAPACA (ANM) - AMAZONAS),2025,2,22861.0,10287.0,95280.0,miércoles,2025-02-19 20:00:00,102411.0
94,GUAINÍA,94001,INÍRIDA,94001000,INÍRIDA(INÍRIDA - GUAINÍA),2025,2,7576.0,594152.0,455224.0,miércoles,2025-02-26 14:45:00,24.0
94,GUAINÍA,94001,INÍRIDA,94001905,CHORRO BOCON(INÍRIDA - GUAINÍA),2025,2,479.0,70.0,17360.0,jueves,2025-02-27 20:00:00,163571.0
94,GUAINÍA,94001,INÍRIDA,94001916,VENADO(INÍRIDA - GUAINÍA),2025,2,2918.0,6810.0,9810.0,miércoles,2025-02-26 19:00:00,239821.0
94,GUAINÍA,94001,INÍRIDA,94001966,LAGUNA COLORADA ALTA(INÍRIDA - GUAINÍA),2025,2,8569.0,3290.0,28130.0,lunes,2025-02-17 20:00:00,158125.0
94,GUAINÍA,94343,BARRANCO MINAS,94343900,CARPINTERO(BARRANCO MINAS - GUAINÍA),2025,2,1382.0,5960.0,5220.0,sábado,2025-02-15 18:30:00,143929.0
94,GUAINÍA,94343,BARRANCO MINAS,94343901,CHATARE(BARRANCO MINAS - GUAINÍA),2025,2,1773.0,2380.0,4290.0,sábado,2025-02-08 19:15:00,230714.0
95,GUAVIARE,95001,SAN JOSÉ DEL GUAVIARE,95001012,CACHICAMO(SAN JOSÉ DEL GUAVIARE - GUAVIARE),2025,2,10295.0,435.0,38610.0,domingo,2025-02-16 19:30:00,134107.0
95,GUAVIARE,95200,MIRAFLORES,95200000,MIRAFLORES(MIRAFLORES - GUAVIARE),2025,2,112669.0,18241.0,241410.0,sábado,2025-02-15 18:45:00,24.0
97,VAUPÉS,97001,MITÚ,97001000,MITÚ(MITÚ - VAUPÉS),2025,2,7576.0,342875.0,32475.0,miércoles,2025-02-26 11:15:00,239821.0
97,VAUPÉS,97161,CARURÚ,97161000,CARURÚ(CARURÚ - VAUPÉS),2025,2,34419.0,5586.0,96450.0,martes,2025-02-25 18:15:00,169911.0
97,VAUPÉS,97666,TARAIRA,97666000,TARAIRA(TARAIRA - VAUPÉS),2025,2,3497.0,9325.0,130060.0,lunes,2025-02-24 19:15:00,133214.0
99,VICHADA,99001,PUERTO CARREÑO,99001000,PUERTO CARREÑO(PUERTO CARREÑO - VICHADA),2025,2,7576.0,701498.0,56452.0,miércoles,2025-02-26 13:45:00,24.0
99,VICHADA,99773,CUMARIBO,99773000,CUMARIBO(CUMARIBO - VICHADA),2025,2,381265.0,137958.0,812940.0,lunes,2025-02-17 14:45:00,238839.0
5,ANTIOQUIA,5873,VIGÍA DEL FUERTE,5873001,SAN ANTONIO DE PADUA(VIGÍA DEL FUERTE - ANTIOQUIA),2025,3,7102.0,0.0,4870.0,martes,2025-03-18 18:45:00,81855.0
5,ANTIOQUIA,5873,VIGÍA DEL FUERTE,5873005,SAN MIGUEL(VIGÍA DEL FUERTE - ANTIOQUIA),2025,3,2976.0,1413.0,18060.0,miércoles,2025-03-19 19:30:00,68548.0
5,ANTIOQUIA,5873,VIGÍA DEL FUERTE,5873010,LA PLAYA MURRI (VIGÍA DEL FUERTE - ANTIOQUIA),2025,3,1324.0,4840.0,2250.0,sábado,2025-03-01 19:45:00,63871.0
5,ANTIOQUIA,5873,VIGÍA DEL FUERTE,5873013,LOMA MURRI(VIGÍA DEL FUERTE - ANTIOQUIA),2025,3,4261.0,147.0,25420.0,sábado,2025-03-08 19:30:00,70484.0
5,ANTIOQUIA,5873,VIGÍA DEL FUERTE,5873910,PUERTO MEDELLÍN(VIGÍA DEL FUERTE - ANTIOQUIA),2025,3,1965.0,7180.0,13530.0,miércoles,2025-03-12 11:15:00,87903.0
5,ANTIOQUIA,5873,VIGÍA DEL FUERTE,5873913,JARAPETO (RESGUARDO INDÍGENA)(VIGÍA DEL FUERTE - ANTIOQUIA),2025,3,1110.0,710.0,2580.0,lunes,2025-03-03 15:45:00,14919.0
13,BOLÍVAR,13001,CARTAGENA DE INDIAS,13001017,SANTA CRUZ DEL ISLOTE(CARTAGENA DE INDIAS - BOLÍVAR),2025,3,13103.0,3556.0,49860.0,viernes,2025-03-28 22:00:00,110887.0
27,CHOCÓ,27372,JURADO,27372901,SANTA TERESITA,2026,1,5490.0,1090.0,7014.0,viernes,2026-01-30 11:45:00,578.0
13,BOLÍVAR,13001,CARTAGENA DE INDIAS,13001037,ISLA MUCURA(CARTAGENA DE INDIAS - BOLÍVAR),2025,3,5606.0,1821.0,18370.0,jueves,2025-03-06 22:45:00,116774.0
18,CAQUETÁ,18150,CARTAGENA DEL CHAIRA,18150001,REMOLINO DEL CAGUAN(CARTAGENA DEL CHAIRA - CAQUETÁ),2025,3,14642.0,5971.0,99180.0,martes,2025-03-25 19:00:00,6121.0
18,CAQUETÁ,18150,CARTAGENA DEL CHAIRA,18150002,SANTA FE DEL CAGUAN(CARTAGENA DEL CHAIRA - CAQUETÁ),2025,3,328.0,1301.0,37680.0,viernes,2025-03-21 18:30:00,3629.0
18,CAQUETÁ,18753,SAN VICENTE DEL CAGUÁN,18753002,GUACAMAYAS(SAN VICENTE DEL CAGUÁN - CAQUETÁ),2025,3,12786.0,412.0,36290.0,miércoles,2025-03-26 19:45:00,175565.0
18,CAQUETÁ,18753,SAN VICENTE DEL CAGUÁN,18753009,PUERTO BETANIA(SAN VICENTE DEL CAGUÁN - CAQUETÁ),2025,3,575.0,1886.0,4060.0,jueves,2025-03-27 19:00:00,63952.0
18,CAQUETÁ,18753,SAN VICENTE DEL CAGUÁN,18753012,SANTA ROSA(SAN VICENTE DEL CAGUÁN - CAQUETÁ),2025,3,268.0,1135.0,20320.0,lunes,2025-03-10 15:45:00,725.0
18,CAQUETÁ,18753,SAN VICENTE DEL CAGUÁN,18753033,VILLA LOBOS(SAN VICENTE DEL CAGUÁN - CAQUETÁ),2025,3,6258.0,2236.0,52030.0,jueves,2025-03-20 19:00:00,48468.0
19,CAUCA,19318,GUAPI,19318008,LIMONES(GUAPI - CAUCA),2025,3,8446.0,4615.0,42180.0,martes,2025-03-25 19:30:00,86694.0
19,CAUCA,19318,GUAPI,19318013,SAN ANTONIO DE GUAJUI(GUAPI - CAUCA),2025,3,10491.0,5756.0,59250.0,domingo,2025-03-30 19:15:00,76855.0
19,CAUCA,19418,LÓPEZ DE MICAY,19418009,NOANAMITO(LÓPEZ DE MICAY - CAUCA),2025,3,5602.0,255.0,440.0,martes,2025-03-11 19:00:00,57742.0
19,CAUCA,19418,LÓPEZ DE MICAY,19418033,BOCA GRANDE(LÓPEZ DE MICAY - CAUCA),2025,3,4066.0,1229.0,51960.0,sábado,2025-03-01 20:30:00,425.0
19,CAUCA,19809,TIMBIQUÍ,19809003,COTEJE(TIMBIQUÍ - CAUCA),2025,3,5267.0,394.0,30160.0,domingo,2025-03-02 20:00:00,69919.0
19,CAUCA,19809,TIMBIQUÍ,19809007,SAN JOSE(TIMBIQUÍ - CAUCA),2025,3,6401.0,3606.0,35830.0,martes,2025-03-04 19:00:00,71532.0
19,CAUCA,19809,TIMBIQUÍ,19809009,SANTA ROSA DE SAIJA(TIMBIQUÍ - CAUCA),2025,3,3526.0,1034.0,23450.0,martes,2025-03-25 19:15:00,59758.0
19,CAUCA,19809,TIMBIQUÍ,19809010,COMUNIDAD DE CHETE(TIMBIQUÍ - CAUCA),2025,3,4846.0,1834.0,31170.0,lunes,2025-03-24 19:15:00,60968.0
19,CAUCA,19809,TIMBIQUÍ,19809014,CHACON(TIMBIQUÍ - CAUCA),2025,3,3487.0,5180.0,21870.0,jueves,2025-03-20 19:00:00,69677.0
27,CHOCÓ,27001,QUIBDÓ,27001029,TAGACHI(QUIBDÓ - CHOCÓ),2025,3,2365.0,7710.0,43270.0,sábado,2025-03-29 19:45:00,2379.0
27,CHOCÓ,27006,ACANDÍ,27006000,ACANDÍ(ACANDÍ - CHOCÓ),2025,3,658858.0,180822.0,135696.0,lunes,2025-03-24 21:45:00,206855.0
27,CHOCÓ,27006,ACANDÍ,27006007,SAN FRANCISCO(ACANDÍ - CHOCÓ),2025,3,23506.0,9416.0,111170.0,domingo,2025-03-23 19:30:00,94032.0
27,CHOCÓ,27025,ALTO BAUDO,27025000,CIUDAD BAUDO - PIE DE PATO(ALTO BAUDO - CHOCÓ),2025,3,54383.0,18389.0,127690.0,sábado,2025-03-08 12:00:00,238306.0
27,CHOCÓ,27025,ALTO BAUDO,27025033,MIACORA(ALTO BAUDO - CHOCÓ),2025,3,1160.0,10.0,2450.0,sábado,2025-03-15 19:15:00,9597.0
27,CHOCÓ,27025,ALTO BAUDO,27025035,PUERTO ALEGRE(ALTO BAUDO - CHOCÓ),2025,3,1059.0,3280.0,5380.0,domingo,2025-03-09 16:30:00,79355.0
27,CHOCÓ,27025,ALTO BAUDO,27025920,EL MORRO(ALTO BAUDO - CHOCÓ),2025,3,5970.0,1470.0,4030.0,jueves,2025-03-06 18:15:00,64435.0
27,CHOCÓ,27025,ALTO BAUDO,27025937,VILLA CECILIA(ALTO BAUDO - CHOCÓ),2025,3,3220.0,1020.0,3480.0,martes,2025-03-18 16:00:00,20242.0
27,CHOCÓ,27075,BAHÍA SOLANO,27075000,CIUDAD MUTIS(BAHÍA SOLANO - CHOCÓ),2025,3,895959.0,243273.0,184712.0,sábado,2025-03-29 20:45:00,2325.0
27,CHOCÓ,27075,BAHÍA SOLANO,27075001,CUPICA(BAHÍA SOLANO - CHOCÓ),2025,3,70483.0,2222.0,145160.0,sábado,2025-03-22 19:45:00,238952.0
27,CHOCÓ,27077,BAJO BAUDÓ,27077000,PIZARRO(BAJO BAUDÓ - CHOCÓ),2025,3,197456.0,72025.0,49790.0,martes,2025-03-18 13:00:00,171129.0
27,CHOCÓ,27077,BAJO BAUDÓ,27077002,BELEN DE DOCAMPADO(BAJO BAUDÓ - CHOCÓ),2025,3,8725.0,2761.0,37840.0,sábado,2025-03-08 11:00:00,101613.0
27,CHOCÓ,27077,BAJO BAUDÓ,27077008,ORPUA(BAJO BAUDÓ - CHOCÓ),2025,3,4500.0,4230.0,6590.0,lunes,2025-03-24 19:00:00,4371.0
27,CHOCÓ,27077,BAJO BAUDÓ,27077011,PILIZA - BELLAVISTA - VILLA LUZ(BAJO BAUDÓ - CHOCÓ),2025,3,3046.0,7110.0,2560.0,lunes,2025-03-03 18:45:00,49516.0
27,CHOCÓ,27077,BAJO BAUDÓ,27077016,SIVIRU(BAJO BAUDÓ - CHOCÓ),2025,3,5426.0,2311.0,42250.0,viernes,2025-03-21 19:15:00,61048.0
27,CHOCÓ,27077,BAJO BAUDÓ,27077019,VIRUDO(BAJO BAUDÓ - CHOCÓ),2025,3,6775.0,3172.0,31580.0,viernes,2025-03-14 20:15:00,91855.0
27,CHOCÓ,27077,BAJO BAUDÓ,27077026,GUINEAL(BAJO BAUDÓ - CHOCÓ),2025,3,3393.0,3938.0,29530.0,lunes,2025-03-31 18:45:00,83145.0
27,CHOCÓ,27077,BAJO BAUDÓ,27077029,FIRME DE USARGA(BAJO BAUDÓ - CHOCÓ),2025,3,0.0,0.0,34965.0,nan,2025-07-05 10:15:00,0.0
27,CHOCÓ,27077,BAJO BAUDÓ,27077905,BUENAVISTA(BAJO BAUDÓ - CHOCÓ),2025,3,2966.0,9890.0,22370.0,domingo,2025-03-02 17:45:00,64274.0
27,CHOCÓ,27077,BAJO BAUDÓ,27077911,PLAYA NUEVA(BAJO BAUDÓ - CHOCÓ),2025,3,3317.0,1368.0,18040.0,sábado,2025-03-08 10:30:00,83226.0
27,CHOCÓ,27077,BAJO BAUDÓ,27077916,TERRON(BAJO BAUDÓ - CHOCÓ),2025,3,6190.0,5980.0,16910.0,jueves,2025-03-20 19:45:00,15323.0
27,CHOCÓ,27099,BOJAYÁ,27099000,BELLAVISTA(BOJAYÁ - CHOCÓ),2025,3,118219.0,44005.0,326790.0,sábado,2025-03-15 19:00:00,143629.0
27,CHOCÓ,27099,BOJAYÁ,27099002,LA LOMA DE BOJAYA(BOJAYÁ - CHOCÓ),2025,3,14014.0,6032.0,70070.0,sábado,2025-03-01 18:30:00,87823.0
27,CHOCÓ,27099,BOJAYÁ,27099005,NAPIPI(BOJAYÁ - CHOCÓ),2025,3,6374.0,2209.0,5120.0,jueves,2025-03-06 15:45:00,46935.0
27,CHOCÓ,27099,BOJAYÁ,27099012,POGUE(BOJAYÁ - CHOCÓ),2025,3,2743.0,1382.0,2170.0,sábado,2025-03-15 11:45:00,52742.0
27,CHOCÓ,27099,BOJAYÁ,27099030,PIEDRA CANDELA(BOJAYÁ - CHOCÓ),2025,3,8011.0,3425.0,36550.0,viernes,2025-03-14 16:15:00,92419.0
27,CHOCÓ,27099,BOJAYÁ,27099905,CHANO(BOJAYÁ - CHOCÓ),2025,3,7670.0,350.0,6210.0,miércoles,2025-03-26 19:45:00,57339.0
27,CHOCÓ,27250,EL LITORAL DEL SAN JUAN,27250000,SANTA GENOVEVA DE DOCORDO(EL LITORAL DEL SAN JUAN - CHOCÓ),2025,3,95006.0,45945.0,257140.0,sábado,2025-03-22 11:30:00,159677.0
27,CHOCÓ,27250,EL LITORAL DEL SAN JUAN,27250023,PAPAYO(EL LITORAL DEL SAN JUAN - CHOCÓ),2025,3,0.0,0.0,34965.0,nan,2025-05-16 11:45:00,0.0
27,CHOCÓ,27361,ISTMINA,27361023,POTEDÓ(ISTMINA - CHOCÓ),2025,3,0.0,0.0,34965.0,nan,2025-08-18 20:45:00,0.0
27,CHOCÓ,27361,ISTMINA,27361048,UNION CHOCO(ISTMINA - CHOCÓ),2025,3,7510.0,3030.0,5910.0,lunes,2025-03-31 18:30:00,50242.0
27,CHOCÓ,27372,JURADO,27372000,JURADO(JURADO - CHOCÓ),2025,3,197515.0,65371.0,3600.0,sábado,2025-03-29 19:30:00,236774.0
27,CHOCÓ,27372,JURADO,27372901,SANTA TERESITA(JURADO - CHOCÓ),2025,3,2883.0,210.0,16890.0,viernes,2025-03-07 19:30:00,120726.0
27,CHOCÓ,27372,JURADO,27372902,BUENAVISTA(JURADO - CHOCÓ),2025,3,1545.0,4360.0,14420.0,lunes,2025-03-31 19:00:00,92339.0
27,CHOCÓ,27372,JURADO,27372905,DICHARDI(JURADO - CHOCÓ),2025,3,2048.0,1831.0,14830.0,domingo,2025-03-09 06:30:00,121694.0
27,CHOCÓ,27372,JURADO,27372907,EYASAKE(JURADO - CHOCÓ),2025,3,5978.0,2559.0,17130.0,sábado,2025-03-15 08:00:00,142339.0
27,CHOCÓ,27372,JURADO,27372930,DOS BOCAS(JURADO - CHOCÓ),2025,3,6340.0,2880.0,14180.0,miércoles,2025-03-19 19:45:00,26694.0
27,CHOCÓ,27425,MEDIO ATRATO,27425000,BETE(MEDIO ATRATO - CHOCÓ),2025,3,11295.0,4498.0,1000.0,miércoles,2025-03-26 19:15:00,58387.0
27,CHOCÓ,27425,MEDIO ATRATO,27425008,SAN ROQUE(MEDIO ATRATO - CHOCÓ),2025,3,1152.0,5800.0,18860.0,domingo,2025-03-16 19:00:00,28629.0
27,CHOCÓ,27491,NOVITA,27491004,JUNTAS DE TAMANA(NOVITA - CHOCÓ),2025,3,0.0,0.0,34965.0,nan,2025-03-23 09:15:00,0.0
27,CHOCÓ,27495,NUQUÍ,27495000,NUQUÍ(NUQUÍ - CHOCÓ),2025,3,304872.0,96692.0,61670.0,martes,2025-03-25 19:15:00,235.0
27,CHOCÓ,27495,NUQUÍ,27495001,ARUSI(NUQUÍ - CHOCÓ),2025,3,23912.0,1051.0,6960.0,sábado,2025-03-29 14:00:00,170565.0
27,CHOCÓ,27495,NUQUÍ,27495003,JURUBIRA(NUQUÍ - CHOCÓ),2025,3,12301.0,4542.0,62230.0,sábado,2025-03-29 19:30:00,134113.0
27,CHOCÓ,27495,NUQUÍ,27495008,JOVI(NUQUÍ - CHOCÓ),2025,3,8108.0,3161.0,25190.0,lunes,2025-03-31 20:15:00,148306.0
27,CHOCÓ,27495,NUQUÍ,27495010,TERMALES(NUQUÍ - CHOCÓ),2025,3,7524.0,3867.0,28070.0,sábado,2025-03-29 14:30:00,117258.0
27,CHOCÓ,27495,NUQUÍ,27495011,COMUNIDAD DE PUERTO JAGUA(NUQUÍ - CHOCÓ),2025,3,1101.0,3710.0,6360.0,jueves,2025-03-20 19:00:00,74113.0
27,CHOCÓ,27495,NUQUÍ,27495012,COMUNIDAD INDIG. PUERTO INDIO(NUQUÍ - CHOCÓ),2025,3,0.0,0.0,34965.0,nan,2025-12-23 19:15:00,0.0
27,CHOCÓ,27495,NUQUÍ,27495910,COMUNIDAD INDIG. DE RIO NUQUÍ(NUQUÍ - CHOCÓ),2025,3,8160.0,1490.0,5090.0,viernes,2025-03-28 19:15:00,95323.0
27,CHOCÓ,27495,NUQUÍ,27495912,COMUNIDAD INDÍGENA DE PANGUI - EL YUCAL(NUQUÍ - CHOCÓ),2025,3,6864.0,181.0,1150.0,domingo,2025-03-02 09:45:00,216855.0
27,CHOCÓ,27600,RIO QUITO,27600001,BOCA DE APARTADO(RIO QUITO - CHOCÓ),2025,3,4640.0,2010.0,6010.0,domingo,2025-03-02 19:30:00,35081.0
27,CHOCÓ,27615,RIOSUCIO,27615011,SAN JOSE TAMBORAL(RIOSUCIO - CHOCÓ),2025,3,0.0,0.0,34965.0,nan,2025-01-05 15:45:00,0.0
27,CHOCÓ,27800,UNGUÍA,27800000,UNGUÍA(UNGUÍA - CHOCÓ),2025,3,468469.0,148841.0,975740.0,lunes,2025-03-24 21:30:00,223548.0
27,CHOCÓ,27800,UNGUÍA,27800001,BALBOA(UNGUÍA - CHOCÓ),2025,3,26807.0,9815.0,8680.0,sábado,2025-03-08 20:15:00,129435.0
27,CHOCÓ,27800,UNGUÍA,27800005,TITUMATE(UNGUÍA - CHOCÓ),2025,3,15154.0,3268.0,65650.0,lunes,2025-03-24 19:45:00,112419.0
44,LA GUAJIRA,44847,URIBIA,44847003,CABO DE LA VELA(URIBIA - LA GUAJIRA),2025,3,13728.0,1827.0,94370.0,jueves,2025-03-06 20:15:00,58065.0
44,LA GUAJIRA,44847,URIBIA,44847012,NAZARETH(URIBIA - LA GUAJIRA),2025,3,35001.0,8022.0,267360.0,lunes,2025-03-31 18:15:00,52903.0
47,MAGDALENA,47189,CIÉNAGA,47189018,PALMOR(CIÉNAGA - MAGDALENA),2025,3,106376.0,35328.0,192770.0,lunes,2025-03-10 12:00:00,234597.0
50,META,50325,MAPIRIPAN,50325000,MAPIRIPAN(MAPIRIPAN - META),2025,3,201633.0,64069.0,384120.0,jueves,2025-03-27 18:45:00,24.0
52,NARIÑO,52250,EL CHARCO,52250005,LAS MERCEDES(EL CHARCO - NARIÑO),2025,3,0.0,0.0,34965.0,nan,2025-01-02 18:15:00,0.0
52,NARIÑO,52250,EL CHARCO,52250007,SAN JOSE DEL TAPAJE(EL CHARCO - NARIÑO),2025,3,4394.0,1754.0,320.0,martes,2025-03-04 18:00:00,61129.0
52,NARIÑO,52250,EL CHARCO,52250016,ALTERON - URIBE URIBE(EL CHARCO - NARIÑO),2025,3,8590.0,4790.0,790.0,domingo,2025-03-16 21:00:00,50081.0
52,NARIÑO,52250,EL CHARCO,52250022,EL CUIL PUEBLO NUEVO(EL CHARCO - NARIÑO),2025,3,4020.0,1890.0,29620.0,sábado,2025-03-01 20:45:00,5161.0
52,NARIÑO,52390,LA TOLA,52390003,LA VIGIA DE LA MAR(LA TOLA - NARIÑO),2025,3,7093.0,3462.0,30880.0,domingo,2025-03-02 11:45:00,103952.0
52,NARIÑO,52390,LA TOLA,52390005,AGUACATAL(LA TOLA - NARIÑO),2025,3,1896.0,4010.0,10770.0,jueves,2025-03-13 20:00:00,69516.0
52,NARIÑO,52390,LA TOLA,52390009,MULATOS(LA TOLA - NARIÑO),2025,3,4437.0,2213.0,26020.0,domingo,2025-03-23 18:30:00,80323.0
52,NARIÑO,52390,LA TOLA,52390013,AMARALES(LA TOLA - NARIÑO),2025,3,6819.0,2462.0,57790.0,miércoles,2025-03-12 19:45:00,59435.0
52,NARIÑO,52390,LA TOLA,52390016,SAN PABLO DEL MAR(LA TOLA - NARIÑO),2025,3,6062.0,1952.0,2550.0,sábado,2025-03-08 19:00:00,97581.0
52,NARIÑO,52473,MOSQUERA,52473010,EL BAJITO DE ECHANDIA(MOSQUERA - NARIÑO),2025,3,3335.0,1184.0,1610.0,viernes,2025-03-07 19:30:00,97258.0
52,NARIÑO,52490,OLAYA HERRERA,52490913,BOCA DE PRIETA(OLAYA HERRERA - NARIÑO),2025,3,3250.0,1080.0,1090.0,miércoles,2025-03-05 20:30:00,12258.0
52,NARIÑO,52621,ROBERTO PAYAN,52621912,TAMAJE(ROBERTO PAYAN - NARIÑO),2025,3,4941.0,1971.0,26350.0,jueves,2025-03-27 19:30:00,80403.0
52,NARIÑO,52696,SANTA BÁRBARA,52696014,LA ENSENADA(SANTA BÁRBARA - NARIÑO),2025,3,3009.0,1494.0,21060.0,miércoles,2025-03-12 19:15:00,6129.0
52,NARIÑO,52696,SANTA BÁRBARA,52696017,SANTA RITA(SANTA BÁRBARA - NARIÑO),2025,3,4578.0,2588.0,3340.0,lunes,2025-03-24 20:15:00,56129.0
52,NARIÑO,52835,SAN ANDRÉS DE TUMACO,52835055,BOCAS DE CURAY(SAN ANDRÉS DE TUMACO - NARIÑO),2025,3,6351.0,2252.0,5520.0,lunes,2025-03-03 18:00:00,58306.0
52,NARIÑO,52835,SAN ANDRÉS DE TUMACO,52835217,SAN JUAN DE LA COSTA(SAN ANDRÉS DE TUMACO - NARIÑO),2025,3,12478.0,4386.0,12160.0,viernes,2025-03-14 19:00:00,46694.0
76,VALLE DEL CAUCA,76109,BUENAVENTURA,76109011,PASTICO(BUENAVENTURA - VALLE DEL CAUCA),2025,3,3826.0,1592.0,15450.0,sábado,2025-03-22 19:00:00,102419.0
76,VALLE DEL CAUCA,76109,BUENAVENTURA,76109018,CONCEPCION(BUENAVENTURA - VALLE DEL CAUCA),2025,3,0.0,0.0,34965.0,nan,2025-02-10 17:00:00,0.0
76,VALLE DEL CAUCA,76109,BUENAVENTURA,76109028,PUERTO MERIZALDE(BUENAVENTURA - VALLE DEL CAUCA),2025,3,100946.0,43716.0,244990.0,martes,2025-03-25 19:15:00,202903.0
76,VALLE DEL CAUCA,76109,BUENAVENTURA,76109030,PUNTA SOLDADO(BUENAVENTURA - VALLE DEL CAUCA),2025,3,9434.0,265.0,57680.0,sábado,2025-03-01 18:30:00,83226.0
76,VALLE DEL CAUCA,76109,BUENAVENTURA,76109032,SAN FRANCISCO NAYA(BUENAVENTURA - VALLE DEL CAUCA),2025,3,8254.0,3424.0,34980.0,domingo,2025-03-16 11:45:00,105645.0
76,VALLE DEL CAUCA,76109,BUENAVENTURA,76109034,SAN ISIDRO - CALIMA(BUENAVENTURA - VALLE DEL CAUCA),2025,3,24109.0,4456.0,93340.0,jueves,2025-03-13 18:30:00,99355.0
76,VALLE DEL CAUCA,76109,BUENAVENTURA,76109040,VENERAL(BUENAVENTURA - VALLE DEL CAUCA),2025,3,647.0,6660.0,28340.0,lunes,2025-03-10 19:15:00,98065.0
76,VALLE DEL CAUCA,76109,BUENAVENTURA,76109069,PAPAYAL 1(BUENAVENTURA - VALLE DEL CAUCA),2025,3,9552.0,1599.0,48460.0,jueves,2025-03-13 18:45:00,105242.0
76,VALLE DEL CAUCA,76109,BUENAVENTURA,76109081,PUNTA BONITA(BUENAVENTURA - VALLE DEL CAUCA),2025,3,5755.0,3634.0,21290.0,lunes,2025-03-31 19:00:00,104919.0
76,VALLE DEL CAUCA,76109,BUENAVENTURA,76109105,PITAL(BUENAVENTURA - VALLE DEL CAUCA),2025,3,4047.0,9430.0,17690.0,sábado,2025-03-29 18:30:00,92823.0
76,VALLE DEL CAUCA,76109,BUENAVENTURA,76109817,SANTA MARIA 1 NAYA(BUENAVENTURA - VALLE DEL CAUCA),2025,3,1624.0,5830.0,10870.0,sábado,2025-03-15 18:15:00,59435.0
76,VALLE DEL CAUCA,76109,BUENAVENTURA,76109863,SAN ANTONIO (BUENAVENTURA - VALLE DEL CAUCA),2025,3,197.0,5460.0,7640.0,martes,2025-03-18 07:00:00,112097.0
76,VALLE DEL CAUCA,76109,BUENAVENTURA,76109904,SAN ANTONIO (RIO CAJAMBRE)(BUENAVENTURA - VALLE DEL CAUCA),2025,3,4307.0,129.0,29770.0,viernes,2025-03-21 11:30:00,62984.0
76,VALLE DEL CAUCA,76109,BUENAVENTURA,76109907,SAN PABLO( CAJAMBRE)(BUENAVENTURA - VALLE DEL CAUCA),2025,3,1965.0,0.0,19250.0,sábado,2025-03-29 20:30:00,37903.0
76,VALLE DEL CAUCA,76109,BUENAVENTURA,76109913,MAYORQUIN(BUENAVENTURA - VALLE DEL CAUCA),2025,3,2966.0,1193.0,14840.0,sábado,2025-03-01 18:30:00,8379.0
76,VALLE DEL CAUCA,76109,BUENAVENTURA,76109930,GALVEZ(BUENAVENTURA - VALLE DEL CAUCA),2025,3,3731.0,6100.0,35770.0,viernes,2025-03-07 19:45:00,69435.0
76,VALLE DEL CAUCA,76109,BUENAVENTURA,76109957,HUMANES MAR(BUENAVENTURA - VALLE DEL CAUCA),2025,3,2362.0,3200.0,46440.0,lunes,2025-03-31 17:15:00,89113.0
86,PUTUMAYO,86573,PUERTO LEGUIZAMO,86573000,PUERTO LEGUIZAMO(PUERTO LEGUIZAMO - PUTUMAYO),2025,3,96998.0,260775.0,185398.0,viernes,2025-03-07 15:15:00,24.0
86,PUTUMAYO,86573,PUERTO LEGUIZAMO,86573009,PIÑUÑA NEGRO(PUERTO LEGUIZAMO - PUTUMAYO),2025,3,4498.0,257.0,3840.0,sábado,2025-03-01 19:00:00,54355.0
88,ARCHIPIÉLAGO DE SAN ANDRÉS y PROVIDENCIA,88001,SAN ANDRÉS,88001000,SAN ANDRÉS(SAN ANDRÉS - ARCHIPIÉLAGO DE SAN ANDRÉS y PROVIDENCIA ),2025,3,7576.0,4650.0,309038.0,martes,2025-03-25 15:45:00,24.0
88,ARCHIPIÉLAGO DE SAN ANDRÉS y PROVIDENCIA,88564,PROVIDENCIA,88564000,PROVIDENCIA(PROVIDENCIA - ARCHIPIÉLAGO DE SAN ANDRÉS y PROVIDENCIA ),2025,3,7576.0,242254.0,191849.0,miércoles,2025-03-26 21:30:00,239919.0
91,AMAZONAS,91001,LETICIA,91001000,LETICIA(LETICIA - AMAZONAS),2025,3,7576.0,98233.0,806404.0,jueves,2025-03-20 15:15:00,24.0
91,AMAZONAS,91540,PUERTO NARIÑO,91540000,PUERTO NARIÑO(PUERTO NARIÑO - AMAZONAS),2025,3,132111.0,41862.0,2720.0,martes,2025-03-04 18:30:00,24.0
91,AMAZONAS,91798,TARAPACA (ANM),91798000,TARAPACA(TARAPACA (ANM) - AMAZONAS),2025,3,26384.0,11753.0,97110.0,jueves,2025-03-20 20:00:00,102581.0
94,GUAINÍA,94001,INÍRIDA,94001000,INÍRIDA(INÍRIDA - GUAINÍA),2025,3,7576.0,666506.0,474584.0,martes,2025-03-25 14:15:00,24.0
94,GUAINÍA,94001,INÍRIDA,94001905,CHORRO BOCON(INÍRIDA - GUAINÍA),2025,3,5706.0,1390.0,19440.0,jueves,2025-03-20 20:15:00,162177.0
94,GUAINÍA,94001,INÍRIDA,94001916,VENADO(INÍRIDA - GUAINÍA),2025,3,329.0,5400.0,9920.0,martes,2025-03-25 19:30:00,239919.0
94,GUAINÍA,94001,INÍRIDA,94001966,LAGUNA COLORADA ALTA(INÍRIDA - GUAINÍA),2025,3,9289.0,3850.0,29910.0,domingo,2025-03-09 18:30:00,150403.0
94,GUAINÍA,94343,BARRANCO MINAS,94343900,CARPINTERO(BARRANCO MINAS - GUAINÍA),2025,3,1949.0,9140.0,6120.0,domingo,2025-03-30 19:30:00,191774.0
94,GUAINÍA,94343,BARRANCO MINAS,94343901,CHATARE(BARRANCO MINAS - GUAINÍA),2025,3,1143.0,1420.0,4360.0,sábado,2025-03-01 19:15:00,141613.0
95,GUAVIARE,95001,SAN JOSÉ DEL GUAVIARE,95001012,CACHICAMO(SAN JOSÉ DEL GUAVIARE - GUAVIARE),2025,3,11618.0,4962.0,43090.0,domingo,2025-03-30 19:30:00,124032.0
95,GUAVIARE,95200,MIRAFLORES,95200000,MIRAFLORES(MIRAFLORES - GUAVIARE),2025,3,127733.0,18367.0,260540.0,martes,2025-03-25 18:15:00,24.0
97,VAUPÉS,97001,MITÚ,97001000,MITÚ(MITÚ - VAUPÉS),2025,3,7576.0,387915.0,340998.0,jueves,2025-03-13 11:45:00,23879.0
97,VAUPÉS,97161,CARURÚ,97161000,CARURÚ(CARURÚ - VAUPÉS),2025,3,38728.0,6806.0,9530.0,martes,2025-03-25 18:30:00,170565.0
97,VAUPÉS,97666,TARAIRA,97666000,TARAIRA(TARAIRA - VAUPÉS),2025,3,45876.0,12716.0,134820.0,jueves,2025-03-20 18:30:00,145081.0
99,VICHADA,99001,PUERTO CARREÑO,99001000,PUERTO CARREÑO(PUERTO CARREÑO - VICHADA),2025,3,7576.0,768017.0,573408.0,jueves,2025-03-13 14:00:00,239758.0
99,VICHADA,99773,CUMARIBO,99773000,CUMARIBO(CUMARIBO - VICHADA),2025,3,426253.0,15092.0,83180.0,miércoles,2025-03-26 15:00:00,237258.0
5,ANTIOQUIA,5873,VIGÍA DEL FUERTE,5873001,SAN ANTONIO DE PADUA(VIGÍA DEL FUERTE - ANTIOQUIA),2025,4,8394.0,0.0,43170.0,martes,2025-04-29 18:45:00,104.0
5,ANTIOQUIA,5873,VIGÍA DEL FUERTE,5873005,SAN MIGUEL(VIGÍA DEL FUERTE - ANTIOQUIA),2025,4,3527.0,1594.0,17730.0,miércoles,2025-04-30 19:00:00,80833.0
5,ANTIOQUIA,5873,VIGÍA DEL FUERTE,5873010,LA PLAYA MURRI (VIGÍA DEL FUERTE - ANTIOQUIA),2025,4,1365.0,5330.0,7680.0,sábado,2025-04-26 19:30:00,9325.0
5,ANTIOQUIA,5873,VIGÍA DEL FUERTE,5873013,LOMA MURRI(VIGÍA DEL FUERTE - ANTIOQUIA),2025,4,5221.0,2073.0,29020.0,miércoles,2025-04-30 20:00:00,81917.0
5,ANTIOQUIA,5873,VIGÍA DEL FUERTE,5873910,PUERTO MEDELLÍN(VIGÍA DEL FUERTE - ANTIOQUIA),2025,4,1436.0,5640.0,10840.0,sábado,2025-04-05 19:30:00,70083.0
5,ANTIOQUIA,5873,VIGÍA DEL FUERTE,5873913,JARAPETO (RESGUARDO INDÍGENA)(VIGÍA DEL FUERTE - ANTIOQUIA),2025,4,1540.0,900.0,4130.0,sábado,2025-04-26 20:15:00,7667.0
13,BOLÍVAR,13001,CARTAGENA DE INDIAS,13001017,SANTA CRUZ DEL ISLOTE(CARTAGENA DE INDIAS - BOLÍVAR),2025,4,13492.0,3464.0,54140.0,miércoles,2025-04-16 22:30:00,107917.0
13,BOLÍVAR,13001,CARTAGENA DE INDIAS,13001037,ISLA MUCURA(CARTAGENA DE INDIAS - BOLÍVAR),2025,4,424.0,1307.0,19940.0,viernes,2025-04-18 02:00:00,88667.0
18,CAQUETÁ,18150,CARTAGENA DEL CHAIRA,18150001,REMOLINO DEL CAGUAN(CARTAGENA DEL CHAIRA - CAQUETÁ),2025,4,13702.0,5607.0,95110.0,sábado,2025-04-12 19:15:00,585.0
18,CAQUETÁ,18150,CARTAGENA DEL CHAIRA,18150002,SANTA FE DEL CAGUAN(CARTAGENA DEL CHAIRA - CAQUETÁ),2025,4,2993.0,1181.0,40120.0,martes,2025-04-01 18:45:00,34667.0
18,CAQUETÁ,18753,SAN VICENTE DEL CAGUÁN,18753002,GUACAMAYAS(SAN VICENTE DEL CAGUÁN - CAQUETÁ),2025,4,12439.0,3936.0,35980.0,sábado,2025-04-26 19:30:00,17175.0
18,CAQUETÁ,18753,SAN VICENTE DEL CAGUÁN,18753009,PUERTO BETANIA(SAN VICENTE DEL CAGUÁN - CAQUETÁ),2025,4,5646.0,1797.0,41360.0,viernes,2025-04-25 19:00:00,61583.0
18,CAQUETÁ,18753,SAN VICENTE DEL CAGUÁN,18753012,SANTA ROSA(SAN VICENTE DEL CAGUÁN - CAQUETÁ),2025,4,2733.0,1114.0,17070.0,martes,2025-04-08 19:30:00,7375.0
19,CAUCA,19318,GUAPI,19318008,LIMONES(GUAPI - CAUCA),2025,4,9516.0,6201.0,42350.0,domingo,2025-04-27 18:15:00,98917.0
19,CAUCA,19318,GUAPI,19318013,SAN ANTONIO DE GUAJUI(GUAPI - CAUCA),2025,4,6979.0,363.0,58860.0,domingo,2025-04-06 19:00:00,48833.0
19,CAUCA,19418,LÓPEZ DE MICAY,19418009,NOANAMITO(LÓPEZ DE MICAY - CAUCA),2025,4,633.0,2992.0,400.0,viernes,2025-04-04 19:30:00,71417.0
19,CAUCA,19418,LÓPEZ DE MICAY,19418033,BOCA GRANDE(LÓPEZ DE MICAY - CAUCA),2025,4,4738.0,1513.0,37680.0,sábado,2025-04-05 19:45:00,525.0
19,CAUCA,19809,TIMBIQUÍ,19809003,COTEJE(TIMBIQUÍ - CAUCA),2025,4,6242.0,4735.0,3180.0,jueves,2025-04-17 19:45:00,85417.0
19,CAUCA,19809,TIMBIQUÍ,19809007,SAN JOSE(TIMBIQUÍ - CAUCA),2025,4,659.0,3833.0,40080.0,miércoles,2025-04-16 19:30:00,755.0
19,CAUCA,19809,TIMBIQUÍ,19809009,SANTA ROSA DE SAIJA(TIMBIQUÍ - CAUCA),2025,4,3959.0,1088.0,22870.0,sábado,2025-04-26 20:15:00,73833.0
19,CAUCA,19809,TIMBIQUÍ,19809010,COMUNIDAD DE CHETE(TIMBIQUÍ - CAUCA),2025,4,5255.0,2086.0,30880.0,miércoles,2025-04-30 19:00:00,70333.0
19,CAUCA,19809,TIMBIQUÍ,19809014,CHACON(TIMBIQUÍ - CAUCA),2025,4,3555.0,7790.0,22460.0,martes,2025-04-29 20:00:00,69417.0
27,CHOCÓ,27001,QUIBDÓ,27001029,TAGACHI(QUIBDÓ - CHOCÓ),2025,4,472.0,1544.0,44930.0,sábado,2025-04-19 20:15:00,45417.0
27,CHOCÓ,27006,ACANDÍ,27006000,ACANDÍ(ACANDÍ - CHOCÓ),2025,4,625064.0,171072.0,137051.0,miércoles,2025-04-09 22:15:00,200583.0
27,CHOCÓ,27006,ACANDÍ,27006007,SAN FRANCISCO(ACANDÍ - CHOCÓ),2025,4,255.0,9911.0,138820.0,jueves,2025-04-17 21:30:00,9425.0
27,CHOCÓ,27025,ALTO BAUDO,27025000,CIUDAD BAUDO - PIE DE PATO(ALTO BAUDO - CHOCÓ),2025,4,5285.0,18216.0,122140.0,sábado,2025-04-26 12:00:00,23625.0
27,CHOCÓ,27025,ALTO BAUDO,27025033,MIACORA(ALTO BAUDO - CHOCÓ),2025,4,210.0,10.0,3040.0,miércoles,2025-04-16 19:00:00,2667.0
27,CHOCÓ,27025,ALTO BAUDO,27025035,PUERTO ALEGRE(ALTO BAUDO - CHOCÓ),2025,4,1159.0,3810.0,7440.0,miércoles,2025-04-02 12:30:00,93333.0
27,CHOCÓ,27025,ALTO BAUDO,27025920,EL MORRO(ALTO BAUDO - CHOCÓ),2025,4,6420.0,1700.0,4260.0,domingo,2025-04-27 21:00:00,7375.0
27,CHOCÓ,27025,ALTO BAUDO,27025937,VILLA CECILIA(ALTO BAUDO - CHOCÓ),2025,4,3110.0,1050.0,3170.0,domingo,2025-04-20 14:00:00,19.0
27,CHOCÓ,27075,BAHÍA SOLANO,27075000,CIUDAD MUTIS(BAHÍA SOLANO - CHOCÓ),2025,4,921799.0,246345.0,184096.0,jueves,2025-04-03 19:15:00,235083.0
27,CHOCÓ,27075,BAHÍA SOLANO,27075001,CUPICA(BAHÍA SOLANO - CHOCÓ),2025,4,74868.0,22127.0,160120.0,miércoles,2025-04-02 19:30:00,238333.0
27,CHOCÓ,27077,BAJO BAUDÓ,27077000,PIZARRO(BAJO BAUDÓ - CHOCÓ),2025,4,163939.0,61435.0,485760.0,lunes,2025-04-14 20:00:00,179833.0
27,CHOCÓ,27077,BAJO BAUDÓ,27077002,BELEN DE DOCAMPADO(BAJO BAUDÓ - CHOCÓ),2025,4,8319.0,2126.0,36150.0,sábado,2025-04-19 11:30:00,102667.0
27,CHOCÓ,27077,BAJO BAUDÓ,27077008,ORPUA(BAJO BAUDÓ - CHOCÓ),2025,4,2070.0,1450.0,430.0,jueves,2025-04-10 19:30:00,2525.0
27,CHOCÓ,27077,BAJO BAUDÓ,27077011,PILIZA - BELLAVISTA - VILLA LUZ(BAJO BAUDÓ - CHOCÓ),2025,4,247.0,5250.0,2560.0,martes,2025-04-01 18:45:00,41667.0
27,CHOCÓ,27077,BAJO BAUDÓ,27077016,SIVIRU(BAJO BAUDÓ - CHOCÓ),2025,4,9920.0,3630.0,41140.0,jueves,2025-04-03 18:45:00,11.0
27,CHOCÓ,27077,BAJO BAUDÓ,27077019,VIRUDO(BAJO BAUDÓ - CHOCÓ),2025,4,4923.0,2264.0,3170.0,miércoles,2025-04-23 19:30:00,67667.0
27,CHOCÓ,27077,BAJO BAUDÓ,27077026,GUINEAL(BAJO BAUDÓ - CHOCÓ),2025,4,1522.0,1573.0,36860.0,martes,2025-04-08 19:15:00,3325.0
27,CHOCÓ,27077,BAJO BAUDÓ,27077029,FIRME DE USARGA(BAJO BAUDÓ - CHOCÓ),2025,4,0.0,0.0,34965.0,nan,2025-10-14 10:45:00,0.0
27,CHOCÓ,27077,BAJO BAUDÓ,27077905,BUENAVISTA(BAJO BAUDÓ - CHOCÓ),2025,4,2507.0,9200.0,17860.0,domingo,2025-04-06 19:15:00,5925.0
27,CHOCÓ,27077,BAJO BAUDÓ,27077911,PLAYA NUEVA(BAJO BAUDÓ - CHOCÓ),2025,4,2929.0,1222.0,18330.0,sábado,2025-04-05 19:30:00,72167.0
27,CHOCÓ,27077,BAJO BAUDÓ,27077916,TERRON(BAJO BAUDÓ - CHOCÓ),2025,4,0.0,0.0,34965.0,nan,2025-03-29 10:00:00,0.0
27,CHOCÓ,27099,BOJAYÁ,27099000,BELLAVISTA(BOJAYÁ - CHOCÓ),2025,4,10038.0,36632.0,35650.0,lunes,2025-04-14 19:15:00,12425.0
27,CHOCÓ,27099,BOJAYÁ,27099002,LA LOMA DE BOJAYA(BOJAYÁ - CHOCÓ),2025,4,11411.0,4885.0,71010.0,miércoles,2025-04-09 18:45:00,73167.0
27,CHOCÓ,27099,BOJAYÁ,27099005,NAPIPI(BOJAYÁ - CHOCÓ),2025,4,11206.0,3894.0,5440.0,viernes,2025-04-04 16:45:00,86667.0
27,CHOCÓ,27099,BOJAYÁ,27099012,POGUE(BOJAYÁ - CHOCÓ),2025,4,416.0,1861.0,21740.0,viernes,2025-04-11 14:45:00,8575.0
27,CHOCÓ,27099,BOJAYÁ,27099030,PIEDRA CANDELA(BOJAYÁ - CHOCÓ),2025,4,61.0,2688.0,34950.0,martes,2025-04-15 20:00:00,72667.0
27,CHOCÓ,27099,BOJAYÁ,27099905,CHANO(BOJAYÁ - CHOCÓ),2025,4,8290.0,410.0,9250.0,martes,2025-04-29 19:45:00,565.0
27,CHOCÓ,27250,EL LITORAL DEL SAN JUAN,27250000,SANTA GENOVEVA DE DOCORDO(EL LITORAL DEL SAN JUAN - CHOCÓ),2025,4,82993.0,40398.0,263870.0,jueves,2025-04-24 19:15:00,143083.0
27,CHOCÓ,27250,EL LITORAL DEL SAN JUAN,27250023,PAPAYO(EL LITORAL DEL SAN JUAN - CHOCÓ),2025,4,0.0,0.0,34965.0,nan,2025-06-04 14:15:00,0.0
27,CHOCÓ,27361,ISTMINA,27361023,POTEDÓ(ISTMINA - CHOCÓ),2025,4,2609.0,1484.0,14090.0,martes,2025-04-22 17:00:00,80083.0
27,CHOCÓ,27361,ISTMINA,27361048,UNION CHOCO(ISTMINA - CHOCÓ),2025,4,8910.0,870.0,6180.0,jueves,2025-04-03 19:00:00,81917.0
27,CHOCÓ,27372,JURADO,27372000,JURADO(JURADO - CHOCÓ),2025,4,193196.0,63216.0,360160.0,jueves,2025-04-10 19:45:00,2345.0
27,CHOCÓ,27372,JURADO,27372901,SANTA TERESITA(JURADO - CHOCÓ),2025,4,3084.0,890.0,16340.0,miércoles,2025-04-30 11:30:00,1305.0
27,CHOCÓ,27372,JURADO,27372902,BUENAVISTA(JURADO - CHOCÓ),2025,4,1633.0,4680.0,17140.0,martes,2025-04-29 11:45:00,93667.0
27,CHOCÓ,27372,JURADO,27372905,DICHARDI(JURADO - CHOCÓ),2025,4,2085.0,2208.0,12530.0,jueves,2025-04-24 11:45:00,12975.0
27,CHOCÓ,27372,JURADO,27372907,EYASAKE(JURADO - CHOCÓ),2025,4,454.0,1964.0,21730.0,miércoles,2025-04-09 20:15:00,99417.0
27,CHOCÓ,27372,JURADO,27372930,DOS BOCAS(JURADO - CHOCÓ),2025,4,2153.0,8350.0,18410.0,lunes,2025-04-28 18:45:00,895.0
27,CHOCÓ,27425,MEDIO ATRATO,27425000,BETE(MEDIO ATRATO - CHOCÓ),2025,4,12108.0,4703.0,1000.0,miércoles,2025-04-02 19:15:00,61083.0
27,CHOCÓ,27425,MEDIO ATRATO,27425008,SAN ROQUE(MEDIO ATRATO - CHOCÓ),2025,4,1166.0,5620.0,18940.0,jueves,2025-04-03 19:00:00,30833.0
27,CHOCÓ,27491,NOVITA,27491004,JUNTAS DE TAMANA(NOVITA - CHOCÓ),2025,4,1760.0,570.0,11480.0,sábado,2025-04-12 19:45:00,6833.0
27,CHOCÓ,27495,NUQUÍ,27495000,NUQUÍ(NUQUÍ - CHOCÓ),2025,4,299587.0,95265.0,568480.0,lunes,2025-04-14 19:30:00,23275.0
27,CHOCÓ,27495,NUQUÍ,27495001,ARUSI(NUQUÍ - CHOCÓ),2025,4,21304.0,9548.0,7440.0,sábado,2025-04-05 13:00:00,151917.0
27,CHOCÓ,27495,NUQUÍ,27495002,COQUI(NUQUÍ - CHOCÓ),2025,4,5414.0,1066.0,13560.0,miércoles,2025-04-09 19:15:00,238417.0
27,CHOCÓ,27495,NUQUÍ,27495003,JURUBIRA(NUQUÍ - CHOCÓ),2025,4,21126.0,7746.0,64490.0,miércoles,2025-04-16 19:00:00,14025.0
27,CHOCÓ,27495,NUQUÍ,27495008,JOVI(NUQUÍ - CHOCÓ),2025,4,811.0,3253.0,25410.0,viernes,2025-04-18 20:15:00,144417.0
27,CHOCÓ,27495,NUQUÍ,27495010,TERMALES(NUQUÍ - CHOCÓ),2025,4,8695.0,4517.0,29780.0,miércoles,2025-04-09 19:15:00,128083.0
27,CHOCÓ,27495,NUQUÍ,27495011,COMUNIDAD DE PUERTO JAGUA(NUQUÍ - CHOCÓ),2025,4,114.0,3620.0,6820.0,martes,2025-04-22 19:45:00,74917.0
27,CHOCÓ,27495,NUQUÍ,27495012,COMUNIDAD INDIG. PUERTO INDIO(NUQUÍ - CHOCÓ),2025,4,6430.0,1430.0,5960.0,domingo,2025-04-27 11:15:00,465.0
27,CHOCÓ,27495,NUQUÍ,27495910,COMUNIDAD INDIG. DE RIO NUQUÍ(NUQUÍ - CHOCÓ),2025,4,7970.0,1740.0,4960.0,miércoles,2025-04-16 19:45:00,8975.0
27,CHOCÓ,27495,NUQUÍ,27495912,COMUNIDAD INDÍGENA DE PANGUI - EL YUCAL(NUQUÍ - CHOCÓ),2025,4,6836.0,1716.0,11540.0,martes,2025-04-29 03:00:00,22075.0
27,CHOCÓ,27600,RIO QUITO,27600001,BOCA DE APARTADO(RIO QUITO - CHOCÓ),2025,4,3070.0,1220.0,6060.0,domingo,2025-04-27 19:15:00,23167.0
27,CHOCÓ,27615,RIOSUCIO,27615011,SAN JOSE TAMBORAL(RIOSUCIO - CHOCÓ),2025,4,0.0,0.0,34965.0,nan,2025-10-27 10:45:00,0.0
27,CHOCÓ,27800,UNGUÍA,27800000,UNGUÍA(UNGUÍA - CHOCÓ),2025,4,447834.0,140246.0,959380.0,martes,2025-04-15 21:45:00,2235.0
27,CHOCÓ,27800,UNGUÍA,27800001,BALBOA(UNGUÍA - CHOCÓ),2025,4,2486.0,8617.0,85720.0,sábado,2025-04-05 19:00:00,123583.0
27,CHOCÓ,27800,UNGUÍA,27800005,TITUMATE(UNGUÍA - CHOCÓ),2025,4,15702.0,3377.0,71370.0,lunes,2025-04-14 22:30:00,10425.0
44,LA GUAJIRA,44847,URIBIA,44847003,CABO DE LA VELA(URIBIA - LA GUAJIRA),2025,4,9626.0,6710.0,99570.0,miércoles,2025-04-02 19:15:00,46167.0
44,LA GUAJIRA,44847,URIBIA,44847012,NAZARETH(URIBIA - LA GUAJIRA),2025,4,34793.0,8034.0,267840.0,lunes,2025-04-14 18:15:00,52167.0
47,MAGDALENA,47189,CIÉNAGA,47189018,PALMOR(CIÉNAGA - MAGDALENA),2025,4,97117.0,31847.0,198780.0,sábado,2025-04-05 12:00:00,225167.0
50,META,50325,MAPIRIPAN,50325000,MAPIRIPAN(MAPIRIPAN - META),2025,4,191989.0,60062.0,363440.0,lunes,2025-04-28 15:45:00,239833.0
52,NARIÑO,52250,EL CHARCO,52250005,LAS MERCEDES(EL CHARCO - NARIÑO),2025,4,0.0,0.0,34965.0,nan,2025-06-07 18:30:00,0.0
52,NARIÑO,52250,EL CHARCO,52250007,SAN JOSE DEL TAPAJE(EL CHARCO - NARIÑO),2025,4,7646.0,2024.0,640.0,jueves,2025-04-17 20:00:00,69083.0
52,NARIÑO,52250,EL CHARCO,52250016,ALTERON - URIBE URIBE(EL CHARCO - NARIÑO),2025,4,5590.0,3040.0,7730.0,domingo,2025-04-20 20:15:00,32667.0
52,NARIÑO,52250,EL CHARCO,52250022,EL CUIL PUEBLO NUEVO(EL CHARCO - NARIÑO),2025,4,8650.0,4950.0,2710.0,domingo,2025-04-27 20:30:00,1275.0
52,NARIÑO,52390,LA TOLA,52390003,LA VIGIA DE LA MAR(LA TOLA - NARIÑO),2025,4,4548.0,2114.0,31520.0,martes,2025-04-15 20:45:00,6375.0
52,NARIÑO,52390,LA TOLA,52390005,AGUACATAL(LA TOLA - NARIÑO),2025,4,1076.0,2180.0,11170.0,sábado,2025-04-12 12:45:00,40667.0
52,NARIÑO,52390,LA TOLA,52390009,MULATOS(LA TOLA - NARIÑO),2025,4,4327.0,2037.0,26980.0,sábado,2025-04-12 18:15:00,78833.0
52,NARIÑO,52390,LA TOLA,52390013,AMARALES(LA TOLA - NARIÑO),2025,4,4997.0,1745.0,55330.0,martes,2025-04-29 19:30:00,45.0
52,NARIÑO,52390,LA TOLA,52390016,SAN PABLO DEL MAR(LA TOLA - NARIÑO),2025,4,5719.0,1404.0,24220.0,domingo,2025-04-27 18:30:00,99917.0
52,NARIÑO,52473,MOSQUERA,52473010,EL BAJITO DE ECHANDIA(MOSQUERA - NARIÑO),2025,4,3308.0,1244.0,16820.0,jueves,2025-04-10 18:00:00,95417.0
52,NARIÑO,52490,OLAYA HERRERA,52490913,BOCA DE PRIETA(OLAYA HERRERA - NARIÑO),2025,4,3420.0,870.0,16420.0,miércoles,2025-04-16 19:00:00,1075.0
52,NARIÑO,52621,ROBERTO PAYAN,52621912,TAMAJE(ROBERTO PAYAN - NARIÑO),2025,4,5596.0,2643.0,2650.0,miércoles,2025-04-30 19:00:00,87333.0
27,CHOCÓ,27425,MEDIO ATRATO,27425000,BETE,2025,12,18352.0,845.0,800.0,miércoles,2025-12-31 11:15:00,1.22
52,NARIÑO,52696,SANTA BÁRBARA,52696014,LA ENSENADA(SANTA BÁRBARA - NARIÑO),2025,4,2897.0,1309.0,19940.0,viernes,2025-04-04 19:30:00,61833.0
52,NARIÑO,52696,SANTA BÁRBARA,52696017,SANTA RITA(SANTA BÁRBARA - NARIÑO),2025,4,2469.0,137.0,32920.0,martes,2025-04-01 19:15:00,30833.0
52,NARIÑO,52835,SAN ANDRÉS DE TUMACO,52835055,BOCAS DE CURAY(SAN ANDRÉS DE TUMACO - NARIÑO),2025,4,6198.0,2082.0,4560.0,martes,2025-04-01 18:30:00,56.0
76,VALLE DEL CAUCA,76109,BUENAVENTURA,76109011,PASTICO(BUENAVENTURA - VALLE DEL CAUCA),2025,4,3691.0,1498.0,1710.0,martes,2025-04-15 19:00:00,95833.0
76,VALLE DEL CAUCA,76109,BUENAVENTURA,76109018,CONCEPCION(BUENAVENTURA - VALLE DEL CAUCA),2025,4,0.0,0.0,34965.0,nan,2025-05-13 16:30:00,0.0
76,VALLE DEL CAUCA,76109,BUENAVENTURA,76109028,PUERTO MERIZALDE(BUENAVENTURA - VALLE DEL CAUCA),2025,4,113833.0,45615.0,229860.0,sábado,2025-04-05 20:00:00,23325.0
76,VALLE DEL CAUCA,76109,BUENAVENTURA,76109030,PUNTA SOLDADO(BUENAVENTURA - VALLE DEL CAUCA),2025,4,3721.0,1137.0,48040.0,miércoles,2025-04-02 19:30:00,39417.0
76,VALLE DEL CAUCA,76109,BUENAVENTURA,76109032,SAN FRANCISCO NAYA(BUENAVENTURA - VALLE DEL CAUCA),2025,4,8198.0,3505.0,32480.0,jueves,2025-04-17 11:15:00,108333.0
76,VALLE DEL CAUCA,76109,BUENAVENTURA,76109034,SAN ISIDRO - CALIMA(BUENAVENTURA - VALLE DEL CAUCA),2025,4,4291.0,8500.0,89110.0,miércoles,2025-04-02 19:00:00,38.0
76,VALLE DEL CAUCA,76109,BUENAVENTURA,76109040,VENERAL(BUENAVENTURA - VALLE DEL CAUCA),2025,4,2932.0,4760.0,28080.0,jueves,2025-04-03 18:15:00,64083.0
76,VALLE DEL CAUCA,76109,BUENAVENTURA,76109069,PAPAYAL 1(BUENAVENTURA - VALLE DEL CAUCA),2025,4,2868.0,5120.0,23330.0,martes,2025-04-01 10:00:00,6225.0
76,VALLE DEL CAUCA,76109,BUENAVENTURA,76109081,PUNTA BONITA(BUENAVENTURA - VALLE DEL CAUCA),2025,4,412.0,3474.0,22580.0,lunes,2025-04-21 13:45:00,76.0
76,VALLE DEL CAUCA,76109,BUENAVENTURA,76109105,PITAL(BUENAVENTURA - VALLE DEL CAUCA),2025,4,1271.0,3010.0,1650.0,sábado,2025-04-05 20:00:00,29083.0
76,VALLE DEL CAUCA,76109,BUENAVENTURA,76109817,SANTA MARIA 1 NAYA(BUENAVENTURA - VALLE DEL CAUCA),2025,4,1635.0,5220.0,11840.0,martes,2025-04-15 20:15:00,59417.0
76,VALLE DEL CAUCA,76109,BUENAVENTURA,76109863,SAN ANTONIO (BUENAVENTURA - VALLE DEL CAUCA),2025,4,19.0,4970.0,7560.0,viernes,2025-04-11 16:30:00,111917.0
76,VALLE DEL CAUCA,76109,BUENAVENTURA,76109904,SAN ANTONIO (RIO CAJAMBRE)(BUENAVENTURA - VALLE DEL CAUCA),2025,4,4946.0,1475.0,31140.0,lunes,2025-04-07 11:30:00,7475.0
76,VALLE DEL CAUCA,76109,BUENAVENTURA,76109907,SAN PABLO( CAJAMBRE)(BUENAVENTURA - VALLE DEL CAUCA),2025,4,2098.0,0.0,19590.0,sábado,2025-04-26 14:15:00,37917.0
76,VALLE DEL CAUCA,76109,BUENAVENTURA,76109913,MAYORQUIN(BUENAVENTURA - VALLE DEL CAUCA),2025,4,2319.0,8560.0,14880.0,domingo,2025-04-20 18:45:00,66083.0
76,VALLE DEL CAUCA,76109,BUENAVENTURA,76109930,GALVEZ(BUENAVENTURA - VALLE DEL CAUCA),2025,4,5394.0,1029.0,35450.0,viernes,2025-04-11 19:45:00,9175.0
76,VALLE DEL CAUCA,76109,BUENAVENTURA,76109957,HUMANES MAR(BUENAVENTURA - VALLE DEL CAUCA),2025,4,9238.0,1342.0,46850.0,viernes,2025-04-04 18:45:00,91833.0
86,PUTUMAYO,86573,PUERTO LEGUIZAMO,86573000,PUERTO LEGUIZAMO(PUERTO LEGUIZAMO - PUTUMAYO),2025,4,95264.0,257798.0,197921.0,miércoles,2025-04-30 14:45:00,238167.0
86,PUTUMAYO,86573,PUERTO LEGUIZAMO,86573009,PIÑUÑA NEGRO(PUERTO LEGUIZAMO - PUTUMAYO),2025,4,4289.0,2443.0,3840.0,sábado,2025-04-26 19:00:00,5775.0
88,ARCHIPIÉLAGO DE SAN ANDRÉS y PROVIDENCIA,88001,SAN ANDRÉS,88001000,SAN ANDRÉS(SAN ANDRÉS - ARCHIPIÉLAGO DE SAN ANDRÉS y PROVIDENCIA ),2025,4,7576.0,4650.0,3175508.0,miércoles,2025-04-30 15:30:00,24.0
88,ARCHIPIÉLAGO DE SAN ANDRÉS y PROVIDENCIA,88564,PROVIDENCIA,88564000,PROVIDENCIA(PROVIDENCIA - ARCHIPIÉLAGO DE SAN ANDRÉS y PROVIDENCIA ),2025,4,7576.0,246098.0,201224.0,martes,2025-04-08 15:00:00,24.0
91,AMAZONAS,91001,LETICIA,91001000,LETICIA(LETICIA - AMAZONAS),2025,4,7576.0,946308.0,824232.0,miércoles,2025-04-23 14:30:00,24.0
91,AMAZONAS,91540,PUERTO NARIÑO,91540000,PUERTO NARIÑO(PUERTO NARIÑO - AMAZONAS),2025,4,129667.0,41797.0,27840.0,miércoles,2025-04-23 18:15:00,24.0
91,AMAZONAS,91798,TARAPACA (ANM),91798000,TARAPACA(TARAPACA (ANM) - AMAZONAS),2025,4,25928.0,11514.0,10010.0,miércoles,2025-04-23 15:00:00,102667.0
94,GUAINÍA,94001,INÍRIDA,94001000,INÍRIDA(INÍRIDA - GUAINÍA),2025,4,7576.0,607518.0,444752.0,martes,2025-04-01 14:30:00,24.0
94,GUAINÍA,94001,INÍRIDA,94001905,CHORRO BOCON(INÍRIDA - GUAINÍA),2025,4,586.0,7600.0,18820.0,viernes,2025-04-18 19:00:00,1605.0
94,GUAINÍA,94001,INÍRIDA,94001916,VENADO(INÍRIDA - GUAINÍA),2025,4,3143.0,5190.0,11010.0,miércoles,2025-04-16 19:15:00,24.0
94,GUAINÍA,94001,INÍRIDA,94001966,LAGUNA COLORADA ALTA(INÍRIDA - GUAINÍA),2025,4,9373.0,2940.0,30380.0,jueves,2025-04-03 12:30:00,157.0
94,GUAINÍA,94343,BARRANCO MINAS,94343900,CARPINTERO(BARRANCO MINAS - GUAINÍA),2025,4,2149.0,9930.0,640.0,domingo,2025-04-27 18:15:00,208667.0
94,GUAINÍA,94343,BARRANCO MINAS,94343901,CHATARE(BARRANCO MINAS - GUAINÍA),2025,4,1800.0,0.0,3990.0,domingo,2025-04-27 19:00:00,1875.0
95,GUAVIARE,95001,SAN JOSÉ DEL GUAVIARE,95001012,CACHICAMO(SAN JOSÉ DEL GUAVIARE - GUAVIARE),2025,4,11135.0,4947.0,4450.0,sábado,2025-04-05 19:15:00,119167.0
95,GUAVIARE,95200,MIRAFLORES,95200000,MIRAFLORES(MIRAFLORES - GUAVIARE),2025,4,123215.0,14627.0,24840.0,miércoles,2025-04-23 18:15:00,24.0
97,VAUPÉS,97001,MITÚ,97001000,MITÚ(MITÚ - VAUPÉS),2025,4,7576.0,359944.0,324723.0,lunes,2025-04-14 11:30:00,239667.0
97,VAUPÉS,97161,CARURÚ,97161000,CARURÚ(CARURÚ - VAUPÉS),2025,4,36017.0,6279.0,97330.0,lunes,2025-04-14 14:45:00,169083.0
97,VAUPÉS,97666,TARAIRA,97666000,TARAIRA(TARAIRA - VAUPÉS),2025,4,4465.0,12274.0,139660.0,miércoles,2025-04-23 19:00:00,141833.0
99,VICHADA,99001,PUERTO CARREÑO,99001000,PUERTO CARREÑO(PUERTO CARREÑO - VICHADA),2025,4,7576.0,711457.0,564168.0,lunes,2025-04-14 14:15:00,239917.0
99,VICHADA,99773,CUMARIBO,99773000,CUMARIBO(CUMARIBO - VICHADA),2025,4,381844.0,137282.0,793840.0,sábado,2025-04-12 19:00:00,234583.0
5,ANTIOQUIA,5873,VIGÍA DEL FUERTE,5873001,SAN ANTONIO DE PADUA(VIGÍA DEL FUERTE - ANTIOQUIA),2025,5,2478.0,0.0,47360.0,jueves,2025-05-01 19:00:00,27177.0
5,ANTIOQUIA,5873,VIGÍA DEL FUERTE,5873005,SAN MIGUEL(VIGÍA DEL FUERTE - ANTIOQUIA),2025,5,1393.0,6020.0,1990.0,viernes,2025-05-23 19:15:00,29919.0
5,ANTIOQUIA,5873,VIGÍA DEL FUERTE,5873010,LA PLAYA MURRI (VIGÍA DEL FUERTE - ANTIOQUIA),2025,5,1176.0,4710.0,26330.0,viernes,2025-05-30 19:00:00,43145.0
5,ANTIOQUIA,5873,VIGÍA DEL FUERTE,5873013,LOMA MURRI(VIGÍA DEL FUERTE - ANTIOQUIA),2025,5,4016.0,1596.0,30250.0,martes,2025-05-20 19:30:00,55403.0
5,ANTIOQUIA,5873,VIGÍA DEL FUERTE,5873910,PUERTO MEDELLÍN(VIGÍA DEL FUERTE - ANTIOQUIA),2025,5,9450.0,4180.0,10910.0,sábado,2025-05-31 18:30:00,45565.0
13,BOLÍVAR,13001,CARTAGENA DE INDIAS,13001017,SANTA CRUZ DEL ISLOTE(CARTAGENA DE INDIAS - BOLÍVAR),2025,5,14301.0,3702.0,54460.0,jueves,2025-05-29 22:30:00,109597.0
13,BOLÍVAR,13001,CARTAGENA DE INDIAS,13001037,ISLA MUCURA(CARTAGENA DE INDIAS - BOLÍVAR),2025,5,4684.0,1221.0,17060.0,viernes,2025-05-30 22:45:00,108468.0
18,CAQUETÁ,18150,CARTAGENA DEL CHAIRA,18150001,REMOLINO DEL CAGUAN(CARTAGENA DEL CHAIRA - CAQUETÁ),2025,5,14562.0,5731.0,97360.0,viernes,2025-05-02 18:45:00,58548.0
18,CAQUETÁ,18150,CARTAGENA DEL CHAIRA,18150002,SANTA FE DEL CAGUAN(CARTAGENA DEL CHAIRA - CAQUETÁ),2025,5,3257.0,1273.0,3760.0,miércoles,2025-05-28 18:45:00,36694.0
18,CAQUETÁ,18753,SAN VICENTE DEL CAGUÁN,18753002,GUACAMAYAS(SAN VICENTE DEL CAGUÁN - CAQUETÁ),2025,5,1319.0,4237.0,34680.0,domingo,2025-05-11 19:00:00,180484.0
18,CAQUETÁ,18753,SAN VICENTE DEL CAGUÁN,18753009,PUERTO BETANIA(SAN VICENTE DEL CAGUÁN - CAQUETÁ),2025,5,6294.0,196.0,43360.0,sábado,2025-05-03 19:30:00,64597.0
18,CAQUETÁ,18753,SAN VICENTE DEL CAGUÁN,18753012,SANTA ROSA(SAN VICENTE DEL CAGUÁN - CAQUETÁ),2025,5,2507.0,1044.0,16230.0,miércoles,2025-05-07 17:15:00,67177.0
18,CAQUETÁ,18753,SAN VICENTE DEL CAGUÁN,18753033,VILLA LOBOS(SAN VICENTE DEL CAGUÁN - CAQUETÁ),2025,5,3064.0,9770.0,51060.0,domingo,2025-05-11 20:00:00,24113.0
19,CAUCA,19318,GUAPI,19318008,LIMONES(GUAPI - CAUCA),2025,5,9732.0,4872.0,4750.0,jueves,2025-05-29 18:00:00,95887.0
19,CAUCA,19318,GUAPI,19318013,SAN ANTONIO DE GUAJUI(GUAPI - CAUCA),2025,5,12165.0,6504.0,56810.0,lunes,2025-05-12 18:45:00,83468.0
19,CAUCA,19418,LÓPEZ DE MICAY,19418009,NOANAMITO(LÓPEZ DE MICAY - CAUCA),2025,5,190.0,130.0,360.0,martes,2025-05-06 12:30:00,323.0
19,CAUCA,19418,LÓPEZ DE MICAY,19418033,BOCA GRANDE(LÓPEZ DE MICAY - CAUCA),2025,5,4582.0,1422.0,38640.0,jueves,2025-05-29 19:45:00,45565.0
19,CAUCA,19809,TIMBIQUÍ,19809003,COTEJE(TIMBIQUÍ - CAUCA),2025,5,6106.0,4689.0,29080.0,martes,2025-05-13 18:45:00,82903.0
19,CAUCA,19809,TIMBIQUÍ,19809007,SAN JOSE(TIMBIQUÍ - CAUCA),2025,5,6512.0,4031.0,35710.0,sábado,2025-05-10 20:30:00,72258.0
19,CAUCA,19809,TIMBIQUÍ,19809009,SANTA ROSA DE SAIJA(TIMBIQUÍ - CAUCA),2025,5,4237.0,114.0,23260.0,domingo,2025-05-18 19:15:00,77339.0
19,CAUCA,19809,TIMBIQUÍ,19809010,COMUNIDAD DE CHETE(TIMBIQUÍ - CAUCA),2025,5,5215.0,1963.0,32030.0,lunes,2025-05-12 19:00:00,64677.0
19,CAUCA,19809,TIMBIQUÍ,19809014,CHACON(TIMBIQUÍ - CAUCA),2025,5,3878.0,1079.0,2350.0,sábado,2025-05-17 19:45:00,70484.0
27,CHOCÓ,27001,QUIBDÓ,27001029,TAGACHI(QUIBDÓ - CHOCÓ),2025,5,2550.0,760.0,43820.0,sábado,2025-05-03 20:15:00,25.0
27,CHOCÓ,27006,ACANDÍ,27006000,ACANDÍ(ACANDÍ - CHOCÓ),2025,5,470832.0,128557.0,13156.0,miércoles,2025-05-14 22:15:00,191371.0
27,CHOCÓ,27006,ACANDÍ,27006007,SAN FRANCISCO(ACANDÍ - CHOCÓ),2025,5,20957.0,8012.0,120580.0,jueves,2025-05-29 20:00:00,84274.0
27,CHOCÓ,27025,ALTO BAUDO,27025000,CIUDAD BAUDO - PIE DE PATO(ALTO BAUDO - CHOCÓ),2025,5,55179.0,18675.0,127340.0,lunes,2025-05-12 11:45:00,236048.0
27,CHOCÓ,27025,ALTO BAUDO,27025033,MIACORA(ALTO BAUDO - CHOCÓ),2025,5,2730.0,100.0,2380.0,viernes,2025-05-30 18:45:00,20806.0
27,CHOCÓ,27025,ALTO BAUDO,27025035,PUERTO ALEGRE(ALTO BAUDO - CHOCÓ),2025,5,1232.0,4030.0,5120.0,lunes,2025-05-26 10:30:00,94919.0
27,CHOCÓ,27025,ALTO BAUDO,27025920,EL MORRO(ALTO BAUDO - CHOCÓ),2025,5,3960.0,1220.0,3720.0,lunes,2025-05-05 19:45:00,48226.0
27,CHOCÓ,27025,ALTO BAUDO,27025937,VILLA CECILIA(ALTO BAUDO - CHOCÓ),2025,5,3990.0,1500.0,3850.0,jueves,2025-05-01 10:30:00,24597.0
27,CHOCÓ,27075,BAHÍA SOLANO,27075000,CIUDAD MUTIS(BAHÍA SOLANO - CHOCÓ),2025,5,921307.0,252833.0,168344.0,miércoles,2025-05-21 19:30:00,232581.0
27,CHOCÓ,27075,BAHÍA SOLANO,27075001,CUPICA(BAHÍA SOLANO - CHOCÓ),2025,5,7314.0,21741.0,152480.0,sábado,2025-05-17 19:30:00,235403.0
27,CHOCÓ,27075,BAHÍA SOLANO,27075002,EL VALLE(BAHÍA SOLANO - CHOCÓ),2025,5,192894.0,60702.0,45870.0,domingo,2025-05-04 20:00:00,237419.0
27,CHOCÓ,27077,BAJO BAUDÓ,27077000,PIZARRO(BAJO BAUDÓ - CHOCÓ),2025,5,210122.0,72479.0,463580.0,jueves,2025-05-29 11:45:00,180887.0
27,CHOCÓ,27077,BAJO BAUDÓ,27077002,BELEN DE DOCAMPADO(BAJO BAUDÓ - CHOCÓ),2025,5,8975.0,21.0,38680.0,sábado,2025-05-24 11:45:00,10379.0
27,CHOCÓ,27077,BAJO BAUDÓ,27077008,ORPUA(BAJO BAUDÓ - CHOCÓ),2025,5,3800.0,4730.0,4140.0,jueves,2025-05-22 18:15:00,33145.0
27,CHOCÓ,27077,BAJO BAUDÓ,27077011,PILIZA - BELLAVISTA - VILLA LUZ(BAJO BAUDÓ - CHOCÓ),2025,5,2829.0,5600.0,2560.0,jueves,2025-05-01 19:15:00,45323.0
27,CHOCÓ,27077,BAJO BAUDÓ,27077019,VIRUDO(BAJO BAUDÓ - CHOCÓ),2025,5,5268.0,2486.0,3560.0,viernes,2025-05-23 19:00:00,70161.0
27,CHOCÓ,27077,BAJO BAUDÓ,27077026,GUINEAL(BAJO BAUDÓ - CHOCÓ),2025,5,2472.0,2542.0,29610.0,sábado,2025-05-31 19:00:00,49839.0
27,CHOCÓ,27077,BAJO BAUDÓ,27077029,FIRME DE USARGA(BAJO BAUDÓ - CHOCÓ),2025,5,1580.0,1520.0,5080.0,viernes,2025-05-09 18:45:00,12177.0
27,CHOCÓ,27077,BAJO BAUDÓ,27077905,BUENAVISTA(BAJO BAUDÓ - CHOCÓ),2025,5,4042.0,1594.0,1930.0,lunes,2025-05-26 19:45:00,87258.0
27,CHOCÓ,27077,BAJO BAUDÓ,27077911,PLAYA NUEVA(BAJO BAUDÓ - CHOCÓ),2025,5,3024.0,1289.0,1690.0,martes,2025-05-06 12:30:00,73306.0
27,CHOCÓ,27077,BAJO BAUDÓ,27077916,TERRON(BAJO BAUDÓ - CHOCÓ),2025,5,0.0,0.0,34965.0,nan,2025-02-24 09:15:00,0.0
27,CHOCÓ,27099,BOJAYÁ,27099000,BELLAVISTA(BOJAYÁ - CHOCÓ),2025,5,116499.0,43015.0,344660.0,jueves,2025-05-15 02:15:00,141048.0
27,CHOCÓ,27099,BOJAYÁ,27099002,LA LOMA DE BOJAYA(BOJAYÁ - CHOCÓ),2025,5,13223.0,5825.0,73520.0,domingo,2025-05-11 19:00:00,8379.0
27,CHOCÓ,27099,BOJAYÁ,27099005,NAPIPI(BOJAYÁ - CHOCÓ),2025,5,9294.0,3161.0,5760.0,viernes,2025-05-23 17:30:00,64435.0
27,CHOCÓ,27099,BOJAYÁ,27099012,POGUE(BOJAYÁ - CHOCÓ),2025,5,5257.0,2597.0,25240.0,lunes,2025-05-12 13:15:00,97661.0
27,CHOCÓ,27099,BOJAYÁ,27099030,PIEDRA CANDELA(BOJAYÁ - CHOCÓ),2025,5,7813.0,3582.0,34340.0,miércoles,2025-05-07 14:45:00,92177.0
27,CHOCÓ,27099,BOJAYÁ,27099905,CHANO(BOJAYÁ - CHOCÓ),2025,5,3130.0,170.0,6910.0,sábado,2025-05-24 19:45:00,20242.0
27,CHOCÓ,27250,EL LITORAL DEL SAN JUAN,27250000,SANTA GENOVEVA DE DOCORDO(EL LITORAL DEL SAN JUAN - CHOCÓ),2025,5,29761.0,14301.0,25080.0,sábado,2025-05-10 11:30:00,5129.0
27,CHOCÓ,27250,EL LITORAL DEL SAN JUAN,27250023,PAPAYO(EL LITORAL DEL SAN JUAN - CHOCÓ),2025,5,0.0,0.0,34965.0,nan,2025-10-15 10:00:00,0.0
27,CHOCÓ,27361,ISTMINA,27361023,POTEDÓ(ISTMINA - CHOCÓ),2025,5,2685.0,1395.0,15560.0,martes,2025-05-06 18:45:00,75806.0
27,CHOCÓ,27361,ISTMINA,27361048,UNION CHOCO(ISTMINA - CHOCÓ),2025,5,9580.0,1770.0,7440.0,jueves,2025-05-29 18:30:00,79435.0
27,CHOCÓ,27372,JURADO,27372000,JURADO(JURADO - CHOCÓ),2025,5,204346.0,66289.0,363360.0,lunes,2025-05-12 18:45:00,239677.0
27,CHOCÓ,27372,JURADO,27372901,SANTA TERESITA(JURADO - CHOCÓ),2025,5,2326.0,880.0,15820.0,jueves,2025-05-01 11:15:00,150242.0
27,CHOCÓ,27372,JURADO,27372902,BUENAVISTA(JURADO - CHOCÓ),2025,5,2378.0,4190.0,18290.0,viernes,2025-05-30 19:15:00,122258.0
27,CHOCÓ,27372,JURADO,27372905,DICHARDI(JURADO - CHOCÓ),2025,5,2552.0,2252.0,11510.0,viernes,2025-05-09 18:45:00,154032.0
27,CHOCÓ,27372,JURADO,27372907,EYASAKE(JURADO - CHOCÓ),2025,5,5382.0,2447.0,20140.0,sábado,2025-05-10 19:00:00,108629.0
27,CHOCÓ,27372,JURADO,27372930,DOS BOCAS(JURADO - CHOCÓ),2025,5,4273.0,1528.0,24420.0,martes,2025-05-06 19:00:00,137742.0
27,CHOCÓ,27425,MEDIO ATRATO,27425000,BETE(MEDIO ATRATO - CHOCÓ),2025,5,12347.0,5103.0,960.0,jueves,2025-05-29 19:30:00,67581.0
27,CHOCÓ,27425,MEDIO ATRATO,27425008,SAN ROQUE(MEDIO ATRATO - CHOCÓ),2025,5,1419.0,7270.0,19340.0,jueves,2025-05-22 19:45:00,35161.0
27,CHOCÓ,27491,NOVITA,27491004,JUNTAS DE TAMANA(NOVITA - CHOCÓ),2025,5,3407.0,1048.0,16770.0,lunes,2025-05-12 19:00:00,102016.0
27,CHOCÓ,27495,NUQUÍ,27495000,NUQUÍ(NUQUÍ - CHOCÓ),2025,5,317868.0,100982.0,574110.0,lunes,2025-05-12 20:15:00,238871.0
27,CHOCÓ,27495,NUQUÍ,27495001,ARUSI(NUQUÍ - CHOCÓ),2025,5,21057.0,9981.0,6960.0,martes,2025-05-27 19:00:00,180403.0
27,CHOCÓ,27495,NUQUÍ,27495002,COQUI(NUQUÍ - CHOCÓ),2025,5,3633.0,7590.0,1320.0,lunes,2025-05-19 19:30:00,151855.0
27,CHOCÓ,27495,NUQUÍ,27495003,JURUBIRA(NUQUÍ - CHOCÓ),2025,5,22476.0,7968.0,60880.0,martes,2025-05-27 19:15:00,15879.0
27,CHOCÓ,27495,NUQUÍ,27495008,JOVI(NUQUÍ - CHOCÓ),2025,5,8598.0,3416.0,24610.0,jueves,2025-05-08 19:00:00,156613.0
27,CHOCÓ,27495,NUQUÍ,27495010,TERMALES(NUQUÍ - CHOCÓ),2025,5,10229.0,5361.0,29760.0,sábado,2025-05-24 18:45:00,151694.0
27,CHOCÓ,27495,NUQUÍ,27495011,COMUNIDAD DE PUERTO JAGUA(NUQUÍ - CHOCÓ),2025,5,1037.0,3350.0,5980.0,jueves,2025-05-01 19:30:00,68629.0
27,CHOCÓ,27495,NUQUÍ,27495012,COMUNIDAD INDIG. PUERTO INDIO(NUQUÍ - CHOCÓ),2025,5,1806.0,3430.0,5940.0,jueves,2025-05-15 09:30:00,129839.0
27,CHOCÓ,27495,NUQUÍ,27495910,COMUNIDAD INDIG. DE RIO NUQUÍ(NUQUÍ - CHOCÓ),2025,5,8080.0,2090.0,5250.0,viernes,2025-05-02 19:15:00,85403.0
27,CHOCÓ,27495,NUQUÍ,27495912,COMUNIDAD INDÍGENA DE PANGUI - EL YUCAL(NUQUÍ - CHOCÓ),2025,5,7399.0,1869.0,11550.0,domingo,2025-05-18 10:00:00,229839.0
27,CHOCÓ,27615,RIOSUCIO,27615011,SAN JOSE TAMBORAL(RIOSUCIO - CHOCÓ),2025,5,0.0,0.0,34965.0,nan,2025-09-05 11:30:00,0.0
27,CHOCÓ,27800,UNGUÍA,27800000,UNGUÍA(UNGUÍA - CHOCÓ),2025,5,492657.0,151195.0,10428.0,lunes,2025-05-12 21:00:00,226452.0
27,CHOCÓ,27800,UNGUÍA,27800001,BALBOA(UNGUÍA - CHOCÓ),2025,5,28092.0,9724.0,9070.0,lunes,2025-05-12 20:45:00,131452.0
27,CHOCÓ,27800,UNGUÍA,27800005,TITUMATE(UNGUÍA - CHOCÓ),2025,5,15631.0,3565.0,69960.0,miércoles,2025-05-14 20:15:00,106855.0
44,LA GUAJIRA,44847,URIBIA,44847003,CABO DE LA VELA(URIBIA - LA GUAJIRA),2025,5,6048.0,5200.0,97160.0,martes,2025-05-20 19:00:00,25968.0
44,LA GUAJIRA,44847,URIBIA,44847012,NAZARETH(URIBIA - LA GUAJIRA),2025,5,38849.0,9068.0,273120.0,jueves,2025-05-22 19:00:00,55161.0
47,MAGDALENA,47189,CIÉNAGA,47189018,PALMOR(CIÉNAGA - MAGDALENA),2025,5,84747.0,27479.0,181950.0,sábado,2025-05-10 19:15:00,230403.0
50,META,50325,MAPIRIPAN,50325000,MAPIRIPAN(MAPIRIPAN - META),2025,5,193226.0,59968.0,361680.0,martes,2025-05-06 18:15:00,239274.0
52,NARIÑO,52250,EL CHARCO,52250005,LAS MERCEDES(EL CHARCO - NARIÑO),2025,5,0.0,0.0,34965.0,nan,2025-05-22 13:15:00,0.0
52,NARIÑO,52250,EL CHARCO,52250007,SAN JOSE DEL TAPAJE(EL CHARCO - NARIÑO),2025,5,9628.0,2062.0,560.0,jueves,2025-05-01 18:30:00,69032.0
52,NARIÑO,52250,EL CHARCO,52250016,ALTERON - URIBE URIBE(EL CHARCO - NARIÑO),2025,5,3420.0,1890.0,6960.0,sábado,2025-05-03 19:45:00,2879.0
52,NARIÑO,52250,EL CHARCO,52250022,EL CUIL PUEBLO NUEVO(EL CHARCO - NARIÑO),2025,5,3081.0,1576.0,27890.0,sábado,2025-05-31 18:45:00,44919.0
52,NARIÑO,52390,LA TOLA,52390003,LA VIGIA DE LA MAR(LA TOLA - NARIÑO),2025,5,5881.0,2644.0,3140.0,jueves,2025-05-29 18:45:00,83065.0
52,NARIÑO,52390,LA TOLA,52390005,AGUACATAL(LA TOLA - NARIÑO),2025,5,7110.0,2360.0,11410.0,domingo,2025-05-25 15:30:00,24274.0
52,NARIÑO,52390,LA TOLA,52390009,MULATOS(LA TOLA - NARIÑO),2025,5,4325.0,2148.0,24450.0,viernes,2025-05-23 16:30:00,8.0
52,NARIÑO,52390,LA TOLA,52390013,AMARALES(LA TOLA - NARIÑO),2025,5,5692.0,1629.0,53250.0,viernes,2025-05-02 20:15:00,4879.0
52,NARIÑO,52390,LA TOLA,52390016,SAN PABLO DEL MAR(LA TOLA - NARIÑO),2025,5,2756.0,8050.0,23580.0,sábado,2025-05-03 19:00:00,46371.0
52,NARIÑO,52473,MOSQUERA,52473010,EL BAJITO DE ECHANDIA(MOSQUERA - NARIÑO),2025,5,351.0,1343.0,15580.0,domingo,2025-05-25 10:45:00,100726.0
52,NARIÑO,52490,OLAYA HERRERA,52490913,BOCA DE PRIETA(OLAYA HERRERA - NARIÑO),2025,5,1760.0,410.0,14950.0,domingo,2025-05-04 19:00:00,7339.0
52,NARIÑO,52621,ROBERTO PAYAN,52621912,TAMAJE(ROBERTO PAYAN - NARIÑO),2025,5,5736.0,2744.0,25130.0,domingo,2025-05-04 16:45:00,91532.0
52,NARIÑO,52696,SANTA BÁRBARA,52696014,LA ENSENADA(SANTA BÁRBARA - NARIÑO),2025,5,3158.0,1537.0,20580.0,jueves,2025-05-15 19:45:00,64919.0
52,NARIÑO,52696,SANTA BÁRBARA,52696017,SANTA RITA(SANTA BÁRBARA - NARIÑO),2025,5,4761.0,2654.0,3460.0,lunes,2025-05-19 20:15:00,54597.0
52,NARIÑO,52835,SAN ANDRÉS DE TUMACO,52835055,BOCAS DE CURAY(SAN ANDRÉS DE TUMACO - NARIÑO),2025,5,7667.0,2726.0,5040.0,viernes,2025-05-09 18:45:00,68952.0
76,VALLE DEL CAUCA,76109,BUENAVENTURA,76109011,PASTICO(BUENAVENTURA - VALLE DEL CAUCA),2025,5,5262.0,1757.0,20750.0,jueves,2025-05-22 19:00:00,104919.0
76,VALLE DEL CAUCA,76109,BUENAVENTURA,76109018,CONCEPCION(BUENAVENTURA - VALLE DEL CAUCA),2025,5,0.0,0.0,34965.0,nan,2025-03-17 18:30:00,0.0
76,VALLE DEL CAUCA,76109,BUENAVENTURA,76109028,PUERTO MERIZALDE(BUENAVENTURA - VALLE DEL CAUCA),2025,5,111442.0,4019.0,226340.0,miércoles,2025-05-14 20:00:00,223387.0
76,VALLE DEL CAUCA,76109,BUENAVENTURA,76109030,PUNTA SOLDADO(BUENAVENTURA - VALLE DEL CAUCA),2025,5,5111.0,2009.0,50570.0,lunes,2025-05-05 21:00:00,10129.0
76,VALLE DEL CAUCA,76109,BUENAVENTURA,76109032,SAN FRANCISCO NAYA(BUENAVENTURA - VALLE DEL CAUCA),2025,5,8375.0,3654.0,33470.0,viernes,2025-05-09 11:30:00,106452.0
76,VALLE DEL CAUCA,76109,BUENAVENTURA,76109034,SAN ISIDRO - CALIMA(BUENAVENTURA - VALLE DEL CAUCA),2025,5,359.0,7960.0,27470.0,domingo,2025-05-18 08:30:00,50806.0
76,VALLE DEL CAUCA,76109,BUENAVENTURA,76109040,VENERAL(BUENAVENTURA - VALLE DEL CAUCA),2025,5,57.0,5740.0,28450.0,jueves,2025-05-22 19:30:00,79516.0
76,VALLE DEL CAUCA,76109,BUENAVENTURA,76109069,PAPAYAL 1(BUENAVENTURA - VALLE DEL CAUCA),2025,5,4028.0,7840.0,26270.0,viernes,2025-05-30 18:45:00,89032.0
76,VALLE DEL CAUCA,76109,BUENAVENTURA,76109081,PUNTA BONITA(BUENAVENTURA - VALLE DEL CAUCA),2025,5,6041.0,6211.0,23110.0,viernes,2025-05-23 14:15:00,108145.0
76,VALLE DEL CAUCA,76109,BUENAVENTURA,76109105,PITAL(BUENAVENTURA - VALLE DEL CAUCA),2025,5,3677.0,8710.0,16150.0,viernes,2025-05-09 19:15:00,85565.0
76,VALLE DEL CAUCA,76109,BUENAVENTURA,76109817,SANTA MARIA 1 NAYA(BUENAVENTURA - VALLE DEL CAUCA),2025,5,1717.0,5360.0,11550.0,martes,2025-05-27 19:45:00,5879.0
76,VALLE DEL CAUCA,76109,BUENAVENTURA,76109863,SAN ANTONIO (BUENAVENTURA - VALLE DEL CAUCA),2025,5,171.0,4710.0,8490.0,viernes,2025-05-09 13:15:00,100726.0
76,VALLE DEL CAUCA,76109,BUENAVENTURA,76109904,SAN ANTONIO (RIO CAJAMBRE)(BUENAVENTURA - VALLE DEL CAUCA),2025,5,458.0,1366.0,27130.0,martes,2025-05-20 11:30:00,68871.0
76,VALLE DEL CAUCA,76109,BUENAVENTURA,76109907,SAN PABLO( CAJAMBRE)(BUENAVENTURA - VALLE DEL CAUCA),2025,5,243.0,0.0,19830.0,viernes,2025-05-16 18:30:00,43306.0
76,VALLE DEL CAUCA,76109,BUENAVENTURA,76109913,MAYORQUIN(BUENAVENTURA - VALLE DEL CAUCA),2025,5,3238.0,9740.0,16390.0,domingo,2025-05-18 10:45:00,83387.0
76,VALLE DEL CAUCA,76109,BUENAVENTURA,76109930,GALVEZ(BUENAVENTURA - VALLE DEL CAUCA),2025,5,3988.0,6320.0,3290.0,sábado,2025-05-17 08:15:00,62258.0
76,VALLE DEL CAUCA,76109,BUENAVENTURA,76109957,HUMANES MAR(BUENAVENTURA - VALLE DEL CAUCA),2025,5,8259.0,1421.0,43830.0,lunes,2025-05-19 19:15:00,91935.0
86,PUTUMAYO,86573,PUERTO LEGUIZAMO,86573000,PUERTO LEGUIZAMO(PUERTO LEGUIZAMO - PUTUMAYO),2025,5,923489.0,258226.0,190934.0,martes,2025-05-06 14:45:00,24.0
86,PUTUMAYO,86573,PUERTO LEGUIZAMO,86573009,PIÑUÑA NEGRO(PUERTO LEGUIZAMO - PUTUMAYO),2025,5,4402.0,2947.0,3520.0,sábado,2025-05-03 18:45:00,5621.0
88,ARCHIPIÉLAGO DE SAN ANDRÉS y PROVIDENCIA,88001,SAN ANDRÉS,88001000,SAN ANDRÉS(SAN ANDRÉS - ARCHIPIÉLAGO DE SAN ANDRÉS y PROVIDENCIA ),2025,5,7576.0,4650.0,3360096.0,viernes,2025-05-23 15:30:00,24.0
88,ARCHIPIÉLAGO DE SAN ANDRÉS y PROVIDENCIA,88564,PROVIDENCIA,88564000,PROVIDENCIA(PROVIDENCIA - ARCHIPIÉLAGO DE SAN ANDRÉS y PROVIDENCIA ),2025,5,7576.0,265355.0,218436.0,miércoles,2025-05-28 22:30:00,24.0
91,AMAZONAS,91001,LETICIA,91001000,LETICIA(LETICIA - AMAZONAS),2025,5,7576.0,981493.0,77644.0,lunes,2025-05-05 15:00:00,24.0
91,AMAZONAS,91540,PUERTO NARIÑO,91540000,PUERTO NARIÑO(PUERTO NARIÑO - AMAZONAS),2025,5,132386.0,42473.0,26880.0,miércoles,2025-05-07 18:15:00,24.0
91,AMAZONAS,91798,TARAPACA (ANM),91798000,TARAPACA(TARAPACA (ANM) - AMAZONAS),2025,5,26771.0,11682.0,9860.0,martes,2025-05-20 15:45:00,1025.0
94,GUAINÍA,94001,INÍRIDA,94001000,INÍRIDA(INÍRIDA - GUAINÍA),2025,5,7576.0,611747.0,436304.0,lunes,2025-05-05 14:30:00,24.0
94,GUAINÍA,94001,INÍRIDA,94001905,CHORRO BOCON(INÍRIDA - GUAINÍA),2025,5,6292.0,8610.0,21740.0,sábado,2025-05-10 19:30:00,16.0
94,GUAINÍA,94001,INÍRIDA,94001916,VENADO(INÍRIDA - GUAINÍA),2025,5,2923.0,3760.0,9160.0,lunes,2025-05-26 19:15:00,239355.0
94,GUAINÍA,94001,INÍRIDA,94001966,LAGUNA COLORADA ALTA(INÍRIDA - GUAINÍA),2025,5,8604.0,1440.0,31140.0,miércoles,2025-05-07 18:15:00,155242.0
94,GUAINÍA,94343,BARRANCO MINAS,94343900,CARPINTERO(BARRANCO MINAS - GUAINÍA),2025,5,2299.0,1029.0,7720.0,jueves,2025-05-29 18:00:00,192258.0
94,GUAINÍA,94343,BARRANCO MINAS,94343901,CHATARE(BARRANCO MINAS - GUAINÍA),2025,5,3820.0,180.0,4990.0,miércoles,2025-05-14 19:15:00,34435.0
95,GUAVIARE,95001,SAN JOSÉ DEL GUAVIARE,95001012,CACHICAMO(SAN JOSÉ DEL GUAVIARE - GUAVIARE),2025,5,11179.0,4942.0,45570.0,viernes,2025-05-30 18:45:00,118871.0
95,GUAVIARE,95200,MIRAFLORES,95200000,MIRAFLORES(MIRAFLORES - GUAVIARE),2025,5,128806.0,15135.0,252450.0,lunes,2025-05-26 18:15:00,24.0
97,VAUPÉS,97001,MITÚ,97001000,MITÚ(MITÚ - VAUPÉS),2025,5,7576.0,356973.0,31463.0,viernes,2025-05-09 11:45:00,239677.0
97,VAUPÉS,97161,CARURÚ,97161000,CARURÚ(CARURÚ - VAUPÉS),2025,5,38239.0,6377.0,98910.0,jueves,2025-05-29 14:45:00,169032.0
97,VAUPÉS,97666,TARAIRA,97666000,TARAIRA(TARAIRA - VAUPÉS),2025,5,4654.0,13139.0,135780.0,viernes,2025-05-09 12:45:00,142903.0
99,VICHADA,99001,PUERTO CARREÑO,99001000,PUERTO CARREÑO(PUERTO CARREÑO - VICHADA),2025,5,7576.0,666426.0,525272.0,viernes,2025-05-02 14:15:00,239839.0
99,VICHADA,99773,CUMARIBO,99773000,CUMARIBO(CUMARIBO - VICHADA),2025,5,38657.0,137365.0,768430.0,viernes,2025-05-09 13:15:00,235081.0
5,ANTIOQUIA,5873,VIGÍA DEL FUERTE,5873001,SAN ANTONIO DE PADUA(VIGÍA DEL FUERTE - ANTIOQUIA),2025,6,1925.0,0.0,43970.0,lunes,2025-06-30 19:00:00,23083.0
5,ANTIOQUIA,5873,VIGÍA DEL FUERTE,5873005,SAN MIGUEL(VIGÍA DEL FUERTE - ANTIOQUIA),2025,6,3670.0,1570.0,1680.0,sábado,2025-06-28 18:30:00,8583.0
5,ANTIOQUIA,5873,VIGÍA DEL FUERTE,5873910,PUERTO MEDELLÍN(VIGÍA DEL FUERTE - ANTIOQUIA),2025,6,4660.0,1940.0,12550.0,martes,2025-06-24 18:45:00,22583.0
13,BOLÍVAR,13001,CARTAGENA DE INDIAS,13001017,SANTA CRUZ DEL ISLOTE(CARTAGENA DE INDIAS - BOLÍVAR),2025,6,1289.0,3544.0,57220.0,jueves,2025-06-26 20:30:00,95333.0
13,BOLÍVAR,13001,CARTAGENA DE INDIAS,13001037,ISLA MUCURA(CARTAGENA DE INDIAS - BOLÍVAR),2025,6,4867.0,1044.0,22620.0,miércoles,2025-06-11 23:00:00,97417.0
18,CAQUETÁ,18150,CARTAGENA DEL CHAIRA,18150002,SANTA FE DEL CAGUAN(CARTAGENA DEL CHAIRA - CAQUETÁ),2025,6,3295.0,1346.0,36480.0,viernes,2025-06-06 18:30:00,40333.0
18,CAQUETÁ,18753,SAN VICENTE DEL CAGUÁN,18753002,GUACAMAYAS(SAN VICENTE DEL CAGUÁN - CAQUETÁ),2025,6,0.0,0.0,34965.0,nan,2025-08-25 12:45:00,0.0
18,CAQUETÁ,18753,SAN VICENTE DEL CAGUÁN,18753009,PUERTO BETANIA(SAN VICENTE DEL CAGUÁN - CAQUETÁ),2025,6,632.0,1999.0,42760.0,sábado,2025-06-21 18:30:00,68083.0
18,CAQUETÁ,18753,SAN VICENTE DEL CAGUÁN,18753012,SANTA ROSA(SAN VICENTE DEL CAGUÁN - CAQUETÁ),2025,6,2659.0,1135.0,15410.0,domingo,2025-06-29 18:00:00,76417.0
18,CAQUETÁ,18753,SAN VICENTE DEL CAGUÁN,18753033,VILLA LOBOS(SAN VICENTE DEL CAGUÁN - CAQUETÁ),2025,6,327.0,1118.0,44090.0,sábado,2025-06-28 19:30:00,30167.0
19,CAUCA,19318,GUAPI,19318008,LIMONES(GUAPI - CAUCA),2025,6,5576.0,291.0,43340.0,domingo,2025-06-15 12:30:00,5675.0
19,CAUCA,19318,GUAPI,19318013,SAN ANTONIO DE GUAJUI(GUAPI - CAUCA),2025,6,13011.0,7056.0,59080.0,sábado,2025-06-21 18:45:00,94833.0
19,CAUCA,19418,LÓPEZ DE MICAY,19418009,NOANAMITO(LÓPEZ DE MICAY - CAUCA),2025,6,2058.0,1127.0,360.0,lunes,2025-06-23 19:45:00,25833.0
19,CAUCA,19418,LÓPEZ DE MICAY,19418033,BOCA GRANDE(LÓPEZ DE MICAY - CAUCA),2025,6,4984.0,1503.0,40080.0,lunes,2025-06-02 19:45:00,53083.0
19,CAUCA,19809,TIMBIQUÍ,19809003,COTEJE(TIMBIQUÍ - CAUCA),2025,6,5888.0,4526.0,27880.0,miércoles,2025-06-11 19:15:00,85.0
19,CAUCA,19809,TIMBIQUÍ,19809007,SAN JOSE(TIMBIQUÍ - CAUCA),2025,6,1391.0,8660.0,35110.0,viernes,2025-06-06 19:00:00,1575.0
19,CAUCA,19809,TIMBIQUÍ,19809009,SANTA ROSA DE SAIJA(TIMBIQUÍ - CAUCA),2025,6,3265.0,8530.0,2280.0,sábado,2025-06-07 19:00:00,6275.0
19,CAUCA,19809,TIMBIQUÍ,19809010,COMUNIDAD DE CHETE(TIMBIQUÍ - CAUCA),2025,6,4947.0,187.0,31490.0,lunes,2025-06-30 18:00:00,63667.0
19,CAUCA,19809,TIMBIQUÍ,19809014,CHACON(TIMBIQUÍ - CAUCA),2025,6,2944.0,5130.0,25060.0,lunes,2025-06-02 19:45:00,61417.0
27,CHOCÓ,27001,QUIBDÓ,27001029,TAGACHI(QUIBDÓ - CHOCÓ),2025,6,0.0,0.0,34965.0,nan,2025-09-02 11:30:00,0.0
27,CHOCÓ,27006,ACANDÍ,27006000,ACANDÍ(ACANDÍ - CHOCÓ),2025,6,592207.0,160849.0,139163.0,viernes,2025-06-06 20:15:00,209.0
27,CHOCÓ,27006,ACANDÍ,27006007,SAN FRANCISCO(ACANDÍ - CHOCÓ),2025,6,2661.0,9255.0,153150.0,sábado,2025-06-28 21:30:00,93833.0
27,CHOCÓ,27025,ALTO BAUDO,27025000,CIUDAD BAUDO - PIE DE PATO(ALTO BAUDO - CHOCÓ),2025,6,53001.0,17812.0,122410.0,viernes,2025-06-06 11:45:00,2395.0
27,CHOCÓ,27025,ALTO BAUDO,27025033,MIACORA(ALTO BAUDO - CHOCÓ),2025,6,1740.0,0.0,2230.0,miércoles,2025-06-18 18:45:00,875.0
27,CHOCÓ,27025,ALTO BAUDO,27025035,PUERTO ALEGRE(ALTO BAUDO - CHOCÓ),2025,6,1083.0,3310.0,5110.0,domingo,2025-06-01 13:15:00,8875.0
27,CHOCÓ,27025,ALTO BAUDO,27025920,EL MORRO(ALTO BAUDO - CHOCÓ),2025,6,4620.0,1580.0,3420.0,viernes,2025-06-27 19:00:00,65.0
27,CHOCÓ,27025,ALTO BAUDO,27025937,VILLA CECILIA(ALTO BAUDO - CHOCÓ),2025,6,4700.0,1640.0,3590.0,miércoles,2025-06-04 17:15:00,36333.0
27,CHOCÓ,27075,BAHÍA SOLANO,27075000,CIUDAD MUTIS(BAHÍA SOLANO - CHOCÓ),2025,6,873365.0,242722.0,169224.0,jueves,2025-06-19 19:45:00,236417.0
27,CHOCÓ,27075,BAHÍA SOLANO,27075001,CUPICA(BAHÍA SOLANO - CHOCÓ),2025,6,66296.0,19966.0,140170.0,miércoles,2025-06-04 19:30:00,23975.0
27,CHOCÓ,27075,BAHÍA SOLANO,27075002,EL VALLE(BAHÍA SOLANO - CHOCÓ),2025,6,185051.0,57988.0,37580.0,viernes,2025-06-20 19:30:00,235583.0
27,CHOCÓ,27077,BAJO BAUDÓ,27077000,PIZARRO(BAJO BAUDÓ - CHOCÓ),2025,6,171529.0,59334.0,497380.0,miércoles,2025-06-18 20:15:00,151917.0
27,CHOCÓ,27077,BAJO BAUDÓ,27077002,BELEN DE DOCAMPADO(BAJO BAUDÓ - CHOCÓ),2025,6,7217.0,1703.0,36150.0,lunes,2025-06-16 10:30:00,92583.0
27,CHOCÓ,27077,BAJO BAUDÓ,27077011,PILIZA - BELLAVISTA - VILLA LUZ(BAJO BAUDÓ - CHOCÓ),2025,6,2845.0,5150.0,2560.0,lunes,2025-06-02 19:00:00,49833.0
27,CHOCÓ,27077,BAJO BAUDÓ,27077019,VIRUDO(BAJO BAUDÓ - CHOCÓ),2025,6,3693.0,1668.0,35320.0,miércoles,2025-06-04 18:45:00,495.0
27,CHOCÓ,27077,BAJO BAUDÓ,27077026,GUINEAL(BAJO BAUDÓ - CHOCÓ),2025,6,1965.0,2088.0,30290.0,domingo,2025-06-01 18:45:00,42917.0
27,CHOCÓ,27077,BAJO BAUDÓ,27077029,FIRME DE USARGA(BAJO BAUDÓ - CHOCÓ),2025,6,0.0,0.0,34965.0,nan,2025-03-27 10:15:00,0.0
27,CHOCÓ,27077,BAJO BAUDÓ,27077905,BUENAVISTA(BAJO BAUDÓ - CHOCÓ),2025,6,3743.0,1463.0,18880.0,martes,2025-06-03 20:15:00,85083.0
27,CHOCÓ,27077,BAJO BAUDÓ,27077916,TERRON(BAJO BAUDÓ - CHOCÓ),2025,6,450.0,0.0,9850.0,miércoles,2025-06-25 20:45:00,1917.0
27,CHOCÓ,27099,BOJAYÁ,27099000,BELLAVISTA(BOJAYÁ - CHOCÓ),2025,6,105133.0,39066.0,336840.0,lunes,2025-06-30 19:15:00,13425.0
27,CHOCÓ,27099,BOJAYÁ,27099002,LA LOMA DE BOJAYA(BOJAYÁ - CHOCÓ),2025,6,11533.0,5402.0,72180.0,lunes,2025-06-02 19:15:00,84833.0
27,CHOCÓ,27099,BOJAYÁ,27099005,NAPIPI(BOJAYÁ - CHOCÓ),2025,6,12346.0,419.0,5440.0,domingo,2025-06-01 18:15:00,92083.0
27,CHOCÓ,27099,BOJAYÁ,27099012,POGUE(BOJAYÁ - CHOCÓ),2025,6,5248.0,2559.0,22540.0,miércoles,2025-06-18 14:30:00,104667.0
27,CHOCÓ,27099,BOJAYÁ,27099030,PIEDRA CANDELA(BOJAYÁ - CHOCÓ),2025,6,7538.0,3601.0,33110.0,viernes,2025-06-20 15:15:00,95417.0
27,CHOCÓ,27099,BOJAYÁ,27099905,CHANO(BOJAYÁ - CHOCÓ),2025,6,7870.0,420.0,6750.0,jueves,2025-06-05 18:30:00,55917.0
27,CHOCÓ,27250,EL LITORAL DEL SAN JUAN,27250000,SANTA GENOVEVA DE DOCORDO(EL LITORAL DEL SAN JUAN - CHOCÓ),2025,6,72794.0,35069.0,225980.0,viernes,2025-06-06 18:30:00,135.0
27,CHOCÓ,27250,EL LITORAL DEL SAN JUAN,27250023,PAPAYO(EL LITORAL DEL SAN JUAN - CHOCÓ),2025,6,0.0,0.0,0.0,viernes,2025-06-06 11:45:00,0.0
27,CHOCÓ,27361,ISTMINA,27361023,POTEDÓ(ISTMINA - CHOCÓ),2025,6,2002.0,9000.0,14650.0,lunes,2025-06-02 18:15:00,59083.0
27,CHOCÓ,27361,ISTMINA,27361048,UNION CHOCO(ISTMINA - CHOCÓ),2025,6,1206.0,6010.0,7870.0,lunes,2025-06-09 10:45:00,84667.0
27,CHOCÓ,27372,JURADO,27372000,JURADO(JURADO - CHOCÓ),2025,6,179553.0,58988.0,367040.0,sábado,2025-06-14 19:00:00,228417.0
27,CHOCÓ,27372,JURADO,27372901,SANTA TERESITA(JURADO - CHOCÓ),2025,6,9110.0,200.0,10010.0,sábado,2025-06-07 11:45:00,6575.0
27,CHOCÓ,27372,JURADO,27372902,BUENAVISTA(JURADO - CHOCÓ),2025,6,1943.0,4270.0,17220.0,jueves,2025-06-19 11:45:00,9525.0
27,CHOCÓ,27372,JURADO,27372905,DICHARDI(JURADO - CHOCÓ),2025,6,2106.0,1601.0,9950.0,lunes,2025-06-02 06:30:00,150583.0
27,CHOCÓ,27372,JURADO,27372907,EYASAKE(JURADO - CHOCÓ),2025,6,2803.0,8650.0,2190.0,sábado,2025-06-07 18:30:00,76417.0
27,CHOCÓ,27372,JURADO,27372930,DOS BOCAS(JURADO - CHOCÓ),2025,6,1795.0,6010.0,19740.0,sábado,2025-06-07 18:45:00,58583.0
27,CHOCÓ,27425,MEDIO ATRATO,27425000,BETE(MEDIO ATRATO - CHOCÓ),2025,6,8247.0,3274.0,1040.0,miércoles,2025-06-04 19:15:00,38583.0
27,CHOCÓ,27425,MEDIO ATRATO,27425008,SAN ROQUE(MEDIO ATRATO - CHOCÓ),2025,6,8210.0,4070.0,17950.0,sábado,2025-06-14 20:15:00,2075.0
27,CHOCÓ,27491,NOVITA,27491004,JUNTAS DE TAMANA(NOVITA - CHOCÓ),2025,6,2062.0,6150.0,19540.0,jueves,2025-06-12 19:45:00,67917.0
27,CHOCÓ,27495,NUQUÍ,27495000,NUQUÍ(NUQUÍ - CHOCÓ),2025,6,298366.0,96196.0,575170.0,jueves,2025-06-19 19:45:00,237583.0
27,CHOCÓ,27495,NUQUÍ,27495001,ARUSI(NUQUÍ - CHOCÓ),2025,6,18565.0,7229.0,5760.0,lunes,2025-06-09 18:45:00,185333.0
27,CHOCÓ,27495,NUQUÍ,27495003,JURUBIRA(NUQUÍ - CHOCÓ),2025,6,22152.0,7842.0,61490.0,jueves,2025-06-19 20:15:00,168333.0
27,CHOCÓ,27495,NUQUÍ,27495008,JOVI(NUQUÍ - CHOCÓ),2025,6,7784.0,2896.0,25210.0,miércoles,2025-06-18 19:45:00,14775.0
27,CHOCÓ,27495,NUQUÍ,27495011,COMUNIDAD DE PUERTO JAGUA(NUQUÍ - CHOCÓ),2025,6,1114.0,3710.0,5380.0,martes,2025-06-10 20:00:00,81667.0
27,CHOCÓ,27495,NUQUÍ,27495012,COMUNIDAD INDIG. PUERTO INDIO(NUQUÍ - CHOCÓ),2025,6,1495.0,3590.0,7590.0,domingo,2025-06-29 19:45:00,105583.0
27,CHOCÓ,27495,NUQUÍ,27495910,COMUNIDAD INDIG. DE RIO NUQUÍ(NUQUÍ - CHOCÓ),2025,6,8150.0,1970.0,550.0,sábado,2025-06-28 19:30:00,83083.0
27,CHOCÓ,27495,NUQUÍ,27495912,COMUNIDAD INDÍGENA DE PANGUI - EL YUCAL(NUQUÍ - CHOCÓ),2025,6,804.0,1853.0,11560.0,lunes,2025-06-09 09:45:00,2365.0
27,CHOCÓ,27615,RIOSUCIO,27615011,SAN JOSE TAMBORAL(RIOSUCIO - CHOCÓ),2025,6,50.0,20.0,2220.0,domingo,2025-06-29 20:15:00,75.0
27,CHOCÓ,27800,UNGUÍA,27800000,UNGUÍA(UNGUÍA - CHOCÓ),2025,6,471881.0,143072.0,988420.0,domingo,2025-06-08 20:30:00,224583.0
27,CHOCÓ,27800,UNGUÍA,27800001,BALBOA(UNGUÍA - CHOCÓ),2025,6,2692.0,9508.0,89620.0,sábado,2025-06-14 20:30:00,13075.0
27,CHOCÓ,27800,UNGUÍA,27800005,TITUMATE(UNGUÍA - CHOCÓ),2025,6,15118.0,3425.0,67320.0,viernes,2025-06-06 20:45:00,11125.0
44,LA GUAJIRA,44847,URIBIA,44847012,NAZARETH(URIBIA - LA GUAJIRA),2025,6,35892.0,8582.0,269280.0,miércoles,2025-06-18 19:00:00,54.0
47,MAGDALENA,47189,CIÉNAGA,47189018,PALMOR(CIÉNAGA - MAGDALENA),2025,6,93638.0,30596.0,172930.0,sábado,2025-06-21 12:45:00,23525.0
50,META,50325,MAPIRIPAN,50325000,MAPIRIPAN(MAPIRIPAN - META),2025,6,180728.0,56301.0,36520.0,miércoles,2025-06-25 19:00:00,238667.0
52,NARIÑO,52250,EL CHARCO,52250005,LAS MERCEDES(EL CHARCO - NARIÑO),2025,6,9000.0,4851.0,9920.0,martes,2025-06-17 17:45:00,35833.0
52,NARIÑO,52250,EL CHARCO,52250007,SAN JOSE DEL TAPAJE(EL CHARCO - NARIÑO),2025,6,10802.0,2416.0,560.0,miércoles,2025-06-04 18:45:00,80833.0
52,NARIÑO,52250,EL CHARCO,52250016,ALTERON - URIBE URIBE(EL CHARCO - NARIÑO),2025,6,7540.0,4040.0,6620.0,sábado,2025-06-28 20:15:00,5225.0
52,NARIÑO,52250,EL CHARCO,52250022,EL CUIL PUEBLO NUEVO(EL CHARCO - NARIÑO),2025,6,4728.0,2463.0,28220.0,lunes,2025-06-30 18:30:00,67667.0
52,NARIÑO,52390,LA TOLA,52390003,LA VIGIA DE LA MAR(LA TOLA - NARIÑO),2025,6,4794.0,2433.0,3120.0,miércoles,2025-06-25 18:45:00,7225.0
52,NARIÑO,52390,LA TOLA,52390005,AGUACATAL(LA TOLA - NARIÑO),2025,6,3334.0,1169.0,12530.0,sábado,2025-06-07 14:15:00,113083.0
52,NARIÑO,52390,LA TOLA,52390009,MULATOS(LA TOLA - NARIÑO),2025,6,4507.0,21.0,27550.0,domingo,2025-06-22 17:45:00,80083.0
52,NARIÑO,52390,LA TOLA,52390013,AMARALES(LA TOLA - NARIÑO),2025,6,3247.0,9530.0,53860.0,viernes,2025-06-13 19:45:00,29917.0
52,NARIÑO,52390,LA TOLA,52390016,SAN PABLO DEL MAR(LA TOLA - NARIÑO),2025,6,3034.0,1214.0,22560.0,jueves,2025-06-19 14:30:00,575.0
52,NARIÑO,52473,MOSQUERA,52473010,EL BAJITO DE ECHANDIA(MOSQUERA - NARIÑO),2025,6,3268.0,1257.0,18960.0,viernes,2025-06-20 13:45:00,101167.0
52,NARIÑO,52490,OLAYA HERRERA,52490913,BOCA DE PRIETA(OLAYA HERRERA - NARIÑO),2025,6,2960.0,820.0,9550.0,viernes,2025-06-27 21:00:00,1825.0
52,NARIÑO,52621,ROBERTO PAYAN,52621912,TAMAJE(ROBERTO PAYAN - NARIÑO),2025,6,5247.0,2538.0,26830.0,domingo,2025-06-29 21:15:00,85083.0
52,NARIÑO,52696,SANTA BÁRBARA,52696014,LA ENSENADA(SANTA BÁRBARA - NARIÑO),2025,6,2296.0,9890.0,20060.0,lunes,2025-06-23 19:30:00,51167.0
52,NARIÑO,52696,SANTA BÁRBARA,52696017,SANTA RITA(SANTA BÁRBARA - NARIÑO),2025,6,4975.0,2772.0,34720.0,jueves,2025-06-19 20:00:00,61167.0
52,NARIÑO,52835,SAN ANDRÉS DE TUMACO,52835016,PITAL DE LA COSTA(SAN ANDRÉS DE TUMACO - NARIÑO),2025,6,27562.0,1355.0,91460.0,miércoles,2025-06-18 19:00:00,124667.0
52,NARIÑO,52835,SAN ANDRÉS DE TUMACO,52835055,BOCAS DE CURAY(SAN ANDRÉS DE TUMACO - NARIÑO),2025,6,8106.0,2889.0,480.0,lunes,2025-06-30 18:45:00,75833.0
76,VALLE DEL CAUCA,76109,BUENAVENTURA,76109011,PASTICO(BUENAVENTURA - VALLE DEL CAUCA),2025,6,4781.0,154.0,21120.0,lunes,2025-06-16 14:15:00,9225.0
76,VALLE DEL CAUCA,76109,BUENAVENTURA,76109018,CONCEPCION(BUENAVENTURA - VALLE DEL CAUCA),2025,6,7470.0,2780.0,37960.0,lunes,2025-06-30 19:30:00,9583.0
76,VALLE DEL CAUCA,76109,BUENAVENTURA,76109028,PUERTO MERIZALDE(BUENAVENTURA - VALLE DEL CAUCA),2025,6,97264.0,37011.0,245170.0,sábado,2025-06-28 20:30:00,191333.0
76,VALLE DEL CAUCA,76109,BUENAVENTURA,76109030,PUNTA SOLDADO(BUENAVENTURA - VALLE DEL CAUCA),2025,6,46.0,1511.0,38130.0,miércoles,2025-06-18 20:45:00,71667.0
76,VALLE DEL CAUCA,76109,BUENAVENTURA,76109032,SAN FRANCISCO NAYA(BUENAVENTURA - VALLE DEL CAUCA),2025,6,8535.0,3447.0,32350.0,sábado,2025-06-28 11:45:00,113583.0
76,VALLE DEL CAUCA,76109,BUENAVENTURA,76109034,SAN ISIDRO - CALIMA(BUENAVENTURA - VALLE DEL CAUCA),2025,6,7107.0,1548.0,29940.0,sábado,2025-06-28 19:00:00,101333.0
76,VALLE DEL CAUCA,76109,BUENAVENTURA,76109040,VENERAL(BUENAVENTURA - VALLE DEL CAUCA),2025,6,496.0,5370.0,26920.0,domingo,2025-06-29 19:15:00,1065.0
76,VALLE DEL CAUCA,76109,BUENAVENTURA,76109069,PAPAYAL 1(BUENAVENTURA - VALLE DEL CAUCA),2025,6,5055.0,7200.0,36870.0,viernes,2025-06-20 10:15:00,87167.0
76,VALLE DEL CAUCA,76109,BUENAVENTURA,76109081,PUNTA BONITA(BUENAVENTURA - VALLE DEL CAUCA),2025,6,7097.0,5321.0,40040.0,martes,2025-06-24 12:45:00,99917.0
76,VALLE DEL CAUCA,76109,BUENAVENTURA,76109105,PITAL(BUENAVENTURA - VALLE DEL CAUCA),2025,6,2601.0,5700.0,3340.0,jueves,2025-06-26 17:30:00,61.0
76,VALLE DEL CAUCA,76109,BUENAVENTURA,76109817,SANTA MARIA 1 NAYA(BUENAVENTURA - VALLE DEL CAUCA),2025,6,9980.0,3120.0,1120.0,martes,2025-06-10 19:15:00,3575.0
76,VALLE DEL CAUCA,76109,BUENAVENTURA,76109863,SAN ANTONIO (BUENAVENTURA - VALLE DEL CAUCA),2025,6,72.0,8070.0,37960.0,lunes,2025-06-16 05:45:00,105333.0
76,VALLE DEL CAUCA,76109,BUENAVENTURA,76109904,SAN ANTONIO (RIO CAJAMBRE)(BUENAVENTURA - VALLE DEL CAUCA),2025,6,4922.0,147.0,29730.0,viernes,2025-06-20 11:45:00,765.0
76,VALLE DEL CAUCA,76109,BUENAVENTURA,76109907,SAN PABLO( CAJAMBRE)(BUENAVENTURA - VALLE DEL CAUCA),2025,6,313.0,0.0,19650.0,domingo,2025-06-08 19:45:00,58333.0
76,VALLE DEL CAUCA,76109,BUENAVENTURA,76109913,MAYORQUIN(BUENAVENTURA - VALLE DEL CAUCA),2025,6,4908.0,9450.0,34460.0,viernes,2025-06-06 10:45:00,7825.0
76,VALLE DEL CAUCA,76109,BUENAVENTURA,76109930,GALVEZ(BUENAVENTURA - VALLE DEL CAUCA),2025,6,1717.0,2460.0,12770.0,lunes,2025-06-23 19:15:00,54833.0
76,VALLE DEL CAUCA,76109,BUENAVENTURA,76109957,HUMANES MAR(BUENAVENTURA - VALLE DEL CAUCA),2025,6,8849.0,1658.0,35740.0,jueves,2025-06-05 10:30:00,104667.0
86,PUTUMAYO,86573,PUERTO LEGUIZAMO,86573000,PUERTO LEGUIZAMO(PUERTO LEGUIZAMO - PUTUMAYO),2025,6,896654.0,237663.0,185381.0,miércoles,2025-06-18 15:00:00,24.0
86,PUTUMAYO,86573,PUERTO LEGUIZAMO,86573009,PIÑUÑA NEGRO(PUERTO LEGUIZAMO - PUTUMAYO),2025,6,4371.0,2279.0,320.0,sábado,2025-06-07 18:45:00,59167.0
88,ARCHIPIÉLAGO DE SAN ANDRÉS y PROVIDENCIA,88001,SAN ANDRÉS,88001000,SAN ANDRÉS(SAN ANDRÉS - ARCHIPIÉLAGO DE SAN ANDRÉS y PROVIDENCIA ),2025,6,7576.0,4650.0,3300176.0,martes,2025-06-03 16:00:00,24.0
88,ARCHIPIÉLAGO DE SAN ANDRÉS y PROVIDENCIA,88564,PROVIDENCIA,88564000,PROVIDENCIA(PROVIDENCIA - ARCHIPIÉLAGO DE SAN ANDRÉS y PROVIDENCIA ),2025,6,7576.0,241513.0,218373.0,sábado,2025-06-28 19:45:00,239917.0
91,AMAZONAS,91001,LETICIA,91001000,LETICIA(LETICIA - AMAZONAS),2025,6,7576.0,911002.0,785756.0,martes,2025-06-10 14:30:00,24.0
91,AMAZONAS,91540,PUERTO NARIÑO,91540000,PUERTO NARIÑO(PUERTO NARIÑO - AMAZONAS),2025,6,126077.0,41005.0,25120.0,jueves,2025-06-05 18:15:00,24.0
91,AMAZONAS,91798,TARAPACA (ANM),91798000,TARAPACA(TARAPACA (ANM) - AMAZONAS),2025,6,24806.0,10749.0,103760.0,lunes,2025-06-30 13:45:00,102333.0
94,GUAINÍA,94001,INÍRIDA,94001000,INÍRIDA(INÍRIDA - GUAINÍA),2025,6,7576.0,574014.0,413864.0,lunes,2025-06-16 14:30:00,24.0
94,GUAINÍA,94001,INÍRIDA,94001905,CHORRO BOCON(INÍRIDA - GUAINÍA),2025,6,6033.0,7000.0,19680.0,domingo,2025-06-08 20:00:00,163667.0
94,GUAINÍA,94001,INÍRIDA,94001916,VENADO(INÍRIDA - GUAINÍA),2025,6,2869.0,3520.0,970.0,martes,2025-06-24 21:15:00,24.0
94,GUAINÍA,94001,INÍRIDA,94001966,LAGUNA COLORADA ALTA(INÍRIDA - GUAINÍA),2025,6,8613.0,2760.0,30840.0,martes,2025-06-10 18:15:00,138917.0
94,GUAINÍA,94343,BARRANCO MINAS,94343900,CARPINTERO(BARRANCO MINAS - GUAINÍA),2025,6,2317.0,1168.0,8730.0,miércoles,2025-06-18 19:00:00,185667.0
94,GUAINÍA,94343,BARRANCO MINAS,94343901,CHATARE(BARRANCO MINAS - GUAINÍA),2025,6,9520.0,400.0,4920.0,domingo,2025-06-29 19:00:00,109833.0
95,GUAVIARE,95001,SAN JOSÉ DEL GUAVIARE,95001012,CACHICAMO(SAN JOSÉ DEL GUAVIARE - GUAVIARE),2025,6,1001.0,4327.0,47350.0,viernes,2025-06-13 19:15:00,106333.0
95,GUAVIARE,95200,MIRAFLORES,95200000,MIRAFLORES(MIRAFLORES - GUAVIARE),2025,6,116126.0,1232.0,241040.0,martes,2025-06-10 18:30:00,24.0
97,VAUPÉS,97001,MITÚ,97001000,MITÚ(MITÚ - VAUPÉS),2025,6,7576.0,321703.0,3161.0,martes,2025-06-24 11:30:00,234833.0
97,VAUPÉS,97161,CARURÚ,97161000,CARURÚ(CARURÚ - VAUPÉS),2025,6,34965.0,5984.0,96180.0,viernes,2025-06-06 16:15:00,170583.0
97,VAUPÉS,97666,TARAIRA,97666000,TARAIRA(TARAIRA - VAUPÉS),2025,6,44456.0,12414.0,137720.0,jueves,2025-06-26 12:00:00,142083.0
99,VICHADA,99001,PUERTO CARREÑO,99001000,PUERTO CARREÑO(PUERTO CARREÑO - VICHADA),2025,6,7576.0,626345.0,497112.0,jueves,2025-06-05 14:15:00,239417.0
99,VICHADA,99773,CUMARIBO,99773000,CUMARIBO(CUMARIBO - VICHADA),2025,6,36223.0,130624.0,749920.0,viernes,2025-06-13 15:15:00,237667.0
5,ANTIOQUIA,5873,VIGÍA DEL FUERTE,5873001,SAN ANTONIO DE PADUA(VIGÍA DEL FUERTE - ANTIOQUIA),2025,7,3556.0,0.0,4570.0,domingo,2025-07-06 19:15:00,40323.0
5,ANTIOQUIA,5873,VIGÍA DEL FUERTE,5873005,SAN MIGUEL(VIGÍA DEL FUERTE - ANTIOQUIA),2025,7,1914.0,8390.0,20030.0,viernes,2025-07-18 19:00:00,41452.0
5,ANTIOQUIA,5873,VIGÍA DEL FUERTE,5873013,LOMA MURRI(VIGÍA DEL FUERTE - ANTIOQUIA),2025,7,3874.0,1491.0,32620.0,lunes,2025-07-14 19:45:00,52016.0
5,ANTIOQUIA,5873,VIGÍA DEL FUERTE,5873910,PUERTO MEDELLÍN(VIGÍA DEL FUERTE - ANTIOQUIA),2025,7,7120.0,2890.0,13050.0,viernes,2025-07-25 19:00:00,31774.0
13,BOLÍVAR,13001,CARTAGENA DE INDIAS,13001017,SANTA CRUZ DEL ISLOTE(CARTAGENA DE INDIAS - BOLÍVAR),2025,7,13647.0,3612.0,56190.0,martes,2025-07-22 20:30:00,100726.0
13,BOLÍVAR,13001,CARTAGENA DE INDIAS,13001037,ISLA MUCURA(CARTAGENA DE INDIAS - BOLÍVAR),2025,7,558.0,1573.0,20540.0,martes,2025-07-01 23:00:00,111613.0
18,CAQUETÁ,18150,CARTAGENA DEL CHAIRA,18150001,REMOLINO DEL CAGUAN(CARTAGENA DEL CHAIRA - CAQUETÁ),2025,7,15875.0,6152.0,89120.0,viernes,2025-07-11 19:15:00,69677.0
18,CAQUETÁ,18150,CARTAGENA DEL CHAIRA,18150002,SANTA FE DEL CAGUAN(CARTAGENA DEL CHAIRA - CAQUETÁ),2025,7,2582.0,1035.0,38280.0,martes,2025-07-15 19:00:00,30161.0
18,CAQUETÁ,18753,SAN VICENTE DEL CAGUÁN,18753002,GUACAMAYAS(SAN VICENTE DEL CAGUÁN - CAQUETÁ),2025,7,0.0,0.0,34965.0,nan,2025-01-18 11:45:00,0.0
18,CAQUETÁ,18753,SAN VICENTE DEL CAGUÁN,18753012,SANTA ROSA(SAN VICENTE DEL CAGUÁN - CAQUETÁ),2025,7,2193.0,9830.0,1670.0,martes,2025-07-29 18:15:00,625.0
18,CAQUETÁ,18753,SAN VICENTE DEL CAGUÁN,18753033,VILLA LOBOS(SAN VICENTE DEL CAGUÁN - CAQUETÁ),2025,7,5926.0,1892.0,50830.0,miércoles,2025-07-30 19:00:00,46855.0
19,CAUCA,19318,GUAPI,19318008,LIMONES(GUAPI - CAUCA),2025,7,9185.0,5076.0,42290.0,domingo,2025-07-06 20:15:00,89435.0
19,CAUCA,19318,GUAPI,19318013,SAN ANTONIO DE GUAJUI(GUAPI - CAUCA),2025,7,10523.0,5536.0,63520.0,martes,2025-07-22 19:15:00,71694.0
19,CAUCA,19418,LÓPEZ DE MICAY,19418009,NOANAMITO(LÓPEZ DE MICAY - CAUCA),2025,7,7982.0,4528.0,400.0,jueves,2025-07-10 18:45:00,82097.0
19,CAUCA,19418,LÓPEZ DE MICAY,19418033,BOCA GRANDE(LÓPEZ DE MICAY - CAUCA),2025,7,4217.0,1195.0,3780.0,jueves,2025-07-24 20:00:00,44919.0
19,CAUCA,19809,TIMBIQUÍ,19809003,COTEJE(TIMBIQUÍ - CAUCA),2025,7,6565.0,4787.0,31240.0,sábado,2025-07-19 19:00:00,85.0
19,CAUCA,19809,TIMBIQUÍ,19809007,SAN JOSE(TIMBIQUÍ - CAUCA),2025,7,3512.0,2158.0,36290.0,jueves,2025-07-24 19:15:00,39839.0
19,CAUCA,19809,TIMBIQUÍ,19809009,SANTA ROSA DE SAIJA(TIMBIQUÍ - CAUCA),2025,7,2913.0,7530.0,23020.0,miércoles,2025-07-30 19:45:00,51452.0
19,CAUCA,19809,TIMBIQUÍ,19809010,COMUNIDAD DE CHETE(TIMBIQUÍ - CAUCA),2025,7,6058.0,2232.0,33570.0,martes,2025-07-29 19:30:00,73387.0
19,CAUCA,19809,TIMBIQUÍ,19809014,CHACON(TIMBIQUÍ - CAUCA),2025,7,3751.0,5730.0,20430.0,sábado,2025-07-12 20:15:00,73629.0
27,CHOCÓ,27001,QUIBDÓ,27001029,TAGACHI(QUIBDÓ - CHOCÓ),2025,7,1856.0,5830.0,41880.0,miércoles,2025-07-16 20:30:00,18306.0
27,CHOCÓ,27006,ACANDÍ,27006000,ACANDÍ(ACANDÍ - CHOCÓ),2025,7,669559.0,181146.0,143722.0,miércoles,2025-07-16 21:15:00,21371.0
27,CHOCÓ,27006,ACANDÍ,27006007,SAN FRANCISCO(ACANDÍ - CHOCÓ),2025,7,25406.0,9474.0,128190.0,domingo,2025-07-13 21:00:00,94032.0
27,CHOCÓ,27025,ALTO BAUDO,27025000,CIUDAD BAUDO - PIE DE PATO(ALTO BAUDO - CHOCÓ),2025,7,5667.0,18913.0,127420.0,lunes,2025-07-21 12:00:00,239032.0
27,CHOCÓ,27025,ALTO BAUDO,27025033,MIACORA(ALTO BAUDO - CHOCÓ),2025,7,1920.0,110.0,4010.0,miércoles,2025-07-23 17:45:00,1629.0
27,CHOCÓ,27025,ALTO BAUDO,27025035,PUERTO ALEGRE(ALTO BAUDO - CHOCÓ),2025,7,1346.0,4580.0,5730.0,martes,2025-07-29 15:45:00,109597.0
27,CHOCÓ,27025,ALTO BAUDO,27025920,EL MORRO(ALTO BAUDO - CHOCÓ),2025,7,4890.0,1490.0,3680.0,viernes,2025-07-04 16:45:00,66048.0
27,CHOCÓ,27025,ALTO BAUDO,27025937,VILLA CECILIA(ALTO BAUDO - CHOCÓ),2025,7,3620.0,1310.0,3560.0,lunes,2025-07-28 16:00:00,2371.0
27,CHOCÓ,27075,BAHÍA SOLANO,27075000,CIUDAD MUTIS(BAHÍA SOLANO - CHOCÓ),2025,7,932769.0,252157.0,171116.0,martes,2025-07-29 19:30:00,234758.0
27,CHOCÓ,27075,BAHÍA SOLANO,27075001,CUPICA(BAHÍA SOLANO - CHOCÓ),2025,7,66516.0,17552.0,158460.0,domingo,2025-07-27 19:30:00,2375.0
27,CHOCÓ,27075,BAHÍA SOLANO,27075002,EL VALLE(BAHÍA SOLANO - CHOCÓ),2025,7,199609.0,61662.0,387550.0,jueves,2025-07-17 19:15:00,23129.0
27,CHOCÓ,27077,BAJO BAUDÓ,27077000,PIZARRO(BAJO BAUDÓ - CHOCÓ),2025,7,191269.0,66252.0,491570.0,miércoles,2025-07-09 13:15:00,162581.0
27,CHOCÓ,27077,BAJO BAUDÓ,27077002,BELEN DE DOCAMPADO(BAJO BAUDÓ - CHOCÓ),2025,7,4818.0,1185.0,35050.0,sábado,2025-07-12 19:00:00,64113.0
27,CHOCÓ,27077,BAJO BAUDÓ,27077011,PILIZA - BELLAVISTA - VILLA LUZ(BAJO BAUDÓ - CHOCÓ),2025,7,2869.0,4970.0,2240.0,martes,2025-07-01 19:30:00,49839.0
27,CHOCÓ,27077,BAJO BAUDÓ,27077019,VIRUDO(BAJO BAUDÓ - CHOCÓ),2025,7,2235.0,1026.0,34350.0,sábado,2025-07-19 19:15:00,30081.0
27,CHOCÓ,27077,BAJO BAUDÓ,27077026,GUINEAL(BAJO BAUDÓ - CHOCÓ),2025,7,1956.0,2316.0,21830.0,sábado,2025-07-12 19:45:00,45081.0
27,CHOCÓ,27077,BAJO BAUDÓ,27077029,FIRME DE USARGA(BAJO BAUDÓ - CHOCÓ),2025,7,360.0,220.0,3850.0,jueves,2025-07-31 19:45:00,3468.0
27,CHOCÓ,27077,BAJO BAUDÓ,27077905,BUENAVISTA(BAJO BAUDÓ - CHOCÓ),2025,7,4103.0,1525.0,19650.0,jueves,2025-07-10 19:45:00,84032.0
27,CHOCÓ,27077,BAJO BAUDÓ,27077916,TERRON(BAJO BAUDÓ - CHOCÓ),2025,7,30.0,0.0,70.0,sábado,2025-07-19 12:45:00,0.0
27,CHOCÓ,27099,BOJAYÁ,27099000,BELLAVISTA(BOJAYÁ - CHOCÓ),2025,7,8472.0,31076.0,433930.0,miércoles,2025-07-02 05:15:00,1025.0
27,CHOCÓ,27099,BOJAYÁ,27099002,LA LOMA DE BOJAYA(BOJAYÁ - CHOCÓ),2025,7,11971.0,5425.0,68470.0,sábado,2025-07-19 19:45:00,79032.0
27,CHOCÓ,27099,BOJAYÁ,27099005,NAPIPI(BOJAYÁ - CHOCÓ),2025,7,1322.0,4543.0,5440.0,domingo,2025-07-06 16:30:00,94032.0
27,CHOCÓ,27099,BOJAYÁ,27099012,POGUE(BOJAYÁ - CHOCÓ),2025,7,5304.0,2461.0,22610.0,lunes,2025-07-21 13:15:00,99839.0
27,CHOCÓ,27099,BOJAYÁ,27099030,PIEDRA CANDELA(BOJAYÁ - CHOCÓ),2025,7,7024.0,337.0,35040.0,jueves,2025-07-17 19:15:00,82097.0
27,CHOCÓ,27099,BOJAYÁ,27099905,CHANO(BOJAYÁ - CHOCÓ),2025,7,3790.0,310.0,7890.0,jueves,2025-07-24 19:45:00,23468.0
27,CHOCÓ,27250,EL LITORAL DEL SAN JUAN,27250000,SANTA GENOVEVA DE DOCORDO(EL LITORAL DEL SAN JUAN - CHOCÓ),2025,7,97007.0,44624.0,253840.0,lunes,2025-07-14 21:00:00,167581.0
27,CHOCÓ,27250,EL LITORAL DEL SAN JUAN,27250023,PAPAYO(EL LITORAL DEL SAN JUAN - CHOCÓ),2025,7,0.0,0.0,34965.0,nan,2025-07-24 10:00:00,0.0
27,CHOCÓ,27361,ISTMINA,27361023,POTEDÓ(ISTMINA - CHOCÓ),2025,7,3558.0,1266.0,17620.0,domingo,2025-07-27 21:00:00,96129.0
27,CHOCÓ,27361,ISTMINA,27361048,UNION CHOCO(ISTMINA - CHOCÓ),2025,7,1244.0,3900.0,7510.0,sábado,2025-07-19 18:30:00,75806.0
27,CHOCÓ,27372,JURADO,27372000,JURADO(JURADO - CHOCÓ),2025,7,18137.0,5709.0,378080.0,sábado,2025-07-12 19:00:00,220806.0
27,CHOCÓ,27372,JURADO,27372901,SANTA TERESITA(JURADO - CHOCÓ),2025,7,2930.0,140.0,10350.0,miércoles,2025-07-30 19:15:00,19677.0
27,CHOCÓ,27372,JURADO,27372902,BUENAVISTA(JURADO - CHOCÓ),2025,7,177.0,3980.0,13630.0,domingo,2025-07-13 11:30:00,10879.0
27,CHOCÓ,27372,JURADO,27372905,DICHARDI(JURADO - CHOCÓ),2025,7,1848.0,1411.0,810.0,viernes,2025-07-04 11:00:00,153145.0
27,CHOCÓ,27372,JURADO,27372907,EYASAKE(JURADO - CHOCÓ),2025,7,5091.0,2313.0,17260.0,martes,2025-07-22 19:30:00,117097.0
27,CHOCÓ,27372,JURADO,27372930,DOS BOCAS(JURADO - CHOCÓ),2025,7,1907.0,7700.0,21350.0,lunes,2025-07-07 19:15:00,60565.0
27,CHOCÓ,27425,MEDIO ATRATO,27425000,BETE(MEDIO ATRATO - CHOCÓ),2025,7,7221.0,3008.0,920.0,lunes,2025-07-07 19:45:00,3871.0
27,CHOCÓ,27425,MEDIO ATRATO,27425008,SAN ROQUE(MEDIO ATRATO - CHOCÓ),2025,7,3060.0,1460.0,17040.0,jueves,2025-07-31 20:15:00,7903.0
27,CHOCÓ,27491,NOVITA,27491004,JUNTAS DE TAMANA(NOVITA - CHOCÓ),2025,7,4130.0,1050.0,15470.0,domingo,2025-07-27 18:30:00,12258.0
27,CHOCÓ,27495,NUQUÍ,27495000,NUQUÍ(NUQUÍ - CHOCÓ),2025,7,329001.0,106314.0,642750.0,miércoles,2025-07-16 20:15:00,239274.0
27,CHOCÓ,27495,NUQUÍ,27495001,ARUSI(NUQUÍ - CHOCÓ),2025,7,18818.0,6377.0,5520.0,miércoles,2025-07-02 20:45:00,175484.0
27,CHOCÓ,27495,NUQUÍ,27495002,COQUI(NUQUÍ - CHOCÓ),2025,7,10834.0,2556.0,26420.0,jueves,2025-07-17 19:15:00,24.0
27,CHOCÓ,27495,NUQUÍ,27495003,JURUBIRA(NUQUÍ - CHOCÓ),2025,7,22775.0,7862.0,59560.0,lunes,2025-07-07 19:15:00,169839.0
27,CHOCÓ,27495,NUQUÍ,27495008,JOVI(NUQUÍ - CHOCÓ),2025,7,8227.0,3245.0,25090.0,martes,2025-07-15 19:00:00,149597.0
27,CHOCÓ,27495,NUQUÍ,27495011,COMUNIDAD DE PUERTO JAGUA(NUQUÍ - CHOCÓ),2025,7,9860.0,3090.0,6910.0,jueves,2025-07-17 19:00:00,69194.0
27,CHOCÓ,27495,NUQUÍ,27495012,COMUNIDAD INDIG. PUERTO INDIO(NUQUÍ - CHOCÓ),2025,7,302.0,1621.0,8190.0,viernes,2025-07-11 09:45:00,153629.0
27,CHOCÓ,27495,NUQUÍ,27495910,COMUNIDAD INDIG. DE RIO NUQUÍ(NUQUÍ - CHOCÓ),2025,7,6530.0,1460.0,50.0,sábado,2025-07-05 19:00:00,67984.0
27,CHOCÓ,27495,NUQUÍ,27495912,COMUNIDAD INDÍGENA DE PANGUI - EL YUCAL(NUQUÍ - CHOCÓ),2025,7,7659.0,1793.0,11590.0,martes,2025-07-29 15:45:00,221129.0
27,CHOCÓ,27615,RIOSUCIO,27615011,SAN JOSE TAMBORAL(RIOSUCIO - CHOCÓ),2025,7,90.0,30.0,450.0,martes,2025-07-15 13:15:00,726.0
27,CHOCÓ,27800,UNGUÍA,27800001,BALBOA(UNGUÍA - CHOCÓ),2025,7,28494.0,9921.0,95030.0,sábado,2025-07-19 21:00:00,131452.0
27,CHOCÓ,27800,UNGUÍA,27800005,TITUMATE(UNGUÍA - CHOCÓ),2025,7,15983.0,353.0,73480.0,martes,2025-07-15 21:00:00,1025.0
44,LA GUAJIRA,44847,URIBIA,44847012,NAZARETH(URIBIA - LA GUAJIRA),2025,7,39571.0,9036.0,272640.0,domingo,2025-07-27 19:00:00,57016.0
47,MAGDALENA,47189,CIÉNAGA,47189018,PALMOR(CIÉNAGA - MAGDALENA),2025,7,96904.0,31656.0,174270.0,sábado,2025-07-19 12:00:00,228387.0
50,META,50325,MAPIRIPAN,50325000,MAPIRIPAN(MAPIRIPAN - META),2025,7,18713.0,56328.0,37180.0,viernes,2025-07-25 18:30:00,239677.0
52,NARIÑO,52250,EL CHARCO,52250005,LAS MERCEDES(EL CHARCO - NARIÑO),2025,7,1610.0,8910.0,9540.0,domingo,2025-07-13 19:30:00,629.0
52,NARIÑO,52250,EL CHARCO,52250007,SAN JOSE DEL TAPAJE(EL CHARCO - NARIÑO),2025,7,7206.0,193.0,560.0,martes,2025-07-01 20:30:00,63468.0
52,NARIÑO,52250,EL CHARCO,52250016,ALTERON - URIBE URIBE(EL CHARCO - NARIÑO),2025,7,9320.0,4530.0,7660.0,jueves,2025-07-17 18:15:00,58952.0
52,NARIÑO,52390,LA TOLA,52390003,LA VIGIA DE LA MAR(LA TOLA - NARIÑO),2025,7,5924.0,2927.0,44640.0,miércoles,2025-07-23 19:15:00,82661.0
52,NARIÑO,52390,LA TOLA,52390005,AGUACATAL(LA TOLA - NARIÑO),2025,7,207.0,7400.0,1370.0,viernes,2025-07-11 17:00:00,64355.0
52,NARIÑO,52390,LA TOLA,52390009,MULATOS(LA TOLA - NARIÑO),2025,7,473.0,2093.0,27230.0,domingo,2025-07-20 20:00:00,78952.0
52,NARIÑO,52390,LA TOLA,52390013,AMARALES(LA TOLA - NARIÑO),2025,7,6633.0,2714.0,48290.0,jueves,2025-07-24 19:45:00,64758.0
52,NARIÑO,52390,LA TOLA,52390016,SAN PABLO DEL MAR(LA TOLA - NARIÑO),2025,7,5569.0,2191.0,22370.0,miércoles,2025-07-30 20:30:00,10371.0
52,NARIÑO,52473,MOSQUERA,52473010,EL BAJITO DE ECHANDIA(MOSQUERA - NARIÑO),2025,7,3362.0,1277.0,15240.0,viernes,2025-07-25 12:45:00,96532.0
52,NARIÑO,52621,ROBERTO PAYAN,52621912,TAMAJE(ROBERTO PAYAN - NARIÑO),2025,7,5917.0,3092.0,30120.0,jueves,2025-07-17 19:45:00,90403.0
52,NARIÑO,52696,SANTA BÁRBARA,52696014,LA ENSENADA(SANTA BÁRBARA - NARIÑO),2025,7,2524.0,5160.0,19330.0,lunes,2025-07-14 19:00:00,55484.0
52,NARIÑO,52696,SANTA BÁRBARA,52696017,SANTA RITA(SANTA BÁRBARA - NARIÑO),2025,7,4666.0,3178.0,32760.0,martes,2025-07-01 19:45:00,58226.0
52,NARIÑO,52835,SAN ANDRÉS DE TUMACO,52835016,PITAL DE LA COSTA(SAN ANDRÉS DE TUMACO - NARIÑO),2025,7,36819.0,1937.0,94850.0,lunes,2025-07-14 19:00:00,179032.0
52,NARIÑO,52835,SAN ANDRÉS DE TUMACO,52835055,BOCAS DE CURAY(SAN ANDRÉS DE TUMACO - NARIÑO),2025,7,578.0,1891.0,5040.0,viernes,2025-07-11 18:45:00,47984.0
52,NARIÑO,52835,SAN ANDRÉS DE TUMACO,52835217,SAN JUAN DE LA COSTA(SAN ANDRÉS DE TUMACO - NARIÑO),2025,7,0.0,0.0,34965.0,nan,2025-09-05 11:30:00,0.0
76,VALLE DEL CAUCA,76109,BUENAVENTURA,76109011,PASTICO(BUENAVENTURA - VALLE DEL CAUCA),2025,7,2299.0,7730.0,19870.0,martes,2025-07-01 16:15:00,46855.0
76,VALLE DEL CAUCA,76109,BUENAVENTURA,76109018,CONCEPCION(BUENAVENTURA - VALLE DEL CAUCA),2025,7,4878.0,1615.0,51980.0,jueves,2025-07-31 19:00:00,42258.0
76,VALLE DEL CAUCA,76109,BUENAVENTURA,76109028,PUERTO MERIZALDE(BUENAVENTURA - VALLE DEL CAUCA),2025,7,95404.0,33465.0,284060.0,miércoles,2025-07-02 20:30:00,189435.0
76,VALLE DEL CAUCA,76109,BUENAVENTURA,76109030,PUNTA SOLDADO(BUENAVENTURA - VALLE DEL CAUCA),2025,7,4231.0,1313.0,37870.0,lunes,2025-07-28 22:00:00,49919.0
27,CHOCÓ,27425,MEDIO ATRATO,27425000,BETE,2026,1,22435.0,9698.0,960.0,domingo,2026-01-31 20:00:00,1.156
76,VALLE DEL CAUCA,76109,BUENAVENTURA,76109032,SAN FRANCISCO NAYA(BUENAVENTURA - VALLE DEL CAUCA),2025,7,8522.0,3195.0,33920.0,sábado,2025-07-26 12:15:00,103548.0
76,VALLE DEL CAUCA,76109,BUENAVENTURA,76109034,SAN ISIDRO - CALIMA(BUENAVENTURA - VALLE DEL CAUCA),2025,7,905.0,1666.0,32250.0,sábado,2025-07-26 13:00:00,109194.0
76,VALLE DEL CAUCA,76109,BUENAVENTURA,76109038,SILVA(BUENAVENTURA - VALLE DEL CAUCA),2025,7,4646.0,1668.0,18870.0,viernes,2025-07-04 16:30:00,100403.0
76,VALLE DEL CAUCA,76109,BUENAVENTURA,76109040,VENERAL(BUENAVENTURA - VALLE DEL CAUCA),2025,7,5223.0,4110.0,30140.0,lunes,2025-07-21 19:45:00,72097.0
76,VALLE DEL CAUCA,76109,BUENAVENTURA,76109069,PAPAYAL 1(BUENAVENTURA - VALLE DEL CAUCA),2025,7,4548.0,8870.0,19060.0,sábado,2025-07-12 19:30:00,96129.0
76,VALLE DEL CAUCA,76109,BUENAVENTURA,76109081,PUNTA BONITA(BUENAVENTURA - VALLE DEL CAUCA),2025,7,7253.0,421.0,3960.0,domingo,2025-07-20 20:00:00,83065.0
76,VALLE DEL CAUCA,76109,BUENAVENTURA,76109817,SANTA MARIA 1 NAYA(BUENAVENTURA - VALLE DEL CAUCA),2025,7,0.0,0.0,34965.0,nan,2025-08-01 18:15:00,0.0
76,VALLE DEL CAUCA,76109,BUENAVENTURA,76109863,SAN ANTONIO (BUENAVENTURA - VALLE DEL CAUCA),2025,7,3886.0,9380.0,28080.0,miércoles,2025-07-23 21:00:00,115484.0
76,VALLE DEL CAUCA,76109,BUENAVENTURA,76109904,SAN ANTONIO (RIO CAJAMBRE)(BUENAVENTURA - VALLE DEL CAUCA),2025,7,3814.0,1153.0,3080.0,lunes,2025-07-28 11:45:00,55403.0
76,VALLE DEL CAUCA,76109,BUENAVENTURA,76109907,SAN PABLO( CAJAMBRE)(BUENAVENTURA - VALLE DEL CAUCA),2025,7,8890.0,0.0,19210.0,martes,2025-07-01 17:00:00,47177.0
76,VALLE DEL CAUCA,76109,BUENAVENTURA,76109913,MAYORQUIN(BUENAVENTURA - VALLE DEL CAUCA),2025,7,3359.0,7870.0,30250.0,jueves,2025-07-10 19:45:00,72419.0
76,VALLE DEL CAUCA,76109,BUENAVENTURA,76109930,GALVEZ(BUENAVENTURA - VALLE DEL CAUCA),2025,7,283.0,4880.0,12250.0,miércoles,2025-07-23 18:30:00,90565.0
76,VALLE DEL CAUCA,76109,BUENAVENTURA,76109957,HUMANES MAR(BUENAVENTURA - VALLE DEL CAUCA),2025,7,1022.0,195.0,36240.0,martes,2025-07-15 12:45:00,116694.0
86,PUTUMAYO,86573,PUERTO LEGUIZAMO,86573000,PUERTO LEGUIZAMO(PUERTO LEGUIZAMO - PUTUMAYO),2025,7,882056.0,23259.0,196328.0,miércoles,2025-07-30 15:30:00,24.0
86,PUTUMAYO,86573,PUERTO LEGUIZAMO,86573009,PIÑUÑA NEGRO(PUERTO LEGUIZAMO - PUTUMAYO),2025,7,4696.0,2574.0,3520.0,sábado,2025-07-26 18:45:00,61048.0
88,ARCHIPIÉLAGO DE SAN ANDRÉS y PROVIDENCIA,88001,SAN ANDRÉS,88001000,SAN ANDRÉS(SAN ANDRÉS - ARCHIPIÉLAGO DE SAN ANDRÉS y PROVIDENCIA ),2025,7,7576.0,4650.0,3323012.0,jueves,2025-07-24 15:30:00,24.0
88,ARCHIPIÉLAGO DE SAN ANDRÉS y PROVIDENCIA,88564,PROVIDENCIA,88564000,PROVIDENCIA(PROVIDENCIA - ARCHIPIÉLAGO DE SAN ANDRÉS y PROVIDENCIA ),2025,7,7576.0,271563.0,219841.0,miércoles,2025-07-30 22:30:00,24.0
91,AMAZONAS,91001,LETICIA,91001000,LETICIA(LETICIA - AMAZONAS),2025,7,7576.0,950415.0,819716.0,viernes,2025-07-25 14:45:00,24.0
91,AMAZONAS,91540,PUERTO NARIÑO,91540000,PUERTO NARIÑO(PUERTO NARIÑO - AMAZONAS),2025,7,130501.0,43206.0,26080.0,martes,2025-07-29 18:30:00,239919.0
91,AMAZONAS,91798,TARAPACA (ANM),91798000,TARAPACA(TARAPACA (ANM) - AMAZONAS),2025,7,2678.0,11516.0,101270.0,martes,2025-07-01 14:00:00,1025.0
94,GUAINÍA,94001,INÍRIDA,94001000,INÍRIDA(INÍRIDA - GUAINÍA),2025,7,7576.0,573271.0,413248.0,miércoles,2025-07-30 14:45:00,24.0
94,GUAINÍA,94001,INÍRIDA,94001905,CHORRO BOCON(INÍRIDA - GUAINÍA),2025,7,5987.0,6730.0,20610.0,sábado,2025-07-19 19:30:00,162177.0
94,GUAINÍA,94001,INÍRIDA,94001916,VENADO(INÍRIDA - GUAINÍA),2025,7,2811.0,5780.0,13240.0,lunes,2025-07-07 20:00:00,226774.0
94,GUAINÍA,94001,INÍRIDA,94001966,LAGUNA COLORADA ALTA(INÍRIDA - GUAINÍA),2025,7,8841.0,2210.0,31290.0,jueves,2025-07-31 11:00:00,142661.0
94,GUAINÍA,94343,BARRANCO MINAS,94343900,CARPINTERO(BARRANCO MINAS - GUAINÍA),2025,7,2038.0,9750.0,6610.0,miércoles,2025-07-02 18:00:00,164839.0
94,GUAINÍA,94343,BARRANCO MINAS,94343901,CHATARE(BARRANCO MINAS - GUAINÍA),2025,7,1716.0,1230.0,5040.0,martes,2025-07-01 19:00:00,189919.0
95,GUAVIARE,95001,SAN JOSÉ DEL GUAVIARE,95001012,CACHICAMO(SAN JOSÉ DEL GUAVIARE - GUAVIARE),2025,7,10141.0,4554.0,47760.0,viernes,2025-07-18 19:30:00,103226.0
95,GUAVIARE,95200,MIRAFLORES,95200000,MIRAFLORES(MIRAFLORES - GUAVIARE),2025,7,120927.0,13651.0,245090.0,lunes,2025-07-28 18:15:00,239355.0
97,VAUPÉS,97001,MITÚ,97001000,MITÚ(MITÚ - VAUPÉS),2025,7,7576.0,329593.0,316642.0,lunes,2025-07-28 13:15:00,239597.0
97,VAUPÉS,97161,CARURÚ,97161000,CARURÚ(CARURÚ - VAUPÉS),2025,7,34007.0,5616.0,95390.0,viernes,2025-07-25 18:30:00,165323.0
97,VAUPÉS,97666,TARAIRA,97666000,TARAIRA(TARAIRA - VAUPÉS),2025,7,46237.0,12352.0,146870.0,martes,2025-07-29 19:00:00,144194.0
99,VICHADA,99001,PUERTO CARREÑO,99001000,PUERTO CARREÑO(PUERTO CARREÑO - VICHADA),2025,7,7576.0,642303.0,48356.0,lunes,2025-07-28 14:15:00,239194.0
99,VICHADA,99001,PUERTO CARREÑO,99001002,CASUARITO(PUERTO CARREÑO - VICHADA),2025,7,3876.0,15285.0,78010.0,jueves,2025-07-31 20:30:00,237823.0
99,VICHADA,99773,CUMARIBO,99773000,CUMARIBO(CUMARIBO - VICHADA),2025,7,358606.0,130543.0,751410.0,lunes,2025-07-28 15:00:00,231935.0
5,ANTIOQUIA,5873,VIGÍA DEL FUERTE,5873001,SAN ANTONIO DE PADUA(VIGÍA DEL FUERTE - ANTIOQUIA),2025,8,1600.0,0.0,26240.0,lunes,2025-08-11 22:30:00,2419.0
5,ANTIOQUIA,5873,VIGÍA DEL FUERTE,5873005,SAN MIGUEL(VIGÍA DEL FUERTE - ANTIOQUIA),2025,8,3730.0,1600.0,18950.0,viernes,2025-08-01 19:30:00,8226.0
5,ANTIOQUIA,5873,VIGÍA DEL FUERTE,5873013,LOMA MURRI(VIGÍA DEL FUERTE - ANTIOQUIA),2025,8,4052.0,1616.0,3070.0,sábado,2025-08-16 19:30:00,54194.0
5,ANTIOQUIA,5873,VIGÍA DEL FUERTE,5873910,PUERTO MEDELLÍN(VIGÍA DEL FUERTE - ANTIOQUIA),2025,8,4750.0,1890.0,1340.0,sábado,2025-08-16 19:00:00,2121.0
13,BOLÍVAR,13001,CARTAGENA DE INDIAS,13001037,ISLA MUCURA(CARTAGENA DE INDIAS - BOLÍVAR),2025,8,6235.0,1967.0,21020.0,martes,2025-08-26 22:30:00,119758.0
18,CAQUETÁ,18150,CARTAGENA DEL CHAIRA,18150001,REMOLINO DEL CAGUAN(CARTAGENA DEL CHAIRA - CAQUETÁ),2025,8,8954.0,354.0,88960.0,viernes,2025-08-15 19:45:00,40806.0
18,CAQUETÁ,18150,CARTAGENA DEL CHAIRA,18150002,SANTA FE DEL CAGUAN(CARTAGENA DEL CHAIRA - CAQUETÁ),2025,8,2740.0,1010.0,34360.0,miércoles,2025-08-20 20:45:00,3065.0
18,CAQUETÁ,18753,SAN VICENTE DEL CAGUÁN,18753002,GUACAMAYAS(SAN VICENTE DEL CAGUÁN - CAQUETÁ),2025,8,0.0,0.0,34965.0,nan,2025-02-27 16:30:00,0.0
18,CAQUETÁ,18753,SAN VICENTE DEL CAGUÁN,18753012,SANTA ROSA(SAN VICENTE DEL CAGUÁN - CAQUETÁ),2025,8,1062.0,4100.0,16580.0,viernes,2025-08-01 19:00:00,25968.0
18,CAQUETÁ,18753,SAN VICENTE DEL CAGUÁN,18753033,VILLA LOBOS(SAN VICENTE DEL CAGUÁN - CAQUETÁ),2025,8,2716.0,8320.0,51810.0,domingo,2025-08-03 18:45:00,20323.0
19,CAUCA,19318,GUAPI,19318008,LIMONES(GUAPI - CAUCA),2025,8,9992.0,4983.0,47060.0,viernes,2025-08-29 20:15:00,94516.0
19,CAUCA,19318,GUAPI,19318013,SAN ANTONIO DE GUAJUI(GUAPI - CAUCA),2025,8,6949.0,3574.0,6490.0,miércoles,2025-08-20 20:15:00,47419.0
19,CAUCA,19418,LÓPEZ DE MICAY,19418009,NOANAMITO(LÓPEZ DE MICAY - CAUCA),2025,8,7087.0,3828.0,400.0,viernes,2025-08-01 19:00:00,71452.0
19,CAUCA,19418,LÓPEZ DE MICAY,19418033,BOCA GRANDE(LÓPEZ DE MICAY - CAUCA),2025,8,0.0,0.0,34965.0,nan,2025-06-08 19:15:00,0.0
19,CAUCA,19809,TIMBIQUÍ,19809003,COTEJE(TIMBIQUÍ - CAUCA),2025,8,6502.0,461.0,31480.0,sábado,2025-08-16 20:00:00,8371.0
19,CAUCA,19809,TIMBIQUÍ,19809007,SAN JOSE(TIMBIQUÍ - CAUCA),2025,8,5336.0,3309.0,36820.0,sábado,2025-08-16 19:15:00,56452.0
19,CAUCA,19809,TIMBIQUÍ,19809009,SANTA ROSA DE SAIJA(TIMBIQUÍ - CAUCA),2025,8,3516.0,1035.0,25680.0,viernes,2025-08-29 22:30:00,59597.0
19,CAUCA,19809,TIMBIQUÍ,19809010,COMUNIDAD DE CHETE(TIMBIQUÍ - CAUCA),2025,8,5075.0,1893.0,33220.0,sábado,2025-08-23 19:00:00,58871.0
19,CAUCA,19809,TIMBIQUÍ,19809014,CHACON(TIMBIQUÍ - CAUCA),2025,8,2866.0,4190.0,20750.0,viernes,2025-08-01 19:15:00,55242.0
27,CHOCÓ,27001,QUIBDÓ,27001029,TAGACHI(QUIBDÓ - CHOCÓ),2025,8,0.0,0.0,34965.0,nan,2025-09-25 18:45:00,0.0
27,CHOCÓ,27006,ACANDÍ,27006000,ACANDÍ(ACANDÍ - CHOCÓ),2025,8,651931.0,185607.0,129906.0,lunes,2025-08-25 21:45:00,21.0
27,CHOCÓ,27006,ACANDÍ,27006007,SAN FRANCISCO(ACANDÍ - CHOCÓ),2025,8,25896.0,9701.0,143360.0,sábado,2025-08-16 20:30:00,92258.0
27,CHOCÓ,27025,ALTO BAUDO,27025000,CIUDAD BAUDO - PIE DE PATO(ALTO BAUDO - CHOCÓ),2025,8,5683.0,1853.0,127860.0,viernes,2025-08-08 11:45:00,239113.0
27,CHOCÓ,27025,ALTO BAUDO,27025033,MIACORA(ALTO BAUDO - CHOCÓ),2025,8,1420.0,60.0,2370.0,domingo,2025-08-03 18:45:00,16935.0
27,CHOCÓ,27025,ALTO BAUDO,27025035,PUERTO ALEGRE(ALTO BAUDO - CHOCÓ),2025,8,133.0,5220.0,5450.0,jueves,2025-08-21 11:45:00,107661.0
27,CHOCÓ,27025,ALTO BAUDO,27025920,EL MORRO(ALTO BAUDO - CHOCÓ),2025,8,2420.0,690.0,3560.0,jueves,2025-08-21 19:15:00,3121.0
27,CHOCÓ,27025,ALTO BAUDO,27025937,VILLA CECILIA(ALTO BAUDO - CHOCÓ),2025,8,3880.0,1580.0,2960.0,miércoles,2025-08-20 09:00:00,20323.0
27,CHOCÓ,27075,BAHÍA SOLANO,27075000,CIUDAD MUTIS(BAHÍA SOLANO - CHOCÓ),2025,8,946512.0,186205.0,17446.0,viernes,2025-08-08 19:30:00,237419.0
27,CHOCÓ,27075,BAHÍA SOLANO,27075001,CUPICA(BAHÍA SOLANO - CHOCÓ),2025,8,66958.0,16666.0,132520.0,viernes,2025-08-01 20:30:00,23879.0
27,CHOCÓ,27075,BAHÍA SOLANO,27075002,EL VALLE(BAHÍA SOLANO - CHOCÓ),2025,8,202978.0,62164.0,388540.0,viernes,2025-08-29 19:00:00,237903.0
27,CHOCÓ,27077,BAJO BAUDÓ,27077000,PIZARRO(BAJO BAUDÓ - CHOCÓ),2025,8,205584.0,71451.0,474140.0,sábado,2025-08-30 12:00:00,18129.0
27,CHOCÓ,27077,BAJO BAUDÓ,27077002,BELEN DE DOCAMPADO(BAJO BAUDÓ - CHOCÓ),2025,8,240.0,70.0,14070.0,domingo,2025-08-10 08:45:00,806.0
27,CHOCÓ,27077,BAJO BAUDÓ,27077011,PILIZA - BELLAVISTA - VILLA LUZ(BAJO BAUDÓ - CHOCÓ),2025,8,2634.0,4960.0,2240.0,viernes,2025-08-01 19:00:00,49032.0
27,CHOCÓ,27077,BAJO BAUDÓ,27077019,VIRUDO(BAJO BAUDÓ - CHOCÓ),2025,8,0.0,0.0,34965.0,nan,2025-02-01 14:15:00,0.0
27,CHOCÓ,27077,BAJO BAUDÓ,27077026,GUINEAL(BAJO BAUDÓ - CHOCÓ),2025,8,234.0,2718.0,24930.0,martes,2025-08-19 18:45:00,56371.0
27,CHOCÓ,27077,BAJO BAUDÓ,27077905,BUENAVISTA(BAJO BAUDÓ - CHOCÓ),2025,8,418.0,1565.0,20060.0,lunes,2025-08-11 19:15:00,8371.0
27,CHOCÓ,27077,BAJO BAUDÓ,27077911,PLAYA NUEVA(BAJO BAUDÓ - CHOCÓ),2025,8,258.0,1056.0,16280.0,sábado,2025-08-09 13:15:00,66613.0
27,CHOCÓ,27077,BAJO BAUDÓ,27077916,TERRON(BAJO BAUDÓ - CHOCÓ),2025,8,0.0,0.0,34965.0,nan,2025-12-23 09:00:00,0.0
27,CHOCÓ,27099,BOJAYÁ,27099000,BELLAVISTA(BOJAYÁ - CHOCÓ),2025,8,54151.0,19905.0,318060.0,viernes,2025-08-08 19:00:00,66452.0
27,CHOCÓ,27099,BOJAYÁ,27099002,LA LOMA DE BOJAYA(BOJAYÁ - CHOCÓ),2025,8,13206.0,5793.0,65610.0,viernes,2025-08-01 19:00:00,83629.0
27,CHOCÓ,27099,BOJAYÁ,27099005,NAPIPI(BOJAYÁ - CHOCÓ),2025,8,13369.0,46.0,5440.0,viernes,2025-08-01 16:15:00,91048.0
27,CHOCÓ,27099,BOJAYÁ,27099012,POGUE(BOJAYÁ - CHOCÓ),2025,8,5381.0,2571.0,23230.0,sábado,2025-08-23 13:15:00,99597.0
27,CHOCÓ,27099,BOJAYÁ,27099030,PIEDRA CANDELA(BOJAYÁ - CHOCÓ),2025,8,8175.0,3997.0,34170.0,viernes,2025-08-22 19:15:00,95726.0
27,CHOCÓ,27099,BOJAYÁ,27099905,CHANO(BOJAYÁ - CHOCÓ),2025,8,5440.0,570.0,7260.0,miércoles,2025-08-06 19:30:00,35403.0
27,CHOCÓ,27250,EL LITORAL DEL SAN JUAN,27250000,SANTA GENOVEVA DE DOCORDO(EL LITORAL DEL SAN JUAN - CHOCÓ),2025,8,90346.0,42103.0,253310.0,lunes,2025-08-25 19:15:00,155403.0
27,CHOCÓ,27250,EL LITORAL DEL SAN JUAN,27250023,PAPAYO(EL LITORAL DEL SAN JUAN - CHOCÓ),2025,8,0.0,0.0,34965.0,nan,2025-07-29 13:45:00,0.0
27,CHOCÓ,27361,ISTMINA,27361021,PANAMACITO(ISTMINA - CHOCÓ),2025,8,1507.0,6140.0,9290.0,sábado,2025-08-09 17:00:00,68387.0
27,CHOCÓ,27361,ISTMINA,27361023,POTEDÓ(ISTMINA - CHOCÓ),2025,8,3425.0,1163.0,18450.0,lunes,2025-08-04 18:00:00,82984.0
27,CHOCÓ,27361,ISTMINA,27361048,UNION CHOCO(ISTMINA - CHOCÓ),2025,8,1506.0,5190.0,7430.0,martes,2025-08-05 18:45:00,89355.0
27,CHOCÓ,27372,JURADO,27372000,JURADO(JURADO - CHOCÓ),2025,8,204548.0,62052.0,382560.0,miércoles,2025-08-13 20:15:00,24.0
27,CHOCÓ,27372,JURADO,27372901,SANTA TERESITA(JURADO - CHOCÓ),2025,8,1844.0,630.0,10570.0,martes,2025-08-12 19:15:00,133871.0
27,CHOCÓ,27372,JURADO,27372902,BUENAVISTA(JURADO - CHOCÓ),2025,8,1581.0,3590.0,15510.0,miércoles,2025-08-27 10:45:00,96048.0
27,CHOCÓ,27372,JURADO,27372905,DICHARDI(JURADO - CHOCÓ),2025,8,1869.0,1556.0,7940.0,sábado,2025-08-16 11:15:00,188387.0
27,CHOCÓ,27372,JURADO,27372907,EYASAKE(JURADO - CHOCÓ),2025,8,553.0,2496.0,18130.0,sábado,2025-08-30 08:45:00,127097.0
27,CHOCÓ,27372,JURADO,27372930,DOS BOCAS(JURADO - CHOCÓ),2025,8,1959.0,8630.0,19660.0,jueves,2025-08-07 19:15:00,65403.0
27,CHOCÓ,27425,MEDIO ATRATO,27425000,BETE(MEDIO ATRATO - CHOCÓ),2025,8,9185.0,3939.0,760.0,domingo,2025-08-24 19:30:00,53387.0
27,CHOCÓ,27425,MEDIO ATRATO,27425008,SAN ROQUE(MEDIO ATRATO - CHOCÓ),2025,8,1627.0,6580.0,29830.0,sábado,2025-08-16 22:00:00,30484.0
27,CHOCÓ,27491,NOVITA,27491004,JUNTAS DE TAMANA(NOVITA - CHOCÓ),2025,8,246.0,7670.0,18060.0,miércoles,2025-08-27 19:00:00,71048.0
27,CHOCÓ,27495,NUQUÍ,27495000,NUQUÍ(NUQUÍ - CHOCÓ),2025,8,325533.0,105951.0,606140.0,viernes,2025-08-01 20:00:00,239677.0
27,CHOCÓ,27495,NUQUÍ,27495001,ARUSI(NUQUÍ - CHOCÓ),2025,8,26857.0,8068.0,840.0,viernes,2025-08-29 18:45:00,232097.0
27,CHOCÓ,27495,NUQUÍ,27495002,COQUI(NUQUÍ - CHOCÓ),2025,8,9123.0,2657.0,29150.0,jueves,2025-08-28 18:30:00,175887.0
27,CHOCÓ,27495,NUQUÍ,27495003,JURUBIRA(NUQUÍ - CHOCÓ),2025,8,25861.0,8812.0,57470.0,viernes,2025-08-01 20:00:00,236855.0
27,CHOCÓ,27495,NUQUÍ,27495008,JOVI(NUQUÍ - CHOCÓ),2025,8,9013.0,3612.0,25990.0,domingo,2025-08-10 13:00:00,155484.0
27,CHOCÓ,27495,NUQUÍ,27495010,TERMALES(NUQUÍ - CHOCÓ),2025,8,4744.0,2103.0,32030.0,jueves,2025-08-14 14:15:00,62581.0
27,CHOCÓ,27495,NUQUÍ,27495011,COMUNIDAD DE PUERTO JAGUA(NUQUÍ - CHOCÓ),2025,8,1355.0,4550.0,5210.0,viernes,2025-08-29 20:00:00,101452.0
27,CHOCÓ,27495,NUQUÍ,27495012,COMUNIDAD INDIG. PUERTO INDIO(NUQUÍ - CHOCÓ),2025,8,2954.0,1616.0,8340.0,miércoles,2025-08-06 12:30:00,154355.0
27,CHOCÓ,27495,NUQUÍ,27495910,COMUNIDAD INDIG. DE RIO NUQUÍ(NUQUÍ - CHOCÓ),2025,8,7230.0,1850.0,450.0,martes,2025-08-19 19:15:00,83629.0
27,CHOCÓ,27495,NUQUÍ,27495912,COMUNIDAD INDÍGENA DE PANGUI - EL YUCAL(NUQUÍ - CHOCÓ),2025,8,7185.0,1678.0,11620.0,miércoles,2025-08-06 15:00:00,215645.0
27,CHOCÓ,27615,RIOSUCIO,27615011,SAN JOSE TAMBORAL(RIOSUCIO - CHOCÓ),2025,8,0.0,0.0,34965.0,nan,2025-04-17 19:30:00,0.0
27,CHOCÓ,27800,UNGUÍA,27800000,UNGUÍA(UNGUÍA - CHOCÓ),2025,8,487102.0,151044.0,979970.0,viernes,2025-08-29 21:00:00,224274.0
27,CHOCÓ,27800,UNGUÍA,27800001,BALBOA(UNGUÍA - CHOCÓ),2025,8,30132.0,10099.0,89370.0,miércoles,2025-08-13 20:15:00,146613.0
27,CHOCÓ,27800,UNGUÍA,27800005,TITUMATE(UNGUÍA - CHOCÓ),2025,8,16785.0,4012.0,65740.0,jueves,2025-08-07 20:15:00,121774.0
44,LA GUAJIRA,44847,URIBIA,44847012,NAZARETH(URIBIA - LA GUAJIRA),2025,8,39083.0,8753.0,276480.0,domingo,2025-08-31 19:00:00,54113.0
47,MAGDALENA,47189,CIÉNAGA,47189018,PALMOR(CIÉNAGA - MAGDALENA),2025,8,100268.0,32349.0,178110.0,lunes,2025-08-25 19:45:00,236129.0
50,META,50325,MAPIRIPAN,50325000,MAPIRIPAN(MAPIRIPAN - META),2025,8,200648.0,6123.0,417560.0,miércoles,2025-08-20 18:45:00,24.0
52,NARIÑO,52250,EL CHARCO,52250005,LAS MERCEDES(EL CHARCO - NARIÑO),2025,8,0.0,0.0,34965.0,nan,2025-02-12 18:15:00,0.0
52,NARIÑO,52250,EL CHARCO,52250007,SAN JOSE DEL TAPAJE(EL CHARCO - NARIÑO),2025,8,3786.0,1614.0,320.0,viernes,2025-08-01 18:45:00,52258.0
52,NARIÑO,52250,EL CHARCO,52250016,ALTERON - URIBE URIBE(EL CHARCO - NARIÑO),2025,8,1104.0,4870.0,12240.0,sábado,2025-08-30 17:45:00,58952.0
52,NARIÑO,52390,LA TOLA,52390003,LA VIGIA DE LA MAR(LA TOLA - NARIÑO),2025,8,5861.0,3124.0,31760.0,miércoles,2025-08-06 20:00:00,80484.0
52,NARIÑO,52390,LA TOLA,52390005,AGUACATAL(LA TOLA - NARIÑO),2025,8,3023.0,114.0,12720.0,sábado,2025-08-02 18:30:00,93952.0
52,NARIÑO,52390,LA TOLA,52390009,MULATOS(LA TOLA - NARIÑO),2025,8,4491.0,2277.0,25250.0,lunes,2025-08-04 17:30:00,79435.0
52,NARIÑO,52390,LA TOLA,52390013,AMARALES(LA TOLA - NARIÑO),2025,8,9328.0,3741.0,47460.0,domingo,2025-08-03 20:45:00,91532.0
52,NARIÑO,52390,LA TOLA,52390016,SAN PABLO DEL MAR(LA TOLA - NARIÑO),2025,8,6012.0,2092.0,24860.0,viernes,2025-08-01 18:45:00,101613.0
52,NARIÑO,52473,MOSQUERA,52473010,EL BAJITO DE ECHANDIA(MOSQUERA - NARIÑO),2025,8,3231.0,1154.0,16780.0,jueves,2025-08-14 19:30:00,8629.0
52,NARIÑO,52621,ROBERTO PAYAN,52621912,TAMAJE(ROBERTO PAYAN - NARIÑO),2025,8,5632.0,2896.0,28460.0,sábado,2025-08-09 20:45:00,84919.0
52,NARIÑO,52696,SANTA BÁRBARA,52696014,LA ENSENADA(SANTA BÁRBARA - NARIÑO),2025,8,267.0,2769.0,22590.0,sábado,2025-08-09 19:15:00,49032.0
52,NARIÑO,52696,SANTA BÁRBARA,52696017,SANTA RITA(SANTA BÁRBARA - NARIÑO),2025,8,5124.0,2557.0,3440.0,viernes,2025-08-29 20:00:00,65403.0
52,NARIÑO,52835,SAN ANDRÉS DE TUMACO,52835016,PITAL DE LA COSTA(SAN ANDRÉS DE TUMACO - NARIÑO),2025,8,4026.0,22459.0,87210.0,miércoles,2025-08-27 17:30:00,221371.0
52,NARIÑO,52835,SAN ANDRÉS DE TUMACO,52835055,BOCAS DE CURAY(SAN ANDRÉS DE TUMACO - NARIÑO),2025,8,8762.0,3014.0,5040.0,miércoles,2025-08-13 17:45:00,7371.0
52,NARIÑO,52835,SAN ANDRÉS DE TUMACO,52835217,SAN JUAN DE LA COSTA(SAN ANDRÉS DE TUMACO - NARIÑO),2025,8,0.0,0.0,34965.0,nan,2025-02-18 09:15:00,0.0
76,VALLE DEL CAUCA,76109,BUENAVENTURA,76109011,PASTICO(BUENAVENTURA - VALLE DEL CAUCA),2025,8,4725.0,1711.0,17880.0,domingo,2025-08-31 15:00:00,104032.0
76,VALLE DEL CAUCA,76109,BUENAVENTURA,76109018,CONCEPCION(BUENAVENTURA - VALLE DEL CAUCA),2025,8,6753.0,2202.0,5480.0,viernes,2025-08-15 19:15:00,525.0
76,VALLE DEL CAUCA,76109,BUENAVENTURA,76109028,PUERTO MERIZALDE(BUENAVENTURA - VALLE DEL CAUCA),2025,8,117892.0,40037.0,231970.0,sábado,2025-08-23 19:45:00,236774.0
76,VALLE DEL CAUCA,76109,BUENAVENTURA,76109030,PUNTA SOLDADO(BUENAVENTURA - VALLE DEL CAUCA),2025,8,7939.0,2295.0,36360.0,jueves,2025-08-07 20:30:00,102984.0
76,VALLE DEL CAUCA,76109,BUENAVENTURA,76109032,SAN FRANCISCO NAYA(BUENAVENTURA - VALLE DEL CAUCA),2025,8,8742.0,3128.0,33950.0,lunes,2025-08-18 11:45:00,104355.0
76,VALLE DEL CAUCA,76109,BUENAVENTURA,76109034,SAN ISIDRO - CALIMA(BUENAVENTURA - VALLE DEL CAUCA),2025,8,7114.0,129.0,32010.0,viernes,2025-08-22 19:15:00,83952.0
76,VALLE DEL CAUCA,76109,BUENAVENTURA,76109038,SILVA(BUENAVENTURA - VALLE DEL CAUCA),2025,8,4914.0,1799.0,19760.0,sábado,2025-08-23 19:15:00,105645.0
76,VALLE DEL CAUCA,76109,BUENAVENTURA,76109040,VENERAL(BUENAVENTURA - VALLE DEL CAUCA),2025,8,4909.0,7530.0,29790.0,lunes,2025-08-04 10:30:00,1025.0
76,VALLE DEL CAUCA,76109,BUENAVENTURA,76109069,PAPAYAL 1(BUENAVENTURA - VALLE DEL CAUCA),2025,8,4038.0,9050.0,1930.0,martes,2025-08-12 19:00:00,87419.0
76,VALLE DEL CAUCA,76109,BUENAVENTURA,76109081,PUNTA BONITA(BUENAVENTURA - VALLE DEL CAUCA),2025,8,7945.0,5046.0,380.0,jueves,2025-08-14 19:00:00,96774.0
76,VALLE DEL CAUCA,76109,BUENAVENTURA,76109105,PITAL(BUENAVENTURA - VALLE DEL CAUCA),2025,8,5641.0,9210.0,29170.0,jueves,2025-08-14 18:45:00,79839.0
76,VALLE DEL CAUCA,76109,BUENAVENTURA,76109817,SANTA MARIA 1 NAYA(BUENAVENTURA - VALLE DEL CAUCA),2025,8,0.0,0.0,34965.0,nan,2025-08-17 16:00:00,0.0
76,VALLE DEL CAUCA,76109,BUENAVENTURA,76109863,SAN ANTONIO (BUENAVENTURA - VALLE DEL CAUCA),2025,8,3313.0,8120.0,14450.0,miércoles,2025-08-27 19:30:00,102984.0
76,VALLE DEL CAUCA,76109,BUENAVENTURA,76109904,SAN ANTONIO (RIO CAJAMBRE)(BUENAVENTURA - VALLE DEL CAUCA),2025,8,5097.0,1499.0,29340.0,lunes,2025-08-04 11:15:00,7621.0
76,VALLE DEL CAUCA,76109,BUENAVENTURA,76109907,SAN PABLO( CAJAMBRE)(BUENAVENTURA - VALLE DEL CAUCA),2025,8,9610.0,0.0,6250.0,sábado,2025-08-02 13:30:00,60645.0
76,VALLE DEL CAUCA,76109,BUENAVENTURA,76109913,MAYORQUIN(BUENAVENTURA - VALLE DEL CAUCA),2025,8,5354.0,8970.0,3220.0,domingo,2025-08-17 10:30:00,80161.0
76,VALLE DEL CAUCA,76109,BUENAVENTURA,76109930,GALVEZ(BUENAVENTURA - VALLE DEL CAUCA),2025,8,3986.0,6640.0,12590.0,jueves,2025-08-28 20:30:00,119355.0
76,VALLE DEL CAUCA,76109,BUENAVENTURA,76109957,HUMANES MAR(BUENAVENTURA - VALLE DEL CAUCA),2025,8,9371.0,1871.0,34340.0,domingo,2025-08-24 08:30:00,109435.0
86,PUTUMAYO,86573,PUERTO LEGUIZAMO,86573000,PUERTO LEGUIZAMO(PUERTO LEGUIZAMO - PUTUMAYO),2025,8,893794.0,237856.0,206202.0,miércoles,2025-08-20 14:45:00,236935.0
86,PUTUMAYO,86573,PUERTO LEGUIZAMO,86573009,PIÑUÑA NEGRO(PUERTO LEGUIZAMO - PUTUMAYO),2025,8,5252.0,3428.0,3840.0,sábado,2025-08-30 18:15:00,62742.0
88,ARCHIPIÉLAGO DE SAN ANDRÉS y PROVIDENCIA,88001,SAN ANDRÉS,88001000,SAN ANDRÉS(SAN ANDRÉS - ARCHIPIÉLAGO DE SAN ANDRÉS y PROVIDENCIA ),2025,8,7576.0,4650.0,336034.0,martes,2025-08-26 15:45:00,24.0
88,ARCHIPIÉLAGO DE SAN ANDRÉS y PROVIDENCIA,88564,PROVIDENCIA,88564000,PROVIDENCIA(PROVIDENCIA - ARCHIPIÉLAGO DE SAN ANDRÉS y PROVIDENCIA ),2025,8,7576.0,257657.0,214779.0,jueves,2025-08-21 22:45:00,24.0
91,AMAZONAS,91001,LETICIA,91001000,LETICIA(LETICIA - AMAZONAS),2025,8,7576.0,966438.0,827556.0,viernes,2025-08-22 15:15:00,24.0
91,AMAZONAS,91540,PUERTO NARIÑO,91540000,PUERTO NARIÑO(PUERTO NARIÑO - AMAZONAS),2025,8,135552.0,44405.0,28480.0,jueves,2025-08-21 14:00:00,24.0
91,AMAZONAS,91798,TARAPACA (ANM),91798000,TARAPACA(TARAPACA (ANM) - AMAZONAS),2025,8,2706.0,11589.0,100270.0,jueves,2025-08-21 14:30:00,102581.0
94,GUAINÍA,94001,INÍRIDA,94001000,INÍRIDA(INÍRIDA - GUAINÍA),2025,8,7576.0,587787.0,461032.0,miércoles,2025-08-20 14:45:00,24.0
94,GUAINÍA,94001,INÍRIDA,94001905,CHORRO BOCON(INÍRIDA - GUAINÍA),2025,8,6954.0,1009.0,21460.0,domingo,2025-08-31 18:45:00,169032.0
94,GUAINÍA,94001,INÍRIDA,94001916,VENADO(INÍRIDA - GUAINÍA),2025,8,2669.0,5790.0,8750.0,sábado,2025-08-09 18:15:00,237339.0
94,GUAINÍA,94001,INÍRIDA,94001966,LAGUNA COLORADA ALTA(INÍRIDA - GUAINÍA),2025,8,9381.0,3340.0,34850.0,martes,2025-08-19 11:00:00,151129.0
94,GUAINÍA,94343,BARRANCO MINAS,94343900,CARPINTERO(BARRANCO MINAS - GUAINÍA),2025,8,2202.0,1064.0,6630.0,domingo,2025-08-31 18:15:00,171129.0
94,GUAINÍA,94343,BARRANCO MINAS,94343901,CHATARE(BARRANCO MINAS - GUAINÍA),2025,8,6930.0,350.0,5090.0,domingo,2025-08-10 19:45:00,69113.0
95,GUAVIARE,95001,SAN JOSÉ DEL GUAVIARE,95001012,CACHICAMO(SAN JOSÉ DEL GUAVIARE - GUAVIARE),2025,8,11475.0,5117.0,45980.0,domingo,2025-08-24 18:15:00,115806.0
95,GUAVIARE,95200,MIRAFLORES,95200000,MIRAFLORES(MIRAFLORES - GUAVIARE),2025,8,125695.0,16755.0,249140.0,miércoles,2025-08-20 18:15:00,24.0
97,VAUPÉS,97001,MITÚ,97001000,MITÚ(MITÚ - VAUPÉS),2025,8,7576.0,340391.0,325767.0,miércoles,2025-08-20 11:30:00,24.0
97,VAUPÉS,97161,CARURÚ,97161000,CARURÚ(CARURÚ - VAUPÉS),2025,8,3868.0,741.0,102080.0,viernes,2025-08-29 11:45:00,172419.0
97,VAUPÉS,97666,TARAIRA,97666000,TARAIRA(TARAIRA - VAUPÉS),2025,8,4738.0,12844.0,145820.0,miércoles,2025-08-20 12:45:00,140242.0
99,VICHADA,99001,PUERTO CARREÑO,99001000,PUERTO CARREÑO(PUERTO CARREÑO - VICHADA),2025,8,7576.0,640431.0,50996.0,miércoles,2025-08-20 13:30:00,234758.0
99,VICHADA,99001,PUERTO CARREÑO,99001002,CASUARITO(PUERTO CARREÑO - VICHADA),2025,8,3957.0,15568.0,77220.0,lunes,2025-08-04 20:15:00,233306.0
99,VICHADA,99773,CUMARIBO,99773000,CUMARIBO(CUMARIBO - VICHADA),2025,8,379696.0,136546.0,797520.0,miércoles,2025-08-20 14:30:00,237823.0
5,ANTIOQUIA,5873,VIGÍA DEL FUERTE,5873001,SAN ANTONIO DE PADUA(VIGÍA DEL FUERTE - ANTIOQUIA),2025,9,0.0,0.0,34965.0,nan,2025-03-03 09:30:00,0.0
5,ANTIOQUIA,5873,VIGÍA DEL FUERTE,5873005,SAN MIGUEL(VIGÍA DEL FUERTE - ANTIOQUIA),2025,9,1209.0,5500.0,17350.0,jueves,2025-09-04 18:30:00,29417.0
5,ANTIOQUIA,5873,VIGÍA DEL FUERTE,5873013,LOMA MURRI(VIGÍA DEL FUERTE - ANTIOQUIA),2025,9,3895.0,1588.0,31950.0,miércoles,2025-09-03 18:45:00,52583.0
5,ANTIOQUIA,5873,VIGÍA DEL FUERTE,5873910,PUERTO MEDELLÍN(VIGÍA DEL FUERTE - ANTIOQUIA),2025,9,6190.0,2320.0,1150.0,viernes,2025-09-05 18:30:00,28417.0
13,BOLÍVAR,13001,CARTAGENA DE INDIAS,13001037,ISLA MUCURA(CARTAGENA DE INDIAS - BOLÍVAR),2025,9,6329.0,2193.0,21020.0,miércoles,2025-09-10 22:30:00,119333.0
18,CAQUETÁ,18150,CARTAGENA DEL CHAIRA,18150001,REMOLINO DEL CAGUAN(CARTAGENA DEL CHAIRA - CAQUETÁ),2025,9,1289.0,4199.0,89620.0,viernes,2025-09-19 19:30:00,59667.0
18,CAQUETÁ,18150,CARTAGENA DEL CHAIRA,18150002,SANTA FE DEL CAGUAN(CARTAGENA DEL CHAIRA - CAQUETÁ),2025,9,0.0,0.0,34965.0,nan,2025-03-10 15:30:00,0.0
18,CAQUETÁ,18753,SAN VICENTE DEL CAGUÁN,18753002,GUACAMAYAS(SAN VICENTE DEL CAGUÁN - CAQUETÁ),2025,9,0.0,0.0,34965.0,nan,2025-02-02 15:30:00,0.0
18,CAQUETÁ,18753,SAN VICENTE DEL CAGUÁN,18753012,SANTA ROSA(SAN VICENTE DEL CAGUÁN - CAQUETÁ),2025,9,0.0,0.0,34965.0,nan,2025-12-08 17:00:00,0.0
18,CAQUETÁ,18753,SAN VICENTE DEL CAGUÁN,18753033,VILLA LOBOS(SAN VICENTE DEL CAGUÁN - CAQUETÁ),2025,9,0.0,0.0,34965.0,nan,2025-03-24 08:00:00,0.0
19,CAUCA,19318,GUAPI,19318008,LIMONES(GUAPI - CAUCA),2025,9,8124.0,3831.0,52660.0,domingo,2025-09-28 23:45:00,83917.0
19,CAUCA,19318,GUAPI,19318013,SAN ANTONIO DE GUAJUI(GUAPI - CAUCA),2025,9,6717.0,3458.0,62410.0,miércoles,2025-09-10 19:45:00,45583.0
19,CAUCA,19418,LÓPEZ DE MICAY,19418009,NOANAMITO(LÓPEZ DE MICAY - CAUCA),2025,9,6188.0,3533.0,440.0,martes,2025-09-16 17:45:00,6.0
19,CAUCA,19418,LÓPEZ DE MICAY,19418033,BOCA GRANDE(LÓPEZ DE MICAY - CAUCA),2025,9,0.0,0.0,40.0,martes,2025-09-16 18:15:00,0.0
19,CAUCA,19809,TIMBIQUÍ,19809003,COTEJE(TIMBIQUÍ - CAUCA),2025,9,688.0,4627.0,3340.0,martes,2025-09-23 21:00:00,87833.0
19,CAUCA,19809,TIMBIQUÍ,19809007,SAN JOSE(TIMBIQUÍ - CAUCA),2025,9,5566.0,3433.0,40080.0,sábado,2025-09-27 19:15:00,62.0
19,CAUCA,19809,TIMBIQUÍ,19809009,SANTA ROSA DE SAIJA(TIMBIQUÍ - CAUCA),2025,9,3236.0,1077.0,25390.0,domingo,2025-09-07 19:30:00,5625.0
19,CAUCA,19809,TIMBIQUÍ,19809010,COMUNIDAD DE CHETE(TIMBIQUÍ - CAUCA),2025,9,4616.0,1704.0,3450.0,sábado,2025-09-13 19:15:00,58083.0
19,CAUCA,19809,TIMBIQUÍ,19809014,CHACON(TIMBIQUÍ - CAUCA),2025,9,2148.0,3010.0,20050.0,jueves,2025-09-04 20:15:00,4575.0
27,CHOCÓ,27001,QUIBDÓ,27001029,TAGACHI(QUIBDÓ - CHOCÓ),2025,9,0.0,0.0,20.0,miércoles,2025-09-03 19:00:00,0.0
27,CHOCÓ,27006,ACANDÍ,27006000,ACANDÍ(ACANDÍ - CHOCÓ),2025,9,624006.0,169905.0,126843.0,martes,2025-09-30 20:45:00,208333.0
27,CHOCÓ,27006,ACANDÍ,27006007,SAN FRANCISCO(ACANDÍ - CHOCÓ),2025,9,22564.0,8856.0,105980.0,domingo,2025-09-07 20:30:00,9425.0
27,CHOCÓ,27025,ALTO BAUDO,27025000,CIUDAD BAUDO - PIE DE PATO(ALTO BAUDO - CHOCÓ),2025,9,54169.0,17218.0,128220.0,domingo,2025-09-14 12:15:00,239667.0
27,CHOCÓ,27025,ALTO BAUDO,27025033,MIACORA(ALTO BAUDO - CHOCÓ),2025,9,1110.0,30.0,2520.0,sábado,2025-09-13 19:15:00,12583.0
27,CHOCÓ,27025,ALTO BAUDO,27025035,PUERTO ALEGRE(ALTO BAUDO - CHOCÓ),2025,9,1156.0,4280.0,6110.0,miércoles,2025-09-10 16:45:00,96417.0
27,CHOCÓ,27025,ALTO BAUDO,27025920,EL MORRO(ALTO BAUDO - CHOCÓ),2025,9,1580.0,460.0,350.0,sábado,2025-09-13 20:00:00,1675.0
27,CHOCÓ,27025,ALTO BAUDO,27025937,VILLA CECILIA(ALTO BAUDO - CHOCÓ),2025,9,2160.0,950.0,2460.0,domingo,2025-09-28 18:15:00,8917.0
27,CHOCÓ,27075,BAHÍA SOLANO,27075000,CIUDAD MUTIS(BAHÍA SOLANO - CHOCÓ),2025,9,864947.0,206413.0,164384.0,miércoles,2025-09-10 18:45:00,23575.0
27,CHOCÓ,27075,BAHÍA SOLANO,27075001,CUPICA(BAHÍA SOLANO - CHOCÓ),2025,9,59647.0,14271.0,129360.0,jueves,2025-09-11 19:30:00,2385.0
27,CHOCÓ,27077,BAJO BAUDÓ,27077000,PIZARRO(BAJO BAUDÓ - CHOCÓ),2025,9,206832.0,72557.0,464110.0,viernes,2025-09-12 19:15:00,186333.0
27,CHOCÓ,27077,BAJO BAUDÓ,27077002,BELEN DE DOCAMPADO(BAJO BAUDÓ - CHOCÓ),2025,9,4591.0,1527.0,34320.0,martes,2025-09-30 11:00:00,66417.0
27,CHOCÓ,27077,BAJO BAUDÓ,27077011,PILIZA - BELLAVISTA - VILLA LUZ(BAJO BAUDÓ - CHOCÓ),2025,9,317.0,5220.0,2240.0,sábado,2025-09-06 19:15:00,60667.0
27,CHOCÓ,27077,BAJO BAUDÓ,27077019,VIRUDO(BAJO BAUDÓ - CHOCÓ),2025,9,1465.0,7100.0,30710.0,martes,2025-09-02 19:15:00,24.0
27,CHOCÓ,27077,BAJO BAUDÓ,27077026,GUINEAL(BAJO BAUDÓ - CHOCÓ),2025,9,3205.0,3961.0,23980.0,lunes,2025-09-15 18:30:00,84417.0
27,CHOCÓ,27077,BAJO BAUDÓ,27077905,BUENAVISTA(BAJO BAUDÓ - CHOCÓ),2025,9,3736.0,1417.0,20860.0,viernes,2025-09-12 20:45:00,7675.0
27,CHOCÓ,27077,BAJO BAUDÓ,27077911,PLAYA NUEVA(BAJO BAUDÓ - CHOCÓ),2025,9,2223.0,8680.0,16220.0,domingo,2025-09-21 12:30:00,6375.0
27,CHOCÓ,27077,BAJO BAUDÓ,27077916,TERRON(BAJO BAUDÓ - CHOCÓ),2025,9,140.0,0.0,1220.0,jueves,2025-09-18 22:45:00,0.0
27,CHOCÓ,27099,BOJAYÁ,27099000,BELLAVISTA(BOJAYÁ - CHOCÓ),2025,9,54527.0,16713.0,289380.0,jueves,2025-09-25 19:15:00,107.0
27,CHOCÓ,27099,BOJAYÁ,27099002,LA LOMA DE BOJAYA(BOJAYÁ - CHOCÓ),2025,9,12851.0,577.0,70150.0,lunes,2025-09-29 19:00:00,9.0
27,CHOCÓ,27099,BOJAYÁ,27099005,NAPIPI(BOJAYÁ - CHOCÓ),2025,9,12499.0,4467.0,5440.0,miércoles,2025-09-03 16:00:00,91333.0
27,CHOCÓ,27099,BOJAYÁ,27099012,POGUE(BOJAYÁ - CHOCÓ),2025,9,5317.0,2491.0,24590.0,domingo,2025-09-07 12:15:00,1045.0
27,CHOCÓ,27099,BOJAYÁ,27099030,PIEDRA CANDELA(BOJAYÁ - CHOCÓ),2025,9,7596.0,3678.0,35460.0,jueves,2025-09-04 18:45:00,91417.0
27,CHOCÓ,27099,BOJAYÁ,27099905,CHANO(BOJAYÁ - CHOCÓ),2025,9,1047.0,110.0,11110.0,martes,2025-09-23 21:15:00,44.0
27,CHOCÓ,27250,EL LITORAL DEL SAN JUAN,27250000,SANTA GENOVEVA DE DOCORDO(EL LITORAL DEL SAN JUAN - CHOCÓ),2025,9,63508.0,29401.0,293960.0,jueves,2025-09-11 19:00:00,106417.0
27,CHOCÓ,27250,EL LITORAL DEL SAN JUAN,27250023,PAPAYO(EL LITORAL DEL SAN JUAN - CHOCÓ),2025,9,0.0,0.0,34965.0,nan,2025-09-26 12:00:00,0.0
27,CHOCÓ,27361,ISTMINA,27361021,PANAMACITO(ISTMINA - CHOCÓ),2025,9,137.0,5260.0,8880.0,lunes,2025-09-29 19:15:00,645.0
27,CHOCÓ,27361,ISTMINA,27361023,POTEDÓ(ISTMINA - CHOCÓ),2025,9,1581.0,5400.0,17180.0,jueves,2025-09-11 16:30:00,42667.0
27,CHOCÓ,27361,ISTMINA,27361048,UNION CHOCO(ISTMINA - CHOCÓ),2025,9,1439.0,5160.0,7570.0,miércoles,2025-09-03 18:00:00,88.0
27,CHOCÓ,27372,JURADO,27372000,JURADO(JURADO - CHOCÓ),2025,9,189754.0,57296.0,362080.0,lunes,2025-09-15 20:00:00,238667.0
27,CHOCÓ,27372,JURADO,27372901,SANTA TERESITA(JURADO - CHOCÓ),2025,9,1509.0,800.0,11690.0,sábado,2025-09-06 12:00:00,101333.0
27,CHOCÓ,27372,JURADO,27372902,BUENAVISTA(JURADO - CHOCÓ),2025,9,1873.0,3900.0,13490.0,sábado,2025-09-06 11:30:00,126583.0
27,CHOCÓ,27372,JURADO,27372905,DICHARDI(JURADO - CHOCÓ),2025,9,1649.0,1074.0,7090.0,sábado,2025-09-20 11:15:00,171167.0
27,CHOCÓ,27372,JURADO,27372907,EYASAKE(JURADO - CHOCÓ),2025,9,5246.0,2294.0,17890.0,sábado,2025-09-20 08:00:00,126833.0
27,CHOCÓ,27372,JURADO,27372930,DOS BOCAS(JURADO - CHOCÓ),2025,9,191.0,8560.0,2030.0,martes,2025-09-30 19:15:00,68333.0
27,CHOCÓ,27425,MEDIO ATRATO,27425000,BETE(MEDIO ATRATO - CHOCÓ),2025,9,16684.0,7638.0,680.0,martes,2025-09-02 19:00:00,112167.0
27,CHOCÓ,27425,MEDIO ATRATO,27425008,SAN ROQUE(MEDIO ATRATO - CHOCÓ),2025,9,2243.0,1083.0,2410.0,jueves,2025-09-25 19:30:00,51167.0
27,CHOCÓ,27491,NOVITA,27491004,JUNTAS DE TAMANA(NOVITA - CHOCÓ),2025,9,2957.0,8730.0,18570.0,martes,2025-09-23 18:45:00,81417.0
27,CHOCÓ,27495,NUQUÍ,27495000,NUQUÍ(NUQUÍ - CHOCÓ),2025,9,309512.0,98516.0,582210.0,viernes,2025-09-19 19:30:00,239333.0
27,CHOCÓ,27495,NUQUÍ,27495001,ARUSI(NUQUÍ - CHOCÓ),2025,9,31769.0,7826.0,8640.0,sábado,2025-09-06 19:15:00,239167.0
27,CHOCÓ,27495,NUQUÍ,27495002,COQUI(NUQUÍ - CHOCÓ),2025,9,9946.0,2848.0,29990.0,sábado,2025-09-20 18:45:00,198667.0
27,CHOCÓ,27495,NUQUÍ,27495003,JURUBIRA(NUQUÍ - CHOCÓ),2025,9,24156.0,7075.0,53940.0,lunes,2025-09-01 19:30:00,232833.0
27,CHOCÓ,27495,NUQUÍ,27495008,JOVI(NUQUÍ - CHOCÓ),2025,9,887.0,3488.0,26070.0,domingo,2025-09-21 12:00:00,153583.0
27,CHOCÓ,27495,NUQUÍ,27495010,TERMALES(NUQUÍ - CHOCÓ),2025,9,0.0,0.0,34965.0,nan,2025-09-09 17:45:00,0.0
27,CHOCÓ,27495,NUQUÍ,27495011,COMUNIDAD DE PUERTO JAGUA(NUQUÍ - CHOCÓ),2025,9,1429.0,4850.0,5830.0,martes,2025-09-30 19:15:00,107.0
27,CHOCÓ,27495,NUQUÍ,27495012,COMUNIDAD INDIG. PUERTO INDIO(NUQUÍ - CHOCÓ),2025,9,2854.0,1625.0,960.0,lunes,2025-09-15 13:45:00,152417.0
27,CHOCÓ,27495,NUQUÍ,27495910,COMUNIDAD INDIG. DE RIO NUQUÍ(NUQUÍ - CHOCÓ),2025,9,8180.0,1940.0,5090.0,martes,2025-09-23 19:15:00,91333.0
27,CHOCÓ,27495,NUQUÍ,27495912,COMUNIDAD INDÍGENA DE PANGUI - EL YUCAL(NUQUÍ - CHOCÓ),2025,9,7762.0,1824.0,11590.0,viernes,2025-09-12 08:45:00,229417.0
27,CHOCÓ,27615,RIOSUCIO,27615011,SAN JOSE TAMBORAL(RIOSUCIO - CHOCÓ),2025,9,0.0,0.0,34965.0,nan,2025-04-12 10:30:00,0.0
27,CHOCÓ,27800,UNGUÍA,27800000,UNGUÍA(UNGUÍA - CHOCÓ),2025,9,472962.0,145855.0,101429.0,sábado,2025-09-20 19:30:00,22275.0
27,CHOCÓ,27800,UNGUÍA,27800001,BALBOA(UNGUÍA - CHOCÓ),2025,9,30429.0,9723.0,89120.0,sábado,2025-09-20 20:30:00,16.0
27,CHOCÓ,27800,UNGUÍA,27800005,TITUMATE(UNGUÍA - CHOCÓ),2025,9,17132.0,4202.0,77260.0,jueves,2025-09-25 19:00:00,125167.0
44,LA GUAJIRA,44847,URIBIA,44847012,NAZARETH(URIBIA - LA GUAJIRA),2025,9,3772.0,8513.0,284640.0,martes,2025-09-09 19:15:00,54583.0
47,MAGDALENA,47189,CIÉNAGA,47189018,PALMOR(CIÉNAGA - MAGDALENA),2025,9,92251.0,28865.0,197950.0,domingo,2025-09-28 08:30:00,218667.0
50,META,50325,MAPIRIPAN,50325000,MAPIRIPAN(MAPIRIPAN - META),2025,9,206523.0,61901.0,410520.0,jueves,2025-09-18 18:45:00,239833.0
52,NARIÑO,52250,EL CHARCO,52250005,LAS MERCEDES(EL CHARCO - NARIÑO),2025,9,0.0,0.0,34965.0,nan,2025-11-09 12:30:00,0.0
52,NARIÑO,52250,EL CHARCO,52250007,SAN JOSE DEL TAPAJE(EL CHARCO - NARIÑO),2025,9,3016.0,1252.0,320.0,lunes,2025-09-01 18:30:00,4175.0
52,NARIÑO,52250,EL CHARCO,52250016,ALTERON - URIBE URIBE(EL CHARCO - NARIÑO),2025,9,9840.0,4750.0,12720.0,lunes,2025-09-01 18:30:00,66667.0
52,NARIÑO,52390,LA TOLA,52390003,LA VIGIA DE LA MAR(LA TOLA - NARIÑO),2025,9,5745.0,2928.0,32880.0,jueves,2025-09-25 18:30:00,82667.0
52,NARIÑO,52390,LA TOLA,52390005,AGUACATAL(LA TOLA - NARIÑO),2025,9,2161.0,7730.0,13780.0,sábado,2025-09-06 18:30:00,65917.0
52,NARIÑO,52390,LA TOLA,52390009,MULATOS(LA TOLA - NARIÑO),2025,9,4325.0,2152.0,2560.0,lunes,2025-09-29 17:30:00,78417.0
52,NARIÑO,52390,LA TOLA,52390013,AMARALES(LA TOLA - NARIÑO),2025,9,9668.0,402.0,46370.0,sábado,2025-09-06 19:00:00,97167.0
52,NARIÑO,52473,MOSQUERA,52473010,EL BAJITO DE ECHANDIA(MOSQUERA - NARIÑO),2025,9,3157.0,1253.0,2570.0,lunes,2025-09-29 18:00:00,875.0
52,NARIÑO,52621,ROBERTO PAYAN,52621912,TAMAJE(ROBERTO PAYAN - NARIÑO),2025,9,4812.0,241.0,28010.0,jueves,2025-09-25 18:15:00,72417.0
52,NARIÑO,52696,SANTA BÁRBARA,52696014,LA ENSENADA(SANTA BÁRBARA - NARIÑO),2025,9,3311.0,3237.0,21790.0,martes,2025-09-16 18:30:00,64583.0
52,NARIÑO,52696,SANTA BÁRBARA,52696017,SANTA RITA(SANTA BÁRBARA - NARIÑO),2025,9,5094.0,2408.0,35760.0,viernes,2025-09-12 19:15:00,63583.0
52,NARIÑO,52835,SAN ANDRÉS DE TUMACO,52835016,PITAL DE LA COSTA(SAN ANDRÉS DE TUMACO - NARIÑO),2025,9,39354.0,2269.0,93230.0,martes,2025-09-02 19:15:00,219917.0
52,NARIÑO,52835,SAN ANDRÉS DE TUMACO,52835055,BOCAS DE CURAY(SAN ANDRÉS DE TUMACO - NARIÑO),2025,9,8781.0,3093.0,5280.0,miércoles,2025-09-24 19:15:00,7575.0
52,NARIÑO,52835,SAN ANDRÉS DE TUMACO,52835217,SAN JUAN DE LA COSTA(SAN ANDRÉS DE TUMACO - NARIÑO),2025,9,0.0,0.0,34965.0,nan,2025-11-29 10:15:00,0.0
76,VALLE DEL CAUCA,76109,BUENAVENTURA,76109011,PASTICO(BUENAVENTURA - VALLE DEL CAUCA),2025,9,5099.0,1771.0,17920.0,miércoles,2025-09-10 16:30:00,115.0
76,VALLE DEL CAUCA,76109,BUENAVENTURA,76109018,CONCEPCION(BUENAVENTURA - VALLE DEL CAUCA),2025,9,2182.0,8610.0,50980.0,martes,2025-09-16 19:30:00,20167.0
76,VALLE DEL CAUCA,76109,BUENAVENTURA,76109028,PUERTO MERIZALDE(BUENAVENTURA - VALLE DEL CAUCA),2025,9,113891.0,38448.0,234960.0,lunes,2025-09-15 19:45:00,2345.0
76,VALLE DEL CAUCA,76109,BUENAVENTURA,76109032,SAN FRANCISCO NAYA(BUENAVENTURA - VALLE DEL CAUCA),2025,9,8136.0,2751.0,34110.0,sábado,2025-09-20 11:45:00,102917.0
76,VALLE DEL CAUCA,76109,BUENAVENTURA,76109034,SAN ISIDRO - CALIMA(BUENAVENTURA - VALLE DEL CAUCA),2025,9,7604.0,1447.0,32050.0,lunes,2025-09-15 10:00:00,94.0
76,VALLE DEL CAUCA,76109,BUENAVENTURA,76109038,SILVA(BUENAVENTURA - VALLE DEL CAUCA),2025,9,5047.0,1833.0,200.0,sábado,2025-09-20 15:45:00,106667.0
76,VALLE DEL CAUCA,76109,BUENAVENTURA,76109040,VENERAL(BUENAVENTURA - VALLE DEL CAUCA),2025,9,7196.0,1001.0,3320.0,sábado,2025-09-20 18:15:00,106083.0
76,VALLE DEL CAUCA,76109,BUENAVENTURA,76109069,PAPAYAL 1(BUENAVENTURA - VALLE DEL CAUCA),2025,9,4575.0,9910.0,19080.0,sábado,2025-09-27 18:30:00,102833.0
76,VALLE DEL CAUCA,76109,BUENAVENTURA,76109081,PUNTA BONITA(BUENAVENTURA - VALLE DEL CAUCA),2025,9,3713.0,4369.0,36040.0,sábado,2025-09-06 12:30:00,72167.0
76,VALLE DEL CAUCA,76109,BUENAVENTURA,76109105,PITAL(BUENAVENTURA - VALLE DEL CAUCA),2025,9,3051.0,5330.0,24450.0,miércoles,2025-09-10 18:30:00,55667.0
76,VALLE DEL CAUCA,76109,BUENAVENTURA,76109817,SANTA MARIA 1 NAYA(BUENAVENTURA - VALLE DEL CAUCA),2025,9,3770.0,1060.0,10940.0,sábado,2025-09-27 18:45:00,145.0
76,VALLE DEL CAUCA,76109,BUENAVENTURA,76109863,SAN ANTONIO (BUENAVENTURA - VALLE DEL CAUCA),2025,9,3656.0,8860.0,17870.0,sábado,2025-09-13 19:45:00,110667.0
76,VALLE DEL CAUCA,76109,BUENAVENTURA,76109904,SAN ANTONIO (RIO CAJAMBRE)(BUENAVENTURA - VALLE DEL CAUCA),2025,9,4668.0,1464.0,29420.0,martes,2025-09-23 11:45:00,73583.0
76,VALLE DEL CAUCA,76109,BUENAVENTURA,76109907,SAN PABLO( CAJAMBRE)(BUENAVENTURA - VALLE DEL CAUCA),2025,9,2109.0,0.0,19840.0,jueves,2025-09-11 19:00:00,68.0
76,VALLE DEL CAUCA,76109,BUENAVENTURA,76109913,MAYORQUIN(BUENAVENTURA - VALLE DEL CAUCA),2025,9,4921.0,9910.0,28610.0,domingo,2025-09-28 18:30:00,9625.0
76,VALLE DEL CAUCA,76109,BUENAVENTURA,76109930,GALVEZ(BUENAVENTURA - VALLE DEL CAUCA),2025,9,4767.0,5370.0,2310.0,lunes,2025-09-29 18:30:00,115583.0
76,VALLE DEL CAUCA,76109,BUENAVENTURA,76109957,HUMANES MAR(BUENAVENTURA - VALLE DEL CAUCA),2025,9,8743.0,1977.0,34570.0,jueves,2025-09-11 18:30:00,11.0
86,PUTUMAYO,86573,PUERTO LEGUIZAMO,86573000,PUERTO LEGUIZAMO(PUERTO LEGUIZAMO - PUTUMAYO),2025,9,990366.0,256699.0,209986.0,lunes,2025-09-22 11:45:00,24.0
86,PUTUMAYO,86573,PUERTO LEGUIZAMO,86573009,PIÑUÑA NEGRO(PUERTO LEGUIZAMO - PUTUMAYO),2025,9,1982.0,1636.0,3520.0,lunes,2025-09-01 19:15:00,2425.0
88,ARCHIPIÉLAGO DE SAN ANDRÉS y PROVIDENCIA,88001,SAN ANDRÉS,88001000,SAN ANDRÉS(SAN ANDRÉS - ARCHIPIÉLAGO DE SAN ANDRÉS y PROVIDENCIA ),2025,9,7576.0,4650.0,340454.0,viernes,2025-09-26 15:45:00,23775.0
88,ARCHIPIÉLAGO DE SAN ANDRÉS y PROVIDENCIA,88564,PROVIDENCIA,88564000,PROVIDENCIA(PROVIDENCIA - ARCHIPIÉLAGO DE SAN ANDRÉS y PROVIDENCIA ),2025,9,7576.0,245718.0,212702.0,jueves,2025-09-04 14:30:00,24.0
91,AMAZONAS,91001,LETICIA,91001000,LETICIA(LETICIA - AMAZONAS),2025,9,7576.0,991015.0,89542.0,martes,2025-09-23 15:15:00,24.0
91,AMAZONAS,91540,PUERTO NARIÑO,91540000,PUERTO NARIÑO(PUERTO NARIÑO - AMAZONAS),2025,9,137182.0,43936.0,28640.0,lunes,2025-09-22 18:45:00,24.0
91,AMAZONAS,91798,TARAPACA (ANM),91798000,TARAPACA(TARAPACA (ANM) - AMAZONAS),2025,9,27181.0,11516.0,103930.0,lunes,2025-09-08 14:30:00,102583.0
94,GUAINÍA,94001,INÍRIDA,94001000,INÍRIDA(INÍRIDA - GUAINÍA),2025,9,7576.0,602772.0,486112.0,miércoles,2025-09-24 14:30:00,24.0
94,GUAINÍA,94001,INÍRIDA,94001905,CHORRO BOCON(INÍRIDA - GUAINÍA),2025,9,6826.0,9140.0,21540.0,lunes,2025-09-22 20:30:00,1685.0
94,GUAINÍA,94001,INÍRIDA,94001916,VENADO(INÍRIDA - GUAINÍA),2025,9,3248.0,7720.0,10640.0,domingo,2025-09-28 18:30:00,236417.0
94,GUAINÍA,94001,INÍRIDA,94001966,LAGUNA COLORADA ALTA(INÍRIDA - GUAINÍA),2025,9,9689.0,8060.0,38490.0,lunes,2025-09-22 10:45:00,143.0
94,GUAINÍA,94343,BARRANCO MINAS,94343900,CARPINTERO(BARRANCO MINAS - GUAINÍA),2025,9,2332.0,1195.0,6850.0,miércoles,2025-09-24 19:00:00,190583.0
94,GUAINÍA,94343,BARRANCO MINAS,94343901,CHATARE(BARRANCO MINAS - GUAINÍA),2025,9,1400.0,50.0,3890.0,jueves,2025-09-04 19:45:00,14167.0
95,GUAVIARE,95001,SAN JOSÉ DEL GUAVIARE,95001012,CACHICAMO(SAN JOSÉ DEL GUAVIARE - GUAVIARE),2025,9,1174.0,5086.0,46690.0,miércoles,2025-09-17 19:00:00,118833.0
95,GUAVIARE,95200,MIRAFLORES,95200000,MIRAFLORES(MIRAFLORES - GUAVIARE),2025,9,123471.0,17089.0,256860.0,viernes,2025-09-19 18:45:00,24.0
97,VAUPÉS,97001,MITÚ,97001000,MITÚ(MITÚ - VAUPÉS),2025,9,7576.0,342085.0,330407.0,lunes,2025-09-22 13:15:00,24.0
97,VAUPÉS,97161,CARURÚ,97161000,CARURÚ(CARURÚ - VAUPÉS),2025,9,38918.0,7098.0,103490.0,sábado,2025-09-13 18:45:00,1665.0
97,VAUPÉS,97666,TARAIRA,97666000,TARAIRA(TARAIRA - VAUPÉS),2025,9,48869.0,12412.0,15550.0,lunes,2025-09-22 12:45:00,141833.0
99,VICHADA,99001,PUERTO CARREÑO,99001000,PUERTO CARREÑO(PUERTO CARREÑO - VICHADA),2025,9,7576.0,672497.0,55572.0,lunes,2025-09-22 13:30:00,24.0
99,VICHADA,99001,PUERTO CARREÑO,99001002,CASUARITO(PUERTO CARREÑO - VICHADA),2025,9,28258.0,12898.0,85250.0,lunes,2025-09-22 22:30:00,155917.0
99,VICHADA,99773,CUMARIBO,99773000,CUMARIBO(CUMARIBO - VICHADA),2025,9,387733.0,13358.0,792920.0,miércoles,2025-09-24 17:45:00,234167.0
5,ANTIOQUIA,5873,VIGÍA DEL FUERTE,5873001,SAN ANTONIO DE PADUA(VIGÍA DEL FUERTE - ANTIOQUIA),2025,10,0.0,0.0,34965.0,nan,2025-05-29 12:00:00,0.0
5,ANTIOQUIA,5873,VIGÍA DEL FUERTE,5873005,SAN MIGUEL(VIGÍA DEL FUERTE - ANTIOQUIA),2025,10,1374.0,6090.0,17480.0,jueves,2025-10-30 19:15:00,31371.0
5,ANTIOQUIA,5873,VIGÍA DEL FUERTE,5873013,LOMA MURRI(VIGÍA DEL FUERTE - ANTIOQUIA),2025,10,3895.0,1643.0,31370.0,domingo,2025-10-26 18:00:00,51452.0
5,ANTIOQUIA,5873,VIGÍA DEL FUERTE,5873910,PUERTO MEDELLÍN(VIGÍA DEL FUERTE - ANTIOQUIA),2025,10,6020.0,2320.0,1170.0,viernes,2025-10-24 18:15:00,3.0
13,BOLÍVAR,13001,CARTAGENA DE INDIAS,13001037,ISLA MUCURA(CARTAGENA DE INDIAS - BOLÍVAR),2025,10,654.0,2474.0,22590.0,miércoles,2025-10-08 23:00:00,118226.0
18,CAQUETÁ,18150,CARTAGENA DEL CHAIRA,18150001,REMOLINO DEL CAGUAN(CARTAGENA DEL CHAIRA - CAQUETÁ),2025,10,13559.0,4331.0,97190.0,lunes,2025-10-27 19:15:00,60484.0
18,CAQUETÁ,18150,CARTAGENA DEL CHAIRA,18150002,SANTA FE DEL CAGUAN(CARTAGENA DEL CHAIRA - CAQUETÁ),2025,10,4490.0,1900.0,37520.0,domingo,2025-10-19 18:30:00,5806.0
18,CAQUETÁ,18753,SAN VICENTE DEL CAGUÁN,18753012,SANTA ROSA(SAN VICENTE DEL CAGUÁN - CAQUETÁ),2025,10,0.0,0.0,34965.0,nan,2025-02-23 18:30:00,0.0
18,CAQUETÁ,18753,SAN VICENTE DEL CAGUÁN,18753033,VILLA LOBOS(SAN VICENTE DEL CAGUÁN - CAQUETÁ),2025,10,9870.0,2920.0,52630.0,lunes,2025-10-20 18:15:00,7258.0
19,CAUCA,19318,GUAPI,19318008,LIMONES(GUAPI - CAUCA),2025,10,8568.0,4243.0,7250.0,viernes,2025-10-31 18:15:00,78871.0
19,CAUCA,19318,GUAPI,19318013,SAN ANTONIO DE GUAJUI(GUAPI - CAUCA),2025,10,8472.0,4278.0,6640.0,sábado,2025-10-25 19:30:00,52984.0
19,CAUCA,19418,LÓPEZ DE MICAY,19418009,NOANAMITO(LÓPEZ DE MICAY - CAUCA),2025,10,2370.0,1290.0,440.0,viernes,2025-10-31 18:30:00,2177.0
19,CAUCA,19418,LÓPEZ DE MICAY,19418033,BOCA GRANDE(LÓPEZ DE MICAY - CAUCA),2025,10,0.0,0.0,34965.0,nan,2025-09-24 14:15:00,0.0
19,CAUCA,19809,TIMBIQUÍ,19809003,COTEJE(TIMBIQUÍ - CAUCA),2025,10,5825.0,3831.0,33240.0,viernes,2025-10-24 19:15:00,69677.0
19,CAUCA,19809,TIMBIQUÍ,19809007,SAN JOSE(TIMBIQUÍ - CAUCA),2025,10,5495.0,3281.0,38760.0,sábado,2025-10-18 18:45:00,59274.0
19,CAUCA,19809,TIMBIQUÍ,19809009,SANTA ROSA DE SAIJA(TIMBIQUÍ - CAUCA),2025,10,3061.0,1228.0,24380.0,domingo,2025-10-19 19:15:00,51048.0
19,CAUCA,19809,TIMBIQUÍ,19809010,COMUNIDAD DE CHETE(TIMBIQUÍ - CAUCA),2025,10,469.0,1688.0,34080.0,sábado,2025-10-11 18:45:00,55806.0
19,CAUCA,19809,TIMBIQUÍ,19809014,CHACON(TIMBIQUÍ - CAUCA),2025,10,2356.0,3430.0,2080.0,sábado,2025-10-18 20:00:00,47984.0
27,CHOCÓ,27001,QUIBDÓ,27001029,TAGACHI(QUIBDÓ - CHOCÓ),2025,10,6400.0,3290.0,28490.0,jueves,2025-10-30 19:30:00,10645.0
27,CHOCÓ,27006,ACANDÍ,27006000,ACANDÍ(ACANDÍ - CHOCÓ),2025,10,624836.0,170352.0,123693.0,jueves,2025-10-02 21:30:00,206935.0
27,CHOCÓ,27006,ACANDÍ,27006007,SAN FRANCISCO(ACANDÍ - CHOCÓ),2025,10,25056.0,10428.0,121220.0,jueves,2025-10-09 19:15:00,92661.0
27,CHOCÓ,27025,ALTO BAUDO,27025000,CIUDAD BAUDO - PIE DE PATO(ALTO BAUDO - CHOCÓ),2025,10,54501.0,17515.0,133320.0,sábado,2025-10-25 12:15:00,229597.0
27,CHOCÓ,27025,ALTO BAUDO,27025033,MIACORA(ALTO BAUDO - CHOCÓ),2025,10,2730.0,70.0,5640.0,martes,2025-10-14 14:15:00,24274.0
27,CHOCÓ,27025,ALTO BAUDO,27025035,PUERTO ALEGRE(ALTO BAUDO - CHOCÓ),2025,10,1488.0,5140.0,5260.0,sábado,2025-10-25 12:00:00,122903.0
27,CHOCÓ,27025,ALTO BAUDO,27025920,EL MORRO(ALTO BAUDO - CHOCÓ),2025,10,900.0,250.0,1810.0,domingo,2025-10-12 19:00:00,81.0
27,CHOCÓ,27025,ALTO BAUDO,27025937,VILLA CECILIA(ALTO BAUDO - CHOCÓ),2025,10,3610.0,1420.0,3240.0,miércoles,2025-10-29 19:30:00,2379.0
27,CHOCÓ,27075,BAHÍA SOLANO,27075000,CIUDAD MUTIS(BAHÍA SOLANO - CHOCÓ),2025,10,903648.0,238444.0,164208.0,miércoles,2025-10-22 19:30:00,238145.0
27,CHOCÓ,27075,BAHÍA SOLANO,27075001,CUPICA(BAHÍA SOLANO - CHOCÓ),2025,10,4914.0,17037.0,128370.0,sábado,2025-10-11 19:30:00,201613.0
27,CHOCÓ,27077,BAJO BAUDÓ,27077000,PIZARRO(BAJO BAUDÓ - CHOCÓ),2025,10,192801.0,68287.0,519550.0,miércoles,2025-10-22 19:45:00,164516.0
27,CHOCÓ,27077,BAJO BAUDÓ,27077002,BELEN DE DOCAMPADO(BAJO BAUDÓ - CHOCÓ),2025,10,8554.0,1984.0,39280.0,sábado,2025-10-25 11:45:00,102419.0
27,CHOCÓ,27077,BAJO BAUDÓ,27077011,PILIZA - BELLAVISTA - VILLA LUZ(BAJO BAUDÓ - CHOCÓ),2025,10,2594.0,3580.0,2240.0,miércoles,2025-10-01 18:45:00,5129.0
27,CHOCÓ,27077,BAJO BAUDÓ,27077019,VIRUDO(BAJO BAUDÓ - CHOCÓ),2025,10,6458.0,2942.0,29180.0,viernes,2025-10-31 13:15:00,93226.0
27,CHOCÓ,27077,BAJO BAUDÓ,27077026,GUINEAL(BAJO BAUDÓ - CHOCÓ),2025,10,3126.0,3867.0,20740.0,viernes,2025-10-17 19:15:00,74355.0
27,CHOCÓ,27077,BAJO BAUDÓ,27077905,BUENAVISTA(BAJO BAUDÓ - CHOCÓ),2025,10,4807.0,1818.0,20770.0,jueves,2025-10-02 19:45:00,98226.0
27,CHOCÓ,27077,BAJO BAUDÓ,27077916,TERRON(BAJO BAUDÓ - CHOCÓ),2025,10,0.0,5620.0,34965.0,nan,2025-10-07 08:15:00,0.0
27,CHOCÓ,27099,BOJAYÁ,27099000,BELLAVISTA(BOJAYÁ - CHOCÓ),2025,10,86815.0,32785.0,325120.0,miércoles,2025-10-29 18:45:00,113629.0
27,CHOCÓ,27099,BOJAYÁ,27099002,LA LOMA DE BOJAYA(BOJAYÁ - CHOCÓ),2025,10,14356.0,6506.0,76280.0,sábado,2025-10-11 19:45:00,89597.0
27,CHOCÓ,27099,BOJAYÁ,27099005,NAPIPI(BOJAYÁ - CHOCÓ),2025,10,10047.0,3756.0,5440.0,jueves,2025-10-02 15:30:00,70726.0
27,CHOCÓ,27099,BOJAYÁ,27099030,PIEDRA CANDELA(BOJAYÁ - CHOCÓ),2025,10,7069.0,3375.0,3780.0,sábado,2025-10-18 18:15:00,81774.0
27,CHOCÓ,27250,EL LITORAL DEL SAN JUAN,27250000,SANTA GENOVEVA DE DOCORDO(EL LITORAL DEL SAN JUAN - CHOCÓ),2025,10,66778.0,30497.0,301490.0,viernes,2025-10-10 19:15:00,10371.0
27,CHOCÓ,27250,EL LITORAL DEL SAN JUAN,27250023,PAPAYO(EL LITORAL DEL SAN JUAN - CHOCÓ),2025,10,0.0,0.0,280.0,viernes,2025-10-31 11:30:00,0.0
27,CHOCÓ,27361,ISTMINA,27361021,PANAMACITO(ISTMINA - CHOCÓ),2025,10,145.0,5660.0,8670.0,martes,2025-10-14 17:45:00,69839.0
27,CHOCÓ,27361,ISTMINA,27361023,POTEDÓ(ISTMINA - CHOCÓ),2025,10,1105.0,3290.0,18240.0,miércoles,2025-10-29 19:15:00,275.0
27,CHOCÓ,27372,JURADO,27372901,SANTA TERESITA(JURADO - CHOCÓ),2025,10,1884.0,1240.0,16380.0,jueves,2025-10-16 11:00:00,116532.0
27,CHOCÓ,27372,JURADO,27372902,BUENAVISTA(JURADO - CHOCÓ),2025,10,1969.0,3970.0,7860.0,lunes,2025-10-13 07:00:00,135242.0
27,CHOCÓ,27372,JURADO,27372905,DICHARDI(JURADO - CHOCÓ),2025,10,1654.0,1066.0,7320.0,miércoles,2025-10-29 12:00:00,146855.0
27,CHOCÓ,27372,JURADO,27372907,EYASAKE(JURADO - CHOCÓ),2025,10,4619.0,2019.0,1820.0,miércoles,2025-10-29 18:15:00,111452.0
27,CHOCÓ,27372,JURADO,27372930,DOS BOCAS(JURADO - CHOCÓ),2025,10,2124.0,9140.0,21640.0,viernes,2025-10-31 18:15:00,68468.0
27,CHOCÓ,27425,MEDIO ATRATO,27425000,BETE(MEDIO ATRATO - CHOCÓ),2025,10,16782.0,8152.0,640.0,miércoles,2025-10-01 19:30:00,115726.0
27,CHOCÓ,27425,MEDIO ATRATO,27425008,SAN ROQUE(MEDIO ATRATO - CHOCÓ),2025,10,2381.0,1223.0,24360.0,sábado,2025-10-04 19:15:00,53065.0
27,CHOCÓ,27491,NOVITA,27491004,JUNTAS DE TAMANA(NOVITA - CHOCÓ),2025,10,2404.0,6870.0,21480.0,lunes,2025-10-20 18:45:00,58065.0
27,CHOCÓ,27495,NUQUÍ,27495000,NUQUÍ(NUQUÍ - CHOCÓ),2025,10,308889.0,94868.0,55510.0,martes,2025-10-07 19:30:00,24.0
27,CHOCÓ,27495,NUQUÍ,27495001,ARUSI(NUQUÍ - CHOCÓ),2025,10,33428.0,7921.0,8160.0,jueves,2025-10-09 19:00:00,239758.0
27,CHOCÓ,27495,NUQUÍ,27495002,COQUI(NUQUÍ - CHOCÓ),2025,10,10607.0,2428.0,28560.0,miércoles,2025-10-22 19:45:00,212661.0
27,CHOCÓ,27495,NUQUÍ,27495003,JURUBIRA(NUQUÍ - CHOCÓ),2025,10,23248.0,6548.0,53640.0,martes,2025-10-28 19:15:00,227742.0
27,CHOCÓ,27495,NUQUÍ,27495008,JOVI(NUQUÍ - CHOCÓ),2025,10,8792.0,3425.0,23960.0,lunes,2025-10-13 11:30:00,160887.0
27,CHOCÓ,27495,NUQUÍ,27495010,TERMALES(NUQUÍ - CHOCÓ),2025,10,0.0,0.0,34965.0,nan,2025-10-08 04:15:00,0.0
27,CHOCÓ,27495,NUQUÍ,27495011,COMUNIDAD DE PUERTO JAGUA(NUQUÍ - CHOCÓ),2025,10,1583.0,5850.0,6480.0,domingo,2025-10-12 19:45:00,108226.0
27,CHOCÓ,27495,NUQUÍ,27495012,COMUNIDAD INDIG. PUERTO INDIO(NUQUÍ - CHOCÓ),2025,10,3154.0,1757.0,8790.0,jueves,2025-10-30 18:45:00,16879.0
27,CHOCÓ,27495,NUQUÍ,27495910,COMUNIDAD INDIG. DE RIO NUQUÍ(NUQUÍ - CHOCÓ),2025,10,6410.0,1460.0,3920.0,martes,2025-10-28 19:00:00,76694.0
27,CHOCÓ,27495,NUQUÍ,27495912,COMUNIDAD INDÍGENA DE PANGUI - EL YUCAL(NUQUÍ - CHOCÓ),2025,10,8094.0,1974.0,11630.0,lunes,2025-10-06 17:15:00,231452.0
27,CHOCÓ,27615,RIOSUCIO,27615011,SAN JOSE TAMBORAL(RIOSUCIO - CHOCÓ),2025,10,0.0,0.0,34965.0,nan,2025-05-04 13:45:00,0.0
27,CHOCÓ,27800,UNGUÍA,27800000,UNGUÍA(UNGUÍA - CHOCÓ),2025,10,46707.0,143017.0,107659.0,viernes,2025-10-03 18:30:00,215726.0
27,CHOCÓ,27800,UNGUÍA,27800001,BALBOA(UNGUÍA - CHOCÓ),2025,10,31415.0,9868.0,84390.0,sábado,2025-10-11 18:45:00,162258.0
27,CHOCÓ,27800,UNGUÍA,27800005,TITUMATE(UNGUÍA - CHOCÓ),2025,10,1864.0,446.0,68640.0,viernes,2025-10-24 21:00:00,129677.0
44,LA GUAJIRA,44847,URIBIA,44847012,NAZARETH(URIBIA - LA GUAJIRA),2025,10,31567.0,7014.0,264960.0,jueves,2025-10-02 18:00:00,47419.0
47,MAGDALENA,47189,CIÉNAGA,47189018,PALMOR(CIÉNAGA - MAGDALENA),2025,10,70223.0,22422.0,195070.0,lunes,2025-10-06 11:45:00,222984.0
50,META,50325,MAPIRIPAN,50325000,MAPIRIPAN(MAPIRIPAN - META),2025,10,219419.0,65114.0,421080.0,martes,2025-10-28 18:00:00,24.0
52,NARIÑO,52250,EL CHARCO,52250005,LAS MERCEDES(EL CHARCO - NARIÑO),2025,10,0.0,0.0,34965.0,nan,2025-12-01 14:45:00,0.0
52,NARIÑO,52250,EL CHARCO,52250016,ALTERON - URIBE URIBE(EL CHARCO - NARIÑO),2025,10,2370.0,920.0,6220.0,sábado,2025-10-04 18:30:00,1621.0
52,NARIÑO,52390,LA TOLA,52390003,LA VIGIA DE LA MAR(LA TOLA - NARIÑO),2025,10,5023.0,2573.0,31320.0,viernes,2025-10-03 19:00:00,70242.0
52,NARIÑO,52390,LA TOLA,52390005,AGUACATAL(LA TOLA - NARIÑO),2025,10,184.0,6530.0,13680.0,miércoles,2025-10-22 19:30:00,56613.0
52,NARIÑO,52390,LA TOLA,52390009,MULATOS(LA TOLA - NARIÑO),2025,10,4772.0,2268.0,27360.0,lunes,2025-10-20 16:30:00,79113.0
52,NARIÑO,52390,LA TOLA,52390013,AMARALES(LA TOLA - NARIÑO),2025,10,8697.0,3166.0,47490.0,miércoles,2025-10-15 19:15:00,84274.0
52,NARIÑO,52473,MOSQUERA,52473010,EL BAJITO DE ECHANDIA(MOSQUERA - NARIÑO),2025,10,2947.0,1065.0,16390.0,miércoles,2025-10-08 17:00:00,80806.0
52,NARIÑO,52621,ROBERTO PAYAN,52621912,TAMAJE(ROBERTO PAYAN - NARIÑO),2025,10,5399.0,285.0,27290.0,lunes,2025-10-27 18:30:00,79919.0
52,NARIÑO,52696,SANTA BÁRBARA,52696014,LA ENSENADA(SANTA BÁRBARA - NARIÑO),2025,10,2774.0,2273.0,24030.0,sábado,2025-10-04 20:00:00,51532.0
52,NARIÑO,52835,SAN ANDRÉS DE TUMACO,52835016,PITAL DE LA COSTA(SAN ANDRÉS DE TUMACO - NARIÑO),2025,10,37606.0,20597.0,98810.0,viernes,2025-10-24 19:15:00,194435.0
52,NARIÑO,52835,SAN ANDRÉS DE TUMACO,52835055,BOCAS DE CURAY(SAN ANDRÉS DE TUMACO - NARIÑO),2025,10,8011.0,265.0,5280.0,domingo,2025-10-19 18:45:00,64355.0
52,NARIÑO,52835,SAN ANDRÉS DE TUMACO,52835217,SAN JUAN DE LA COSTA(SAN ANDRÉS DE TUMACO - NARIÑO),2025,10,0.0,0.0,34965.0,nan,2025-06-20 19:45:00,0.0
76,VALLE DEL CAUCA,76109,BUENAVENTURA,76109011,PASTICO(BUENAVENTURA - VALLE DEL CAUCA),2025,10,3979.0,149.0,1850.0,viernes,2025-10-10 18:45:00,89435.0
76,VALLE DEL CAUCA,76109,BUENAVENTURA,76109018,CONCEPCION(BUENAVENTURA - VALLE DEL CAUCA),2025,10,1954.0,5590.0,50040.0,lunes,2025-10-27 18:45:00,16452.0
76,VALLE DEL CAUCA,76109,BUENAVENTURA,76109028,PUERTO MERIZALDE(BUENAVENTURA - VALLE DEL CAUCA),2025,10,118692.0,40176.0,227040.0,viernes,2025-10-17 19:00:00,237177.0
76,VALLE DEL CAUCA,76109,BUENAVENTURA,76109032,SAN FRANCISCO NAYA(BUENAVENTURA - VALLE DEL CAUCA),2025,10,8602.0,2843.0,3450.0,viernes,2025-10-03 21:30:00,101774.0
76,VALLE DEL CAUCA,76109,BUENAVENTURA,76109034,SAN ISIDRO - CALIMA(BUENAVENTURA - VALLE DEL CAUCA),2025,10,7847.0,1446.0,33860.0,miércoles,2025-10-15 20:00:00,87097.0
76,VALLE DEL CAUCA,76109,BUENAVENTURA,76109038,SILVA(BUENAVENTURA - VALLE DEL CAUCA),2025,10,5681.0,1928.0,2080.0,domingo,2025-10-26 07:00:00,107581.0
76,VALLE DEL CAUCA,76109,BUENAVENTURA,76109040,VENERAL(BUENAVENTURA - VALLE DEL CAUCA),2025,10,4281.0,8780.0,19370.0,viernes,2025-10-17 12:00:00,95645.0
76,VALLE DEL CAUCA,76109,BUENAVENTURA,76109069,PAPAYAL 1(BUENAVENTURA - VALLE DEL CAUCA),2025,10,4076.0,8880.0,18520.0,sábado,2025-10-18 19:30:00,92419.0
76,VALLE DEL CAUCA,76109,BUENAVENTURA,76109081,PUNTA BONITA(BUENAVENTURA - VALLE DEL CAUCA),2025,10,3111.0,1825.0,22650.0,lunes,2025-10-27 11:15:00,56694.0
76,VALLE DEL CAUCA,76109,BUENAVENTURA,76109105,PITAL(BUENAVENTURA - VALLE DEL CAUCA),2025,10,2198.0,5800.0,15230.0,miércoles,2025-10-29 19:00:00,59435.0
76,VALLE DEL CAUCA,76109,BUENAVENTURA,76109817,SANTA MARIA 1 NAYA(BUENAVENTURA - VALLE DEL CAUCA),2025,10,2098.0,5100.0,11140.0,domingo,2025-10-26 19:15:00,75565.0
76,VALLE DEL CAUCA,76109,BUENAVENTURA,76109863,SAN ANTONIO (BUENAVENTURA - VALLE DEL CAUCA),2025,10,3503.0,9970.0,16570.0,miércoles,2025-10-29 18:15:00,98226.0
76,VALLE DEL CAUCA,76109,BUENAVENTURA,76109904,SAN ANTONIO (RIO CAJAMBRE)(BUENAVENTURA - VALLE DEL CAUCA),2025,10,4947.0,1552.0,28930.0,martes,2025-10-07 11:30:00,75645.0
76,VALLE DEL CAUCA,76109,BUENAVENTURA,76109907,SAN PABLO( CAJAMBRE)(BUENAVENTURA - VALLE DEL CAUCA),2025,10,3356.0,0.0,20110.0,domingo,2025-10-12 17:30:00,65726.0
76,VALLE DEL CAUCA,76109,BUENAVENTURA,76109913,MAYORQUIN(BUENAVENTURA - VALLE DEL CAUCA),2025,10,3677.0,9010.0,27780.0,domingo,2025-10-26 12:30:00,69677.0
76,VALLE DEL CAUCA,76109,BUENAVENTURA,76109930,GALVEZ(BUENAVENTURA - VALLE DEL CAUCA),2025,10,4492.0,6000.0,23480.0,sábado,2025-10-04 09:00:00,117097.0
76,VALLE DEL CAUCA,76109,BUENAVENTURA,76109957,HUMANES MAR(BUENAVENTURA - VALLE DEL CAUCA),2025,10,8077.0,1775.0,32580.0,viernes,2025-10-03 11:00:00,105726.0
86,PUTUMAYO,86573,PUERTO LEGUIZAMO,86573000,PUERTO LEGUIZAMO(PUERTO LEGUIZAMO - PUTUMAYO),2025,10,956114.0,257024.0,217219.0,martes,2025-10-21 15:15:00,232097.0
86,PUTUMAYO,86573,PUERTO LEGUIZAMO,86573009,PIÑUÑA NEGRO(PUERTO LEGUIZAMO - PUTUMAYO),2025,10,4868.0,2362.0,3840.0,sábado,2025-10-04 19:15:00,61774.0
88,ARCHIPIÉLAGO DE SAN ANDRÉS y PROVIDENCIA,88001,SAN ANDRÉS,88001000,SAN ANDRÉS(SAN ANDRÉS - ARCHIPIÉLAGO DE SAN ANDRÉS y PROVIDENCIA ),2025,10,7576.0,4650.0,3337268.0,miércoles,2025-10-01 15:45:00,24.0
88,ARCHIPIÉLAGO DE SAN ANDRÉS y PROVIDENCIA,88564,PROVIDENCIA,88564000,PROVIDENCIA(PROVIDENCIA - ARCHIPIÉLAGO DE SAN ANDRÉS y PROVIDENCIA ),2025,10,7576.0,248013.0,211258.0,jueves,2025-10-02 14:00:00,24.0
91,AMAZONAS,91001,LETICIA,91001000,LETICIA(LETICIA - AMAZONAS),2025,10,7576.0,987763.0,800536.0,miércoles,2025-10-08 15:15:00,239516.0
91,AMAZONAS,91540,PUERTO NARIÑO,91540000,PUERTO NARIÑO(PUERTO NARIÑO - AMAZONAS),2025,10,136406.0,4299.0,26880.0,miércoles,2025-10-08 17:45:00,239919.0
91,AMAZONAS,91798,TARAPACA (ANM),91798000,TARAPACA(TARAPACA (ANM) - AMAZONAS),2025,10,28378.0,11677.0,112740.0,martes,2025-10-28 16:00:00,102177.0
94,GUAINÍA,94001,INÍRIDA,94001000,INÍRIDA(INÍRIDA - GUAINÍA),2025,10,7576.0,633845.0,486904.0,jueves,2025-10-02 15:15:00,24.0
94,GUAINÍA,94001,INÍRIDA,94001905,CHORRO BOCON(INÍRIDA - GUAINÍA),2025,10,7098.0,11.0,22020.0,martes,2025-10-21 19:45:00,163468.0
94,GUAINÍA,94001,INÍRIDA,94001916,VENADO(INÍRIDA - GUAINÍA),2025,10,3815.0,8150.0,9910.0,sábado,2025-10-25 19:45:00,239435.0
94,GUAINÍA,94001,INÍRIDA,94001966,LAGUNA COLORADA ALTA(INÍRIDA - GUAINÍA),2025,10,8572.0,4020.0,3260.0,jueves,2025-10-30 19:45:00,143065.0
94,GUAINÍA,94343,BARRANCO MINAS,94343900,CARPINTERO(BARRANCO MINAS - GUAINÍA),2025,10,2461.0,1278.0,7360.0,sábado,2025-10-25 18:00:00,21.0
95,GUAVIARE,95001,SAN JOSÉ DEL GUAVIARE,95001012,CACHICAMO(SAN JOSÉ DEL GUAVIARE - GUAVIARE),2025,10,11992.0,5263.0,54090.0,sábado,2025-10-25 18:45:00,106855.0
95,GUAVIARE,95200,MIRAFLORES,95200000,MIRAFLORES(MIRAFLORES - GUAVIARE),2025,10,131363.0,17272.0,256130.0,lunes,2025-10-27 17:45:00,24.0
97,VAUPÉS,97001,MITÚ,97001000,MITÚ(MITÚ - VAUPÉS),2025,10,7576.0,353416.0,327593.0,lunes,2025-10-06 12:30:00,23871.0
97,VAUPÉS,97161,CARURÚ,97161000,CARURÚ(CARURÚ - VAUPÉS),2025,10,42909.0,8069.0,10930.0,martes,2025-10-21 14:30:00,170242.0
97,VAUPÉS,97666,TARAIRA,97666000,TARAIRA(TARAIRA - VAUPÉS),2025,10,52529.0,13454.0,154260.0,lunes,2025-10-27 12:00:00,141935.0
99,VICHADA,99001,PUERTO CARREÑO,99001000,PUERTO CARREÑO(PUERTO CARREÑO - VICHADA),2025,10,7576.0,712956.0,520872.0,miércoles,2025-10-01 13:30:00,24.0
99,VICHADA,99001,PUERTO CARREÑO,99001002,CASUARITO(PUERTO CARREÑO - VICHADA),2025,10,11301.0,5544.0,88550.0,miércoles,2025-10-29 17:00:00,57339.0
99,VICHADA,99773,CUMARIBO,99773000,CUMARIBO(CUMARIBO - VICHADA),2025,10,415422.0,138942.0,813160.0,miércoles,2025-10-15 13:45:00,238226.0
5,ANTIOQUIA,5873,VIGÍA DEL FUERTE,5873001,SAN ANTONIO DE PADUA(VIGÍA DEL FUERTE - ANTIOQUIA),2025,11,4540.0,0.0,36260.0,jueves,2025-11-27 20:15:00,6333.0
5,ANTIOQUIA,5873,VIGÍA DEL FUERTE,5873005,SAN MIGUEL(VIGÍA DEL FUERTE - ANTIOQUIA),2025,11,0.0,3270.0,34965.0,nan,2025-11-24 07:30:00,0.0
5,ANTIOQUIA,5873,VIGÍA DEL FUERTE,5873013,LOMA MURRI(VIGÍA DEL FUERTE - ANTIOQUIA),2025,11,4345.0,1997.0,32320.0,sábado,2025-11-08 19:15:00,60083.0
5,ANTIOQUIA,5873,VIGÍA DEL FUERTE,5873910,PUERTO MEDELLÍN(VIGÍA DEL FUERTE - ANTIOQUIA),2025,11,5300.0,2120.0,10570.0,martes,2025-11-11 18:15:00,2525.0
13,BOLÍVAR,13001,CARTAGENA DE INDIAS,13001017,SANTA CRUZ DEL ISLOTE(CARTAGENA DE INDIAS - BOLÍVAR),2025,11,1528.0,5020.0,40990.0,jueves,2025-11-27 22:15:00,14583.0
13,BOLÍVAR,13001,CARTAGENA DE INDIAS,13001037,ISLA MUCURA(CARTAGENA DE INDIAS - BOLÍVAR),2025,11,6347.0,2435.0,21630.0,sábado,2025-11-22 22:30:00,121.0
18,CAQUETÁ,18150,CARTAGENA DEL CHAIRA,18150001,REMOLINO DEL CAGUAN(CARTAGENA DEL CHAIRA - CAQUETÁ),2025,11,13352.0,4066.0,94030.0,sábado,2025-11-08 19:15:00,6225.0
18,CAQUETÁ,18150,CARTAGENA DEL CHAIRA,18150002,SANTA FE DEL CAGUAN(CARTAGENA DEL CHAIRA - CAQUETÁ),2025,11,1910.0,660.0,30880.0,domingo,2025-11-30 19:15:00,25.0
18,CAQUETÁ,18753,SAN VICENTE DEL CAGUÁN,18753012,SANTA ROSA(SAN VICENTE DEL CAGUÁN - CAQUETÁ),2025,11,0.0,0.0,34965.0,nan,2025-06-16 11:30:00,0.0
18,CAQUETÁ,18753,SAN VICENTE DEL CAGUÁN,18753033,VILLA LOBOS(SAN VICENTE DEL CAGUÁN - CAQUETÁ),2025,11,1618.0,4650.0,52320.0,lunes,2025-11-17 18:15:00,12167.0
19,CAUCA,19318,GUAPI,19318008,LIMONES(GUAPI - CAUCA),2025,11,907.0,4653.0,47330.0,domingo,2025-11-16 19:00:00,865.0
19,CAUCA,19318,GUAPI,19318013,SAN ANTONIO DE GUAJUI(GUAPI - CAUCA),2025,11,11324.0,5863.0,6440.0,miércoles,2025-11-05 19:30:00,74667.0
19,CAUCA,19418,LÓPEZ DE MICAY,19418009,NOANAMITO(LÓPEZ DE MICAY - CAUCA),2025,11,7594.0,4303.0,480.0,jueves,2025-11-27 18:45:00,76.0
19,CAUCA,19418,LÓPEZ DE MICAY,19418033,BOCA GRANDE(LÓPEZ DE MICAY - CAUCA),2025,11,0.0,0.0,34965.0,nan,2025-06-02 06:15:00,0.0
19,CAUCA,19809,TIMBIQUÍ,19809003,COTEJE(TIMBIQUÍ - CAUCA),2025,11,6091.0,4007.0,33920.0,domingo,2025-11-02 19:30:00,75167.0
19,CAUCA,19809,TIMBIQUÍ,19809007,SAN JOSE(TIMBIQUÍ - CAUCA),2025,11,6993.0,4414.0,40780.0,miércoles,2025-11-19 18:45:00,79917.0
19,CAUCA,19809,TIMBIQUÍ,19809010,COMUNIDAD DE CHETE(TIMBIQUÍ - CAUCA),2025,11,5194.0,187.0,32960.0,sábado,2025-11-01 19:00:00,64083.0
19,CAUCA,19809,TIMBIQUÍ,19809014,CHACON(TIMBIQUÍ - CAUCA),2025,11,1907.0,2860.0,19760.0,viernes,2025-11-07 18:15:00,41833.0
27,CHOCÓ,27001,QUIBDÓ,27001029,TAGACHI(QUIBDÓ - CHOCÓ),2025,11,7275.0,3597.0,45580.0,sábado,2025-11-08 18:30:00,8775.0
27,CHOCÓ,27006,ACANDÍ,27006000,ACANDÍ(ACANDÍ - CHOCÓ),2025,11,605065.0,162389.0,126755.0,sábado,2025-11-08 19:00:00,203083.0
27,CHOCÓ,27006,ACANDÍ,27006007,SAN FRANCISCO(ACANDÍ - CHOCÓ),2025,11,25121.0,1007.0,121150.0,sábado,2025-11-22 19:30:00,9225.0
27,CHOCÓ,27025,ALTO BAUDO,27025000,CIUDAD BAUDO - PIE DE PATO(ALTO BAUDO - CHOCÓ),2025,11,55555.0,17286.0,12540.0,sábado,2025-11-15 11:45:00,236.0
27,CHOCÓ,27025,ALTO BAUDO,27025033,MIACORA(ALTO BAUDO - CHOCÓ),2025,11,2070.0,80.0,3490.0,martes,2025-11-18 18:15:00,23583.0
27,CHOCÓ,27025,ALTO BAUDO,27025035,PUERTO ALEGRE(ALTO BAUDO - CHOCÓ),2025,11,7570.0,2580.0,550.0,sábado,2025-11-08 19:30:00,57667.0
27,CHOCÓ,27025,ALTO BAUDO,27025937,VILLA CECILIA(ALTO BAUDO - CHOCÓ),2025,11,3980.0,1440.0,3490.0,jueves,2025-11-27 12:45:00,22.0
27,CHOCÓ,27075,BAHÍA SOLANO,27075000,CIUDAD MUTIS(BAHÍA SOLANO - CHOCÓ),2025,11,753202.0,221483.0,154704.0,sábado,2025-11-01 18:45:00,234583.0
27,CHOCÓ,27075,BAHÍA SOLANO,27075001,CUPICA(BAHÍA SOLANO - CHOCÓ),2025,11,56531.0,18057.0,124040.0,martes,2025-11-18 18:45:00,2345.0
27,CHOCÓ,27077,BAJO BAUDÓ,27077000,PIZARRO(BAJO BAUDÓ - CHOCÓ),2025,11,198366.0,68113.0,481010.0,martes,2025-11-25 12:00:00,179.0
27,CHOCÓ,27077,BAJO BAUDÓ,27077002,BELEN DE DOCAMPADO(BAJO BAUDÓ - CHOCÓ),2025,11,7938.0,2396.0,40720.0,lunes,2025-11-10 19:15:00,87333.0
27,CHOCÓ,27077,BAJO BAUDÓ,27077011,PILIZA - BELLAVISTA - VILLA LUZ(BAJO BAUDÓ - CHOCÓ),2025,11,3074.0,4870.0,2240.0,sábado,2025-11-01 18:30:00,59833.0
27,CHOCÓ,27077,BAJO BAUDÓ,27077019,VIRUDO(BAJO BAUDÓ - CHOCÓ),2025,11,6332.0,2717.0,29770.0,domingo,2025-11-16 11:45:00,92083.0
27,CHOCÓ,27077,BAJO BAUDÓ,27077026,GUINEAL(BAJO BAUDÓ - CHOCÓ),2025,11,3326.0,4197.0,20970.0,sábado,2025-11-22 11:30:00,80167.0
27,CHOCÓ,27077,BAJO BAUDÓ,27077905,BUENAVISTA(BAJO BAUDÓ - CHOCÓ),2025,11,4282.0,1735.0,22460.0,jueves,2025-11-06 18:45:00,86583.0
27,CHOCÓ,27077,BAJO BAUDÓ,27077916,TERRON(BAJO BAUDÓ - CHOCÓ),2025,11,0.0,0.0,34965.0,nan,2025-09-01 12:30:00,0.0
27,CHOCÓ,27099,BOJAYÁ,27099000,BELLAVISTA(BOJAYÁ - CHOCÓ),2025,11,527.0,16315.0,317520.0,sábado,2025-11-08 19:30:00,82.0
27,CHOCÓ,27099,BOJAYÁ,27099002,LA LOMA DE BOJAYA(BOJAYÁ - CHOCÓ),2025,11,968.0,4497.0,74170.0,miércoles,2025-11-12 18:45:00,5925.0
27,CHOCÓ,27099,BOJAYÁ,27099005,NAPIPI(BOJAYÁ - CHOCÓ),2025,11,12881.0,4556.0,5760.0,domingo,2025-11-16 16:00:00,91083.0
27,CHOCÓ,27099,BOJAYÁ,27099012,POGUE(BOJAYÁ - CHOCÓ),2025,11,3941.0,1909.0,22210.0,miércoles,2025-11-12 16:15:00,78333.0
27,CHOCÓ,27099,BOJAYÁ,27099030,PIEDRA CANDELA(BOJAYÁ - CHOCÓ),2025,11,5827.0,2872.0,38370.0,martes,2025-11-18 19:15:00,65833.0
27,CHOCÓ,27250,EL LITORAL DEL SAN JUAN,27250000,SANTA GENOVEVA DE DOCORDO(EL LITORAL DEL SAN JUAN - CHOCÓ),2025,11,69762.0,32153.0,261760.0,lunes,2025-11-24 10:30:00,114917.0
27,CHOCÓ,27250,EL LITORAL DEL SAN JUAN,27250023,PAPAYO(EL LITORAL DEL SAN JUAN - CHOCÓ),2025,11,1661.0,3690.0,19220.0,sábado,2025-11-29 18:30:00,3675.0
27,CHOCÓ,27361,ISTMINA,27361021,PANAMACITO(ISTMINA - CHOCÓ),2025,11,1519.0,5470.0,10290.0,viernes,2025-11-21 14:45:00,7275.0
27,CHOCÓ,27372,JURADO,27372901,SANTA TERESITA(JURADO - CHOCÓ),2025,11,2111.0,1310.0,10750.0,domingo,2025-11-09 18:45:00,146583.0
27,CHOCÓ,27372,JURADO,27372902,BUENAVISTA(JURADO - CHOCÓ),2025,11,2107.0,3770.0,14450.0,lunes,2025-11-10 10:45:00,138833.0
27,CHOCÓ,27372,JURADO,27372905,DICHARDI(JURADO - CHOCÓ),2025,11,1356.0,8900.0,6620.0,lunes,2025-11-17 11:30:00,111833.0
27,CHOCÓ,27372,JURADO,27372907,EYASAKE(JURADO - CHOCÓ),2025,11,4184.0,1593.0,19270.0,sábado,2025-11-08 19:30:00,106667.0
27,CHOCÓ,27425,MEDIO ATRATO,27425000,BETE(MEDIO ATRATO - CHOCÓ),2025,11,16243.0,7943.0,640.0,martes,2025-11-04 19:00:00,116917.0
27,CHOCÓ,27425,MEDIO ATRATO,27425008,SAN ROQUE(MEDIO ATRATO - CHOCÓ),2025,11,2625.0,1351.0,22970.0,lunes,2025-11-03 19:00:00,59083.0
27,CHOCÓ,27491,NOVITA,27491004,JUNTAS DE TAMANA(NOVITA - CHOCÓ),2025,11,1693.0,4860.0,21070.0,lunes,2025-11-03 19:45:00,38167.0
27,CHOCÓ,27495,NUQUÍ,27495000,NUQUÍ(NUQUÍ - CHOCÓ),2025,11,293149.0,87268.0,544190.0,viernes,2025-11-07 19:30:00,239667.0
27,CHOCÓ,27495,NUQUÍ,27495001,ARUSI(NUQUÍ - CHOCÓ),2025,11,30675.0,5927.0,7680.0,viernes,2025-11-07 18:45:00,23975.0
27,CHOCÓ,27495,NUQUÍ,27495003,JURUBIRA(NUQUÍ - CHOCÓ),2025,11,234.0,8272.0,51130.0,viernes,2025-11-21 19:45:00,23825.0
27,CHOCÓ,27495,NUQUÍ,27495008,JOVI(NUQUÍ - CHOCÓ),2025,11,7774.0,2972.0,2360.0,jueves,2025-11-06 14:00:00,1535.0
27,CHOCÓ,27495,NUQUÍ,27495011,COMUNIDAD DE PUERTO JAGUA(NUQUÍ - CHOCÓ),2025,11,1273.0,4650.0,6190.0,domingo,2025-11-23 18:30:00,95417.0
27,CHOCÓ,27495,NUQUÍ,27495012,COMUNIDAD INDIG. PUERTO INDIO(NUQUÍ - CHOCÓ),2025,11,2855.0,1742.0,8220.0,martes,2025-11-18 18:30:00,1605.0
27,CHOCÓ,27495,NUQUÍ,27495910,COMUNIDAD INDIG. DE RIO NUQUÍ(NUQUÍ - CHOCÓ),2025,11,7820.0,1940.0,4170.0,viernes,2025-11-28 21:00:00,88.0
27,CHOCÓ,27495,NUQUÍ,27495912,COMUNIDAD INDÍGENA DE PANGUI - EL YUCAL(NUQUÍ - CHOCÓ),2025,11,771.0,2071.0,11760.0,martes,2025-11-11 12:15:00,226833.0
27,CHOCÓ,27615,RIOSUCIO,27615011,SAN JOSE TAMBORAL(RIOSUCIO - CHOCÓ),2025,11,110.0,30.0,3520.0,lunes,2025-11-17 20:00:00,1083.0
27,CHOCÓ,27800,UNGUÍA,27800000,UNGUÍA(UNGUÍA - CHOCÓ),2025,11,480483.0,142322.0,984720.0,viernes,2025-11-21 18:45:00,226583.0
27,CHOCÓ,27800,UNGUÍA,27800001,BALBOA(UNGUÍA - CHOCÓ),2025,11,32184.0,10188.0,89540.0,domingo,2025-11-09 18:45:00,163333.0
27,CHOCÓ,27800,UNGUÍA,27800005,TITUMATE(UNGUÍA - CHOCÓ),2025,11,1839.0,4291.0,66260.0,sábado,2025-11-01 18:45:00,134.0
44,LA GUAJIRA,44847,URIBIA,44847012,NAZARETH(URIBIA - LA GUAJIRA),2025,11,33934.0,7288.0,260640.0,domingo,2025-11-09 18:00:00,52083.0
47,MAGDALENA,47189,CIÉNAGA,47189018,PALMOR(CIÉNAGA - MAGDALENA),2025,11,84128.0,31409.0,204480.0,domingo,2025-11-16 18:45:00,231083.0
50,META,50325,MAPIRIPAN,50325000,MAPIRIPAN(MAPIRIPAN - META),2025,11,21491.0,63666.0,420640.0,martes,2025-11-18 18:15:00,23925.0
52,NARIÑO,52250,EL CHARCO,52250005,LAS MERCEDES(EL CHARCO - NARIÑO),2025,11,1250.0,5410.0,10140.0,sábado,2025-11-15 18:15:00,4833.0
52,NARIÑO,52250,EL CHARCO,52250007,SAN JOSE DEL TAPAJE(EL CHARCO - NARIÑO),2025,11,0.0,0.0,34965.0,nan,2025-05-10 17:15:00,0.0
52,NARIÑO,52250,EL CHARCO,52250016,ALTERON - URIBE URIBE(EL CHARCO - NARIÑO),2025,11,100.0,70.0,2860.0,sábado,2025-11-29 13:45:00,125.0
52,NARIÑO,52390,LA TOLA,52390003,LA VIGIA DE LA MAR(LA TOLA - NARIÑO),2025,11,6524.0,3239.0,29920.0,jueves,2025-11-27 19:00:00,10325.0
52,NARIÑO,52390,LA TOLA,52390005,AGUACATAL(LA TOLA - NARIÑO),2025,11,3065.0,1081.0,140.0,sábado,2025-11-22 18:45:00,94083.0
52,NARIÑO,52390,LA TOLA,52390009,MULATOS(LA TOLA - NARIÑO),2025,11,4603.0,2197.0,25920.0,sábado,2025-11-01 21:00:00,79833.0
52,NARIÑO,52390,LA TOLA,52390013,AMARALES(LA TOLA - NARIÑO),2025,11,1257.0,4530.0,48380.0,miércoles,2025-11-05 19:00:00,125.0
52,NARIÑO,52473,MOSQUERA,52473010,EL BAJITO DE ECHANDIA(MOSQUERA - NARIÑO),2025,11,3081.0,1061.0,19440.0,sábado,2025-11-22 14:30:00,88917.0
52,NARIÑO,52621,ROBERTO PAYAN,52621912,TAMAJE(ROBERTO PAYAN - NARIÑO),2025,11,5186.0,2636.0,31320.0,domingo,2025-11-16 19:30:00,7825.0
52,NARIÑO,52696,SANTA BÁRBARA,52696014,LA ENSENADA(SANTA BÁRBARA - NARIÑO),2025,11,3048.0,2585.0,21860.0,jueves,2025-11-06 18:30:00,61083.0
52,NARIÑO,52835,SAN ANDRÉS DE TUMACO,52835016,PITAL DE LA COSTA(SAN ANDRÉS DE TUMACO - NARIÑO),2025,11,40247.0,22441.0,89260.0,miércoles,2025-11-12 12:30:00,22275.0
52,NARIÑO,52835,SAN ANDRÉS DE TUMACO,52835055,BOCAS DE CURAY(SAN ANDRÉS DE TUMACO - NARIÑO),2025,11,8402.0,2785.0,5280.0,jueves,2025-11-27 19:45:00,68083.0
52,NARIÑO,52835,SAN ANDRÉS DE TUMACO,52835217,SAN JUAN DE LA COSTA(SAN ANDRÉS DE TUMACO - NARIÑO),2025,11,2987.0,9870.0,83770.0,miércoles,2025-11-26 18:45:00,15833.0
76,VALLE DEL CAUCA,76109,BUENAVENTURA,76109011,PASTICO(BUENAVENTURA - VALLE DEL CAUCA),2025,11,3844.0,1447.0,16940.0,jueves,2025-11-20 19:00:00,94.0
76,VALLE DEL CAUCA,76109,BUENAVENTURA,76109018,CONCEPCION(BUENAVENTURA - VALLE DEL CAUCA),2025,11,7251.0,2297.0,48120.0,domingo,2025-11-02 20:45:00,77583.0
76,VALLE DEL CAUCA,76109,BUENAVENTURA,76109028,PUERTO MERIZALDE(BUENAVENTURA - VALLE DEL CAUCA),2025,11,10749.0,359.0,251860.0,lunes,2025-11-10 19:00:00,219417.0
76,VALLE DEL CAUCA,76109,BUENAVENTURA,76109032,SAN FRANCISCO NAYA(BUENAVENTURA - VALLE DEL CAUCA),2025,11,8078.0,2577.0,34690.0,sábado,2025-11-15 12:15:00,98083.0
76,VALLE DEL CAUCA,76109,BUENAVENTURA,76109034,SAN ISIDRO - CALIMA(BUENAVENTURA - VALLE DEL CAUCA),2025,11,605.0,1191.0,34320.0,martes,2025-11-04 19:45:00,78833.0
76,VALLE DEL CAUCA,76109,BUENAVENTURA,76109038,SILVA(BUENAVENTURA - VALLE DEL CAUCA),2025,11,567.0,1924.0,22160.0,sábado,2025-11-15 08:45:00,107667.0
76,VALLE DEL CAUCA,76109,BUENAVENTURA,76109040,VENERAL(BUENAVENTURA - VALLE DEL CAUCA),2025,11,6405.0,9820.0,3360.0,viernes,2025-11-14 11:15:00,102083.0
76,VALLE DEL CAUCA,76109,BUENAVENTURA,76109069,PAPAYAL 1(BUENAVENTURA - VALLE DEL CAUCA),2025,11,4353.0,9440.0,16260.0,miércoles,2025-11-19 19:30:00,11175.0
76,VALLE DEL CAUCA,76109,BUENAVENTURA,76109081,PUNTA BONITA(BUENAVENTURA - VALLE DEL CAUCA),2025,11,563.0,1731.0,22040.0,viernes,2025-11-14 19:30:00,110167.0
76,VALLE DEL CAUCA,76109,BUENAVENTURA,76109105,PITAL(BUENAVENTURA - VALLE DEL CAUCA),2025,11,3036.0,8010.0,15740.0,domingo,2025-11-02 19:15:00,8625.0
76,VALLE DEL CAUCA,76109,BUENAVENTURA,76109817,SANTA MARIA 1 NAYA(BUENAVENTURA - VALLE DEL CAUCA),2025,11,207.0,4500.0,11530.0,lunes,2025-11-03 19:00:00,75917.0
76,VALLE DEL CAUCA,76109,BUENAVENTURA,76109863,SAN ANTONIO (BUENAVENTURA - VALLE DEL CAUCA),2025,11,3438.0,9370.0,17890.0,lunes,2025-11-17 13:30:00,100167.0
76,VALLE DEL CAUCA,76109,BUENAVENTURA,76109904,SAN ANTONIO (RIO CAJAMBRE)(BUENAVENTURA - VALLE DEL CAUCA),2025,11,516.0,1657.0,29850.0,miércoles,2025-11-19 12:00:00,82667.0
76,VALLE DEL CAUCA,76109,BUENAVENTURA,76109907,SAN PABLO( CAJAMBRE)(BUENAVENTURA - VALLE DEL CAUCA),2025,11,287.0,0.0,19990.0,viernes,2025-11-28 15:00:00,6275.0
76,VALLE DEL CAUCA,76109,BUENAVENTURA,76109913,MAYORQUIN(BUENAVENTURA - VALLE DEL CAUCA),2025,11,3939.0,1161.0,28060.0,lunes,2025-11-10 20:00:00,86083.0
76,VALLE DEL CAUCA,76109,BUENAVENTURA,76109930,GALVEZ(BUENAVENTURA - VALLE DEL CAUCA),2025,11,3436.0,5640.0,13030.0,sábado,2025-11-01 18:00:00,106333.0
76,VALLE DEL CAUCA,76109,BUENAVENTURA,76109957,HUMANES MAR(BUENAVENTURA - VALLE DEL CAUCA),2025,11,8064.0,1807.0,29710.0,sábado,2025-11-08 08:30:00,1135.0
86,PUTUMAYO,86573,PUERTO LEGUIZAMO,86573000,PUERTO LEGUIZAMO(PUERTO LEGUIZAMO - PUTUMAYO),2025,11,802031.0,231355.0,188575.0,miércoles,2025-11-26 21:00:00,2375.0
86,PUTUMAYO,86573,PUERTO LEGUIZAMO,86573009,PIÑUÑA NEGRO(PUERTO LEGUIZAMO - PUTUMAYO),2025,11,4657.0,2187.0,3840.0,sábado,2025-11-01 21:45:00,595.0
88,ARCHIPIÉLAGO DE SAN ANDRÉS y PROVIDENCIA,88001,SAN ANDRÉS,88001000,SAN ANDRÉS(SAN ANDRÉS - ARCHIPIÉLAGO DE SAN ANDRÉS y PROVIDENCIA ),2025,11,7576.0,4650.0,3165672.0,viernes,2025-11-21 15:45:00,24.0
88,ARCHIPIÉLAGO DE SAN ANDRÉS y PROVIDENCIA,88564,PROVIDENCIA,88564000,PROVIDENCIA(PROVIDENCIA - ARCHIPIÉLAGO DE SAN ANDRÉS y PROVIDENCIA ),2025,11,7576.0,233748.0,194886.0,jueves,2025-11-20 14:15:00,24.0
91,AMAZONAS,91001,LETICIA,91001000,LETICIA(LETICIA - AMAZONAS),2025,11,7576.0,955585.0,82554.0,martes,2025-11-18 15:30:00,24.0
91,AMAZONAS,91540,PUERTO NARIÑO,91540000,PUERTO NARIÑO(PUERTO NARIÑO - AMAZONAS),2025,11,13658.0,41674.0,27840.0,jueves,2025-11-20 14:15:00,239917.0
91,AMAZONAS,91798,TARAPACA (ANM),91798000,TARAPACA(TARAPACA (ANM) - AMAZONAS),2025,11,28243.0,11158.0,105590.0,viernes,2025-11-14 14:00:00,10275.0
94,GUAINÍA,94001,INÍRIDA,94001000,INÍRIDA(INÍRIDA - GUAINÍA),2025,11,7576.0,611611.0,481096.0,jueves,2025-11-27 14:45:00,24.0
94,GUAINÍA,94001,INÍRIDA,94001905,CHORRO BOCON(INÍRIDA - GUAINÍA),2025,11,6451.0,8560.0,22320.0,sábado,2025-11-15 19:00:00,15375.0
27,CHOCÓ,27425,MEDIO ATRATO,27425008,SAN ROQUE,2025,12,3062.0,1566.0,2460.0,domingo,2025-12-06 19:30:00,677.0
94,GUAINÍA,94001,INÍRIDA,94001916,VENADO(INÍRIDA - GUAINÍA),2025,11,3236.0,7170.0,11490.0,viernes,2025-11-07 21:30:00,200917.0
94,GUAINÍA,94001,INÍRIDA,94001966,LAGUNA COLORADA ALTA(INÍRIDA - GUAINÍA),2025,11,924.0,4520.0,32140.0,martes,2025-11-11 19:30:00,151917.0
94,GUAINÍA,94343,BARRANCO MINAS,94343900,CARPINTERO(BARRANCO MINAS - GUAINÍA),2025,11,2852.0,1493.0,7580.0,domingo,2025-11-23 18:00:00,229417.0
94,GUAINÍA,94343,BARRANCO MINAS,94343901,CHATARE(BARRANCO MINAS - GUAINÍA),2025,11,0.0,0.0,110.0,miércoles,2025-11-19 06:00:00,0.0
95,GUAVIARE,95001,SAN JOSÉ DEL GUAVIARE,95001012,CACHICAMO(SAN JOSÉ DEL GUAVIARE - GUAVIARE),2025,11,11804.0,5106.0,54630.0,sábado,2025-11-08 19:45:00,10575.0
95,GUAVIARE,95200,MIRAFLORES,95200000,MIRAFLORES(MIRAFLORES - GUAVIARE),2025,11,134302.0,18771.0,269740.0,sábado,2025-11-22 18:15:00,24.0
97,VAUPÉS,97001,MITÚ,97001000,MITÚ(MITÚ - VAUPÉS),2025,11,7576.0,333111.0,323179.0,martes,2025-11-18 11:45:00,239917.0
97,VAUPÉS,97161,CARURÚ,97161000,CARURÚ(CARURÚ - VAUPÉS),2025,11,4064.0,7582.0,106040.0,viernes,2025-11-07 18:45:00,1705.0
97,VAUPÉS,97666,TARAIRA,97666000,TARAIRA(TARAIRA - VAUPÉS),2025,11,49902.0,12875.0,150920.0,martes,2025-11-04 12:30:00,142833.0
99,VICHADA,99001,PUERTO CARREÑO,99001000,PUERTO CARREÑO(PUERTO CARREÑO - VICHADA),2025,11,7576.0,720573.0,5522.0,miércoles,2025-11-19 13:30:00,2395.0
99,VICHADA,99001,PUERTO CARREÑO,99001002,CASUARITO(PUERTO CARREÑO - VICHADA),2025,11,14567.0,7108.0,85050.0,viernes,2025-11-21 16:30:00,7625.0
99,VICHADA,99773,CUMARIBO,99773000,CUMARIBO(CUMARIBO - VICHADA),2025,11,400807.0,131759.0,830070.0,viernes,2025-11-21 13:30:00,238667.0
5,ANTIOQUIA,5873,VIGÍA DEL FUERTE,5873001,SAN ANTONIO DE PADUA,2025,12,4392.0,0.0,3968.0,lunes,2025-12-28 19:15:00,545.0
5,ANTIOQUIA,5873,VIGÍA DEL FUERTE,5873001,SAN ANTONIO DE PADUA,2026,1,5582.0,0.0,45504.0,sábado,2026-01-09 19:15:00,640.0
5,ANTIOQUIA,5873,VIGÍA DEL FUERTE,5873005,SAN MIGUEL,2025,12,1016.0,5250.0,186624.0,miércoles,2025-12-30 20:15:00,234.0
5,ANTIOQUIA,5873,VIGÍA DEL FUERTE,5873005,SAN MIGUEL,2026,1,2045.0,9290.0,184448.0,viernes,2026-01-30 18:45:00,485.0
88,ARCHIPIÉLAGO DE SAN ANDRÉS y PROVIDENCIA,88564,PROVIDENCIA,88564000,PROVIDENCIA,2025,12,7576.0,240074.0,34965.0,viernes,2025-12-05 14:15:00,2.4
88,ARCHIPIÉLAGO DE SAN ANDRÉS y PROVIDENCIA,88564,PROVIDENCIA,88564000,PROVIDENCIA,2026,1,7576.0,234829.0,34965.0,jueves,2026-01-15 15:15:00,2.4
88,ARCHIPIÉLAGO DE SAN ANDRÉS y PROVIDENCIA,88001,SAN ANDRÉS,88001000,SAN ANDRÉS,2025,12,7576.0,4650.0,34965.0,viernes,2025-12-12 15:45:00,2.4
88,ARCHIPIÉLAGO DE SAN ANDRÉS y PROVIDENCIA,88001,SAN ANDRÉS,88001000,SAN ANDRÉS,2026,1,7576.0,4650.0,34965.0,martes,2026-01-20 16:00:00,2.4
13,BOLÍVAR,13001,CARTAGENA DE INDIAS,13001037,ISLA MUCURA,2025,12,6558.0,2357.0,20416.0,domingo,2025-12-13 22:15:00,1.213
13,BOLÍVAR,13001,CARTAGENA DE INDIAS,13001037,ISLA MUCURA,2026,1,658.0,2246.0,20352.0,lunes,2026-01-04 23:30:00,1.217
18,CAQUETÁ,18150,CARTAGENA DEL CHAIRA,18150001,REMOLINO DEL CAGUAN,2025,12,13878.0,4989.0,99184.0,domingo,2025-12-06 19:15:00,569.0
18,CAQUETÁ,18150,CARTAGENA DEL CHAIRA,18150001,REMOLINO DEL CAGUAN,2026,1,14522.0,5296.0,34965.0,domingo,2026-01-24 19:00:00,594.0
18,CAQUETÁ,18150,CARTAGENA DEL CHAIRA,18150002,SANTA FE DEL CAGUAN,2025,12,3674.0,1381.0,3820.0,martes,2025-12-23 18:45:00,433.0
18,CAQUETÁ,18150,CARTAGENA DEL CHAIRA,18150002,SANTA FE DEL CAGUAN,2026,1,2707.0,102.0,3720.0,sábado,2026-01-10 18:45:00,315.0
18,CAQUETÁ,18753,SAN VICENTE DEL CAGUÁN,18753002,GUACAMAYAS,2025,12,10738.0,3685.0,33216.0,jueves,2025-12-31 20:45:00,1.777
18,CAQUETÁ,18753,SAN VICENTE DEL CAGUÁN,18753002,GUACAMAYAS,2026,1,10433.0,2795.0,30432.0,viernes,2026-01-01 19:45:00,1.744
18,CAQUETÁ,18753,SAN VICENTE DEL CAGUÁN,18753012,SANTA ROSA,2025,12,8380.0,3180.0,14246.0,miércoles,2025-12-30 19:15:00,248.0
18,CAQUETÁ,18753,SAN VICENTE DEL CAGUÁN,18753033,VILLA LOBOS,2025,12,2887.0,9300.0,507148.0,domingo,2025-12-06 19:00:00,297.0
18,CAQUETÁ,18753,SAN VICENTE DEL CAGUÁN,18753033,VILLA LOBOS,2026,1,7240.0,2400.0,53782.0,domingo,2026-01-17 19:00:00,57.0
19,CAUCA,19318,GUAPI,19318008,LIMONES,2025,12,865.0,4314.0,527112.0,jueves,2025-12-31 19:15:00,776.0
19,CAUCA,19318,GUAPI,19318008,LIMONES,2026,1,7791.0,373.0,473904.0,domingo,2026-01-10 19:15:00,667.0
19,CAUCA,19318,GUAPI,19318013,SAN ANTONIO DE GUAJUI,2025,12,9557.0,4918.0,641276.0,jueves,2025-12-24 19:30:00,606.0
19,CAUCA,19318,GUAPI,19318013,SAN ANTONIO DE GUAJUI,2026,1,7679.0,3836.0,67342.0,jueves,2026-01-21 19:45:00,471.0
19,CAUCA,19418,LÓPEZ DE MICAY,19418009,NOANAMITO,2025,12,8552.0,4843.0,440.0,martes,2025-12-02 18:45:00,844.0
19,CAUCA,19418,LÓPEZ DE MICAY,19418009,NOANAMITO,2026,1,775.0,433.0,520.0,sábado,2026-01-02 19:15:00,769.0
19,CAUCA,19809,TIMBIQUÍ,19809014,CHACON,2025,12,2481.0,3160.0,19808.0,jueves,2025-12-24 19:30:00,522.0
19,CAUCA,19809,TIMBIQUÍ,19809014,CHACON,2026,1,0.0,0.0,34965.0,nan,2025-01-19 11:30:00,0.0
19,CAUCA,19809,TIMBIQUÍ,19809010,COMUNIDAD DE CHETE,2025,12,507.0,2259.0,32352.0,martes,2025-12-15 19:15:00,627.0
19,CAUCA,19809,TIMBIQUÍ,19809010,COMUNIDAD DE CHETE,2026,1,4862.0,2512.0,33632.0,domingo,2026-01-17 19:15:00,587.0
19,CAUCA,19809,TIMBIQUÍ,19809003,COTEJE,2025,12,6527.0,4445.0,3328.0,sábado,2025-12-19 20:00:00,813.0
19,CAUCA,19809,TIMBIQUÍ,19809003,COTEJE,2026,1,6018.0,4013.0,2960.0,martes,2026-01-19 19:30:00,786.0
19,CAUCA,19809,TIMBIQUÍ,19809007,SAN JOSE,2025,12,8113.0,4521.0,43896.0,jueves,2025-12-31 19:45:00,811.0
19,CAUCA,19809,TIMBIQUÍ,19809007,SAN JOSE,2026,1,8074.0,4112.0,44328.0,lunes,2026-01-04 19:00:00,776.0
27,CHOCÓ,27006,ACANDÍ,27006000,ACANDÍ,2025,12,605166.0,161504.0,34965.0,jueves,2025-12-31 19:00:00,2.048
27,CHOCÓ,27006,ACANDÍ,27006000,ACANDÍ,2026,1,558694.0,151487.0,34965.0,martes,2026-01-19 19:15:00,2.037
27,CHOCÓ,27025,ALTO BAUDO,27025000,CIUDAD BAUDO - PIE DE PATO,2025,12,54426.0,17392.0,1210.0,sábado,2025-12-06 12:00:00,2.388
27,CHOCÓ,27025,ALTO BAUDO,27025000,CIUDAD BAUDO - PIE DE PATO,2026,1,53771.0,16773.0,122672.0,martes,2026-01-20 12:15:00,2.348
27,CHOCÓ,27025,ALTO BAUDO,27025033,MIACORA,2025,12,1490.0,60.0,33632.0,lunes,2025-12-28 19:00:00,146.0
27,CHOCÓ,27025,ALTO BAUDO,27025035,PUERTO ALEGRE,2025,12,1237.0,4420.0,59196.0,miércoles,2025-12-31 12:00:00,935.0
27,CHOCÓ,27025,ALTO BAUDO,27025035,PUERTO ALEGRE,2026,1,1346.0,4520.0,57212.0,sábado,2026-01-09 19:30:00,952.0
27,CHOCÓ,27025,ALTO BAUDO,27025937,VILLA CECILIA,2025,12,5400.0,2120.0,33804.0,sábado,2025-12-06 09:30:00,1.067
27,CHOCÓ,27025,ALTO BAUDO,27025937,VILLA CECILIA,2026,1,4970.0,1700.0,34664.0,jueves,2026-01-08 12:30:00,1.044
27,CHOCÓ,27075,BAHÍA SOLANO,27075001,CUPICA,2025,12,64834.0,20724.0,34965.0,jueves,2025-12-31 19:30:00,2.173
27,CHOCÓ,27075,BAHÍA SOLANO,27075001,CUPICA,2026,1,75297.0,19333.0,34965.0,viernes,2026-01-29 20:15:00,2.39
27,CHOCÓ,27077,BAJO BAUDÓ,27077002,BELEN DE DOCAMPADO,2025,12,9639.0,2877.0,419068.0,lunes,2025-12-22 18:15:00,1.049
27,CHOCÓ,27077,BAJO BAUDÓ,27077002,BELEN DE DOCAMPADO,2026,1,8259.0,1781.0,377732.0,viernes,2026-01-02 12:45:00,959.0
27,CHOCÓ,27077,BAJO BAUDÓ,27077905,BUENAVISTA,2025,12,3205.0,1244.0,20512.0,miércoles,2025-12-31 18:00:00,692.0
27,CHOCÓ,27077,BAJO BAUDÓ,27077905,BUENAVISTA,2026,1,3957.0,147.0,21344.0,miércoles,2026-01-28 18:00:00,825.0
27,CHOCÓ,27077,BAJO BAUDÓ,27077029,FIRME DE USARGA,2025,12,7970.0,4370.0,8520.0,lunes,2025-12-15 18:45:00,486.0
27,CHOCÓ,27077,BAJO BAUDÓ,27077029,FIRME DE USARGA,2026,1,1158.0,4520.0,70288.0,domingo,2026-01-24 19:30:00,753.0
27,CHOCÓ,27077,BAJO BAUDÓ,27077026,GUINEAL,2025,12,3989.0,3217.0,35116.0,miércoles,2025-12-03 11:45:00,823.0
27,CHOCÓ,27077,BAJO BAUDÓ,27077026,GUINEAL,2026,1,3524.0,1669.0,23552.0,lunes,2026-01-19 18:30:00,706.0
27,CHOCÓ,27077,BAJO BAUDÓ,27077011,PILIZA - BELLAVISTA - VILLA LUZ,2025,12,3734.0,9250.0,320.0,viernes,2025-12-26 18:45:00,658.0
27,CHOCÓ,27077,BAJO BAUDÓ,27077011,PILIZA - BELLAVISTA - VILLA LUZ,2026,1,3628.0,1033.0,3840.0,jueves,2026-01-08 18:45:00,531.0
27,CHOCÓ,27077,BAJO BAUDÓ,27077000,PIZARRO,2025,12,242586.0,83096.0,451968.0,jueves,2025-12-31 19:15:00,2.343
27,CHOCÓ,27077,BAJO BAUDÓ,27077000,PIZARRO,2026,1,214175.0,72095.0,49896.0,miércoles,2026-01-07 13:30:00,1.937
27,CHOCÓ,27077,BAJO BAUDÓ,27077911,PLAYA NUEVA,2025,12,2820.0,0.0,2342.0,lunes,2025-12-29 13:45:00,30.0
27,CHOCÓ,27077,BAJO BAUDÓ,27077911,PLAYA NUEVA,2026,1,4010.0,0.0,3164.0,lunes,2026-01-19 13:45:00,339.0
27,CHOCÓ,27077,BAJO BAUDÓ,27077924,PUERTO SAMARIA,2025,12,0.0,0.0,34965.0,nan,2025-12-19 22:00:00,0.0
27,CHOCÓ,27077,BAJO BAUDÓ,27077924,PUERTO SAMARIA,2026,1,0.0,0.0,34965.0,nan,2025-05-04 13:00:00,0.0
27,CHOCÓ,27077,BAJO BAUDÓ,27077916,TERRON,2025,12,10.0,0.0,2716.0,miércoles,2025-12-24 11:00:00,0.0
27,CHOCÓ,27077,BAJO BAUDÓ,27077916,TERRON,2026,1,90.0,0.0,41368.0,domingo,2026-01-03 21:15:00,3.0
27,CHOCÓ,27077,BAJO BAUDÓ,27077019,VIRUDO,2025,12,7252.0,3035.0,350712.0,martes,2025-12-30 18:45:00,965.0
27,CHOCÓ,27077,BAJO BAUDÓ,27077019,VIRUDO,2026,1,5941.0,2357.0,381816.0,lunes,2026-01-04 20:00:00,714.0
27,CHOCÓ,27099,BOJAYÁ,27099000,BELLAVISTA,2025,12,66003.0,2192.0,31303.0,sábado,2025-12-19 19:00:00,989.0
27,CHOCÓ,27099,BOJAYÁ,27099000,BELLAVISTA,2026,1,87096.0,32192.0,318142.0,jueves,2026-01-28 20:30:00,1.181
27,CHOCÓ,27099,BOJAYÁ,27099002,LA LOMA DE BOJAYA,2025,12,14129.0,6943.0,64504.0,lunes,2025-12-01 18:45:00,941.0
27,CHOCÓ,27099,BOJAYÁ,27099002,LA LOMA DE BOJAYA,2026,1,10409.0,468.0,70904.0,viernes,2026-01-08 19:00:00,696.0
27,CHOCÓ,27099,BOJAYÁ,27099005,NAPIPI,2025,12,13208.0,5439.0,5760.0,martes,2025-12-30 16:00:00,950.0
27,CHOCÓ,27099,BOJAYÁ,27099005,NAPIPI,2026,1,13857.0,6062.0,5440.0,jueves,2026-01-01 02:15:00,960.0
27,CHOCÓ,27099,BOJAYÁ,27099030,PIEDRA CANDELA,2025,12,7615.0,3857.0,556244.0,martes,2025-12-29 20:45:00,881.0
27,CHOCÓ,27099,BOJAYÁ,27099030,PIEDRA CANDELA,2026,1,6598.0,3195.0,3746.0,sábado,2026-01-30 19:15:00,736.0
27,CHOCÓ,27099,BOJAYÁ,27099012,POGUE,2025,12,4738.0,2396.0,216808.0,jueves,2025-12-31 19:30:00,941.0
27,CHOCÓ,27099,BOJAYÁ,27099012,POGUE,2026,1,4753.0,2288.0,230432.0,jueves,2026-01-29 13:45:00,927.0
27,CHOCÓ,27250,EL LITORAL DEL SAN JUAN,27250023,PAPAYO,2025,12,3822.0,8040.0,193404.0,miércoles,2025-12-31 18:45:00,827.0
27,CHOCÓ,27250,EL LITORAL DEL SAN JUAN,27250023,PAPAYO,2026,1,2981.0,6530.0,255388.0,martes,2026-01-27 18:45:00,512.0
27,CHOCÓ,27250,EL LITORAL DEL SAN JUAN,27250000,SANTA GENOVEVA DE DOCORDO,2025,12,78925.0,35873.0,246972.0,jueves,2025-12-17 19:30:00,1.331
27,CHOCÓ,27250,EL LITORAL DEL SAN JUAN,27250000,SANTA GENOVEVA DE DOCORDO,2026,1,62056.0,27117.0,297792.0,miércoles,2026-01-21 18:45:00,971.0
27,CHOCÓ,27361,ISTMINA,27361021,PANAMACITO,2025,12,1637.0,6290.0,98824.0,viernes,2025-12-05 17:15:00,783.0
27,CHOCÓ,27361,ISTMINA,27361021,PANAMACITO,2026,1,1665.0,6070.0,104988.0,miércoles,2026-01-28 16:00:00,778.0
27,CHOCÓ,27372,JURADO,27372902,BUENAVISTA,2025,12,2175.0,5150.0,138048.0,lunes,2025-12-01 12:15:00,1.381
27,CHOCÓ,27372,JURADO,27372902,BUENAVISTA,2026,1,2234.0,5680.0,132384.0,lunes,2026-01-05 11:30:00,1.481
27,CHOCÓ,27372,JURADO,27372905,DICHARDI,2025,12,1426.0,8140.0,67196.0,viernes,2025-12-26 11:15:00,1.202
27,CHOCÓ,27372,JURADO,27372905,DICHARDI,2026,1,1079.0,5430.0,63624.0,domingo,2026-01-04 11:30:00,985.0
27,CHOCÓ,27372,JURADO,27372907,EYASAKE,2025,12,4039.0,1616.0,20188.0,miércoles,2025-12-31 11:15:00,874.0
27,CHOCÓ,27372,JURADO,27372907,EYASAKE,2026,1,2031.0,4480.0,14632.0,sábado,2026-01-16 19:15:00,703.0
27,CHOCÓ,27425,MEDIO ATRATO,27425008,SAN ROQUE,2026,1,2937.0,1392.0,25392.0,sábado,2026-01-02 19:30:00,576.0
27,CHOCÓ,27491,NOVITA,27491004,JUNTAS DE TAMANA,2025,12,1472.0,6260.0,153884.0,jueves,2025-12-31 19:45:00,449.0
27,CHOCÓ,27491,NOVITA,27491004,JUNTAS DE TAMANA,2026,1,1928.0,6750.0,195284.0,jueves,2026-01-07 19:15:00,485.0
27,CHOCÓ,27495,NUQUÍ,27495001,ARUSI,2025,12,31994.0,6505.0,7920.0,jueves,2025-12-31 20:15:00,2.4
27,CHOCÓ,27495,NUQUÍ,27495001,ARUSI,2026,1,32288.0,6622.0,7680.0,domingo,2026-01-17 19:30:00,2.383
27,CHOCÓ,27495,NUQUÍ,27495011,COMUNIDAD DE PUERTO JAGUA,2025,12,1317.0,5190.0,6264.0,miércoles,2025-12-30 20:45:00,910.0
27,CHOCÓ,27495,NUQUÍ,27495011,COMUNIDAD DE PUERTO JAGUA,2026,1,1611.0,6470.0,5976.0,miércoles,2026-01-13 19:00:00,1.148
27,CHOCÓ,27495,NUQUÍ,27495910,COMUNIDAD INDIG. DE RIO NUQUÍ,2025,12,1001.0,2900.0,53596.0,viernes,2025-12-25 19:45:00,945.0
27,CHOCÓ,27495,NUQUÍ,27495910,COMUNIDAD INDIG. DE RIO NUQUÍ,2026,1,8320.0,1970.0,50696.0,viernes,2026-01-01 19:30:00,837.0
27,CHOCÓ,27495,NUQUÍ,27495012,COMUNIDAD INDIG. PUERTO INDIO,2025,12,295.0,1586.0,78632.0,lunes,2025-12-01 13:15:00,1.591
27,CHOCÓ,27495,NUQUÍ,27495012,COMUNIDAD INDIG. PUERTO INDIO,2026,1,2729.0,1426.0,7980.0,martes,2026-01-13 18:45:00,1.611
27,CHOCÓ,27495,NUQUÍ,27495912,COMUNIDAD INDÍGENA DE PANGUI - EL YUCAL,2025,12,6904.0,2124.0,12144.0,miércoles,2025-12-10 17:30:00,2.093
27,CHOCÓ,27495,NUQUÍ,27495912,COMUNIDAD INDÍGENA DE PANGUI - EL YUCAL,2026,1,7377.0,2257.0,11656.0,viernes,2026-01-23 13:30:00,2.232
27,CHOCÓ,27495,NUQUÍ,27495902,COMUNIDAD INDÍGENA LA LOMA,2025,12,8400.0,2960.0,33856.0,sábado,2025-12-06 18:30:00,1.307
27,CHOCÓ,27495,NUQUÍ,27495902,COMUNIDAD INDÍGENA LA LOMA,2026,1,8820.0,2810.0,32632.0,viernes,2026-01-29 19:15:00,921.0
27,CHOCÓ,27495,NUQUÍ,27495002,COQUI,2025,12,6347.0,1422.0,17358.0,miércoles,2025-12-30 19:00:00,2.38
27,CHOCÓ,27495,NUQUÍ,27495002,COQUI,2026,1,6218.0,1458.0,15048.0,viernes,2026-01-02 18:45:00,2.28
27,CHOCÓ,27495,NUQUÍ,27495008,JOVI,2025,12,10825.0,3929.0,250404.0,domingo,2025-12-28 18:30:00,2.205
27,CHOCÓ,27495,NUQUÍ,27495008,JOVI,2026,1,10446.0,3623.0,265976.0,miércoles,2026-01-14 18:45:00,1.938
27,CHOCÓ,27495,NUQUÍ,27495003,JURUBIRA,2025,12,18612.0,6802.0,56572.0,jueves,2025-12-31 19:45:00,1.879
27,CHOCÓ,27495,NUQUÍ,27495003,JURUBIRA,2026,1,24583.0,8636.0,523808.0,viernes,2026-01-15 19:00:00,2.371
27,CHOCÓ,27495,NUQUÍ,27495000,NUQUÍ,2025,12,31475.0,93952.0,589248.0,miércoles,2025-12-30 20:00:00,2.392
27,CHOCÓ,27495,NUQUÍ,27495000,NUQUÍ,2026,1,317111.0,91238.0,55264.0,sábado,2026-01-09 19:30:00,2.39
27,CHOCÓ,27001,QUIBDÓ,27001029,TAGACHI,2025,12,9857.0,4861.0,44256.0,miércoles,2025-12-30 20:00:00,1.076
27,CHOCÓ,27001,QUIBDÓ,27001029,TAGACHI,2026,1,11485.0,5248.0,4692.0,viernes,2026-01-29 20:00:00,1.114
27,CHOCÓ,27800,UNGUÍA,27800001,BALBOA,2025,12,33173.0,10719.0,963576.0,jueves,2025-12-31 19:45:00,1.627
27,CHOCÓ,27800,UNGUÍA,27800001,BALBOA,2026,1,30879.0,9534.0,843856.0,domingo,2026-01-03 20:15:00,1.605
27,CHOCÓ,27800,UNGUÍA,27800005,TITUMATE,2025,12,19426.0,43.0,66528.0,jueves,2025-12-24 20:45:00,1.315
27,CHOCÓ,27800,UNGUÍA,27800005,TITUMATE,2026,1,17332.0,39.0,65912.0,domingo,2026-01-03 20:00:00,1.11
27,CHOCÓ,27800,UNGUÍA,27800000,UNGUÍA,2025,12,48157.0,14277.0,34965.0,sábado,2025-12-13 18:45:00,2.206
27,CHOCÓ,27800,UNGUÍA,27800000,UNGUÍA,2026,1,460398.0,136429.0,908688.0,viernes,2026-01-08 19:45:00,2.247
94,GUAINÍA,94343,BARRANCO MINAS,94343000,BARRANCO MINAS,2026,1,109817.0,24279.0,244672.0,miércoles,2026-01-27 19:00:00,2.379
94,GUAINÍA,94343,BARRANCO MINAS,94343900,CARPINTERO,2025,12,2911.0,1685.0,79468.0,martes,2025-12-30 18:45:00,2.364
94,GUAINÍA,94343,BARRANCO MINAS,94343900,CARPINTERO,2026,1,274.0,1478.0,81832.0,miércoles,2026-01-21 18:30:00,2.281
94,GUAINÍA,94343,BARRANCO MINAS,94343901,CHATARE,2025,12,3120.0,180.0,46456.0,miércoles,2025-12-30 19:30:00,290.0
94,GUAINÍA,94343,BARRANCO MINAS,94343901,CHATARE,2026,1,4140.0,150.0,46644.0,viernes,2026-01-01 19:45:00,384.0
94,GUAINÍA,94001,INÍRIDA,94001905,CHORRO BOCON,2025,12,6477.0,7820.0,210692.0,miércoles,2025-12-24 18:15:00,1.738
94,GUAINÍA,94001,INÍRIDA,94001905,CHORRO BOCON,2026,1,623.0,7380.0,210636.0,lunes,2026-01-04 19:00:00,1.601
94,GUAINÍA,94001,INÍRIDA,94001000,INÍRIDA,2025,12,7576.0,644466.0,34965.0,martes,2025-12-23 14:45:00,2.4
94,GUAINÍA,94001,INÍRIDA,94001000,INÍRIDA,2026,1,7576.0,587323.0,34965.0,martes,2026-01-27 15:30:00,2.382
94,GUAINÍA,94001,INÍRIDA,94001966,LAGUNA COLORADA ALTA,2025,12,9716.0,3110.0,31502.0,martes,2025-12-23 18:30:00,1.645
94,GUAINÍA,94001,INÍRIDA,94001966,LAGUNA COLORADA ALTA,2026,1,8924.0,1680.0,301236.0,viernes,2026-01-02 18:30:00,1.535
94,GUAINÍA,94001,INÍRIDA,94001916,VENADO,2025,12,4039.0,7740.0,100608.0,jueves,2025-12-24 20:45:00,2.377
94,GUAINÍA,94001,INÍRIDA,94001916,VENADO,2026,1,3408.0,6930.0,102364.0,sábado,2026-01-24 18:45:00,2.352
95,GUAVIARE,95200,MIRAFLORES,95200000,MIRAFLORES,2025,12,134362.0,18974.0,256128.0,miércoles,2025-12-03 18:15:00,2.4
95,GUAVIARE,95200,MIRAFLORES,95200000,MIRAFLORES,2026,1,12505.0,15804.0,251712.0,miércoles,2026-01-21 18:30:00,2.4
95,GUAVIARE,95001,SAN JOSÉ DEL GUAVIARE,95001012,CACHICAMO,2025,12,14074.0,6085.0,566836.0,miércoles,2025-12-23 21:15:00,1.186
95,GUAVIARE,95001,SAN JOSÉ DEL GUAVIARE,95001012,CACHICAMO,2026,1,12643.0,5642.0,506772.0,sábado,2026-01-02 19:15:00,1.119
44,LA GUAJIRA,44847,URIBIA,44847003,CABO DE LA VELA,2025,12,0.0,0.0,34965.0,nan,2025-03-16 14:30:00,0.0
44,LA GUAJIRA,44847,URIBIA,44847003,CABO DE LA VELA,2026,1,1006.0,0.0,399864.0,domingo,2026-01-31 19:00:00,105.0
47,MAGDALENA,47189,CIÉNAGA,47189018,PALMOR,2025,12,110803.0,41138.0,207616.0,martes,2025-12-09 18:15:00,2.337
47,MAGDALENA,47189,CIÉNAGA,47189018,PALMOR,2026,1,101561.0,32741.0,21248.0,domingo,2026-01-17 19:00:00,2.295
50,META,50325,MAPIRIPAN,50325000,MAPIRIPAN,2025,12,231265.0,71228.0,43032.0,sábado,2025-12-13 18:15:00,2.397
50,META,50325,MAPIRIPAN,50325000,MAPIRIPAN,2026,1,216611.0,66806.0,41536.0,miércoles,2026-01-27 19:15:00,2.393
52,NARIÑO,52250,EL CHARCO,52250005,LAS MERCEDES,2025,12,5650.0,1634.0,10432.0,jueves,2025-12-31 20:15:00,236.0
52,NARIÑO,52250,EL CHARCO,52250005,LAS MERCEDES,2026,1,1276.0,4046.0,11136.0,jueves,2026-01-14 20:15:00,482.0
52,NARIÑO,52250,EL CHARCO,52250007,SAN JOSE DEL TAPAJE,2025,12,3518.0,7400.0,560.0,domingo,2025-12-27 20:30:00,327.0
52,NARIÑO,52250,EL CHARCO,52250007,SAN JOSE DEL TAPAJE,2026,1,7456.0,1712.0,560.0,sábado,2026-01-02 19:30:00,669.0
52,NARIÑO,52390,LA TOLA,52390005,AGUACATAL,2025,12,3209.0,117.0,14016.0,miércoles,2025-12-24 18:45:00,969.0
52,NARIÑO,52390,LA TOLA,52390005,AGUACATAL,2026,1,2798.0,9910.0,14288.0,martes,2026-01-05 19:00:00,870.0
52,NARIÑO,52390,LA TOLA,52390013,AMARALES,2025,12,3458.0,1463.0,44416.0,viernes,2025-12-18 19:30:00,362.0
52,NARIÑO,52390,LA TOLA,52390013,AMARALES,2026,1,9447.0,3902.0,45344.0,miércoles,2026-01-13 20:00:00,951.0
52,NARIÑO,52390,LA TOLA,52390003,LA VIGIA DE LA MAR,2025,12,6699.0,3142.0,3040.0,miércoles,2025-12-31 18:45:00,1.023
52,NARIÑO,52390,LA TOLA,52390003,LA VIGIA DE LA MAR,2026,1,6551.0,2887.0,2904.0,domingo,2026-01-10 19:00:00,1.03
52,NARIÑO,52390,LA TOLA,52390009,MULATOS,2025,12,5488.0,2234.0,29088.0,lunes,2025-12-08 18:45:00,818.0
52,NARIÑO,52390,LA TOLA,52390009,MULATOS,2026,1,5566.0,2132.0,30368.0,viernes,2026-01-30 18:15:00,827.0
52,NARIÑO,52621,ROBERTO PAYAN,52621912,TAMAJE,2025,12,524.0,2334.0,29688.0,lunes,2025-12-29 17:30:00,752.0
52,NARIÑO,52621,ROBERTO PAYAN,52621912,TAMAJE,2026,1,6095.0,2471.0,29904.0,jueves,2026-01-29 16:15:00,820.0
52,NARIÑO,52835,SAN ANDRÉS DE TUMACO,52835055,BOCAS DE CURAY,2025,12,8411.0,2801.0,5280.0,jueves,2025-12-24 19:00:00,685.0
52,NARIÑO,52835,SAN ANDRÉS DE TUMACO,52835055,BOCAS DE CURAY,2026,1,8831.0,2971.0,5280.0,jueves,2026-01-07 19:00:00,706.0
52,NARIÑO,52835,SAN ANDRÉS DE TUMACO,52835016,PITAL DE LA COSTA,2025,12,42585.0,22996.0,8863.0,jueves,2025-12-31 19:30:00,2.331
52,NARIÑO,52835,SAN ANDRÉS DE TUMACO,52835016,PITAL DE LA COSTA,2026,1,40915.0,21212.0,9324.0,jueves,2026-01-28 19:30:00,1.963
52,NARIÑO,52835,SAN ANDRÉS DE TUMACO,52835217,SAN JUAN DE LA COSTA,2025,12,18049.0,6125.0,91664.0,miércoles,2025-12-09 19:45:00,874.0
52,NARIÑO,52835,SAN ANDRÉS DE TUMACO,52835217,SAN JUAN DE LA COSTA,2026,1,8017.0,2723.0,86944.0,lunes,2026-01-05 18:30:00,394.0
52,NARIÑO,52696,SANTA BÁRBARA,52696014,LA ENSENADA,2025,12,2926.0,2122.0,22432.0,miércoles,2025-12-16 19:00:00,562.0
52,NARIÑO,52696,SANTA BÁRBARA,52696014,LA ENSENADA,2026,1,2791.0,179.0,24448.0,martes,2026-01-26 19:00:00,498.0
86,PUTUMAYO,86573,PUERTO LEGUIZAMO,86573009,PIÑUÑA NEGRO,2025,12,4529.0,2093.0,3520.0,martes,2025-12-22 19:30:00,593.0
86,PUTUMAYO,86573,PUERTO LEGUIZAMO,86573009,PIÑUÑA NEGRO,2026,1,4324.0,1979.0,3520.0,lunes,2026-01-05 18:45:00,548.0
86,PUTUMAYO,86573,PUERTO LEGUIZAMO,86573000,PUERTO LEGUIZAMO,2025,12,7576.0,253334.0,34965.0,lunes,2025-12-01 15:15:00,2.4
86,PUTUMAYO,86573,PUERTO LEGUIZAMO,86573000,PUERTO LEGUIZAMO,2026,1,938468.0,253994.0,34965.0,viernes,2026-01-23 15:45:00,2.4
76,VALLE DEL CAUCA,76109,BUENAVENTURA,76109018,CONCEPCION,2025,12,922.0,2475.0,6480.0,jueves,2025-12-10 19:00:00,688.0
76,VALLE DEL CAUCA,76109,BUENAVENTURA,76109018,CONCEPCION,2026,1,3915.0,9880.0,589216.0,domingo,2026-01-31 19:00:00,301.0
76,VALLE DEL CAUCA,76109,BUENAVENTURA,76109930,GALVEZ,2025,12,3351.0,6010.0,124148.0,lunes,2025-12-29 10:45:00,1.151
76,VALLE DEL CAUCA,76109,BUENAVENTURA,76109930,GALVEZ,2026,1,2043.0,2990.0,12154.0,sábado,2026-01-30 19:30:00,685.0
76,VALLE DEL CAUCA,76109,BUENAVENTURA,76109957,HUMANES MAR,2025,12,8309.0,1855.0,274836.0,domingo,2025-12-21 09:15:00,1.19
76,VALLE DEL CAUCA,76109,BUENAVENTURA,76109957,HUMANES MAR,2026,1,7298.0,1582.0,302588.0,martes,2026-01-12 19:00:00,1.026
76,VALLE DEL CAUCA,76109,BUENAVENTURA,76109913,MAYORQUIN,2025,12,4123.0,1353.0,287528.0,lunes,2025-12-01 13:15:00,979.0
76,VALLE DEL CAUCA,76109,BUENAVENTURA,76109913,MAYORQUIN,2026,1,3296.0,9690.0,276704.0,miércoles,2026-01-20 19:30:00,780.0
76,VALLE DEL CAUCA,76109,BUENAVENTURA,76109069,PAPAYAL 1,2025,12,4789.0,1039.0,184952.0,jueves,2025-12-10 19:15:00,1.123
76,VALLE DEL CAUCA,76109,BUENAVENTURA,76109069,PAPAYAL 1,2026,1,3177.0,6050.0,182548.0,lunes,2026-01-11 19:00:00,777.0
76,VALLE DEL CAUCA,76109,BUENAVENTURA,76109011,PASTICO,2025,12,3719.0,1454.0,166472.0,sábado,2025-12-05 19:15:00,944.0
76,VALLE DEL CAUCA,76109,BUENAVENTURA,76109011,PASTICO,2026,1,2916.0,1116.0,164436.0,martes,2026-01-27 12:15:00,703.0
76,VALLE DEL CAUCA,76109,BUENAVENTURA,76109105,PITAL,2025,12,3008.0,8210.0,145088.0,domingo,2025-12-14 18:00:00,837.0
76,VALLE DEL CAUCA,76109,BUENAVENTURA,76109105,PITAL,2026,1,1547.0,4320.0,141688.0,jueves,2026-01-08 18:45:00,426.0
76,VALLE DEL CAUCA,76109,BUENAVENTURA,76109028,PUERTO MERIZALDE,2025,12,110435.0,4287.0,22616.0,viernes,2025-12-26 13:30:00,2.252
76,VALLE DEL CAUCA,76109,BUENAVENTURA,76109028,PUERTO MERIZALDE,2026,1,113438.0,38965.0,228272.0,sábado,2026-01-23 20:15:00,2.328
76,VALLE DEL CAUCA,76109,BUENAVENTURA,76109081,PUNTA BONITA,2025,12,5182.0,1867.0,209708.0,viernes,2025-12-19 14:15:00,972.0
76,VALLE DEL CAUCA,76109,BUENAVENTURA,76109030,PUNTA SOLDADO,2025,12,3548.0,1475.0,284408.0,miércoles,2025-12-30 21:00:00,607.0
76,VALLE DEL CAUCA,76109,BUENAVENTURA,76109030,PUNTA SOLDADO,2026,1,2661.0,8940.0,29542.0,domingo,2026-01-24 20:00:00,393.0
76,VALLE DEL CAUCA,76109,BUENAVENTURA,76109032,SAN FRANCISCO NAYA,2025,12,7273.0,2424.0,36512.0,jueves,2025-12-31 21:45:00,859.0
76,VALLE DEL CAUCA,76109,BUENAVENTURA,76109032,SAN FRANCISCO NAYA,2026,1,5932.0,2034.0,360.0,miércoles,2026-01-20 19:45:00,631.0
76,VALLE DEL CAUCA,76109,BUENAVENTURA,76109034,SAN ISIDRO - CALIMA,2025,12,721.0,1537.0,306696.0,miércoles,2025-12-31 18:30:00,935.0
76,VALLE DEL CAUCA,76109,BUENAVENTURA,76109034,SAN ISIDRO - CALIMA,2026,1,7046.0,1634.0,45546.0,jueves,2026-01-22 10:45:00,893.0
76,VALLE DEL CAUCA,76109,BUENAVENTURA,76109907,SAN PABLO( CAJAMBRE),2025,12,2668.0,0.0,200668.0,miércoles,2025-12-03 17:45:00,656.0
76,VALLE DEL CAUCA,76109,BUENAVENTURA,76109907,SAN PABLO( CAJAMBRE),2026,1,1003.0,0.0,195652.0,jueves,2026-01-29 16:00:00,292.0
76,VALLE DEL CAUCA,76109,BUENAVENTURA,76109817,SANTA MARIA 1 NAYA,2025,12,172.0,3540.0,122328.0,sábado,2025-12-26 19:30:00,544.0
76,VALLE DEL CAUCA,76109,BUENAVENTURA,76109817,SANTA MARIA 1 NAYA,2026,1,1643.0,2820.0,232704.0,viernes,2026-01-08 19:45:00,505.0
76,VALLE DEL CAUCA,76109,BUENAVENTURA,76109038,SILVA,2025,12,549.0,1416.0,204776.0,lunes,2025-12-28 19:30:00,1.067
76,VALLE DEL CAUCA,76109,BUENAVENTURA,76109038,SILVA,2026,1,4561.0,1069.0,211672.0,sábado,2026-01-10 18:30:00,881.0
76,VALLE DEL CAUCA,76109,BUENAVENTURA,76109040,VENERAL,2025,12,9207.0,8860.0,358992.0,domingo,2025-12-13 19:45:00,1.024
76,VALLE DEL CAUCA,76109,BUENAVENTURA,76109040,VENERAL,2026,1,4599.0,4850.0,361876.0,jueves,2026-01-07 19:30:00,527.0
97,VAUPÉS,97161,CARURÚ,97161000,CARURÚ,2025,12,42001.0,8083.0,10956.0,martes,2025-12-23 18:45:00,1.713
97,VAUPÉS,97161,CARURÚ,97161000,CARURÚ,2026,1,37933.0,6314.0,99616.0,miércoles,2026-01-21 16:30:00,1.694
97,VAUPÉS,97001,MITÚ,97001000,MITÚ,2025,12,7576.0,350404.0,34965.0,miércoles,2025-12-03 12:30:00,2.4
97,VAUPÉS,97001,MITÚ,97001000,MITÚ,2026,1,7576.0,303046.0,34965.0,lunes,2026-01-26 11:30:00,2.323
97,VAUPÉS,97666,TARAIRA,97666000,TARAIRA,2025,12,41722.0,11023.0,153472.0,viernes,2025-12-05 11:45:00,1.156
97,VAUPÉS,97666,TARAIRA,97666000,TARAIRA,2026,1,47588.0,12029.0,14784.0,lunes,2026-01-05 12:00:00,1.41
99,VICHADA,99773,CUMARIBO,99773000,CUMARIBO,2025,12,425095.0,140699.0,82754.0,miércoles,2025-12-03 17:45:00,2.383
99,VICHADA,99773,CUMARIBO,99773000,CUMARIBO,2026,1,399154.0,134223.0,771076.0,miércoles,2026-01-28 15:30:00,2.4
99,VICHADA,99001,PUERTO CARREÑO,99001002,CASUARITO,2025,12,17392.0,8779.0,7680.0,viernes,2025-12-25 20:30:00,960.0
99,VICHADA,99001,PUERTO CARREÑO,99001002,CASUARITO,2026,1,14401.0,6824.0,8342.0,sábado,2026-01-16 20:45:00,755.0
99,VICHADA,99001,PUERTO CARREÑO,99001000,PUERTO CARREÑO,2025,12,7576.0,748801.0,34965.0,martes,2025-12-02 13:45:00,2.4
99,VICHADA,99001,PUERTO CARREÑO,99001000,PUERTO CARREÑO,2026,1,7576.0,753682.0,34965.0,martes,2026-01-06 15:15:00,2.4
