id_departamento,departamento,id_municipio,municipio,id_localidad,localidad,año_servicio,mes_servicio,energía_activa_kWh,energía_reactiva_kVArh,potencia_máxima_kW,día_de_demanda_máxima_kW,fecha_de_demanda_máxima,promedio_diario_en_horas
91,AMAZONAS,91001,LETICIA,91001000,LETICIA (LETICIA - AMAZONAS),2020,1,,,7768.76,lunes,2020-01-27 14:15:00,24.0
91,AMAZONAS,91540,PUERTO NARIÑO,91540000,PUERTO NARIÑO (PUERTO NARIÑO - AMAZONAS),2020,1,103.897,36.304,227.04,miércoles,2020-01-22 19:15:00,24.0
91,AMAZONAS,91798,TARAPACÁ (ANM),91798000,TARAPACÁ (TARAPACÁ (ANM) - AMAZONAS),2020,1,22.864,9.277,88.96,jueves,2020-01-30 19:30:00,1019.0
5,ANTIOQUIA,5873,VIGÍA DEL FUERTE,5873001,SAN ANTONIO DE PADUA (VIGÍA DEL FUERTE - ANTIOQUIA),2020,1,5.617,1.381,53.66,jueves,2020-01-23 19:45:00,413.0
5,ANTIOQUIA,5873,VIGÍA DEL FUERTE,5873002,VEGÁEZ (VIGÍA DEL FUERTE - ANTIOQUIA),2020,1,2.217,539.0,39.07,miércoles,2020-01-29 19:45:00,317.0
5,ANTIOQUIA,5873,VIGÍA DEL FUERTE,5873000,VIGÍA DEL FUERTE (VIGÍA DEL FUERTE - ANTIOQUIA),2020,1,64.137,28.058,324.19,jueves,2020-01-23 21:45:00,811.0
88,"ARCHIPIÉLAGO DE SAN ANDRÉS, PROVIDENCIA Y SANTA CATALINA",88564,PROVIDENCIA,88564000,PROVIDENCIA (PROVIDENCIA - ARCHIPIÉLAGO DE SAN ANDRÉS Y PROVIDENCIA),2020,1,982.117,337.077,1671.09,viernes,2020-01-03 19:30:00,24.0
88,"ARCHIPIÉLAGO DE SAN ANDRÉS, PROVIDENCIA Y SANTA CATALINA",88001,SAN ANDRÉS,88001000,SAN ANDRÉS (SAN ANDRÉS - ARCHIPIÉLAGO DE SAN ANDRÉS Y PROVIDENCIA),2020,1,,,28619.27,viernes,2020-01-03 15:45:00,24.0
13,BOLÍVAR,13001,CARTAGENA DE INDIAS,13001007,ISLA FUERTE (CARTAGENA DE INDIAS - BOLÍVAR),2020,1,16.797,8.887,135.85,sábado,2020-01-04 15:30:00,526.0
13,BOLÍVAR,13001,CARTAGENA DE INDIAS,13001037,ISLA MÚCURA (CARTAGENA DE INDIAS - BOLÍVAR),2020,1,10.188,4.396,31.44,sábado,2020-01-04 21:45:00,146.0
13,BOLÍVAR,13001,CARTAGENA DE INDIAS,13001017,SANTA CRUZ DEL ISLOTE (CARTAGENA DE INDIAS - BOLÍVAR),2020,1,13.187,4.523,50.18,sábado,2020-01-11 22:15:00,1223.0
18,CAQUETÁ,18150,CARTAGENA DEL CHAIRÁ,18150001,REMOLINO DEL CAGUÁN (CARTAGENA DEL CHAIRA - CAQUETÁ),2020,1,15.966,7.544,87.13,sábado,2020-01-25 18:45:00,806.0
18,CAQUETÁ,18753,SAN VICENTE DEL CAGUÁN,18753002,GUACAMAYAS (SAN VICENTE DEL CAGUÁN - CAQUETÁ),2020,1,12.554,6.147,39.26,viernes,2020-01-03 19:30:00,1826.0
85,CASANARE,85430,TRINIDAD,85430001,BOCAS DEL PAUTO (TRINIDAD - CASANARE),2020,1,13.1,7.33,107.65,jueves,2020-01-30 19:00:00,556.0
19,CAUCA,19418,LÓPEZ DE MICAY,19418011,DOS QUEBRADAS RÍO NAYA (LÓPEZ DE MICAY - CAUCA),2020,1,2.09,537.0,45.25,sábado,2020-01-04 18:45:00,147.0
19,CAUCA,19418,LÓPEZ DE MICAY,19418038,ISLA DE GALLO (LÓPEZ DE MICAY - CAUCA),2020,1,2.545,788.0,26.94,viernes,2020-01-10 18:45:00,354.0
19,CAUCA,19418,LÓPEZ DE MICAY,19418009,NOANAMITO (LÓPEZ DE MICAY - CAUCA),2020,1,4.271,2.127,32.0,viernes,2020-01-31 20:45:00,556.0
19,CAUCA,19418,LÓPEZ DE MICAY,19418012,SAN ANTONIO DE CHUARÉ (LÓPEZ DE MICAY - CAUCA),2020,1,6.552,1.861,60.74,lunes,2020-01-27 19:15:00,439.0
19,CAUCA,19418,LÓPEZ DE MICAY,19418019,ZARAGOZA (LOPEZ DE MICAY - CAUCA),2020,1,5.843,2.375,57.31,martes,2020-01-21 19:15:00,502.0
19,CAUCA,19809,TIMBIQUÍ,19809014,CHACÓN (TIMBIQUÍ - CAUCA),2020,1,3.53,625.0,30.06,miércoles,2020-01-15 18:45:00,503.0
19,CAUCA,19809,TIMBIQUÍ,19809010,COMUNIDAD DE CHETE (TIMBIQUÍ - CAUCA),2020,1,2.093,617.0,39.23,domingo,2020-01-19 19:30:00,205.0
19,CAUCA,19809,TIMBIQUÍ,19809003,COTEJE (TIMBIQUÍ - CAUCA),2020,1,5.137,3.129,34.04,sábado,2020-01-18 19:45:00,546.0
19,CAUCA,19809,TIMBIQUÍ,19809026,LOS BRAZOS (TIMBIQUÍ - CAUCA),2020,1,9.464,1.581,51.77,miércoles,2020-01-29 19:45:00,65.0
19,CAUCA,19809,TIMBIQUÍ,19809023,PUERTO SAIJA (TIMBIQUÍ - CAUCA),2020,1,30.165,10.63,168.08,domingo,2020-01-19 19:15:00,705.0
19,CAUCA,19809,TIMBIQUÍ,19809007,SAN JOSÉ (TIMBIQUÍ - CAUCA),2020,1,6.346,3.46,45.53,sábado,2020-01-25 20:30:00,546.0
19,CAUCA,19809,TIMBIQUÍ,19809008,SANTA MARÍA (TIMBIQUÍ - CAUCA),2020,1,12.368,4.382,75.2,martes,2020-01-28 19:30:00,636.0
19,CAUCA,19809,TIMBIQUÍ,19809009,SANTA ROSA DE SAIJA (TIMBIQUÍ - CAUCA),2020,1,2.41,671.0,24.31,martes,2020-01-28 19:30:00,401.0
27,CHOCÓ,27006,ACANDÍ,27006000,ACANDÍ (ACANDÍ - CHOCÓ),2020,1,418.615,191.068,941.6,viernes,2020-01-17 20:45:00,1923.0
27,CHOCÓ,27006,ACANDÍ,27006003,CAPURGANÁ (ACANDÍ - CHOCO),2020,1,296.137,107.67,833.89,viernes,2020-01-03 18:30:00,1823.0
27,CHOCÓ,27025,ALTO BAUDÓ (PIE DE PATO),27025000,CIUDAD BAUDÓ - PIE DE PATO (ALTO BAUDÓ - CHOCÓ),2020,1,32.654,8.739,143.18,martes,2020-01-21 19:15:00,1254.0
27,CHOCÓ,27075,BAHÍA SOLANO (MUTIS),27075000,CIUDAD MUTIS (BAHÍA SOLANO - CHOCÓ),2020,1,611.938,224.941,1191.96,viernes,2020-01-17 20:15:00,2356.0
27,CHOCÓ,27075,BAHÍA SOLANO (MUTIS),27075002,EL VALLE (BAHÍA SOLANO - CHOCÓ),2020,1,150.66,70.006,312.05,viernes,2020-01-31 19:15:00,2352.0
27,CHOCÓ,27075,BAHÍA SOLANO (MUTIS),27075001,CUPICA (BAHÍA SOLANO - CHOCÓ),2020,1,57.963,25.684,152.14,sábado,2020-01-04 19:15:00,2058.0
27,CHOCÓ,27077,BAJO BAUDÓ (PIZARRO),27077000,PIZARRO (BAJO BAUDÓ (PIZARRO) - CHOCÓ),2020,1,186.716,83.63,533.81,viernes,2020-01-17 19:30:00,2054.0
27,CHOCÓ,27099,BOJAYÁ (BELLAVISTA),27099000,BELLAVISTA (BOJAYÁ (BELLAVISTA) - CHOCÓ),2020,1,79.288,28.402,242.36,sábado,2020-01-18 19:45:00,1456.0
27,CHOCÓ,27099,BOJAYÁ (BELLAVISTA),27099002,LA LOMA DE BOJAYÁ (BOJAYÁ (BELLAVISTA) - CHOCÓ),2020,1,13.519,5.124,83.2,domingo,2020-01-19 19:15:00,742.0
27,CHOCÓ,27099,BOJAYÁ (BELLAVISTA),27099008,PUERTO CONTO (BOJAYÁ (BELLAVISTA) - CHOCO),2020,1,4.355,1.136,45.6,viernes,2020-01-31 20:45:00,335.0
27,CHOCÓ,27250,EL LITORAL DEL SAN JUAN,27250000,SANTA GENOVEVA DE DOCORDÓ (EL LITORAL DEL SAN JUAN - CHOCÓ),2020,1,70.549,36.589,186.25,lunes,2020-01-27 19:45:00,1712.0
27,CHOCÓ,27425,MEDIO ATRATO (BETÉ),27425000,BETÉ (MEDIO ATRATO (BETÉ) - CHOCÓ),2020,1,7.336,2.747,84.0,viernes,2020-01-31 19:45:00,44.0
27,CHOCÓ,27495,NUQUÍ,27495001,ARUSÍ (NUQUÍ - CHOCO),2020,1,10.287,4.875,51.2,lunes,2020-01-20 18:30:00,805.0
27,CHOCÓ,27495,NUQUÍ,27495912,COMUNIDAD INDÍGENA DE PANGUÍ - EL YUCAL (NUQUÍ - CHOCÓ),2020,1,5.875,1.484,11.21,lunes,2020-01-20 00:00:00,1912.0
27,CHOCÓ,27495,NUQUÍ,27495000,NUQUÍ (NUQUÍ - CHOCÓ),2020,1,198.811,62.901,482.24,lunes,2020-01-13 19:15:00,1934.0
27,CHOCÓ,27001,QUIBDÓ,27001029,TAGACHI (QUIBDÓ - CHOCÓ),2020,1,4.956,1.1,70.49,miércoles,2020-01-22 19:45:00,336.0
27,CHOCÓ,27745,SIPÍ,27745000,SIPÍ (SIPÍ - CHOCO),2020,1,10.872,3.028,74.8,miércoles,2020-01-29 20:15:00,542.0
27,CHOCÓ,27800,UNGUÍA,27800001,BALBOA (UNGUÍA - CHOCÓ),2020,1,16.481,6.458,89.87,sábado,2020-01-11 19:30:00,741.0
27,CHOCÓ,27800,UNGUÍA,27800005,TITUMATE (UNGUÍA - CHOCÓ),2020,1,9.739,4.014,69.78,miércoles,2020-01-08 19:15:00,54.0
27,CHOCÓ,27800,UNGUÍA,27800000,UNGUÍA (UNGUÍA - CHOCÓ),2020,1,257.893,93.064,779.24,sábado,2020-01-18 19:00:00,1543.0
94,GUAINÍA,94343,BARRANCOMINAS,94343000,BARRANCOMINAS (BARRANCOMINAS - GUAINÍA),2020,1,39.131,13.849,154.14,miércoles,2020-01-22 19:00:00,1108.0
94,GUAINÍA,94001,INÍRIDA,94001000,INÍRIDA (INÍRIDA - GUAINÍA),2020,1,,551.952,3193.52,martes,2020-01-28 14:30:00,24.0
95,GUAVIARE,95200,MIRAFLORES,95200000,MIRAFLORES (MIRAFLORES - GUAVIARE),2020,1,78.171,27.605,201.08,miércoles,2020-01-29 19:15:00,1736.0
44,LA GUAJIRA,44847,URIBIA,44847012,NAZARETH (URIBIA - LA GUAJIRA),2020,1,15.66,7.303,213.98,miércoles,2020-01-08 18:30:00,351.0
47,MAGDALENA,47189,CIÉNAGA,47189018,PALMOR (CIÉNAGA - MAGDALENA),2020,1,95.888,36.336,188.48,sábado,2020-01-18 19:15:00,2336.0
50,META,50325,MAPIRIPÁN,50325000,MAPIRIPÁN (MAPIRIPÁN - META),2020,1,133.744,56.337,288.64,viernes,2020-01-31 18:45:00,2337.0
52,NARIÑO,52250,EL CHARCO,52250023,BAZÁN (EL CHARCO - NARIÑO),2020,1,16.316,7.561,105.6,viernes,2020-01-24 20:30:00,559.0
52,NARIÑO,52250,EL CHARCO,52250022,EL CUIL PUEBLO NUEVO (EL CHARCO - NARIÑO),2020,1,5.358,1.798,35.28,sábado,2020-01-04 20:15:00,615.0
52,NARIÑO,52250,EL CHARCO,52250007,SAN JOSÉ DEL TAPAJE (EL CHARCO - NARIÑO),2020,1,13.262,3.324,96.0,jueves,2020-01-30 20:00:00,54.0
52,NARIÑO,52390,LA TOLA,52390013,AMÁRALES (LA TOLA - NARIÑO),2020,1,5.064,1.18,70.34,martes,2020-01-21 20:15:00,253.0
52,NARIÑO,52390,LA TOLA,52390003,LA VIGÍA DE LA MAR (LA TOLA - NARIÑO),2020,1,4.676,1.44,31.96,lunes,2020-01-06 18:45:00,608.0
52,NARIÑO,52390,LA TOLA,52390009,MULATOS (LA TOLA - NARIÑO),2020,1,4.243,2.448,37.7,martes,2020-01-14 19:30:00,556.0
52,NARIÑO,52390,LA TOLA,52390016,SAN PABLO DEL MAR (LA TOLA - NARIÑO),2020,1,4.497,805.0,35.42,domingo,2020-01-19 19:00:00,534.0
52,NARIÑO,52490,OLAYA HERRERA,52490913,BOCA DE PRIETA (OLAYA HERRERA - NARIÑO),2020,1,3.143,624.0,21.84,miércoles,2020-01-29 18:00:00,533.0
52,NARIÑO,52490,OLAYA HERRERA,52490008,SAN JOSÉ CALABAZAL (OLAYA HERRERA - NARIÑO),2020,1,5.32,1.723,44.57,sábado,2020-01-11 19:00:00,43.0
52,NARIÑO,52835,SAN ANDRÉS DE TUMACO,52835055,BOCAS DE CURAY (TUMACO - NARIÑO),2020,1,6.548,1.273,57.6,viernes,2020-01-24 19:00:00,437.0
52,NARIÑO,52835,SAN ANDRÉS DE TUMACO,52835012,CHAJAL (TUMACO - NARIÑO),2020,1,3.35,902.0,145.55,lunes,2020-01-13 19:15:00,55.0
52,NARIÑO,52835,SAN ANDRÉS DE TUMACO,52835016,PITAL DE LA COSTA (TUMACO - NARIÑO),2020,1,16.992,9.518,88.0,sábado,2020-01-18 19:30:00,836.0
52,NARIÑO,52835,SAN ANDRÉS DE TUMACO,52835212,PUEBLO NUEVO (TABLÓN SALADO) (TUMACO - NARIÑO),2020,1,2.339,798.0,20.8,martes,2020-01-07 19:45:00,447.0
52,NARIÑO,52835,SAN ANDRÉS DE TUMACO,52835217,SAN JUAN DE LA COSTA (SAN ANDRÉS DE TUMACO - NARIÑO),2020,1,19.09,9.321,153.6,martes,2020-01-14 19:15:00,554.0
52,NARIÑO,52835,SAN ANDRÉS DE TUMACO,52835091,SANTA ROSA (TUMACO - NARIÑO),2020,1,1.25,328.0,31.81,martes,2020-01-14 19:30:00,133.0
52,NARIÑO,52835,SAN ANDRÉS DE TUMACO,52835148,TABLÓN DULCE LA PAMPA (TUMACO - NARIÑO),2020,1,1.487,388.0,28.1,lunes,2020-01-20 20:15:00,219.0
52,NARIÑO,52696,SANTA BÁRBARA (ISCUANDÉ),52696014,LA ENSENADA (SANTA BÁRBARA (ISCUANDÉ) - NARIÑO),2020,1,4.466,5.06,28.35,martes,2020-01-21 18:30:00,549.0
52,NARIÑO,52696,SANTA BÁRBARA (ISCUANDÉ),52696017,SANTA RITA (SANTA BARBARA (ISCUANDÉ) - NARIÑO),2020,1,2.126,1.005,37.76,jueves,2020-01-02 19:30:00,215.0
86,PUTUMAYO,86573,PUERTO LEGUÍZAMO,86573009,PIÑUÑA NEGRO (PUERTO LEGUÍZAMO - PUTUMAYO),2020,1,3.942,1.771,28.8,domingo,2020-01-26 20:30:00,615.0
86,PUTUMAYO,86573,PUERTO LEGUÍZAMO,86573000,PUERTO LEGUÍZAMO (PUERTO LEGUÍZAMO - PUTUMAYO),2020,1,934.496,349.113,2149.84,martes,2020-01-28 19:30:00,2357.0
76,VALLE DEL CAUCA,76109,BUENAVENTURA,76109028,PUERTO MERIZALDE (BUENAVENTURA - VALLE DEL CAUCA),2020,1,43.466,13.886,254.14,sábado,2020-01-18 19:30:00,629.0
76,VALLE DEL CAUCA,76109,BUENAVENTURA,76109032,SAN FRANCISCO NAYA (BUENAVENTURA - VALLE DEL CAUCA),2020,1,6.56,2.113,36.58,viernes,2020-01-10 21:15:00,7.0
97,VAUPÉS,97161,CARURÚ,97161000,CARURÚ (CARURÚ - VAUPÉS),2020,1,26.507,9.259,97.68,viernes,2020-01-24 18:45:00,1224.0
97,VAUPÉS,97001,MITÚ,97001000,MITÚ (MITÚ - VAUPÉS),2020,1,,394.71,2633.77,viernes,2020-01-31 23:45:00,2358.0
97,VAUPÉS,97666,TARAIRA,97666000,TARAIRA (TARAIRA - VAUPÉS),2020,1,26.536,9.37,97.24,miércoles,2020-01-29 18:15:00,1117.0
99,VICHADA,99773,CUMARIBO,99773000,CUMARIBO (CUMARIBO - VICHADA),2020,1,269.226,118.7,579.92,martes,2020-01-28 18:15:00,2149.0
99,VICHADA,99524,LA PRIMAVERA,99524000,LA PRIMAVERA (LA PRIMAVERA - VICHADA),2020,1,351.44,182.493,705.25,jueves,2020-01-30 19:45:00,24.0
99,VICHADA,99001,PUERTO CARREÑO,99001002,CASUARITO (PUERTO CARREÑO - VICHADA),2020,1,26.425,11.216,129.36,lunes,2020-01-20 18:30:00,843.0
99,VICHADA,99001,PUERTO CARREÑO,99001000,PUERTO CARREÑO (PUERTO CARREÑO - VICHADA),2020,1,,785.884,4320.8,martes,2020-01-28 14:15:00,24.0
99,VICHADA,99624,SANTA ROSALÍA,99624000,SANTA ROSALÍA (SANTA ROSALÍA - VICHADA),2020,1,130.724,68.54,323.52,jueves,2020-01-23 19:15:00,18.0
91,AMAZONAS,91001,LETICIA,91001000,LETICIA (LETICIA - AMAZONAS),2020,2,,,7347.36,miércoles,2020-02-05 14:30:00,24.0
91,AMAZONAS,91540,PUERTO NARIÑO,91540000,PUERTO NARIÑO (PUERTO NARIÑO - AMAZONAS),2020,2,99.758,35.858,221.41,martes,2020-02-04 19:00:00,2358.0
91,AMAZONAS,91798,TARAPACÁ (ANM),91798000,TARAPACÁ (TARAPACÁ (ANM) - AMAZONAS),2020,2,22.87,8.922,90.62,domingo,2020-02-23 19:00:00,1024.0
5,ANTIOQUIA,5873,VIGÍA DEL FUERTE,5873001,SAN ANTONIO DE PADUA (VIGÍA DEL FUERTE - ANTIOQUIA),2020,2,5.609,1.448,52.93,viernes,2020-02-28 19:45:00,437.0
5,ANTIOQUIA,5873,VIGÍA DEL FUERTE,5873002,VEGÁEZ (VIGÍA DEL FUERTE - ANTIOQUIA),2020,2,5.178,717.0,43.14,viernes,2020-02-07 18:45:00,54.0
5,ANTIOQUIA,5873,VIGÍA DEL FUERTE,5873000,VIGÍA DEL FUERTE (VIGÍA DEL FUERTE - ANTIOQUIA),2020,2,93.76,39.361,323.49,viernes,2020-02-28 19:00:00,1149.0
88,"ARCHIPIÉLAGO DE SAN ANDRÉS, PROVIDENCIA Y SANTA CATALINA",88564,PROVIDENCIA,88564000,PROVIDENCIA (PROVIDENCIA - ARCHIPIÉLAGO DE SAN ANDRÉS Y PROVIDENCIA),2020,2,938.09,321.284,1610.85,martes,2020-02-18 21:30:00,24.0
88,"ARCHIPIÉLAGO DE SAN ANDRÉS, PROVIDENCIA Y SANTA CATALINA",88001,SAN ANDRÉS,88001000,SAN ANDRÉS (SAN ANDRÉS - ARCHIPIÉLAGO DE SAN ANDRÉS Y PROVIDENCIA),2020,2,,,28217.6,miércoles,2020-02-12 16:00:00,24.0
13,BOLÍVAR,13001,CARTAGENA DE INDIAS,13001007,ISLA FUERTE (CARTAGENA DE INDIAS - BOLÍVAR),2020,2,15.514,8.486,114.57,domingo,2020-02-16 14:15:00,537.0
13,BOLÍVAR,13001,CARTAGENA DE INDIAS,13001037,ISLA MÚCURA (CARTAGENA DE INDIAS - BOLÍVAR),2020,2,6.477,2.892,25.54,viernes,2020-02-14 22:00:00,1049.0
13,BOLÍVAR,13001,CARTAGENA DE INDIAS,13001017,SANTA CRUZ DEL ISLOTE (CARTAGENA DE INDIAS - BOLÍVAR),2020,2,12.675,4.372,45.06,viernes,2020-02-07 20:15:00,1326.0
18,CAQUETÁ,18150,CARTAGENA DEL CHAIRÁ,18150001,REMOLINO DEL CAGUÁN (CARTAGENA DEL CHAIRA - CAQUETÁ),2020,2,15.525,7.062,90.37,sábado,2020-02-01 18:45:00,81.0
18,CAQUETÁ,18753,SAN VICENTE DEL CAGUÁN,18753002,GUACAMAYAS (SAN VICENTE DEL CAGUÁN - CAQUETÁ),2020,2,12.257,5.917,40.15,sábado,2020-02-15 19:15:00,181.0
18,CAQUETÁ,18753,SAN VICENTE DEL CAGUÁN,18753009,PUERTO BETANIA (SAN VICENTE DEL CAGUÁN - CAQUETÁ),2020,2,1.604,633.0,40.72,viernes,2020-02-21 19:15:00,149.0
85,CASANARE,85430,TRINIDAD,85430001,BOCAS DEL PAUTO (TRINIDAD - CASANARE),2020,2,13.909,7.296,110.27,jueves,2020-02-27 19:00:00,548.0
19,CAUCA,19418,LÓPEZ DE MICAY,19418011,DOS QUEBRADAS RÍO NAYA (LÓPEZ DE MICAY - CAUCA),2020,2,6.035,1.889,43.65,martes,2020-02-04 19:30:00,547.0
19,CAUCA,19418,LÓPEZ DE MICAY,19418038,ISLA DE GALLO (LÓPEZ DE MICAY - CAUCA),2020,2,2.834,905.0,26.34,viernes,2020-02-14 18:30:00,435.0
19,CAUCA,19418,LÓPEZ DE MICAY,19418009,NOANAMITO (LÓPEZ DE MICAY - CAUCA),2020,2,3.995,2.058,44.0,miércoles,2020-02-12 19:15:00,525.0
19,CAUCA,19418,LÓPEZ DE MICAY,19418012,SAN ANTONIO DE CHUARÉ (LÓPEZ DE MICAY - CAUCA),2020,2,6.033,1.79,61.5,sábado,2020-02-15 18:45:00,408.0
19,CAUCA,19418,LÓPEZ DE MICAY,19418019,ZARAGOZA (LOPEZ DE MICAY - CAUCA),2020,2,7.099,2.93,55.33,domingo,2020-02-09 19:45:00,559.0
19,CAUCA,19809,TIMBIQUÍ,19809014,CHACÓN (TIMBIQUÍ - CAUCA),2020,2,2.019,364.0,26.64,sábado,2020-02-01 19:15:00,312.0
19,CAUCA,19809,TIMBIQUÍ,19809010,COMUNIDAD DE CHETE (TIMBIQUÍ - CAUCA),2020,2,2.489,695.0,40.03,viernes,2020-02-21 19:30:00,23.0
19,CAUCA,19809,TIMBIQUÍ,19809003,COTEJE (TIMBIQUÍ - CAUCA),2020,2,4.501,2.754,34.88,sábado,2020-02-01 19:30:00,512.0
19,CAUCA,19809,TIMBIQUÍ,19809026,LOS BRAZOS (TIMBIQUÍ - CAUCA),2020,2,7.857,1.301,52.3,martes,2020-02-11 19:30:00,602.0
19,CAUCA,19809,TIMBIQUÍ,19809023,PUERTO SAIJA (TIMBIQUÍ - CAUCA),2020,2,25.416,8.46,174.06,viernes,2020-02-14 19:45:00,558.0
19,CAUCA,19809,TIMBIQUÍ,19809007,SAN JOSÉ (TIMBIQUÍ - CAUCA),2020,2,1.747,1.028,46.75,jueves,2020-02-13 19:15:00,139.0
19,CAUCA,19809,TIMBIQUÍ,19809008,SANTA MARÍA (TIMBIQUÍ - CAUCA),2020,2,2.42,955.0,76.22,miércoles,2020-02-12 20:15:00,129.0
19,CAUCA,19809,TIMBIQUÍ,19809009,SANTA ROSA DE SAIJA (TIMBIQUÍ - CAUCA),2020,2,1.737,424.0,27.48,jueves,2020-02-27 19:15:00,229.0
27,CHOCÓ,27006,ACANDÍ,27006000,ACANDÍ (ACANDÍ - CHOCÓ),2020,2,388.026,175.431,965.36,miércoles,2020-02-19 20:30:00,1847.0
27,CHOCÓ,27006,ACANDÍ,27006003,CAPURGANÁ (ACANDÍ - CHOCO),2020,2,234.42,96.512,570.24,martes,2020-02-04 21:45:00,1836.0
27,CHOCÓ,27025,ALTO BAUDÓ (PIE DE PATO),27025000,CIUDAD BAUDÓ - PIE DE PATO (ALTO BAUDÓ - CHOCÓ),2020,2,36.727,9.888,143.18,domingo,2020-02-23 19:30:00,1504.0
27,CHOCÓ,27075,BAHÍA SOLANO (MUTIS),27075000,CIUDAD MUTIS (BAHÍA SOLANO - CHOCÓ),2020,2,605.709,189.638,1246.96,miércoles,2020-02-19 19:30:00,2352.0
27,CHOCÓ,27075,BAHÍA SOLANO (MUTIS),27075001,CUPICA (BAHÍA SOLANO - CHOCÓ),2020,2,57.082,24.304,138.34,viernes,2020-02-14 19:30:00,2336.0
27,CHOCÓ,27075,BAHÍA SOLANO (MUTIS),27075002,EL VALLE (BAHÍA SOLANO - CHOCÓ),2020,2,140.237,65.924,327.1,miércoles,2020-02-19 19:15:00,2342.0
27,CHOCÓ,27077,BAJO BAUDÓ (PIZARRO),27077000,PIZARRO (BAJO BAUDÓ (PIZARRO) - CHOCÓ),2020,2,160.302,71.59,481.54,viernes,2020-02-07 19:30:00,1735.0
27,CHOCÓ,27099,BOJAYÁ (BELLAVISTA),27099000,BELLAVISTA (BOJAYÁ (BELLAVISTA) - CHOCÓ),2020,2,89.554,33.314,220.95,jueves,2020-02-13 20:30:00,1814.0
27,CHOCÓ,27099,BOJAYÁ (BELLAVISTA),27099002,LA LOMA DE BOJAYÁ (BOJAYÁ (BELLAVISTA) - CHOCÓ),2020,2,13.764,5.166,83.2,domingo,2020-02-16 19:30:00,742.0
27,CHOCÓ,27099,BOJAYÁ (BELLAVISTA),27099005,NAPIPÍ (BOJAYÁ (BELLAVISTA) - CHOCÓ),2020,2,8.794,4.993,60.8,sábado,2020-02-29 21:15:00,541.0
27,CHOCÓ,27099,BOJAYÁ (BELLAVISTA),27099008,PUERTO CONTO (BOJAYÁ (BELLAVISTA) - CHOCO),2020,2,5.456,1.481,57.6,viernes,2020-02-21 20:00:00,445.0
27,CHOCÓ,27250,EL LITORAL DEL SAN JUAN,27250000,SANTA GENOVEVA DE DOCORDÓ (EL LITORAL DEL SAN JUAN - CHOCÓ),2020,2,63.323,31.591,182.16,jueves,2020-02-06 20:00:00,1637.0
27,CHOCÓ,27425,MEDIO ATRATO (BETÉ),27425000,BETÉ (MEDIO ATRATO (BETÉ) - CHOCÓ),2020,2,5.435,1.94,68.0,miércoles,2020-02-19 22:00:00,438.0
91,AMAZONAS,91001,LETICIA,91001000,LETICIA,2025,12,,984.377,85772002.0,miércoles,2025-12-10 14:30:00,2.4
27,CHOCÓ,27495,NUQUÍ,27495912,COMUNIDAD INDÍGENA DE PANGUÍ - EL YUCAL (NUQUÍ - CHOCÓ),2020,2,2.394,800.0,11.21,jueves,2020-02-27 18:30:00,1138.0
27,CHOCÓ,27495,NUQUÍ,27495000,NUQUÍ (NUQUÍ - CHOCÓ),2020,2,186.164,60.988,527.3,martes,2020-02-18 20:15:00,19.0
27,CHOCÓ,27745,SIPÍ,27745000,SIPÍ (SIPÍ - CHOCO),2020,2,11.522,3.225,79.2,martes,2020-02-18 20:00:00,615.0
27,CHOCÓ,27800,UNGUÍA,27800001,BALBOA (UNGUÍA - CHOCÓ),2020,2,16.006,6.578,81.56,domingo,2020-02-16 20:00:00,817.0
27,CHOCÓ,27001,QUIBDÓ,27001029,TAGACHI (QUIBDÓ - CHOCÓ),2020,2,5.694,1.292,59.74,sábado,2020-02-01 21:30:00,406.0
27,CHOCÓ,27800,UNGUÍA,27800005,TITUMATE (UNGUÍA - CHOCÓ),2020,2,8.792,3.817,67.06,jueves,2020-02-20 20:00:00,52.0
27,CHOCÓ,27800,UNGUÍA,27800000,UNGUÍA (UNGUÍA - CHOCÓ),2020,2,254.854,93.09,787.6,sábado,2020-02-15 19:15:00,1556.0
94,GUAINÍA,94343,BARRANCOMINAS,94343000,BARRANCOMINAS (BARRANCOMINAS - GUAINÍA),2020,2,35.493,12.294,171.93,sábado,2020-02-22 18:45:00,934.0
94,GUAINÍA,94001,INÍRIDA,94001000,INÍRIDA (INÍRIDA - GUAINÍA),2020,2,,565.034,3199.68,lunes,2020-02-17 14:45:00,2356.0
95,GUAVIARE,95200,MIRAFLORES,95200000,MIRAFLORES (MIRAFLORES - GUAVIARE),2020,2,78.132,28.048,212.08,viernes,2020-02-28 18:30:00,1828.0
44,LA GUAJIRA,44847,URIBIA,44847012,NAZARETH (URIBIA - LA GUAJIRA),2020,2,28.11,12.702,223.44,martes,2020-02-25 18:45:00,611.0
47,MAGDALENA,47189,CIÉNAGA,47189018,PALMOR (CIÉNAGA - MAGDALENA),2020,2,88.621,32.499,186.75,domingo,2020-02-09 18:30:00,2334.0
50,META,50325,MAPIRIPÁN,50325000,MAPIRIPÁN (MAPIRIPÁN - META),2020,2,135.154,54.443,311.52,viernes,2020-02-28 18:45:00,2301.0
52,NARIÑO,52250,EL CHARCO,52250023,BAZÁN (EL CHARCO - NARIÑO),2020,2,19.205,8.765,105.6,sábado,2020-02-29 21:00:00,722.0
52,NARIÑO,52250,EL CHARCO,52250022,EL CUIL PUEBLO NUEVO (EL CHARCO - NARIÑO),2020,2,5.736,1.889,33.66,sábado,2020-02-15 18:45:00,654.0
52,NARIÑO,52250,EL CHARCO,52250007,SAN JOSÉ DEL TAPAJE (EL CHARCO - NARIÑO),2020,2,16.18,4.004,96.0,sábado,2020-02-29 21:00:00,709.0
52,NARIÑO,52390,LA TOLA,52390013,AMÁRALES (LA TOLA - NARIÑO),2020,2,7.313,1.758,68.54,martes,2020-02-18 18:30:00,436.0
52,NARIÑO,52390,LA TOLA,52390003,LA VIGÍA DE LA MAR (LA TOLA - NARIÑO),2020,2,5.76,1.917,30.52,martes,2020-02-25 00:30:00,827.0
52,NARIÑO,52390,LA TOLA,52390009,MULATOS (LA TOLA - NARIÑO),2020,2,3.772,2.32,34.11,jueves,2020-02-06 18:30:00,608.0
52,NARIÑO,52390,LA TOLA,52390016,SAN PABLO DEL MAR (LA TOLA - NARIÑO),2020,2,5.903,1.146,33.98,sábado,2020-02-29 19:00:00,741.0
52,NARIÑO,52490,OLAYA HERRERA,52490913,BOCA DE PRIETA (OLAYA HERRERA - NARIÑO),2020,2,3.266,634.0,21.67,lunes,2020-02-10 19:45:00,552.0
52,NARIÑO,52490,OLAYA HERRERA,52490008,SAN JOSÉ CALABAZAL (OLAYA HERRERA - NARIÑO),2020,2,5.3,1.698,45.12,viernes,2020-02-28 19:00:00,447.0
52,NARIÑO,52835,SAN ANDRÉS DE TUMACO,52835055,BOCAS DE CURAY (TUMACO - NARIÑO),2020,2,8.95,1.417,57.6,domingo,2020-02-23 23:45:00,702.0
52,NARIÑO,52835,SAN ANDRÉS DE TUMACO,52835012,CHAJAL (TUMACO - NARIÑO),2020,2,4.599,1.354,136.84,lunes,2020-02-24 19:30:00,126.0
52,NARIÑO,52835,SAN ANDRÉS DE TUMACO,52835016,PITAL DE LA COSTA (TUMACO - NARIÑO),2020,2,19.206,11.315,84.0,sábado,2020-02-15 19:00:00,1029.0
52,NARIÑO,52835,SAN ANDRÉS DE TUMACO,52835212,PUEBLO NUEVO (TABLÓN SALADO) (TUMACO - NARIÑO),2020,2,3.721,1.332,18.62,sábado,2020-02-01 19:15:00,943.0
52,NARIÑO,52835,SAN ANDRÉS DE TUMACO,52835217,SAN JUAN DE LA COSTA (SAN ANDRÉS DE TUMACO - NARIÑO),2020,2,18.939,14.21,147.2,lunes,2020-02-17 19:15:00,608.0
52,NARIÑO,52835,SAN ANDRÉS DE TUMACO,52835091,SANTA ROSA (TUMACO - NARIÑO),2020,2,1.082,278.0,30.56,miércoles,2020-02-05 19:30:00,124.0
52,NARIÑO,52696,SANTA BÁRBARA (ISCUANDÉ),52696014,LA ENSENADA (SANTA BÁRBARA (ISCUANDÉ) - NARIÑO),2020,2,4.071,4.702,27.49,domingo,2020-02-16 19:30:00,544.0
52,NARIÑO,52696,SANTA BÁRBARA (ISCUANDÉ),52696017,SANTA RITA (SANTA BARBARA (ISCUANDÉ) - NARIÑO),2020,2,5.168,2.452,38.52,sábado,2020-02-29 19:15:00,537.0
86,PUTUMAYO,86573,PUERTO LEGUÍZAMO,86573009,PIÑUÑA NEGRO (PUERTO LEGUÍZAMO - PUTUMAYO),2020,2,3.342,1.62,28.8,sábado,2020-02-22 20:45:00,547.0
86,PUTUMAYO,86573,PUERTO LEGUÍZAMO,86573000,PUERTO LEGUÍZAMO (PUERTO LEGUÍZAMO - PUTUMAYO),2020,2,779.919,282.489,1996.72,martes,2020-02-04 14:45:00,2005.0
76,VALLE DEL CAUCA,76109,BUENAVENTURA,76109028,PUERTO MERIZALDE (BUENAVENTURA - VALLE DEL CAUCA),2020,2,44.375,14.156,264.7,miércoles,2020-02-19 19:30:00,649.0
76,VALLE DEL CAUCA,76109,BUENAVENTURA,76109032,SAN FRANCISCO NAYA (BUENAVENTURA - VALLE DEL CAUCA),2020,2,7.245,3.758,37.15,viernes,2020-02-28 19:30:00,834.0
97,VAUPÉS,97161,CARURÚ,97161000,CARURÚ (CARURÚ - VAUPÉS),2020,2,25.277,9.295,104.72,lunes,2020-02-17 19:15:00,1214.0
97,VAUPÉS,97001,MITÚ,97001000,MITÚ (MITÚ - VAUPÉS),2020,2,,370.019,2597.37,viernes,2020-02-21 23:45:00,2351.0
97,VAUPÉS,97666,TARAIRA,97666000,TARAIRA (TARAIRA - VAUPÉS),2020,2,19.748,6.563,104.98,martes,2020-02-11 19:30:00,759.0
99,VICHADA,99773,CUMARIBO,99773000,CUMARIBO (CUMARIBO - VICHADA),2020,2,268.753,113.806,624.36,martes,2020-02-25 18:15:00,1935.0
99,VICHADA,99524,LA PRIMAVERA,99524000,LA PRIMAVERA (LA PRIMAVERA - VICHADA),2020,2,357.737,181.789,740.6,miércoles,2020-02-26 18:45:00,24.0
99,VICHADA,99001,PUERTO CARREÑO,99001002,CASUARITO (PUERTO CARREÑO - VICHADA),2020,2,13.438,5.547,127.95,lunes,2020-02-24 19:45:00,509.0
99,VICHADA,99001,PUERTO CARREÑO,99001000,PUERTO CARREÑO (PUERTO CARREÑO - VICHADA),2020,2,,791.28,4614.72,martes,2020-02-18 14:15:00,24.0
99,VICHADA,99624,SANTA ROSALÍA,99624000,SANTA ROSALÍA (SANTA ROSALÍA - VICHADA),2020,2,125.53,60.239,350.93,martes,2020-02-25 19:00:00,1551.0
91,AMAZONAS,91001,LETICIA,91001000,LETICIA (LETICIA - AMAZONAS),2020,3,,,7652.86,jueves,2020-03-12 15:15:00,24.0
91,AMAZONAS,91540,PUERTO NARIÑO,91540000,PUERTO NARIÑO (PUERTO NARIÑO - AMAZONAS),2020,3,106.517,37.768,222.29,jueves,2020-03-12 19:30:00,24.0
91,AMAZONAS,91798,TARAPACÁ (ANM),91798000,TARAPACÁ (TARAPACÁ (ANM) - AMAZONAS),2020,3,24.212,9.387,92.79,martes,2020-03-03 19:15:00,1015.0
5,ANTIOQUIA,5873,VIGÍA DEL FUERTE,5873001,SAN ANTONIO DE PADUA (VIGÍA DEL FUERTE - ANTIOQUIA),2020,3,6.09,1.714,82.4,jueves,2020-03-12 00:15:00,457.0
5,ANTIOQUIA,5873,VIGÍA DEL FUERTE,5873002,VEGÁEZ (VIGÍA DEL FUERTE - ANTIOQUIA),2020,3,4.553,629.0,61.34,jueves,2020-03-05 21:45:00,507.0
5,ANTIOQUIA,5873,VIGÍA DEL FUERTE,5873000,VIGÍA DEL FUERTE (VIGÍA DEL FUERTE - ANTIOQUIA),2020,3,58.679,20.082,327.01,jueves,2020-03-05 19:00:00,708.0
88,"ARCHIPIÉLAGO DE SAN ANDRÉS, PROVIDENCIA Y SANTA CATALINA",88564,PROVIDENCIA,88564000,PROVIDENCIA (PROVIDENCIA - ARCHIPIÉLAGO DE SAN ANDRÉS Y PROVIDENCIA),2020,3,961.008,333.479,1621.05,lunes,2020-03-09 14:15:00,24.0
88,"ARCHIPIÉLAGO DE SAN ANDRÉS, PROVIDENCIA Y SANTA CATALINA",88001,SAN ANDRÉS,88001000,SAN ANDRÉS (SAN ANDRÉS - ARCHIPIÉLAGO DE SAN ANDRÉS Y PROVIDENCIA),2020,3,,,28423.96,viernes,2020-03-06 15:45:00,24.0
13,BOLÍVAR,13001,CARTAGENA DE INDIAS,13001007,ISLA FUERTE (CARTAGENA DE INDIAS - BOLÍVAR),2020,3,14.733,8.124,112.82,jueves,2020-03-05 15:30:00,504.0
13,BOLÍVAR,13001,CARTAGENA DE INDIAS,13001037,ISLA MÚCURA (CARTAGENA DE INDIAS - BOLÍVAR),2020,3,6.799,3.093,24.24,jueves,2020-03-05 22:00:00,1318.0
13,BOLÍVAR,13001,CARTAGENA DE INDIAS,13001017,SANTA CRUZ DEL ISLOTE (CARTAGENA DE INDIAS - BOLÍVAR),2020,3,13.572,4.807,43.84,lunes,2020-03-30 20:45:00,1335.0
18,CAQUETÁ,18150,CARTAGENA DEL CHAIRÁ,18150001,REMOLINO DEL CAGUÁN (CARTAGENA DEL CHAIRA - CAQUETÁ),2020,3,14.852,6.836,91.62,domingo,2020-03-22 19:00:00,712.0
18,CAQUETÁ,18753,SAN VICENTE DEL CAGUÁN,18753002,GUACAMAYAS (SAN VICENTE DEL CAGUÁN - CAQUETÁ),2020,3,12.44,5.686,40.39,sábado,2020-03-14 19:30:00,1807.0
85,CASANARE,85430,TRINIDAD,85430001,BOCAS DEL PAUTO (TRINIDAD - CASANARE),2020,3,13.266,7.187,100.16,martes,2020-03-03 18:30:00,525.0
19,CAUCA,19418,LÓPEZ DE MICAY,19418038,ISLA DE GALLO (LÓPEZ DE MICAY - CAUCA),2020,3,2.942,987.0,26.14,miércoles,2020-03-04 19:30:00,434.0
19,CAUCA,19418,LÓPEZ DE MICAY,19418019,ZARAGOZA (LOPEZ DE MICAY - CAUCA),2020,3,8.776,3.744,59.97,domingo,2020-03-08 20:15:00,7.0
19,CAUCA,19809,TIMBIQUÍ,19809014,CHACÓN (TIMBIQUÍ - CAUCA),2020,3,2.806,453.0,28.53,viernes,2020-03-20 20:45:00,345.0
19,CAUCA,19809,TIMBIQUÍ,19809010,COMUNIDAD DE CHETE (TIMBIQUÍ - CAUCA),2020,3,4.94,1.463,40.42,sábado,2020-03-28 18:45:00,445.0
19,CAUCA,19809,TIMBIQUÍ,19809003,COTEJE (TIMBIQUÍ - CAUCA),2020,3,4.852,2.804,33.8,sábado,2020-03-28 19:45:00,526.0
19,CAUCA,19809,TIMBIQUÍ,19809007,SAN JOSÉ (TIMBIQUÍ - CAUCA),2020,3,6.597,4.069,44.45,miércoles,2020-03-18 20:15:00,548.0
19,CAUCA,19809,TIMBIQUÍ,19809008,SANTA MARÍA (TIMBIQUÍ - CAUCA),2020,3,5.044,1.744,75.9,martes,2020-03-03 19:00:00,235.0
27,CHOCÓ,27006,ACANDÍ,27006000,ACANDÍ (ACANDÍ - CHOCÓ),2020,3,366.149,166.48,1095.6,lunes,2020-03-16 21:00:00,155.0
27,CHOCÓ,27006,ACANDÍ,27006003,CAPURGANÁ (ACANDÍ - CHOCO),2020,3,194.503,82.121,596.99,sábado,2020-03-14 19:30:00,1509.0
27,CHOCÓ,27025,ALTO BAUDÓ (PIE DE PATO),27025000,CIUDAD BAUDÓ - PIE DE PATO (ALTO BAUDÓ - CHOCÓ),2020,3,47.621,13.704,124.78,viernes,2020-03-27 19:30:00,1802.0
27,CHOCÓ,27075,BAHÍA SOLANO (MUTIS),27075000,CIUDAD MUTIS (BAHÍA SOLANO - CHOCÓ),2020,3,593.08,175.23,1254.44,miércoles,2020-03-04 19:00:00,2346.0
27,CHOCÓ,27075,BAHÍA SOLANO (MUTIS),27075001,CUPICA (BAHÍA SOLANO - CHOCÓ),2020,3,61.366,25.605,140.0,lunes,2020-03-16 19:30:00,2339.0
27,CHOCÓ,27075,BAHÍA SOLANO (MUTIS),27075002,EL VALLE (BAHÍA SOLANO - CHOCÓ),2020,3,133.948,64.294,365.64,sábado,2020-03-14 19:00:00,2057.0
27,CHOCÓ,27077,BAJO BAUDÓ (PIZARRO),27077000,PIZARRO (BAJO BAUDÓ (PIZARRO) - CHOCÓ),2020,3,189.549,85.173,434.54,jueves,2020-03-05 19:45:00,2018.0
27,CHOCÓ,27099,BOJAYÁ (BELLAVISTA),27099000,BELLAVISTA (BOJAYÁ (BELLAVISTA) - CHOCÓ),2020,3,94.386,35.707,231.57,miércoles,2020-03-25 18:45:00,1739.0
27,CHOCÓ,27099,BOJAYÁ (BELLAVISTA),27099002,LA LOMA DE BOJAYÁ (BOJAYÁ (BELLAVISTA) - CHOCÓ),2020,3,14.449,5.728,76.8,lunes,2020-03-09 19:30:00,817.0
27,CHOCÓ,27099,BOJAYÁ (BELLAVISTA),27099005,NAPIPÍ (BOJAYÁ (BELLAVISTA) - CHOCÓ),2020,3,11.222,3.813,64.0,viernes,2020-03-20 20:15:00,638.0
27,CHOCÓ,27099,BOJAYÁ (BELLAVISTA),27099008,PUERTO CONTO (BOJAYÁ (BELLAVISTA) - CHOCO),2020,3,5.881,1.594,48.0,sábado,2020-03-28 20:15:00,44.0
27,CHOCÓ,27250,EL LITORAL DEL SAN JUAN,27250000,SANTA GENOVEVA DE DOCORDÓ (EL LITORAL DEL SAN JUAN - CHOCÓ),2020,3,44.989,21.785,178.46,martes,2020-03-03 19:15:00,1151.0
27,CHOCÓ,27425,MEDIO ATRATO (BETÉ),27425000,BETÉ (MEDIO ATRATO (BETÉ) - CHOCÓ),2020,3,5.456,2.011,76.0,viernes,2020-03-27 20:00:00,357.0
27,CHOCÓ,27495,NUQUÍ,27495912,COMUNIDAD INDÍGENA DE PANGUÍ - EL YUCAL (NUQUÍ - CHOCÓ),2020,3,62.0,28.0,4.76,domingo,2020-03-29 18:45:00,33.0
27,CHOCÓ,27495,NUQUÍ,27495000,NUQUÍ (NUQUÍ - CHOCÓ),2020,3,241.53,80.172,493.86,sábado,2020-03-07 19:15:00,2354.0
27,CHOCÓ,27001,QUIBDÓ,27001029,TAGACHI (QUIBDÓ - CHOCÓ),2020,3,1.588,361.0,51.36,domingo,2020-03-01 20:15:00,112.0
27,CHOCÓ,27745,SIPÍ,27745000,SIPÍ (SIPÍ - CHOCO),2020,3,10.875,3.018,79.2,jueves,2020-03-12 19:15:00,536.0
27,CHOCÓ,27800,UNGUÍA,27800001,BALBOA (UNGUÍA - CHOCÓ),2020,3,16.26,6.912,79.9,sábado,2020-03-14 19:45:00,813.0
27,CHOCÓ,27800,UNGUÍA,27800005,TITUMATE (UNGUÍA - CHOCÓ),2020,3,8.934,4.029,69.26,jueves,2020-03-26 20:00:00,503.0
27,CHOCÓ,27800,UNGUÍA,27800000,UNGUÍA (UNGUÍA - CHOCÓ),2020,3,271.414,98.644,792.0,jueves,2020-03-05 20:15:00,1546.0
94,GUAINÍA,94343,BARRANCOMINAS,94343000,BARRANCOMINAS (BARRANCOMINAS - GUAINÍA),2020,3,43.377,15.928,174.59,miércoles,2020-03-11 19:00:00,1052.0
94,GUAINÍA,94001,INÍRIDA,94001000,INÍRIDA (INÍRIDA - GUAINÍA),2020,3,,577.847,3109.92,miércoles,2020-03-04 18:15:00,24.0
95,GUAVIARE,95200,MIRAFLORES,95200000,MIRAFLORES (MIRAFLORES - GUAVIARE),2020,3,83.195,29.35,208.12,miércoles,2020-03-11 18:45:00,1844.0
44,LA GUAJIRA,44847,URIBIA,44847012,NAZARETH (URIBIA - LA GUAJIRA),2020,3,28.515,12.349,229.68,lunes,2020-03-30 18:45:00,547.0
47,MAGDALENA,47189,CIÉNAGA,47189018,PALMOR (CIÉNAGA - MAGDALENA),2020,3,91.439,33.165,177.6,martes,2020-03-03 19:15:00,2336.0
50,META,50325,MAPIRIPÁN,50325000,MAPIRIPÁN (MAPIRIPÁN - META),2020,3,140.126,57.139,291.28,miércoles,2020-03-04 19:15:00,234.0
52,NARIÑO,52250,EL CHARCO,52250023,BAZÁN (EL CHARCO - NARIÑO),2020,3,18.583,9.308,105.6,martes,2020-03-31 20:15:00,647.0
52,NARIÑO,52250,EL CHARCO,52250003,BOLÍVAR - SAN PEDRO (EL CHARCO - NARIÑO),2020,3,3.975,2.723,21.63,martes,2020-03-31 18:45:00,655.0
52,NARIÑO,52250,EL CHARCO,52250007,SAN JOSÉ DEL TAPAJE (EL CHARCO - NARIÑO),2020,3,16.234,3.888,96.0,sábado,2020-03-28 19:45:00,642.0
52,NARIÑO,52390,LA TOLA,52390013,AMÁRALES (LA TOLA - NARIÑO),2020,3,5.352,1.313,67.07,martes,2020-03-10 20:00:00,313.0
52,NARIÑO,52390,LA TOLA,52390003,LA VIGÍA DE LA MAR (LA TOLA - NARIÑO),2020,3,6.246,2.414,34.08,jueves,2020-03-19 19:15:00,742.0
52,NARIÑO,52390,LA TOLA,52390009,MULATOS (LA TOLA - NARIÑO),2020,3,3.46,2.044,36.96,martes,2020-03-10 18:30:00,504.0
52,NARIÑO,52390,LA TOLA,52390016,SAN PABLO DEL MAR (LA TOLA - NARIÑO),2020,3,5.653,1.305,35.1,viernes,2020-03-27 17:45:00,711.0
52,NARIÑO,52490,OLAYA HERRERA,52490913,BOCA DE PRIETA (OLAYA HERRERA - NARIÑO),2020,3,4.133,812.0,21.46,lunes,2020-03-30 19:15:00,709.0
52,NARIÑO,52490,OLAYA HERRERA,52490008,SAN JOSÉ CALABAZAL (OLAYA HERRERA - NARIÑO),2020,3,6.651,2.071,44.47,viernes,2020-03-13 18:45:00,546.0
52,NARIÑO,52835,SAN ANDRÉS DE TUMACO,52835055,BOCAS DE CURAY (TUMACO - NARIÑO),2020,3,8.473,1.544,55.2,sábado,2020-03-21 20:00:00,614.0
52,NARIÑO,52835,SAN ANDRÉS DE TUMACO,52835016,PITAL DE LA COSTA (TUMACO - NARIÑO),2020,3,21.146,12.534,92.0,sábado,2020-03-28 19:15:00,1008.0
52,NARIÑO,52835,SAN ANDRÉS DE TUMACO,52835212,PUEBLO NUEVO (TABLÓN SALADO) (TUMACO - NARIÑO),2020,3,3.753,1.337,17.12,martes,2020-03-31 18:30:00,85.0
52,NARIÑO,52835,SAN ANDRÉS DE TUMACO,52835217,SAN JUAN DE LA COSTA (SAN ANDRÉS DE TUMACO - NARIÑO),2020,3,25.614,24.158,144.0,sábado,2020-03-28 19:00:00,841.0
52,NARIÑO,52696,SANTA BÁRBARA (ISCUANDÉ),52696017,SANTA RITA (SANTA BARBARA (ISCUANDÉ) - NARIÑO),2020,3,6.109,3.029,38.92,miércoles,2020-03-25 19:30:00,558.0
86,PUTUMAYO,86573,PUERTO LEGUÍZAMO,86573009,PIÑUÑA NEGRO (PUERTO LEGUÍZAMO - PUTUMAYO),2020,3,3.463,1.727,25.6,sábado,2020-03-28 20:45:00,547.0
86,PUTUMAYO,86573,PUERTO LEGUÍZAMO,86573000,PUERTO LEGUÍZAMO (PUERTO LEGUÍZAMO - PUTUMAYO),2020,3,955.883,320.21,1808.58,martes,2020-03-17 14:30:00,2358.0
76,VALLE DEL CAUCA,76109,BUENAVENTURA,76109028,PUERTO MERIZALDE (BUENAVENTURA - VALLE DEL CAUCA),2020,3,49.768,17.165,258.19,sábado,2020-03-21 19:30:00,722.0
76,VALLE DEL CAUCA,76109,BUENAVENTURA,76109032,SAN FRANCISCO NAYA (BUENAVENTURA - VALLE DEL CAUCA),2020,3,7.256,8.306,37.79,domingo,2020-03-01 23:30:00,719.0
97,VAUPÉS,97161,CARURÚ,97161000,CARURÚ (CARURÚ - VAUPÉS),2020,3,25.773,9.265,97.86,domingo,2020-03-15 18:45:00,1214.0
97,VAUPÉS,97001,MITÚ,97001000,MITÚ (MITÚ - VAUPÉS),2020,3,,384.47,2676.0,miércoles,2020-03-18 00:00:00,24.0
97,VAUPÉS,97666,TARAIRA,97666000,TARAIRA (TARAIRA - VAUPÉS),2020,3,31.036,10.14,116.69,jueves,2020-03-19 18:30:00,1105.0
99,VICHADA,99773,CUMARIBO,99773000,CUMARIBO (CUMARIBO - VICHADA),2020,3,304.957,127.484,660.88,viernes,2020-03-06 18:45:00,2036.0
99,VICHADA,99524,LA PRIMAVERA,99524000,LA PRIMAVERA (LA PRIMAVERA - VICHADA),2020,3,383.711,196.027,750.66,martes,2020-03-03 18:45:00,24.0
99,VICHADA,99001,PUERTO CARREÑO,99001002,CASUARITO (PUERTO CARREÑO - VICHADA),2020,3,24.368,12.827,128.3,miércoles,2020-03-18 19:30:00,848.0
99,VICHADA,99001,PUERTO CARREÑO,99001000,PUERTO CARREÑO (PUERTO CARREÑO - VICHADA),2020,3,,841.122,4602.4,miércoles,2020-03-11 21:00:00,24.0
99,VICHADA,99624,SANTA ROSALÍA,99624000,SANTA ROSALÍA (SANTA ROSALÍA - VICHADA),2020,3,152.772,76.597,384.14,domingo,2020-03-08 19:15:00,1902.0
91,AMAZONAS,91001,LETICIA,91001000,LETICIA (LETICIA - AMAZONAS),2020,4,,,6000.86,martes,2020-04-21 18:45:00,24.0
91,AMAZONAS,91540,PUERTO NARIÑO,91540000,PUERTO NARIÑO (PUERTO NARIÑO - AMAZONAS),2020,4,93.654,32.823,199.06,viernes,2020-04-03 18:45:00,2357.0
91,AMAZONAS,91798,TARAPACÁ (ANM),91798000,TARAPACÁ (TARAPACÁ (ANM) - AMAZONAS),2020,4,21.751,8.627,87.3,sábado,2020-04-11 19:15:00,1015.0
5,ANTIOQUIA,5873,VIGÍA DEL FUERTE,5873001,SAN ANTONIO DE PADUA (VIGÍA DEL FUERTE - ANTIOQUIA),2020,4,5.709,1.776,43.94,sábado,2020-04-11 19:00:00,529.0
5,ANTIOQUIA,5873,VIGÍA DEL FUERTE,5873002,VEGÁEZ (VIGÍA DEL FUERTE - ANTIOQUIA),2020,4,4.612,588.0,45.09,martes,2020-04-07 19:15:00,458.0
5,ANTIOQUIA,5873,VIGÍA DEL FUERTE,5873000,VIGÍA DEL FUERTE (VIGÍA DEL FUERTE - ANTIOQUIA),2020,4,83.515,30.671,305.54,viernes,2020-04-17 19:15:00,1118.0
88,"ARCHIPIÉLAGO DE SAN ANDRÉS, PROVIDENCIA Y SANTA CATALINA",88564,PROVIDENCIA,88564000,PROVIDENCIA (PROVIDENCIA - ARCHIPIÉLAGO DE SAN ANDRÉS Y PROVIDENCIA),2020,4,920.985,316.309,1521.5,martes,2020-04-21 20:45:00,24.0
88,"ARCHIPIÉLAGO DE SAN ANDRÉS, PROVIDENCIA Y SANTA CATALINA",88001,SAN ANDRÉS,88001000,SAN ANDRÉS (SAN ANDRÉS - ARCHIPIÉLAGO DE SAN ANDRÉS Y PROVIDENCIA),2020,4,,,18753.09,sábado,2020-04-11 23:15:00,24.0
13,BOLÍVAR,13001,CARTAGENA DE INDIAS,13001007,ISLA FUERTE (CARTAGENA DE INDIAS - BOLÍVAR),2020,4,12.009,6.651,118.81,lunes,2020-04-13 16:00:00,414.0
13,BOLÍVAR,13001,CARTAGENA DE INDIAS,13001037,ISLA MÚCURA (CARTAGENA DE INDIAS - BOLÍVAR),2020,4,7.814,3.342,23.66,miércoles,2020-04-29 21:15:00,1447.0
13,BOLÍVAR,13001,CARTAGENA DE INDIAS,13001017,SANTA CRUZ DEL ISLOTE (CARTAGENA DE INDIAS - BOLÍVAR),2020,4,10.187,3.321,47.04,jueves,2020-04-16 19:45:00,912.0
18,CAQUETÁ,18150,CARTAGENA DEL CHAIRÁ,18150001,REMOLINO DEL CAGUÁN (CARTAGENA DEL CHAIRA - CAQUETÁ),2020,4,12.198,5.968,77.82,sábado,2020-04-04 18:45:00,642.0
18,CAQUETÁ,18753,SAN VICENTE DEL CAGUÁN,18753002,GUACAMAYAS (SAN VICENTE DEL CAGUÁN - CAQUETÁ),2020,4,10.927,4.55,36.41,sábado,2020-04-25 19:15:00,1709.0
18,CAQUETÁ,18753,SAN VICENTE DEL CAGUÁN,18753009,PUERTO BETANIA (SAN VICENTE DEL CAGUÁN - CAQUETÁ),2020,4,3.885,1.597,37.56,domingo,2020-04-12 19:00:00,425.0
85,CASANARE,85430,TRINIDAD,85430001,BOCAS DEL PAUTO (TRINIDAD - CASANARE),2020,4,10.384,5.856,96.9,viernes,2020-04-17 18:30:00,442.0
19,CAUCA,19418,LÓPEZ DE MICAY,19418038,ISLA DE GALLO (LÓPEZ DE MICAY - CAUCA),2020,4,3.156,1.054,25.73,martes,2020-04-14 19:00:00,507.0
19,CAUCA,19418,LÓPEZ DE MICAY,19418019,ZARAGOZA (LOPEZ DE MICAY - CAUCA),2020,4,9.095,3.814,58.4,sábado,2020-04-11 21:00:00,728.0
19,CAUCA,19809,TIMBIQUÍ,19809014,CHACÓN (TIMBIQUÍ - CAUCA),2020,4,2.489,425.0,27.34,miércoles,2020-04-01 20:00:00,35.0
19,CAUCA,19809,TIMBIQUÍ,19809010,COMUNIDAD DE CHETE (TIMBIQUÍ - CAUCA),2020,4,5.447,1.571,42.21,viernes,2020-04-17 19:15:00,506.0
19,CAUCA,19809,TIMBIQUÍ,19809003,COTEJE (TIMBIQUÍ - CAUCA),2020,4,5.83,3.283,34.48,sábado,2020-04-18 18:45:00,638.0
19,CAUCA,19809,TIMBIQUÍ,19809023,PUERTO SAIJA (TIMBIQUÍ - CAUCA),2020,4,20.086,6.495,159.46,sábado,2020-04-11 19:00:00,447.0
19,CAUCA,19809,TIMBIQUÍ,19809007,SAN JOSÉ (TIMBIQUÍ - CAUCA),2020,4,5.811,3.451,46.13,jueves,2020-04-16 19:15:00,504.0
19,CAUCA,19809,TIMBIQUÍ,19809008,SANTA MARÍA (TIMBIQUÍ - CAUCA),2020,4,9.753,3.284,77.38,miércoles,2020-04-08 19:45:00,511.0
27,CHOCÓ,27006,ACANDÍ,27006000,ACANDÍ (ACANDÍ - CHOCÓ),2020,4,401.367,179.263,954.8,jueves,2020-04-30 21:15:00,1822.0
27,CHOCÓ,27006,ACANDÍ,27006003,CAPURGANÁ (ACANDÍ - CHOCO),2020,4,212.215,91.815,470.27,lunes,2020-04-27 22:00:00,1906.0
27,CHOCÓ,27075,BAHÍA SOLANO (MUTIS),27075000,CIUDAD MUTIS (BAHÍA SOLANO - CHOCÓ),2020,4,543.46,213.836,1034.44,sábado,2020-04-04 19:15:00,2359.0
27,CHOCÓ,27075,BAHÍA SOLANO (MUTIS),27075001,CUPICA (BAHÍA SOLANO - CHOCÓ),2020,4,56.596,22.456,134.18,miércoles,2020-04-22 19:30:00,2347.0
27,CHOCÓ,27075,BAHÍA SOLANO (MUTIS),27075002,EL VALLE (BAHÍA SOLANO - CHOCÓ),2020,4,137.435,60.116,302.02,viernes,2020-04-03 19:00:00,2355.0
27,CHOCÓ,27077,BAJO BAUDÓ (PIZARRO),27077000,PIZARRO (BAJO BAUDÓ (PIZARRO) - CHOCÓ),2020,4,188.972,86.448,402.86,lunes,2020-04-20 19:30:00,2235.0
27,CHOCÓ,27099,BOJAYÁ (BELLAVISTA),27099000,BELLAVISTA (BOJAYÁ (BELLAVISTA) - CHOCÓ),2020,4,77.252,29.13,216.13,miércoles,2020-04-22 19:30:00,16.0
27,CHOCÓ,27099,BOJAYÁ (BELLAVISTA),27099002,LA LOMA DE BOJAYÁ (BOJAYÁ (BELLAVISTA) - CHOCÓ),2020,4,12.637,5.003,73.6,martes,2020-04-14 18:45:00,756.0
27,CHOCÓ,27099,BOJAYÁ (BELLAVISTA),27099005,NAPIPÍ (BOJAYÁ (BELLAVISTA) - CHOCÓ),2020,4,9.75,2.342,64.0,sábado,2020-04-11 20:15:00,602.0
27,CHOCÓ,27099,BOJAYÁ (BELLAVISTA),27099008,PUERTO CONTO (BOJAYÁ (BELLAVISTA) - CHOCO),2020,4,6.144,1.567,48.0,lunes,2020-04-20 19:00:00,503.0
27,CHOCÓ,27250,EL LITORAL DEL SAN JUAN,27250000,SANTA GENOVEVA DE DOCORDÓ (EL LITORAL DEL SAN JUAN - CHOCÓ),2020,4,35.046,17.76,163.94,lunes,2020-04-20 19:30:00,1049.0
27,CHOCÓ,27425,MEDIO ATRATO (BETÉ),27425000,BETÉ (MEDIO ATRATO (BETÉ) - CHOCÓ),2020,4,7.109,2.671,76.0,martes,2020-04-14 19:00:00,453.0
27,CHOCÓ,27495,NUQUÍ,27495001,ARUSÍ (NUQUÍ - CHOCO),2020,4,10.079,3.967,51.2,miércoles,2020-04-22 19:00:00,802.0
27,CHOCÓ,27495,NUQUÍ,27495912,COMUNIDAD INDÍGENA DE PANGUÍ - EL YUCAL (NUQUÍ - CHOCÓ),2020,4,3.676,1.17,11.3,lunes,2020-04-13 15:30:00,1818.0
27,CHOCÓ,27495,NUQUÍ,27495000,NUQUÍ (NUQUÍ - CHOCÓ),2020,4,222.28,71.008,464.64,martes,2020-04-28 19:15:00,24.0
27,CHOCÓ,27001,QUIBDÓ,27001029,TAGACHI (QUIBDÓ - CHOCÓ),2020,4,3.386,733.0,52.22,sábado,2020-04-11 19:45:00,238.0
27,CHOCÓ,27745,SIPÍ,27745000,SIPÍ (SIPÍ - CHOCO),2020,4,11.009,3.069,74.8,jueves,2020-04-30 19:15:00,551.0
27,CHOCÓ,27800,UNGUÍA,27800001,BALBOA (UNGUÍA - CHOCÓ),2020,4,15.223,6.318,74.24,sábado,2020-04-18 19:15:00,815.0
27,CHOCÓ,27800,UNGUÍA,27800005,TITUMATE (UNGUÍA - CHOCÓ),2020,4,8.868,3.169,66.62,lunes,2020-04-13 19:45:00,521.0
27,CHOCÓ,27800,UNGUÍA,27800000,UNGUÍA (UNGUÍA - CHOCÓ),2020,4,255.627,92.448,770.88,sábado,2020-04-25 20:30:00,1607.0
94,GUAINÍA,94343,BARRANCOMINAS,94343000,BARRANCOMINAS (BARRANCOMINAS - GUAINÍA),2020,4,36.593,12.68,159.63,sábado,2020-04-25 18:45:00,1018.0
94,GUAINÍA,94001,INÍRIDA,94001000,INÍRIDA (INÍRIDA - GUAINÍA),2020,4,,504.667,2740.32,jueves,2020-04-16 14:30:00,24.0
95,GUAVIARE,95200,MIRAFLORES,95200000,MIRAFLORES (MIRAFLORES - GUAVIARE),2020,4,76.385,26.715,192.72,jueves,2020-04-16 18:30:00,1842.0
44,LA GUAJIRA,44847,URIBIA,44847012,NAZARETH (URIBIA - LA GUAJIRA),2020,4,27.348,11.383,243.12,jueves,2020-04-16 19:15:00,518.0
47,MAGDALENA,47189,CIÉNAGA,47189018,PALMOR (CIÉNAGA - MAGDALENA),2020,4,81.023,28.009,169.6,miércoles,2020-04-08 19:00:00,2304.0
50,META,50325,MAPIRIPÁN,50325000,MAPIRIPÁN (MAPIRIPÁN - META),2020,4,127.291,51.428,261.36,jueves,2020-04-30 19:00:00,2338.0
52,NARIÑO,52250,EL CHARCO,52250023,BAZÁN (EL CHARCO - NARIÑO),2020,4,19.032,10.726,110.4,jueves,2020-04-30 21:00:00,706.0
52,NARIÑO,52250,EL CHARCO,52250003,BOLÍVAR - SAN PEDRO (EL CHARCO - NARIÑO),2020,4,4.411,3.293,22.21,miércoles,2020-04-08 19:45:00,745.0
52,NARIÑO,52250,EL CHARCO,52250007,SAN JOSÉ DEL TAPAJE (EL CHARCO - NARIÑO),2020,4,16.41,3.622,104.0,martes,2020-04-14 19:30:00,709.0
52,NARIÑO,52390,LA TOLA,52390013,AMÁRALES (LA TOLA - NARIÑO),2020,4,9.766,2.117,68.7,miércoles,2020-04-08 19:00:00,613.0
52,NARIÑO,52390,LA TOLA,52390003,LA VIGÍA DE LA MAR (LA TOLA - NARIÑO),2020,4,6.428,2.565,34.04,martes,2020-04-07 00:30:00,754.0
52,NARIÑO,52390,LA TOLA,52390009,MULATOS (LA TOLA - NARIÑO),2020,4,3.932,2.249,38.5,lunes,2020-04-20 17:45:00,547.0
52,NARIÑO,52390,LA TOLA,52390016,SAN PABLO DEL MAR (LA TOLA - NARIÑO),2020,4,4.908,1.168,30.85,domingo,2020-04-05 19:00:00,633.0
52,NARIÑO,52490,OLAYA HERRERA,52490913,BOCA DE PRIETA (OLAYA HERRERA - NARIÑO),2020,4,4.257,853.0,22.68,lunes,2020-04-13 19:00:00,71.0
52,NARIÑO,52490,OLAYA HERRERA,52490008,SAN JOSÉ CALABAZAL (OLAYA HERRERA - NARIÑO),2020,4,6.747,2.047,45.65,miércoles,2020-04-08 19:15:00,554.0
52,NARIÑO,52835,SAN ANDRÉS DE TUMACO,52835055,BOCAS DE CURAY (TUMACO - NARIÑO),2020,4,7.703,1.303,57.6,miércoles,2020-04-08 19:15:00,606.0
52,NARIÑO,52835,SAN ANDRÉS DE TUMACO,52835016,PITAL DE LA COSTA (TUMACO - NARIÑO),2020,4,18.75,10.714,92.0,domingo,2020-04-19 19:45:00,844.0
52,NARIÑO,52835,SAN ANDRÉS DE TUMACO,52835212,PUEBLO NUEVO (TABLÓN SALADO) (TUMACO - NARIÑO),2020,4,2.976,1.064,17.95,viernes,2020-04-03 19:00:00,659.0
52,NARIÑO,52835,SAN ANDRÉS DE TUMACO,52835217,SAN JUAN DE LA COSTA (SAN ANDRÉS DE TUMACO - NARIÑO),2020,4,32.742,27.695,147.2,lunes,2020-04-27 18:45:00,1012.0
52,NARIÑO,52696,SANTA BÁRBARA (ISCUANDÉ),52696014,LA ENSENADA (SANTA BÁRBARA (ISCUANDÉ) - NARIÑO),2020,4,3.919,5.273,25.92,sábado,2020-04-18 19:30:00,553.0
52,NARIÑO,52696,SANTA BÁRBARA (ISCUANDÉ),52696017,SANTA RITA (SANTA BARBARA (ISCUANDÉ) - NARIÑO),2020,4,8.035,4.377,38.2,jueves,2020-04-30 19:15:00,841.0
86,PUTUMAYO,86573,PUERTO LEGUÍZAMO,86573009,PIÑUÑA NEGRO (PUERTO LEGUÍZAMO - PUTUMAYO),2020,4,2.734,1.311,22.4,domingo,2020-04-26 20:45:00,508.0
86,PUTUMAYO,86573,PUERTO LEGUÍZAMO,86573000,PUERTO LEGUÍZAMO (PUERTO LEGUÍZAMO - PUTUMAYO),2020,4,833.519,267.292,1680.01,martes,2020-04-14 15:30:00,24.0
76,VALLE DEL CAUCA,76109,BUENAVENTURA,76109028,PUERTO MERIZALDE (BUENAVENTURA - VALLE DEL CAUCA),2020,4,42.249,12.924,287.94,jueves,2020-04-30 18:15:00,628.0
76,VALLE DEL CAUCA,76109,BUENAVENTURA,76109032,SAN FRANCISCO NAYA (BUENAVENTURA - VALLE DEL CAUCA),2020,4,5.113,3.96,35.58,sábado,2020-04-18 18:15:00,557.0
97,VAUPÉS,97161,CARURÚ,97161000,CARURÚ (CARURÚ - VAUPÉS),2020,4,21.995,7.588,90.64,jueves,2020-04-16 18:45:00,1217.0
97,VAUPÉS,97001,MITÚ,97001000,MITÚ (MITÚ - VAUPÉS),2020,4,,348.708,2594.28,martes,2020-04-14 23:45:00,2359.0
97,VAUPÉS,97666,TARAIRA,97666000,TARAIRA (TARAIRA - VAUPÉS),2020,4,21.427,6.856,122.58,jueves,2020-04-16 00:30:00,757.0
99,VICHADA,99773,CUMARIBO,99773000,CUMARIBO (CUMARIBO - VICHADA),2020,4,236.561,102.642,550.0,lunes,2020-04-27 13:15:00,2029.0
99,VICHADA,99524,LA PRIMAVERA,99524000,LA PRIMAVERA (LA PRIMAVERA - VICHADA),2020,4,320.306,163.912,662.82,lunes,2020-04-27 18:45:00,2351.0
99,VICHADA,99001,PUERTO CARREÑO,99001002,CASUARITO (PUERTO CARREÑO - VICHADA),2020,4,24.497,13.891,125.14,lunes,2020-04-27 19:45:00,824.0
99,VICHADA,99001,PUERTO CARREÑO,99001000,PUERTO CARREÑO (PUERTO CARREÑO - VICHADA),2020,4,,712.643,4172.08,lunes,2020-04-27 21:45:00,2359.0
99,VICHADA,99624,SANTA ROSALÍA,99624000,SANTA ROSALÍA (SANTA ROSALÍA - VICHADA),2020,4,132.805,69.588,317.33,lunes,2020-04-27 19:45:00,1959.0
91,AMAZONAS,91001,LETICIA,91001000,LETICIA (LETICIA - AMAZONAS),2020,5,,,5829.55,lunes,2020-05-11 18:30:00,852.0
91,AMAZONAS,91540,PUERTO NARIÑO,91540000,PUERTO NARIÑO (PUERTO NARIÑO - AMAZONAS),2020,5,87.291,29.943,197.3,lunes,2020-05-11 18:45:00,24.0
91,AMAZONAS,91798,TARAPACÁ (ANM),91798000,TARAPACÁ (TARAPACÁ (ANM) - AMAZONAS),2020,5,21.59,8.699,83.14,viernes,2020-05-01 18:45:00,1015.0
5,ANTIOQUIA,5873,VIGÍA DEL FUERTE,5873002,VEGÁEZ (VIGÍA DEL FUERTE - ANTIOQUIA),2020,5,6.29,846.0,55.23,lunes,2020-05-04 18:00:00,627.0
5,ANTIOQUIA,5873,VIGÍA DEL FUERTE,5873000,VIGÍA DEL FUERTE (VIGÍA DEL FUERTE - ANTIOQUIA),2020,5,89.878,32.959,304.13,lunes,2020-05-18 13:15:00,1134.0
88,"ARCHIPIÉLAGO DE SAN ANDRÉS, PROVIDENCIA Y SANTA CATALINA",88564,PROVIDENCIA,88564000,PROVIDENCIA (PROVIDENCIA - ARCHIPIÉLAGO DE SAN ANDRÉS Y PROVIDENCIA),2020,5,989.193,332.232,1583.36,martes,2020-05-26 22:00:00,24.0
88,"ARCHIPIÉLAGO DE SAN ANDRÉS, PROVIDENCIA Y SANTA CATALINA",88001,SAN ANDRÉS,88001000,SAN ANDRÉS (SAN ANDRÉS - ARCHIPIÉLAGO DE SAN ANDRÉS Y PROVIDENCIA),2020,5,,,20091.52,martes,2020-05-26 23:30:00,24.0
13,BOLÍVAR,13001,CARTAGENA DE INDIAS,13001007,ISLA FUERTE (CARTAGENA DE INDIAS - BOLÍVAR),2020,5,12.198,6.757,120.64,martes,2020-05-26 15:45:00,358.0
13,BOLÍVAR,13001,CARTAGENA DE INDIAS,13001037,ISLA MÚCURA (CARTAGENA DE INDIAS - BOLÍVAR),2020,5,7.325,3.032,25.06,lunes,2020-05-25 21:30:00,1228.0
18,CAQUETÁ,18150,CARTAGENA DEL CHAIRÁ,18150001,REMOLINO DEL CAGUÁN (CARTAGENA DEL CHAIRA - CAQUETÁ),2020,5,14.773,7.473,74.74,jueves,2020-05-14 19:30:00,821.0
18,CAQUETÁ,18753,SAN VICENTE DEL CAGUÁN,18753009,PUERTO BETANIA (SAN VICENTE DEL CAGUÁN - CAQUETÁ),2020,5,4.388,1.763,41.2,sábado,2020-05-23 20:00:00,456.0
85,CASANARE,85430,TRINIDAD,85430001,BOCAS DEL PAUTO (TRINIDAD - CASANARE),2020,5,13.855,7.993,93.12,sábado,2020-05-23 18:30:00,627.0
19,CAUCA,19418,LÓPEZ DE MICAY,19418038,ISLA DE GALLO (LÓPEZ DE MICAY - CAUCA),2020,5,3.648,1.191,27.3,miércoles,2020-05-13 19:30:00,537.0
19,CAUCA,19418,LÓPEZ DE MICAY,19418019,ZARAGOZA (LOPEZ DE MICAY - CAUCA),2020,5,8.99,3.802,55.39,domingo,2020-05-03 18:30:00,711.0
19,CAUCA,19809,TIMBIQUÍ,19809014,CHACÓN (TIMBIQUÍ - CAUCA),2020,5,3.194,511.0,24.77,lunes,2020-05-18 19:15:00,458.0
19,CAUCA,19809,TIMBIQUÍ,19809010,COMUNIDAD DE CHETE (TIMBIQUÍ - CAUCA),2020,5,6.822,1.993,41.86,miércoles,2020-05-06 18:45:00,629.0
19,CAUCA,19809,TIMBIQUÍ,19809003,COTEJE (TIMBIQUÍ - CAUCA),2020,5,6.713,3.756,34.52,viernes,2020-05-08 19:45:00,718.0
19,CAUCA,19809,TIMBIQUÍ,19809023,PUERTO SAIJA (TIMBIQUÍ - CAUCA),2020,5,26.67,9.025,187.09,miércoles,2020-05-06 19:30:00,622.0
19,CAUCA,19809,TIMBIQUÍ,19809007,SAN JOSÉ (TIMBIQUÍ - CAUCA),2020,5,6.603,4.117,44.42,miércoles,2020-05-27 18:45:00,532.0
19,CAUCA,19809,TIMBIQUÍ,19809008,SANTA MARÍA (TIMBIQUÍ - CAUCA),2020,5,12.512,4.555,80.06,martes,2020-05-26 18:45:00,629.0
27,CHOCÓ,27006,ACANDÍ,27006000,ACANDÍ (ACANDÍ - CHOCÓ),2020,5,437.454,187.343,1043.68,jueves,2020-05-28 21:30:00,1814.0
27,CHOCÓ,27006,ACANDÍ,27006003,CAPURGANÁ (ACANDÍ - CHOCO),2020,5,220.933,93.698,482.59,sábado,2020-05-02 22:00:00,1907.0
27,CHOCÓ,27025,ALTO BAUDÓ (PIE DE PATO),27025000,CIUDAD BAUDÓ - PIE DE PATO (ALTO BAUDÓ - CHOCÓ),2020,5,43.107,12.292,130.15,jueves,2020-05-21 19:15:00,1513.0
27,CHOCÓ,27075,BAHÍA SOLANO (MUTIS),27075000,CIUDAD MUTIS (BAHÍA SOLANO - CHOCÓ),2020,5,599.459,246.004,1100.0,jueves,2020-05-07 19:45:00,2358.0
27,CHOCÓ,27075,BAHÍA SOLANO (MUTIS),27075001,CUPICA (BAHÍA SOLANO - CHOCÓ),2020,5,61.108,24.351,132.36,miércoles,2020-05-13 19:00:00,2306.0
27,CHOCÓ,27075,BAHÍA SOLANO (MUTIS),27075002,EL VALLE (BAHÍA SOLANO - CHOCÓ),2020,5,139.418,59.727,296.47,sábado,2020-05-09 19:00:00,2337.0
27,CHOCÓ,27077,BAJO BAUDÓ (PIZARRO),27077000,PIZARRO (BAJO BAUDÓ (PIZARRO) - CHOCÓ),2020,5,196.794,90.691,411.31,lunes,2020-05-04 19:15:00,2239.0
27,CHOCÓ,27099,BOJAYÁ (BELLAVISTA),27099000,BELLAVISTA (BOJAYÁ (BELLAVISTA) - CHOCÓ),2020,5,83.271,31.079,237.21,martes,2020-05-26 18:45:00,1602.0
27,CHOCÓ,27099,BOJAYÁ (BELLAVISTA),27099002,LA LOMA DE BOJAYÁ (BOJAYÁ (BELLAVISTA) - CHOCÓ),2020,5,12.586,5.065,70.4,lunes,2020-05-25 19:00:00,815.0
27,CHOCÓ,27099,BOJAYÁ (BELLAVISTA),27099005,NAPIPÍ (BOJAYÁ (BELLAVISTA) - CHOCÓ),2020,5,7.77,2.033,60.8,viernes,2020-05-22 19:45:00,455.0
27,CHOCÓ,27250,EL LITORAL DEL SAN JUAN,27250000,SANTA GENOVEVA DE DOCORDÓ (EL LITORAL DEL SAN JUAN - CHOCÓ),2020,5,61.706,31.729,153.25,sábado,2020-05-23 19:15:00,1622.0
27,CHOCÓ,27425,MEDIO ATRATO (BETÉ),27425000,BETÉ (MEDIO ATRATO (BETÉ) - CHOCÓ),2020,5,12.887,5.49,68.0,lunes,2020-05-04 19:45:00,1011.0
27,CHOCÓ,27425,MEDIO ATRATO (BETÉ),27425008,SAN ROQUE (MEDIO ATRATO (BETÉ) - CHOCÓ),2020,5,2.801,542.0,29.62,domingo,2020-05-31 19:30:00,348.0
27,CHOCÓ,27495,NUQUÍ,27495001,ARUSÍ (NUQUÍ - CHOCO),2020,5,10.291,4.08,52.8,miércoles,2020-05-06 18:30:00,8.0
27,CHOCÓ,27495,NUQUÍ,27495912,COMUNIDAD INDÍGENA DE PANGUÍ - EL YUCAL (NUQUÍ - CHOCÓ),2020,5,6.546,1.603,11.33,sábado,2020-05-30 18:15:00,2134.0
27,CHOCÓ,27495,NUQUÍ,27495000,NUQUÍ (NUQUÍ - CHOCÓ),2020,5,222.546,71.853,467.1,miércoles,2020-05-13 19:30:00,2156.0
27,CHOCÓ,27001,QUIBDÓ,27001029,TAGACHI (QUIBDÓ - CHOCÓ),2020,5,6.205,1.363,53.4,sábado,2020-05-02 20:15:00,434.0
27,CHOCÓ,27745,SIPÍ,27745000,SIPÍ (SIPÍ - CHOCO),2020,5,10.45,2.798,79.2,lunes,2020-05-25 19:00:00,521.0
27,CHOCÓ,27800,UNGUÍA,27800001,BALBOA (UNGUÍA - CHOCÓ),2020,5,15.548,6.334,75.07,viernes,2020-05-22 20:00:00,805.0
27,CHOCÓ,27800,UNGUÍA,27800005,TITUMATE (UNGUÍA - CHOCÓ),2020,5,10.671,3.799,65.74,domingo,2020-05-24 20:00:00,63.0
27,CHOCÓ,27800,UNGUÍA,27800000,UNGUÍA (UNGUÍA - CHOCÓ),2020,5,270.445,94.747,797.72,lunes,2020-05-25 20:45:00,1612.0
94,GUAINÍA,94343,BARRANCOMINAS,94343000,BARRANCOMINAS (BARRANCOMINAS - GUAINÍA),2020,5,36.573,11.609,144.0,miércoles,2020-05-20 18:30:00,1004.0
94,GUAINÍA,94001,INÍRIDA,94001000,INÍRIDA (INÍRIDA - GUAINÍA),2020,5,,488.07,2706.0,jueves,2020-05-21 14:30:00,24.0
95,GUAVIARE,95200,MIRAFLORES,95200000,MIRAFLORES (MIRAFLORES - GUAVIARE),2020,5,77.588,26.796,186.12,viernes,2020-05-29 18:15:00,1857.0
44,LA GUAJIRA,44847,URIBIA,44847012,NAZARETH (URIBIA - LA GUAJIRA),2020,5,27.489,11.593,240.24,martes,2020-05-12 19:00:00,536.0
47,MAGDALENA,47189,CIÉNAGA,47189018,PALMOR (CIÉNAGA - MAGDALENA),2020,5,51.375,19.515,159.87,sábado,2020-05-02 19:00:00,1517.0
50,META,50325,MAPIRIPÁN,50325000,MAPIRIPÁN (MAPIRIPÁN - META),2020,5,134.889,55.455,261.8,lunes,2020-05-11 19:00:00,235.0
52,NARIÑO,52250,EL CHARCO,52250023,BAZÁN (EL CHARCO - NARIÑO),2020,5,19.902,12.779,110.4,viernes,2020-05-22 19:30:00,704.0
52,NARIÑO,52250,EL CHARCO,52250007,SAN JOSÉ DEL TAPAJE (EL CHARCO - NARIÑO),2020,5,16.35,3.784,96.0,miércoles,2020-05-06 20:00:00,715.0
52,NARIÑO,52390,LA TOLA,52390013,AMÁRALES (LA TOLA - NARIÑO),2020,5,9.895,2.162,64.29,jueves,2020-05-07 19:45:00,63.0
52,NARIÑO,52390,LA TOLA,52390003,LA VIGÍA DE LA MAR (LA TOLA - NARIÑO),2020,5,6.305,2.716,33.6,miércoles,2020-05-06 19:00:00,739.0
52,NARIÑO,52490,OLAYA HERRERA,52490913,BOCA DE PRIETA (OLAYA HERRERA - NARIÑO),2020,5,4.208,764.0,21.65,lunes,2020-05-11 18:45:00,709.0
52,NARIÑO,52490,OLAYA HERRERA,52490008,SAN JOSÉ CALABAZAL (OLAYA HERRERA - NARIÑO),2020,5,6.378,2.088,43.97,lunes,2020-05-11 18:30:00,521.0
52,NARIÑO,52835,SAN ANDRÉS DE TUMACO,52835055,BOCAS DE CURAY (TUMACO - NARIÑO),2020,5,8.89,1.549,52.8,domingo,2020-05-03 23:15:00,705.0
52,NARIÑO,52835,SAN ANDRÉS DE TUMACO,52835016,PITAL DE LA COSTA (TUMACO - NARIÑO),2020,5,14.058,8.041,84.0,jueves,2020-05-14 19:00:00,706.0
52,NARIÑO,52835,SAN ANDRÉS DE TUMACO,52835212,PUEBLO NUEVO (TABLÓN SALADO) (TUMACO - NARIÑO),2020,5,3.771,1.381,18.56,jueves,2020-05-07 18:30:00,854.0
52,NARIÑO,52835,SAN ANDRÉS DE TUMACO,52835217,SAN JUAN DE LA COSTA (SAN ANDRÉS DE TUMACO - NARIÑO),2020,5,32.946,27.958,150.4,viernes,2020-05-15 19:00:00,1017.0
52,NARIÑO,52696,SANTA BÁRBARA (ISCUANDÉ),52696014,LA ENSENADA (SANTA BÁRBARA (ISCUANDÉ) - NARIÑO),2020,5,3.882,5.491,24.83,lunes,2020-05-04 19:00:00,558.0
52,NARIÑO,52696,SANTA BÁRBARA (ISCUANDÉ),52696017,SANTA RITA (SANTA BARBARA (ISCUANDÉ) - NARIÑO),2020,5,6.954,3.632,37.96,viernes,2020-05-15 20:00:00,709.0
86,PUTUMAYO,86573,PUERTO LEGUÍZAMO,86573009,PIÑUÑA NEGRO (PUERTO LEGUÍZAMO - PUTUMAYO),2020,5,2.729,1.322,22.4,domingo,2020-05-31 21:15:00,507.0
86,PUTUMAYO,86573,PUERTO LEGUÍZAMO,86573000,PUERTO LEGUÍZAMO (PUERTO LEGUÍZAMO - PUTUMAYO),2020,5,831.672,271.979,1600.63,jueves,2020-05-28 15:00:00,24.0
76,VALLE DEL CAUCA,76109,BUENAVENTURA,76109032,SAN FRANCISCO NAYA (BUENAVENTURA - VALLE DEL CAUCA),2020,5,5.744,3.439,32.06,sábado,2020-05-09 19:00:00,718.0
97,VAUPÉS,97161,CARURÚ,97161000,CARURÚ (CARURÚ - VAUPÉS),2020,5,19.31,6.265,73.3,sábado,2020-05-09 18:45:00,1207.0
97,VAUPÉS,97001,MITÚ,97001000,MITÚ (MITÚ - VAUPÉS),2020,5,,363.933,2658.32,martes,2020-05-12 00:00:00,24.0
97,VAUPÉS,97666,TARAIRA,97666000,TARAIRA (TARAIRA - VAUPÉS),2020,5,25.837,8.139,108.77,viernes,2020-05-01 13:00:00,94.0
99,VICHADA,99773,CUMARIBO,99773000,CUMARIBO (CUMARIBO - VICHADA),2020,5,238.166,103.616,556.16,martes,2020-05-12 13:15:00,2023.0
99,VICHADA,99524,LA PRIMAVERA,99524000,LA PRIMAVERA (LA PRIMAVERA - VICHADA),2020,5,329.807,163.079,675.94,martes,2020-05-19 18:30:00,2329.0
99,VICHADA,99001,PUERTO CARREÑO,99001002,CASUARITO (PUERTO CARREÑO - VICHADA),2020,5,25.27,14.477,123.2,martes,2020-05-12 19:45:00,852.0
99,VICHADA,99001,PUERTO CARREÑO,99001000,PUERTO CARREÑO (PUERTO CARREÑO - VICHADA),2020,5,,740.233,4274.16,martes,2020-05-12 20:45:00,24.0
91,AMAZONAS,91001,LETICIA,91001000,LETICIA (LETICIA - AMAZONAS),2020,6,,,6030.04,miércoles,2020-06-24 18:15:00,24.0
91,AMAZONAS,91540,PUERTO NARIÑO,91540000,PUERTO NARIÑO (PUERTO NARIÑO - AMAZONAS),2020,6,78.493,29.097,177.76,martes,2020-06-23 18:30:00,24.0
91,AMAZONAS,91798,TARAPACÁ (ANM),91798000,TARAPACÁ (TARAPACÁ (ANM) - AMAZONAS),2020,6,21.01,8.908,84.14,miércoles,2020-06-10 18:45:00,358.0
5,ANTIOQUIA,5873,VIGÍA DEL FUERTE,5873002,VEGÁEZ (VIGÍA DEL FUERTE - ANTIOQUIA),2020,6,5.923,722.0,46.5,jueves,2020-06-18 21:00:00,1228.0
88,"ARCHIPIÉLAGO DE SAN ANDRÉS, PROVIDENCIA Y SANTA CATALINA",88564,PROVIDENCIA,88564000,PROVIDENCIA (PROVIDENCIA - ARCHIPIÉLAGO DE SAN ANDRÉS Y PROVIDENCIA),2020,6,933.652,309.808,1585.37,lunes,2020-06-08 22:45:00,821.0
88,"ARCHIPIÉLAGO DE SAN ANDRÉS, PROVIDENCIA Y SANTA CATALINA",88001,SAN ANDRÉS,88001000,SAN ANDRÉS (SAN ANDRÉS - ARCHIPIÉLAGO DE SAN ANDRÉS Y PROVIDENCIA),2020,6,,,20659.63,lunes,2020-06-08 23:30:00,456.0
13,BOLÍVAR,13001,CARTAGENA DE INDIAS,13001007,ISLA FUERTE (CARTAGENA DE INDIAS - BOLÍVAR),2020,6,12.267,6.863,120.72,martes,2020-06-16 14:30:00,627.0
13,BOLÍVAR,13001,CARTAGENA DE INDIAS,13001037,ISLA MÚCURA (CARTAGENA DE INDIAS - BOLÍVAR),2020,6,7.21,2.949,23.14,domingo,2020-06-07 20:30:00,537.0
18,CAQUETÁ,18150,CARTAGENA DEL CHAIRÁ,18150001,REMOLINO DEL CAGUÁN (CARTAGENA DEL CHAIRA - CAQUETÁ),2020,6,13.591,6.778,74.41,sábado,2020-06-13 19:00:00,309.0
18,CAQUETÁ,18753,SAN VICENTE DEL CAGUÁN,18753002,GUACAMAYAS (SAN VICENTE DEL CAGUÁN - CAQUETÁ),2020,6,2.236,846.0,36.6,sábado,2020-06-27 20:00:00,526.0
18,CAQUETÁ,18753,SAN VICENTE DEL CAGUÁN,18753009,PUERTO BETANIA (SAN VICENTE DEL CAGUÁN - CAQUETÁ),2020,6,4.664,1.944,38.96,jueves,2020-06-25 19:30:00,711.0
85,CASANARE,85430,TRINIDAD,85430001,BOCAS DEL PAUTO (TRINIDAD - CASANARE),2020,6,9.236,5.212,87.42,lunes,2020-06-01 18:30:00,458.0
19,CAUCA,19418,LÓPEZ DE MICAY,19418038,ISLA DE GALLO (LÓPEZ DE MICAY - CAUCA),2020,6,3.463,1.191,24.96,viernes,2020-06-19 18:30:00,629.0
19,CAUCA,19418,LÓPEZ DE MICAY,19418019,ZARAGOZA (LOPEZ DE MICAY - CAUCA),2020,6,7.756,3.427,48.83,domingo,2020-06-21 20:30:00,718.0
19,CAUCA,19809,TIMBIQUÍ,19809014,CHACÓN (TIMBIQUÍ - CAUCA),2020,6,3.453,615.0,25.31,jueves,2020-06-11 19:30:00,306.0
19,CAUCA,19809,TIMBIQUÍ,19809010,COMUNIDAD DE CHETE (TIMBIQUÍ - CAUCA),2020,6,6.797,2.029,40.64,domingo,2020-06-07 19:45:00,622.0
19,CAUCA,19809,TIMBIQUÍ,19809003,COTEJE (TIMBIQUÍ - CAUCA),2020,6,6.029,3.486,33.16,martes,2020-06-23 19:15:00,532.0
19,CAUCA,19809,TIMBIQUÍ,19809023,PUERTO SAIJA (TIMBIQUÍ - CAUCA),2020,6,27.081,9.553,164.38,lunes,2020-06-22 19:15:00,629.0
19,CAUCA,19809,TIMBIQUÍ,19809007,SAN JOSÉ (TIMBIQUÍ - CAUCA),2020,6,7.795,4.715,45.72,sábado,2020-06-27 19:15:00,1814.0
19,CAUCA,19809,TIMBIQUÍ,19809008,SANTA MARÍA (TIMBIQUÍ - CAUCA),2020,6,11.476,4.268,75.2,viernes,2020-06-26 19:00:00,1907.0
27,CHOCÓ,27006,ACANDÍ,27006000,ACANDÍ (ACANDÍ - CHOCÓ),2020,6,406.862,180.889,1006.72,martes,2020-06-09 20:45:00,1513.0
27,CHOCÓ,27025,ALTO BAUDÓ (PIE DE PATO),27025000,CIUDAD BAUDÓ - PIE DE PATO (ALTO BAUDÓ - CHOCÓ),2020,6,24.52,7.004,126.02,viernes,2020-06-05 18:45:00,2358.0
27,CHOCÓ,27075,BAHÍA SOLANO (MUTIS),27075000,CIUDAD MUTIS (BAHÍA SOLANO - CHOCÓ),2020,6,567.225,227.852,1066.56,miércoles,2020-06-17 19:15:00,2306.0
27,CHOCÓ,27075,BAHÍA SOLANO (MUTIS),27075001,CUPICA (BAHÍA SOLANO - CHOCÓ),2020,6,56.575,23.748,123.88,sábado,2020-06-06 19:30:00,2337.0
27,CHOCÓ,27075,BAHÍA SOLANO (MUTIS),27075002,EL VALLE (BAHÍA SOLANO - CHOCÓ),2020,6,132.657,56.987,295.15,jueves,2020-06-18 19:30:00,2239.0
27,CHOCÓ,27077,BAJO BAUDÓ (PIZARRO),27077000,PIZARRO (BAJO BAUDÓ (PIZARRO) - CHOCÓ),2020,6,179.367,83.558,374.88,lunes,2020-06-08 19:30:00,1602.0
27,CHOCÓ,27099,BOJAYÁ (BELLAVISTA),27099000,BELLAVISTA (BOJAYÁ (BELLAVISTA) - CHOCÓ),2020,6,62.232,23.38,214.31,jueves,2020-06-18 19:30:00,815.0
27,CHOCÓ,27099,BOJAYÁ (BELLAVISTA),27099002,LA LOMA DE BOJAYÁ (BOJAYÁ (BELLAVISTA) - CHOCÓ),2020,6,10.97,4.317,67.2,lunes,2020-06-08 19:00:00,455.0
27,CHOCÓ,27099,BOJAYÁ (BELLAVISTA),27099005,NAPIPÍ (BOJAYÁ (BELLAVISTA) - CHOCÓ),2020,6,9.297,2.378,60.8,sábado,2020-06-27 19:30:00,24.0
27,CHOCÓ,27250,EL LITORAL DEL SAN JUAN,27250000,SANTA GENOVEVA DE DOCORDÓ (EL LITORAL DEL SAN JUAN - CHOCÓ),2020,6,57.867,29.566,162.1,lunes,2020-06-01 19:45:00,1622.0
27,CHOCÓ,27425,MEDIO ATRATO (BETÉ),27425000,BETÉ (MEDIO ATRATO (BETÉ) - CHOCÓ),2020,6,13.034,5.977,72.0,martes,2020-06-30 19:15:00,1011.0
27,CHOCÓ,27495,NUQUÍ,27495001,ARUSÍ (NUQUÍ - CHOCO),2020,6,9.66,3.706,51.2,lunes,2020-06-15 19:45:00,348.0
27,CHOCÓ,27495,NUQUÍ,27495000,NUQUÍ (NUQUÍ - CHOCÓ),2020,6,226.027,73.899,458.66,lunes,2020-06-08 19:15:00,8.0
27,CHOCÓ,27745,SIPÍ,27745000,SIPÍ (SIPÍ - CHOCO),2020,6,10.264,3.066,79.2,martes,2020-06-02 19:00:00,2134.0
27,CHOCÓ,27800,UNGUÍA,27800001,BALBOA (UNGUÍA - CHOCÓ),2020,6,15.36,6.198,79.4,sábado,2020-06-27 19:45:00,2156.0
27,CHOCÓ,27800,UNGUÍA,27800005,TITUMATE (UNGUÍA - CHOCÓ),2020,6,11.312,3.83,69.34,lunes,2020-06-08 19:30:00,434.0
27,CHOCÓ,27800,UNGUÍA,27800000,UNGUÍA (UNGUÍA - CHOCÓ),2020,6,278.054,96.75,844.8,lunes,2020-06-08 20:15:00,521.0
94,GUAINÍA,94343,BARRANCOMINAS,94343000,BARRANCOMINAS (BARRANCOMINAS - GUAINÍA),2020,6,37.614,13.589,160.62,viernes,2020-06-12 15:00:00,805.0
94,GUAINÍA,94001,INÍRIDA,94001000,INÍRIDA (INÍRIDA - GUAINÍA),2020,6,,468.211,2608.32,miércoles,2020-06-10 14:45:00,63.0
95,GUAVIARE,95200,MIRAFLORES,95200000,MIRAFLORES (MIRAFLORES - GUAVIARE),2020,6,74.017,25.832,190.08,lunes,2020-06-29 19:45:00,1612.0
44,LA GUAJIRA,44847,URIBIA,44847012,NAZARETH (URIBIA - LA GUAJIRA),2020,6,26.493,12.006,212.88,martes,2020-06-16 19:30:00,1004.0
47,MAGDALENA,47189,CIÉNAGA,47189018,PALMOR (CIÉNAGA - MAGDALENA),2020,6,67.761,29.907,129.22,jueves,2020-06-18 20:45:00,24.0
50,META,50325,MAPIRIPÁN,50325000,MAPIRIPÁN (MAPIRIPÁN - META),2020,6,129.916,54.282,271.04,martes,2020-06-09 18:45:00,1857.0
52,NARIÑO,52250,EL CHARCO,52250007,SAN JOSÉ DEL TAPAJE (EL CHARCO - NARIÑO),2020,6,16.652,3.626,88.0,lunes,2020-06-22 18:00:00,536.0
52,NARIÑO,52390,LA TOLA,52390013,AMÁRALES (LA TOLA - NARIÑO),2020,6,9.999,2.415,62.59,lunes,2020-06-01 18:45:00,1517.0
52,NARIÑO,52390,LA TOLA,52390003,LA VIGÍA DE LA MAR (LA TOLA - NARIÑO),2020,6,6.257,2.773,32.0,lunes,2020-06-15 00:30:00,235.0
52,NARIÑO,52390,LA TOLA,52390009,MULATOS (LA TOLA - NARIÑO),2020,6,4.015,2.119,35.78,miércoles,2020-06-03 18:45:00,704.0
52,NARIÑO,52490,OLAYA HERRERA,52490913,BOCA DE PRIETA (OLAYA HERRERA - NARIÑO),2020,6,4.797,962.0,23.66,miércoles,2020-06-10 17:00:00,715.0
52,NARIÑO,52490,OLAYA HERRERA,52490008,SAN JOSÉ CALABAZAL (OLAYA HERRERA - NARIÑO),2020,6,6.153,1.986,42.82,miércoles,2020-06-03 19:00:00,63.0
52,NARIÑO,52835,SAN ANDRÉS DE TUMACO,52835055,BOCAS DE CURAY (TUMACO - NARIÑO),2020,6,8.73,1.646,52.8,domingo,2020-06-28 00:00:00,739.0
52,NARIÑO,52835,SAN ANDRÉS DE TUMACO,52835012,CHAJAL (TUMACO - NARIÑO),2020,6,3.043,893.0,130.59,lunes,2020-06-01 19:00:00,614.0
52,NARIÑO,52835,SAN ANDRÉS DE TUMACO,52835016,PITAL DE LA COSTA (TUMACO - NARIÑO),2020,6,18.059,10.339,84.0,martes,2020-06-02 00:45:00,709.0
52,NARIÑO,52835,SAN ANDRÉS DE TUMACO,52835212,PUEBLO NUEVO (TABLÓN SALADO) (TUMACO - NARIÑO),2020,6,4.504,1.674,18.46,sábado,2020-06-06 19:00:00,521.0
52,NARIÑO,52835,SAN ANDRÉS DE TUMACO,52835217,SAN JUAN DE LA COSTA (SAN ANDRÉS DE TUMACO - NARIÑO),2020,6,29.442,23.809,150.4,jueves,2020-06-25 18:45:00,705.0
52,NARIÑO,52696,SANTA BÁRBARA (ISCUANDÉ),52696014,LA ENSENADA (SANTA BÁRBARA (ISCUANDÉ) - NARIÑO),2020,6,2.92,4.791,22.69,martes,2020-06-02 18:45:00,706.0
52,NARIÑO,52696,SANTA BÁRBARA (ISCUANDÉ),52696017,SANTA RITA (SANTA BARBARA (ISCUANDÉ) - NARIÑO),2020,6,5.143,2.77,36.92,lunes,2020-06-08 19:30:00,854.0
86,PUTUMAYO,86573,PUERTO LEGUÍZAMO,86573009,PIÑUÑA NEGRO (PUERTO LEGUÍZAMO - PUTUMAYO),2020,6,2.615,1.329,25.6,sábado,2020-06-06 20:45:00,1017.0
86,PUTUMAYO,86573,PUERTO LEGUÍZAMO,86573000,PUERTO LEGUÍZAMO (PUERTO LEGUÍZAMO - PUTUMAYO),2020,6,838.501,286.225,1757.18,miércoles,2020-06-10 23:00:00,558.0
76,VALLE DEL CAUCA,76109,BUENAVENTURA,76109028,PUERTO MERIZALDE (BUENAVENTURA - VALLE DEL CAUCA),2020,6,32.761,11.24,258.37,viernes,2020-06-19 19:30:00,709.0
76,VALLE DEL CAUCA,76109,BUENAVENTURA,76109032,SAN FRANCISCO NAYA (BUENAVENTURA - VALLE DEL CAUCA),2020,6,5.273,1.835,29.47,lunes,2020-06-15 19:30:00,507.0
97,VAUPÉS,97161,CARURÚ,97161000,CARURÚ (CARURÚ - VAUPÉS),2020,6,19.281,5.925,73.92,martes,2020-06-16 19:15:00,24.0
97,VAUPÉS,97001,MITÚ,97001000,MITÚ (MITÚ - VAUPÉS),2020,6,,352.911,2567.84,miércoles,2020-06-10 23:30:00,718.0
97,VAUPÉS,97666,TARAIRA,97666000,TARAIRA (TARAIRA - VAUPÉS),2020,6,26.263,8.362,114.66,viernes,2020-06-05 18:45:00,1207.0
99,VICHADA,99773,CUMARIBO,99773000,CUMARIBO (CUMARIBO - VICHADA),2020,6,227.599,100.665,519.2,viernes,2020-06-05 15:45:00,24.0
99,VICHADA,99524,LA PRIMAVERA,99524000,LA PRIMAVERA (LA PRIMAVERA - VICHADA),2020,6,307.214,152.062,634.87,miércoles,2020-06-03 19:30:00,94.0
99,VICHADA,99001,PUERTO CARREÑO,99001002,CASUARITO (PUERTO CARREÑO - VICHADA),2020,6,22.685,13.339,110.7,jueves,2020-06-25 20:00:00,2023.0
99,VICHADA,99001,PUERTO CARREÑO,99001000,PUERTO CARREÑO (PUERTO CARREÑO - VICHADA),2020,6,,684.594,4004.0,jueves,2020-06-04 14:30:00,2329.0
91,AMAZONAS,91001,LETICIA,91001000,LETICIA (LETICIA - AMAZONAS),2020,7,,,6272.19,martes,2020-07-21 14:30:00,24.0
91,AMAZONAS,91540,PUERTO NARIÑO,91540000,PUERTO NARIÑO (PUERTO NARIÑO - AMAZONAS),2020,7,92.361,34.983,190.08,lunes,2020-07-06 18:45:00,2356.0
91,AMAZONAS,91798,TARAPACÁ (ANM),91798000,TARAPACÁ (TARAPACÁ (ANM) - AMAZONAS),2020,7,21.229,9.269,79.65,martes,2020-07-14 18:30:00,1015.0
5,ANTIOQUIA,5873,VIGÍA DEL FUERTE,5873001,SAN ANTONIO DE PADUA (VIGÍA DEL FUERTE - ANTIOQUIA),2020,7,4.317,1.607,33.73,sábado,2020-07-04 19:30:00,53.0
5,ANTIOQUIA,5873,VIGÍA DEL FUERTE,5873002,VEGÁEZ (VIGÍA DEL FUERTE - ANTIOQUIA),2020,7,5.657,707.0,42.08,domingo,2020-07-05 18:15:00,625.0
5,ANTIOQUIA,5873,VIGÍA DEL FUERTE,5873000,VIGÍA DEL FUERTE (VIGÍA DEL FUERTE - ANTIOQUIA),2020,7,98.335,35.002,277.02,jueves,2020-07-16 13:30:00,1334.0
88,"ARCHIPIÉLAGO DE SAN ANDRÉS, PROVIDENCIA Y SANTA CATALINA",88564,PROVIDENCIA,88564000,PROVIDENCIA (PROVIDENCIA - ARCHIPIÉLAGO DE SAN ANDRÉS Y PROVIDENCIA),2020,7,989.81,329.264,1598.84,martes,2020-07-21 14:45:00,24.0
88,"ARCHIPIÉLAGO DE SAN ANDRÉS, PROVIDENCIA Y SANTA CATALINA",88001,SAN ANDRÉS,88001000,SAN ANDRÉS (SAN ANDRÉS - ARCHIPIÉLAGO DE SAN ANDRÉS Y PROVIDENCIA),2020,7,,,20321.35,viernes,2020-07-31 15:15:00,24.0
13,BOLÍVAR,13001,CARTAGENA DE INDIAS,13001007,ISLA FUERTE (CARTAGENA DE INDIAS - BOLÍVAR),2020,7,13.415,7.284,123.21,viernes,2020-07-17 14:15:00,429.0
13,BOLÍVAR,13001,CARTAGENA DE INDIAS,13001037,ISLA MÚCURA (CARTAGENA DE INDIAS - BOLÍVAR),2020,7,7.576,3.263,23.76,lunes,2020-07-13 22:00:00,1319.0
18,CAQUETÁ,18150,CARTAGENA DEL CHAIRÁ,18150001,REMOLINO DEL CAGUÁN (CARTAGENA DEL CHAIRA - CAQUETÁ),2020,7,15.268,7.834,78.07,sábado,2020-07-18 19:45:00,81.0
18,CAQUETÁ,18753,SAN VICENTE DEL CAGUÁN,18753002,GUACAMAYAS (SAN VICENTE DEL CAGUÁN - CAQUETÁ),2020,7,11.366,4.808,37.56,sábado,2020-07-18 19:15:00,1754.0
18,CAQUETÁ,18753,SAN VICENTE DEL CAGUÁN,18753009,PUERTO BETANIA (SAN VICENTE DEL CAGUÁN - CAQUETÁ),2020,7,4.823,1.912,42.04,sábado,2020-07-25 19:00:00,51.0
85,CASANARE,85430,TRINIDAD,85430001,BOCAS DEL PAUTO (TRINIDAD - CASANARE),2020,7,12.341,7.19,88.19,jueves,2020-07-02 18:30:00,559.0
19,CAUCA,19418,LÓPEZ DE MICAY,19418038,ISLA DE GALLO (LÓPEZ DE MICAY - CAUCA),2020,7,3.077,1.059,23.17,sábado,2020-07-25 19:15:00,509.0
19,CAUCA,19418,LÓPEZ DE MICAY,19418019,ZARAGOZA (LOPEZ DE MICAY - CAUCA),2020,7,9.159,4.007,53.25,domingo,2020-07-19 19:30:00,734.0
19,CAUCA,19809,TIMBIQUÍ,19809014,CHACÓN (TIMBIQUÍ - CAUCA),2020,7,3.782,677.0,25.73,lunes,2020-07-27 20:00:00,542.0
19,CAUCA,19809,TIMBIQUÍ,19809010,COMUNIDAD DE CHETE (TIMBIQUÍ - CAUCA),2020,7,5.552,1.629,42.85,viernes,2020-07-31 19:15:00,522.0
19,CAUCA,19809,TIMBIQUÍ,19809003,COTEJE (TIMBIQUÍ - CAUCA),2020,7,6.571,3.869,32.88,sábado,2020-07-04 19:00:00,73.0
19,CAUCA,19809,TIMBIQUÍ,19809023,PUERTO SAIJA (TIMBIQUÍ - CAUCA),2020,7,17.267,6.008,159.46,viernes,2020-07-31 18:45:00,405.0
19,CAUCA,19809,TIMBIQUÍ,19809007,SAN JOSÉ (TIMBIQUÍ - CAUCA),2020,7,7.591,4.519,45.77,lunes,2020-07-06 18:45:00,606.0
19,CAUCA,19809,TIMBIQUÍ,19809008,SANTA MARÍA (TIMBIQUÍ - CAUCA),2020,7,13.196,4.908,76.54,martes,2020-07-07 19:00:00,709.0
27,CHOCÓ,27006,ACANDÍ,27006000,ACANDÍ (ACANDÍ - CHOCÓ),2020,7,521.827,233.034,982.96,viernes,2020-07-03 20:45:00,2354.0
27,CHOCÓ,27025,ALTO BAUDÓ (PIE DE PATO),27025000,CIUDAD BAUDÓ - PIE DE PATO (ALTO BAUDÓ - CHOCÓ),2020,7,22.622,6.463,132.26,miércoles,2020-07-08 19:15:00,845.0
27,CHOCÓ,27075,BAHÍA SOLANO (MUTIS),27075000,CIUDAD MUTIS (BAHÍA SOLANO - CHOCÓ),2020,7,579.334,228.102,1071.4,miércoles,2020-07-15 19:30:00,24.0
27,CHOCÓ,27075,BAHÍA SOLANO (MUTIS),27075001,CUPICA (BAHÍA SOLANO - CHOCÓ),2020,7,55.762,20.068,131.52,miércoles,2020-07-15 19:30:00,2236.0
27,CHOCÓ,27075,BAHÍA SOLANO (MUTIS),27075002,EL VALLE (BAHÍA SOLANO - CHOCÓ),2020,7,139.206,59.401,303.07,jueves,2020-07-16 19:00:00,234.0
27,CHOCÓ,27077,BAJO BAUDÓ (PIZARRO),27077000,PIZARRO (BAJO BAUDÓ (PIZARRO) - CHOCÓ),2020,7,182.828,87.127,379.63,viernes,2020-07-31 19:45:00,2233.0
27,CHOCÓ,27099,BOJAYÁ (BELLAVISTA),27099000,BELLAVISTA (BOJAYÁ (BELLAVISTA) - CHOCÓ),2020,7,71.934,26.976,236.38,martes,2020-07-07 19:00:00,1357.0
27,CHOCÓ,27099,BOJAYÁ (BELLAVISTA),27099002,LA LOMA DE BOJAYÁ (BOJAYÁ (BELLAVISTA) - CHOCÓ),2020,7,12.064,5.006,64.0,jueves,2020-07-16 19:45:00,812.0
27,CHOCÓ,27099,BOJAYÁ (BELLAVISTA),27099005,NAPIPÍ (BOJAYÁ (BELLAVISTA) - CHOCÓ),2020,7,8.735,2.327,60.8,viernes,2020-07-31 19:30:00,53.0
27,CHOCÓ,27250,EL LITORAL DEL SAN JUAN,27250000,SANTA GENOVEVA DE DOCORDÓ (EL LITORAL DEL SAN JUAN - CHOCÓ),2020,7,64.138,32.453,162.49,miércoles,2020-07-15 20:00:00,173.0
27,CHOCÓ,27425,MEDIO ATRATO (BETÉ),27425000,BETÉ (MEDIO ATRATO (BETÉ) - CHOCÓ),2020,7,15.454,6.948,76.0,viernes,2020-07-31 20:00:00,952.0
27,CHOCÓ,27495,NUQUÍ,27495001,ARUSÍ (NUQUÍ - CHOCO),2020,7,4.681,1.793,48.0,sábado,2020-07-11 19:00:00,4.0
27,CHOCÓ,27745,SIPÍ,27745000,SIPÍ (SIPÍ - CHOCO),2020,7,10.668,3.496,74.8,viernes,2020-07-31 19:00:00,534.0
27,CHOCÓ,27800,UNGUÍA,27800001,BALBOA (UNGUÍA - CHOCÓ),2020,7,15.297,6.107,73.16,jueves,2020-07-09 20:00:00,806.0
27,CHOCÓ,27800,UNGUÍA,27800005,TITUMATE (UNGUÍA - CHOCÓ),2020,7,8.548,3.04,74.54,jueves,2020-07-30 20:00:00,447.0
27,CHOCÓ,27800,UNGUÍA,27800000,UNGUÍA (UNGUÍA - CHOCÓ),2020,7,278.471,96.856,843.04,jueves,2020-07-09 20:30:00,161.0
94,GUAINÍA,94343,BARRANCOMINAS,94343000,BARRANCOMINAS (BARRANCOMINAS - GUAINÍA),2020,7,39.122,13.768,165.61,martes,2020-07-28 18:30:00,913.0
94,GUAINÍA,94001,INÍRIDA,94001000,INÍRIDA (INÍRIDA - GUAINÍA),2020,7,,473.315,2622.4,miércoles,2020-07-08 15:00:00,24.0
44,LA GUAJIRA,44847,URIBIA,44847012,NAZARETH (URIBIA - LA GUAJIRA),2020,7,33.784,14.332,248.16,miércoles,2020-07-22 19:30:00,706.0
47,MAGDALENA,47189,CIÉNAGA,47189018,PALMOR (CIÉNAGA - MAGDALENA),2020,7,67.986,27.601,133.18,viernes,2020-07-31 20:45:00,2155.0
50,META,50325,MAPIRIPÁN,50325000,MAPIRIPÁN (MAPIRIPÁN - META),2020,7,133.594,56.665,290.84,miércoles,2020-07-29 18:45:00,2346.0
52,NARIÑO,52250,EL CHARCO,52250023,BAZÁN (EL CHARCO - NARIÑO),2020,7,22.109,11.464,110.4,viernes,2020-07-31 20:45:00,807.0
52,NARIÑO,52250,EL CHARCO,52250003,BOLÍVAR - SAN PEDRO (EL CHARCO - NARIÑO),2020,7,5.405,3.671,26.59,jueves,2020-07-02 19:30:00,833.0
52,NARIÑO,52250,EL CHARCO,52250022,EL CUIL PUEBLO NUEVO (EL CHARCO - NARIÑO),2020,7,6.266,2.263,34.44,domingo,2020-07-19 18:30:00,646.0
52,NARIÑO,52250,EL CHARCO,52250007,SAN JOSÉ DEL TAPAJE (EL CHARCO - NARIÑO),2020,7,16.272,2.832,88.0,sábado,2020-07-25 19:15:00,802.0
52,NARIÑO,52390,LA TOLA,52390013,AMÁRALES (LA TOLA - NARIÑO),2020,7,10.729,2.845,61.6,jueves,2020-07-23 20:15:00,707.0
52,NARIÑO,52390,LA TOLA,52390003,LA VIGÍA DE LA MAR (LA TOLA - NARIÑO),2020,7,5.675,2.941,31.64,sábado,2020-07-05 00:15:00,714.0
52,NARIÑO,52390,LA TOLA,52390009,MULATOS (LA TOLA - NARIÑO),2020,7,4.074,2.264,34.21,miércoles,2020-07-29 18:30:00,615.0
52,NARIÑO,52490,OLAYA HERRERA,52490913,BOCA DE PRIETA (OLAYA HERRERA - NARIÑO),2020,7,5.05,1.092,22.92,jueves,2020-07-30 19:15:00,818.0
52,NARIÑO,52490,OLAYA HERRERA,52490008,SAN JOSÉ CALABAZAL (OLAYA HERRERA - NARIÑO),2020,7,6.286,1.954,43.42,martes,2020-07-28 18:45:00,527.0
52,NARIÑO,52835,SAN ANDRÉS DE TUMACO,52835055,BOCAS DE CURAY (TUMACO - NARIÑO),2020,7,8.847,2.086,52.8,domingo,2020-07-20 00:15:00,706.0
52,NARIÑO,52835,SAN ANDRÉS DE TUMACO,52835012,CHAJAL (TUMACO - NARIÑO),2020,7,25.809,7.906,130.42,viernes,2020-07-31 19:00:00,756.0
52,NARIÑO,52835,SAN ANDRÉS DE TUMACO,52835016,PITAL DE LA COSTA (TUMACO - NARIÑO),2020,7,17.568,10.259,80.0,viernes,2020-07-03 18:45:00,921.0
52,NARIÑO,52835,SAN ANDRÉS DE TUMACO,52835212,PUEBLO NUEVO (TABLÓN SALADO) (TUMACO - NARIÑO),2020,7,2.764,1.098,17.47,domingo,2020-07-12 23:15:00,728.0
52,NARIÑO,52835,SAN ANDRÉS DE TUMACO,52835217,SAN JUAN DE LA COSTA (SAN ANDRÉS DE TUMACO - NARIÑO),2020,7,28.968,23.021,153.6,miércoles,2020-07-01 19:15:00,822.0
52,NARIÑO,52835,SAN ANDRÉS DE TUMACO,52835091,SANTA ROSA (TUMACO - NARIÑO),2020,7,3.673,1.158,29.63,jueves,2020-07-09 19:15:00,455.0
52,NARIÑO,52835,SAN ANDRÉS DE TUMACO,52835148,TABLÓN DULCE LA PAMPA (TUMACO - NARIÑO),2020,7,3.167,848.0,27.1,sábado,2020-07-11 18:45:00,443.0
52,NARIÑO,52696,SANTA BÁRBARA (ISCUANDÉ),52696014,LA ENSENADA (SANTA BÁRBARA (ISCUANDÉ) - NARIÑO),2020,7,3.364,5.398,21.92,jueves,2020-07-16 20:45:00,6.0
52,NARIÑO,52696,SANTA BÁRBARA (ISCUANDÉ),52696017,SANTA RITA (SANTA BARBARA (ISCUANDÉ) - NARIÑO),2020,7,5.519,2.949,35.08,domingo,2020-07-19 19:30:00,609.0
86,PUTUMAYO,86573,PUERTO LEGUÍZAMO,86573009,PIÑUÑA NEGRO (PUERTO LEGUÍZAMO - PUTUMAYO),2020,7,2.726,1.454,22.4,martes,2020-07-28 19:45:00,505.0
86,PUTUMAYO,86573,PUERTO LEGUÍZAMO,86573000,PUERTO LEGUÍZAMO (PUERTO LEGUÍZAMO - PUTUMAYO),2020,7,845.329,292.491,1718.11,miércoles,2020-07-08 15:00:00,2354.0
76,VALLE DEL CAUCA,76109,BUENAVENTURA,76109028,PUERTO MERIZALDE (BUENAVENTURA - VALLE DEL CAUCA),2020,7,44.492,19.028,253.79,sábado,2020-07-18 19:15:00,636.0
76,VALLE DEL CAUCA,76109,BUENAVENTURA,76109032,SAN FRANCISCO NAYA (BUENAVENTURA - VALLE DEL CAUCA),2020,7,5.655,2.882,30.75,lunes,2020-07-28 00:00:00,737.0
97,VAUPÉS,97161,CARURÚ,97161000,CARURÚ (CARURÚ - VAUPÉS),2020,7,12.288,3.513,72.42,miércoles,2020-07-01 19:00:00,88.0
97,VAUPÉS,97001,MITÚ,97001000,MITÚ (MITÚ - VAUPÉS),2020,7,,362.343,2502.94,viernes,2020-07-31 23:45:00,24.0
97,VAUPÉS,97666,TARAIRA,97666000,TARAIRA (TARAIRA - VAUPÉS),2020,7,26.779,8.627,112.29,martes,2020-07-07 18:15:00,94.0
99,VICHADA,99773,CUMARIBO,99773000,CUMARIBO (CUMARIBO - VICHADA),2020,7,259.183,119.897,527.12,jueves,2020-07-16 15:00:00,2351.0
99,VICHADA,99524,LA PRIMAVERA,99524000,LA PRIMAVERA (LA PRIMAVERA - VICHADA),2020,7,316.447,159.009,636.27,martes,2020-07-28 18:30:00,2359.0
99,VICHADA,99001,PUERTO CARREÑO,99001002,CASUARITO (PUERTO CARREÑO - VICHADA),2020,7,21.773,9.9,109.3,miércoles,2020-07-08 19:00:00,839.0
99,VICHADA,99001,PUERTO CARREÑO,99001000,PUERTO CARREÑO (PUERTO CARREÑO - VICHADA),2020,7,,696.152,3914.24,jueves,2020-07-09 20:45:00,24.0
99,VICHADA,99624,SANTA ROSALÍA,99624000,SANTA ROSALÍA (SANTA ROSALÍA - VICHADA),2020,7,114.319,57.609,327.36,lunes,2020-07-20 20:30:00,1549.0
91,AMAZONAS,91001,LETICIA,91001000,LETICIA (LETICIA - AMAZONAS),2020,8,,,7176.97,jueves,2020-08-20 15:15:00,24.0
91,AMAZONAS,91540,PUERTO NARIÑO,91540000,PUERTO NARIÑO (PUERTO NARIÑO - AMAZONAS),2020,8,98.69,38.477,205.74,domingo,2020-08-02 18:45:00,2349.0
91,AMAZONAS,91798,TARAPACÁ (ANM),91798000,TARAPACÁ (TARAPACÁ (ANM) - AMAZONAS),2020,8,21.748,9.352,82.81,lunes,2020-08-31 18:30:00,1015.0
5,ANTIOQUIA,5873,VIGÍA DEL FUERTE,5873001,SAN ANTONIO DE PADUA (VIGÍA DEL FUERTE - ANTIOQUIA),2020,8,3.999,1.456,32.51,jueves,2020-08-13 18:45:00,454.0
5,ANTIOQUIA,5873,VIGÍA DEL FUERTE,5873002,VEGÁEZ (VIGÍA DEL FUERTE - ANTIOQUIA),2020,8,2.993,503.0,39.42,lunes,2020-08-31 18:45:00,444.0
5,ANTIOQUIA,5873,VIGÍA DEL FUERTE,5873000,VIGÍA DEL FUERTE (VIGÍA DEL FUERTE - ANTIOQUIA),2020,8,92.842,23.194,277.38,martes,2020-08-04 19:45:00,1239.0
88,"ARCHIPIÉLAGO DE SAN ANDRÉS, PROVIDENCIA Y SANTA CATALINA",88564,PROVIDENCIA,88564000,PROVIDENCIA (PROVIDENCIA - ARCHIPIÉLAGO DE SAN ANDRÉS Y PROVIDENCIA),2020,8,995.872,326.604,1614.72,lunes,2020-08-31 14:30:00,24.0
88,"ARCHIPIÉLAGO DE SAN ANDRÉS, PROVIDENCIA Y SANTA CATALINA",88001,SAN ANDRÉS,88001000,SAN ANDRÉS (SAN ANDRÉS - ARCHIPIÉLAGO DE SAN ANDRÉS Y PROVIDENCIA),2020,8,,,19931.87,lunes,2020-08-31 15:15:00,24.0
13,BOLÍVAR,13001,CARTAGENA DE INDIAS,13001007,ISLA FUERTE (CARTAGENA DE INDIAS - BOLÍVAR),2020,8,13.446,7.402,115.32,jueves,2020-08-13 15:15:00,439.0
13,BOLÍVAR,13001,CARTAGENA DE INDIAS,13001037,ISLA MÚCURA (CARTAGENA DE INDIAS - BOLÍVAR),2020,8,7.358,3.146,23.52,martes,2020-08-11 22:00:00,1248.0
18,CAQUETÁ,18150,CARTAGENA DEL CHAIRÁ,18150001,REMOLINO DEL CAGUÁN (CARTAGENA DEL CHAIRA - CAQUETÁ),2020,8,15.847,7.998,81.23,sábado,2020-08-29 19:15:00,823.0
18,CAQUETÁ,18753,SAN VICENTE DEL CAGUÁN,18753002,GUACAMAYAS (SAN VICENTE DEL CAGUÁN - CAQUETÁ),2020,8,11.818,4.782,37.42,sábado,2020-08-22 19:15:00,1756.0
18,CAQUETÁ,18753,SAN VICENTE DEL CAGUÁN,18753009,PUERTO BETANIA (SAN VICENTE DEL CAGUÁN - CAQUETÁ),2020,8,4.832,1.919,50.56,martes,2020-08-18 19:00:00,512.0
85,CASANARE,85430,TRINIDAD,85430001,BOCAS DEL PAUTO (TRINIDAD - CASANARE),2020,8,7.889,4.496,95.23,jueves,2020-08-13 23:30:00,346.0
19,CAUCA,19318,GUAPI,19318008,LIMONES (GUAPI - CAUCA),2020,8,7.673,1.901,64.96,sábado,2020-08-15 21:30:00,444.0
19,CAUCA,19318,GUAPI,19318013,SAN ANTONIO DE GUAJUÍ (GUAPI - CAUCA),2020,8,6.968,2.096,60.08,martes,2020-08-25 19:15:00,422.0
19,CAUCA,19418,LÓPEZ DE MICAY,19418038,ISLA DE GALLO (LÓPEZ DE MICAY - CAUCA),2020,8,2.76,1.013,24.61,domingo,2020-08-09 19:30:00,434.0
19,CAUCA,19418,LÓPEZ DE MICAY,19418009,NOANAMITO (LÓPEZ DE MICAY - CAUCA),2020,8,7.421,2.657,48.0,jueves,2020-08-13 16:00:00,827.0
19,CAUCA,19418,LÓPEZ DE MICAY,19418012,SAN ANTONIO DE CHUARÉ (LÓPEZ DE MICAY - CAUCA),2020,8,9.538,2.938,53.86,lunes,2020-08-24 19:00:00,732.0
19,CAUCA,19418,LÓPEZ DE MICAY,19418019,ZARAGOZA (LOPEZ DE MICAY - CAUCA),2020,8,9.409,4.164,53.86,sábado,2020-08-22 19:15:00,736.0
19,CAUCA,19809,TIMBIQUÍ,19809010,COMUNIDAD DE CHETE (TIMBIQUÍ - CAUCA),2020,8,6.453,1.874,43.42,viernes,2020-08-21 19:15:00,534.0
19,CAUCA,19809,TIMBIQUÍ,19809003,COTEJE (TIMBIQUÍ - CAUCA),2020,8,6.472,3.828,33.04,domingo,2020-08-02 19:15:00,724.0
19,CAUCA,19809,TIMBIQUÍ,19809023,PUERTO SAIJA (TIMBIQUÍ - CAUCA),2020,8,30.048,10.061,165.79,jueves,2020-08-06 19:15:00,642.0
19,CAUCA,19809,TIMBIQUÍ,19809007,SAN JOSÉ (TIMBIQUÍ - CAUCA),2020,8,8.643,6.674,48.12,domingo,2020-08-09 19:15:00,655.0
19,CAUCA,19809,TIMBIQUÍ,19809008,SANTA MARÍA (TIMBIQUÍ - CAUCA),2020,8,14.731,5.656,73.66,sábado,2020-08-08 19:00:00,82.0
19,CAUCA,19809,TIMBIQUÍ,19809009,SANTA ROSA DE SAIJA (TIMBIQUÍ - CAUCA),2020,8,0.0,0.0,0.0,lunes,2020-08-31 23:45:00,0.0
27,CHOCÓ,27006,ACANDÍ,27006000,ACANDÍ (ACANDÍ - CHOCÓ),2020,8,517.824,228.515,968.88,miércoles,2020-08-12 21:00:00,2326.0
27,CHOCÓ,27025,ALTO BAUDÓ (PIE DE PATO),27025000,CIUDAD BAUDÓ - PIE DE PATO (ALTO BAUDÓ - CHOCÓ),2020,8,26.225,7.208,123.2,lunes,2020-08-03 19:30:00,1136.0
27,CHOCÓ,27075,BAHÍA SOLANO (MUTIS),27075000,CIUDAD MUTIS (BAHÍA SOLANO - CHOCÓ),2020,8,570.834,223.385,1072.72,sábado,2020-08-01 19:45:00,2352.0
27,CHOCÓ,27075,BAHÍA SOLANO (MUTIS),27075001,CUPICA (BAHÍA SOLANO - CHOCÓ),2020,8,46.126,16.054,144.49,jueves,2020-08-06 19:15:00,1806.0
27,CHOCÓ,27075,BAHÍA SOLANO (MUTIS),27075002,EL VALLE (BAHÍA SOLANO - CHOCÓ),2020,8,141.003,58.605,297.0,jueves,2020-08-06 19:15:00,2351.0
27,CHOCÓ,27077,BAJO BAUDÓ (PIZARRO),27077000,PIZARRO (BAJO BAUDÓ (PIZARRO) - CHOCÓ),2020,8,184.804,88.647,376.46,martes,2020-08-04 19:15:00,2233.0
27,CHOCÓ,27099,BOJAYÁ (BELLAVISTA),27099000,BELLAVISTA (BOJAYÁ (BELLAVISTA) - CHOCÓ),2020,8,94.135,34.964,220.61,lunes,2020-08-31 19:45:00,1928.0
27,CHOCÓ,27099,BOJAYÁ (BELLAVISTA),27099002,LA LOMA DE BOJAYÁ (BOJAYÁ (BELLAVISTA) - CHOCÓ),2020,8,11.931,5.367,60.8,sábado,2020-08-15 19:30:00,844.0
27,CHOCÓ,27099,BOJAYÁ (BELLAVISTA),27099005,NAPIPÍ (BOJAYÁ (BELLAVISTA) - CHOCÓ),2020,8,7.256,2.15,57.6,viernes,2020-08-07 21:15:00,507.0
27,CHOCÓ,27250,EL LITORAL DEL SAN JUAN,27250000,SANTA GENOVEVA DE DOCORDÓ (EL LITORAL DEL SAN JUAN - CHOCÓ),2020,8,66.687,33.353,161.44,viernes,2020-08-07 19:15:00,179.0
27,CHOCÓ,27425,MEDIO ATRATO (BETÉ),27425000,BETÉ (MEDIO ATRATO (BETÉ) - CHOCÓ),2020,8,13.147,6.028,76.0,viernes,2020-08-07 19:45:00,841.0
27,CHOCÓ,27495,NUQUÍ,27495001,ARUSÍ (NUQUÍ - CHOCO),2020,8,9.238,3.857,43.2,jueves,2020-08-27 19:00:00,839.0
27,CHOCÓ,27495,NUQUÍ,27495000,NUQUÍ (NUQUÍ - CHOCÓ),2020,8,234.894,75.532,460.42,jueves,2020-08-27 19:30:00,2355.0
27,CHOCÓ,27745,SIPÍ,27745000,SIPÍ (SIPÍ - CHOCO),2020,8,7.284,2.784,79.2,jueves,2020-08-13 19:30:00,353.0
27,CHOCÓ,27800,UNGUÍA,27800001,BALBOA (UNGUÍA - CHOCÓ),2020,8,16.135,6.501,77.24,sábado,2020-08-22 20:45:00,815.0
27,CHOCÓ,27800,UNGUÍA,27800005,TITUMATE (UNGUÍA - CHOCÓ),2020,8,11.457,5.261,76.12,sábado,2020-08-08 21:45:00,557.0
27,CHOCÓ,27800,UNGUÍA,27800000,UNGUÍA (UNGUÍA - CHOCÓ),2020,8,287.754,97.264,865.92,domingo,2020-08-09 20:30:00,1548.0
94,GUAINÍA,94343,BARRANCOMINAS,94343000,BARRANCOMINAS (BARRANCOMINAS - GUAINÍA),2020,8,37.478,13.338,175.92,sábado,2020-08-15 18:00:00,836.0
94,GUAINÍA,94001,INÍRIDA,94001000,INÍRIDA (INÍRIDA - GUAINÍA),2020,8,,476.468,2757.04,miércoles,2020-08-19 14:45:00,24.0
44,LA GUAJIRA,44847,URIBIA,44847012,NAZARETH (URIBIA - LA GUAJIRA),2020,8,43.263,21.057,252.48,lunes,2020-08-03 18:45:00,101.0
47,MAGDALENA,47189,CIÉNAGA,47189018,PALMOR (CIÉNAGA - MAGDALENA),2020,8,71.968,25.131,136.96,viernes,2020-08-14 21:15:00,237.0
50,META,50325,MAPIRIPÁN,50325000,MAPIRIPÁN (MAPIRIPÁN - META),2020,8,136.32,58.662,269.72,sábado,2020-08-15 18:30:00,2342.0
52,NARIÑO,52250,EL CHARCO,52250023,BAZÁN (EL CHARCO - NARIÑO),2020,8,22.566,11.552,105.6,sábado,2020-08-29 20:30:00,812.0
52,NARIÑO,52250,EL CHARCO,52250003,BOLÍVAR - SAN PEDRO (EL CHARCO - NARIÑO),2020,8,5.417,4.329,25.25,domingo,2020-08-16 18:45:00,838.0
52,NARIÑO,52250,EL CHARCO,52250022,EL CUIL PUEBLO NUEVO (EL CHARCO - NARIÑO),2020,8,5.25,1.928,33.82,sábado,2020-08-29 19:30:00,543.0
52,NARIÑO,52250,EL CHARCO,52250007,SAN JOSÉ DEL TAPAJE (EL CHARCO - NARIÑO),2020,8,15.41,2.26,88.0,viernes,2020-08-21 19:45:00,729.0
52,NARIÑO,52390,LA TOLA,52390013,AMÁRALES (LA TOLA - NARIÑO),2020,8,10.887,2.962,62.5,jueves,2020-08-13 19:00:00,715.0
52,NARIÑO,52390,LA TOLA,52390003,LA VIGÍA DE LA MAR (LA TOLA - NARIÑO),2020,8,6.231,3.462,30.2,domingo,2020-08-09 18:30:00,839.0
52,NARIÑO,52390,LA TOLA,52390009,MULATOS (LA TOLA - NARIÑO),2020,8,4.135,2.263,35.49,lunes,2020-08-31 18:30:00,618.0
52,NARIÑO,52390,LA TOLA,52390016,SAN PABLO DEL MAR (LA TOLA - NARIÑO),2020,8,4.903,1.182,27.71,sábado,2020-08-22 18:00:00,654.0
52,NARIÑO,52490,OLAYA HERRERA,52490913,BOCA DE PRIETA (OLAYA HERRERA - NARIÑO),2020,8,5.032,1.194,23.47,miércoles,2020-08-05 19:00:00,819.0
52,NARIÑO,52490,OLAYA HERRERA,52490008,SAN JOSÉ CALABAZAL (OLAYA HERRERA - NARIÑO),2020,8,5.292,1.658,46.99,jueves,2020-08-27 21:30:00,502.0
52,NARIÑO,52835,SAN ANDRÉS DE TUMACO,52835055,BOCAS DE CURAY (TUMACO - NARIÑO),2020,8,7.503,3.406,52.8,sábado,2020-08-08 18:15:00,601.0
52,NARIÑO,52835,SAN ANDRÉS DE TUMACO,52835012,CHAJAL (TUMACO - NARIÑO),2020,8,32.722,11.138,134.38,sábado,2020-08-29 19:30:00,928.0
52,NARIÑO,52835,SAN ANDRÉS DE TUMACO,52835016,PITAL DE LA COSTA (TUMACO - NARIÑO),2020,8,20.52,12.277,76.0,sábado,2020-08-29 00:45:00,117.0
52,NARIÑO,52835,SAN ANDRÉS DE TUMACO,52835212,PUEBLO NUEVO (TABLÓN SALADO) (TUMACO - NARIÑO),2020,8,2.479,1.055,17.89,domingo,2020-08-09 23:45:00,657.0
52,NARIÑO,52835,SAN ANDRÉS DE TUMACO,52835217,SAN JUAN DE LA COSTA (SAN ANDRÉS DE TUMACO - NARIÑO),2020,8,27.965,22.758,147.2,sábado,2020-08-08 19:00:00,816.0
52,NARIÑO,52835,SAN ANDRÉS DE TUMACO,52835091,SANTA ROSA (TUMACO - NARIÑO),2020,8,4.261,1.343,32.99,domingo,2020-08-30 22:15:00,537.0
52,NARIÑO,52835,SAN ANDRÉS DE TUMACO,52835148,TABLÓN DULCE LA PAMPA (TUMACO - NARIÑO),2020,8,3.504,999.0,26.72,domingo,2020-08-02 21:00:00,516.0
52,NARIÑO,52696,SANTA BÁRBARA (ISCUANDÉ),52696014,LA ENSENADA (SANTA BÁRBARA (ISCUANDÉ) - NARIÑO),2020,8,3.093,4.971,22.75,martes,2020-08-25 18:15:00,552.0
52,NARIÑO,52696,SANTA BÁRBARA (ISCUANDÉ),52696017,SANTA RITA (SANTA BARBARA (ISCUANDÉ) - NARIÑO),2020,8,5.617,3.029,34.72,miércoles,2020-08-05 20:45:00,63.0
86,PUTUMAYO,86573,PUERTO LEGUÍZAMO,86573009,PIÑUÑA NEGRO (PUERTO LEGUÍZAMO - PUTUMAYO),2020,8,2.963,1.67,22.4,domingo,2020-08-30 20:30:00,517.0
86,PUTUMAYO,86573,PUERTO LEGUÍZAMO,86573000,PUERTO LEGUÍZAMO (PUERTO LEGUÍZAMO - PUTUMAYO),2020,8,842.324,286.048,1699.02,miércoles,2020-08-19 14:15:00,2353.0
76,VALLE DEL CAUCA,76109,BUENAVENTURA,76109028,PUERTO MERIZALDE (BUENAVENTURA - VALLE DEL CAUCA),2020,8,52.583,19.942,252.38,viernes,2020-08-14 20:00:00,749.0
76,VALLE DEL CAUCA,76109,BUENAVENTURA,76109032,SAN FRANCISCO NAYA (BUENAVENTURA - VALLE DEL CAUCA),2020,8,6.476,5.285,31.36,sábado,2020-08-08 23:30:00,811.0
97,VAUPÉS,97161,CARURÚ,97161000,CARURÚ (CARURÚ - VAUPÉS),2020,8,18.904,5.664,74.89,miércoles,2020-08-12 19:00:00,1214.0
97,VAUPÉS,97001,MITÚ,97001000,MITÚ (MITÚ - VAUPÉS),2020,8,,362.823,2580.86,jueves,2020-08-20 23:45:00,2359.0
97,VAUPÉS,97666,TARAIRA,97666000,TARAIRA (TARAIRA - VAUPÉS),2020,8,26.801,8.817,119.24,viernes,2020-08-21 18:30:00,952.0
99,VICHADA,99773,CUMARIBO,99773000,CUMARIBO (CUMARIBO - VICHADA),2020,8,264.098,121.703,562.32,jueves,2020-08-20 23:30:00,2339.0
99,VICHADA,99524,LA PRIMAVERA,99524000,LA PRIMAVERA (LA PRIMAVERA - VICHADA),2020,8,334.401,163.769,656.19,miércoles,2020-08-19 19:15:00,2356.0
99,VICHADA,99001,PUERTO CARREÑO,99001002,CASUARITO (PUERTO CARREÑO - VICHADA),2020,8,21.54,8.139,107.54,jueves,2020-08-20 18:15:00,831.0
99,VICHADA,99001,PUERTO CARREÑO,99001000,PUERTO CARREÑO (PUERTO CARREÑO - VICHADA),2020,8,,688.483,3993.44,jueves,2020-08-20 20:30:00,24.0
99,VICHADA,99624,SANTA ROSALÍA,99624000,SANTA ROSALÍA (SANTA ROSALÍA - VICHADA),2020,8,119.355,61.254,324.67,jueves,2020-08-27 20:00:00,1624.0
91,AMAZONAS,91001,LETICIA,91001000,LETICIA (LETICIA - AMAZONAS),2020,9,,,7349.07,lunes,2020-09-14 14:30:00,24.0
91,AMAZONAS,91540,PUERTO NARIÑO,91540000,PUERTO NARIÑO (PUERTO NARIÑO - AMAZONAS),2020,9,100.247,38.233,211.2,jueves,2020-09-17 18:30:00,2359.0
91,AMAZONAS,91798,TARAPACÁ (ANM),91798000,TARAPACÁ (TARAPACÁ (ANM) - AMAZONAS),2020,9,22.846,9.724,87.46,viernes,2020-09-18 19:00:00,1018.0
5,ANTIOQUIA,5873,VIGÍA DEL FUERTE,5873001,SAN ANTONIO DE PADUA (VIGÍA DEL FUERTE - ANTIOQUIA),2020,9,3.516,1.303,30.91,lunes,2020-09-07 19:00:00,436.0
5,ANTIOQUIA,5873,VIGÍA DEL FUERTE,5873002,VEGÁEZ (VIGÍA DEL FUERTE - ANTIOQUIA),2020,9,5.574,814.0,40.42,martes,2020-09-01 18:30:00,727.0
5,ANTIOQUIA,5873,VIGÍA DEL FUERTE,5873000,VIGÍA DEL FUERTE (VIGÍA DEL FUERTE - ANTIOQUIA),2020,9,97.855,23.445,270.34,lunes,2020-09-07 13:30:00,1344.0
88,"ARCHIPIÉLAGO DE SAN ANDRÉS, PROVIDENCIA Y SANTA CATALINA",88564,PROVIDENCIA,88564000,PROVIDENCIA (PROVIDENCIA - ARCHIPIÉLAGO DE SAN ANDRÉS Y PROVIDENCIA),2020,9,995.867,326.403,1661.66,miércoles,2020-09-09 14:15:00,24.0
88,"ARCHIPIÉLAGO DE SAN ANDRÉS, PROVIDENCIA Y SANTA CATALINA",88001,SAN ANDRÉS,88001000,SAN ANDRÉS (SAN ANDRÉS - ARCHIPIÉLAGO DE SAN ANDRÉS Y PROVIDENCIA),2020,9,,,21531.9,martes,2020-09-22 14:45:00,24.0
13,BOLÍVAR,13001,CARTAGENA DE INDIAS,13001007,ISLA FUERTE (CARTAGENA DE INDIAS - BOLÍVAR),2020,9,14.954,8.365,129.12,domingo,2020-09-20 00:30:00,513.0
13,BOLÍVAR,13001,CARTAGENA DE INDIAS,13001037,ISLA MÚCURA (CARTAGENA DE INDIAS - BOLÍVAR),2020,9,6.292,2.502,21.6,viernes,2020-09-11 22:30:00,1229.0
18,CAQUETÁ,18150,CARTAGENA DEL CHAIRÁ,18150001,REMOLINO DEL CAGUÁN (CARTAGENA DEL CHAIRA - CAQUETÁ),2020,9,15.711,7.85,86.13,sábado,2020-09-26 19:45:00,814.0
18,CAQUETÁ,18753,SAN VICENTE DEL CAGUÁN,18753002,GUACAMAYAS (SAN VICENTE DEL CAGUÁN - CAQUETÁ),2020,9,11.538,4.721,36.34,viernes,2020-09-04 19:15:00,182.0
18,CAQUETÁ,18753,SAN VICENTE DEL CAGUÁN,18753009,PUERTO BETANIA (SAN VICENTE DEL CAGUÁN - CAQUETÁ),2020,9,5.108,1.962,41.6,sábado,2020-09-26 19:15:00,539.0
85,CASANARE,85430,TRINIDAD,85430001,BOCAS DEL PAUTO (TRINIDAD - CASANARE),2020,9,11.065,6.075,95.23,sábado,2020-09-12 18:30:00,516.0
19,CAUCA,19318,GUAPI,19318008,LIMONES (GUAPI - CAUCA),2020,9,8.62,2.316,66.68,sábado,2020-09-19 21:00:00,509.0
19,CAUCA,19318,GUAPI,19318013,SAN ANTONIO DE GUAJUÍ (GUAPI - CAUCA),2020,9,7.557,2.221,60.3,viernes,2020-09-18 19:45:00,457.0
19,CAUCA,19418,LÓPEZ DE MICAY,19418038,ISLA DE GALLO (LÓPEZ DE MICAY - CAUCA),2020,9,2.702,903.0,24.83,sábado,2020-09-12 20:15:00,431.0
19,CAUCA,19418,LÓPEZ DE MICAY,19418009,NOANAMITO (LÓPEZ DE MICAY - CAUCA),2020,9,7.165,2.753,44.0,lunes,2020-09-21 00:15:00,827.0
19,CAUCA,19418,LÓPEZ DE MICAY,19418012,SAN ANTONIO DE CHUARÉ (LÓPEZ DE MICAY - CAUCA),2020,9,9.249,2.948,55.9,lunes,2020-09-28 19:00:00,721.0
19,CAUCA,19418,LÓPEZ DE MICAY,19418019,ZARAGOZA (LOPEZ DE MICAY - CAUCA),2020,9,10.259,4.867,52.86,sábado,2020-09-19 18:45:00,908.0
19,CAUCA,19809,TIMBIQUÍ,19809010,COMUNIDAD DE CHETE (TIMBIQUÍ - CAUCA),2020,9,6.256,1.854,42.85,sábado,2020-09-12 20:15:00,553.0
19,CAUCA,19809,TIMBIQUÍ,19809003,COTEJE (TIMBIQUÍ - CAUCA),2020,9,7.097,4.126,34.32,sábado,2020-09-19 19:45:00,821.0
19,CAUCA,19809,TIMBIQUÍ,19809023,PUERTO SAIJA (TIMBIQUÍ - CAUCA),2020,9,30.537,10.417,165.62,martes,2020-09-01 18:45:00,714.0
19,CAUCA,19809,TIMBIQUÍ,19809007,SAN JOSÉ (TIMBIQUÍ - CAUCA),2020,9,9.095,5.522,43.9,sábado,2020-09-05 18:15:00,828.0
19,CAUCA,19809,TIMBIQUÍ,19809008,SANTA MARÍA (TIMBIQUÍ - CAUCA),2020,9,16.093,6.275,70.98,martes,2020-09-22 19:15:00,92.0
19,CAUCA,19809,TIMBIQUÍ,19809009,SANTA ROSA DE SAIJA (TIMBIQUÍ - CAUCA),2020,9,245.0,84.0,27.0,sábado,2020-09-05 19:15:00,28.0
27,CHOCÓ,27006,ACANDÍ,27006000,ACANDÍ (ACANDÍ - CHOCÓ),2020,9,507.105,224.735,976.8,jueves,2020-09-17 20:45:00,2258.0
27,CHOCÓ,27006,ACANDÍ,27006003,CAPURGANÁ (ACANDÍ - CHOCO),2020,9,211.904,87.863,456.54,lunes,2020-09-14 21:30:00,2015.0
27,CHOCÓ,27025,ALTO BAUDÓ (PIE DE PATO),27025000,CIUDAD BAUDÓ - PIE DE PATO (ALTO BAUDÓ - CHOCÓ),2020,9,47.394,12.433,117.13,martes,2020-09-01 19:00:00,2305.0
27,CHOCÓ,27075,BAHÍA SOLANO (MUTIS),27075000,CIUDAD MUTIS (BAHÍA SOLANO - CHOCÓ),2020,9,556.145,217.566,1092.08,jueves,2020-09-10 19:15:00,2357.0
27,CHOCÓ,27075,BAHÍA SOLANO (MUTIS),27075001,CUPICA (BAHÍA SOLANO - CHOCÓ),2020,9,45.855,17.649,160.62,miércoles,2020-09-02 19:15:00,1836.0
27,CHOCÓ,27075,BAHÍA SOLANO (MUTIS),27075002,EL VALLE (BAHÍA SOLANO - CHOCÓ),2020,9,134.075,57.707,301.75,jueves,2020-09-10 19:15:00,2342.0
27,CHOCÓ,27077,BAJO BAUDÓ (PIZARRO),27077000,PIZARRO (BAJO BAUDÓ (PIZARRO) - CHOCÓ),2020,9,180.481,87.647,373.3,jueves,2020-09-24 19:15:00,2247.0
27,CHOCÓ,27099,BOJAYÁ (BELLAVISTA),27099000,BELLAVISTA (BOJAYÁ (BELLAVISTA) - CHOCÓ),2020,9,91.8,34.142,217.29,lunes,2020-09-14 19:15:00,1918.0
27,CHOCÓ,27099,BOJAYÁ (BELLAVISTA),27099002,LA LOMA DE BOJAYÁ (BOJAYÁ (BELLAVISTA) - CHOCÓ),2020,9,11.602,5.129,64.0,lunes,2020-09-28 19:45:00,82.0
27,CHOCÓ,27099,BOJAYÁ (BELLAVISTA),27099005,NAPIPÍ (BOJAYÁ (BELLAVISTA) - CHOCÓ),2020,9,7.155,2.18,57.6,miércoles,2020-09-30 20:00:00,627.0
27,CHOCÓ,27250,EL LITORAL DEL SAN JUAN,27250000,SANTA GENOVEVA DE DOCORDÓ (EL LITORAL DEL SAN JUAN - CHOCÓ),2020,9,64.517,31.952,162.36,martes,2020-09-22 19:30:00,1653.0
27,CHOCÓ,27425,MEDIO ATRATO (BETÉ),27425000,BETÉ (MEDIO ATRATO (BETÉ) - CHOCÓ),2020,9,17.201,7.992,72.0,miércoles,2020-09-30 19:00:00,1112.0
27,CHOCÓ,27495,NUQUÍ,27495001,ARUSÍ (NUQUÍ - CHOCO),2020,9,10.038,4.026,46.4,sábado,2020-09-19 18:45:00,917.0
27,CHOCÓ,27495,NUQUÍ,27495000,NUQUÍ (NUQUÍ - CHOCÓ),2020,9,216.894,70.324,468.86,miércoles,2020-09-16 19:45:00,2337.0
27,CHOCÓ,27745,SIPÍ,27745000,SIPÍ (SIPÍ - CHOCO),2020,9,11.104,4.136,74.8,martes,2020-09-29 19:30:00,611.0
27,CHOCÓ,27800,UNGUÍA,27800001,BALBOA (UNGUÍA - CHOCÓ),2020,9,15.926,6.408,82.14,sábado,2020-09-05 19:45:00,803.0
27,CHOCÓ,27800,UNGUÍA,27800005,TITUMATE (UNGUÍA - CHOCÓ),2020,9,9.981,4.598,74.27,domingo,2020-09-13 19:15:00,526.0
27,CHOCÓ,27800,UNGUÍA,27800000,UNGUÍA (UNGUÍA - CHOCÓ),2020,9,281.462,97.391,856.68,jueves,2020-09-17 19:15:00,1604.0
94,GUAINÍA,94343,BARRANCOMINAS,94343000,BARRANCOMINAS (BARRANCOMINAS - GUAINÍA),2020,9,39.983,13.982,176.09,lunes,2020-09-21 18:00:00,917.0
94,GUAINÍA,94001,INÍRIDA,94001000,INÍRIDA (INÍRIDA - GUAINÍA),2020,9,,476.889,2881.12,martes,2020-09-22 14:30:00,24.0
44,LA GUAJIRA,44847,URIBIA,44847012,NAZARETH (URIBIA - LA GUAJIRA),2020,9,36.631,18.455,205.44,martes,2020-09-15 19:00:00,858.0
47,MAGDALENA,47189,CIÉNAGA,47189018,PALMOR (CIÉNAGA - MAGDALENA),2020,9,69.113,23.399,135.23,martes,2020-09-22 21:15:00,2214.0
50,META,50325,MAPIRIPÁN,50325000,MAPIRIPÁN (MAPIRIPÁN - META),2020,9,137.773,58.984,288.64,lunes,2020-09-21 18:45:00,2341.0
52,NARIÑO,52250,EL CHARCO,52250023,BAZÁN (EL CHARCO - NARIÑO),2020,9,17.407,8.826,105.6,viernes,2020-09-18 21:15:00,641.0
52,NARIÑO,52250,EL CHARCO,52250003,BOLÍVAR - SAN PEDRO (EL CHARCO - NARIÑO),2020,9,5.008,5.479,24.9,viernes,2020-09-18 20:00:00,82.0
52,NARIÑO,52250,EL CHARCO,52250022,EL CUIL PUEBLO NUEVO (EL CHARCO - NARIÑO),2020,9,4.85,1.86,34.27,domingo,2020-09-20 19:15:00,532.0
52,NARIÑO,52250,EL CHARCO,52250007,SAN JOSÉ DEL TAPAJE (EL CHARCO - NARIÑO),2020,9,14.272,1.656,80.0,lunes,2020-09-28 19:15:00,753.0
52,NARIÑO,52390,LA TOLA,52390013,AMÁRALES (LA TOLA - NARIÑO),2020,9,10.877,2.868,64.0,miércoles,2020-09-16 19:15:00,72.0
52,NARIÑO,52390,LA TOLA,52390003,LA VIGÍA DE LA MAR (LA TOLA - NARIÑO),2020,9,5.414,2.781,29.68,lunes,2020-09-28 18:30:00,735.0
52,NARIÑO,52390,LA TOLA,52390009,MULATOS (LA TOLA - NARIÑO),2020,9,3.847,1.876,36.67,jueves,2020-09-17 18:15:00,546.0
52,NARIÑO,52390,LA TOLA,52390016,SAN PABLO DEL MAR (LA TOLA - NARIÑO),2020,9,4.832,1.116,29.82,domingo,2020-09-27 19:30:00,654.0
52,NARIÑO,52490,OLAYA HERRERA,52490913,BOCA DE PRIETA (OLAYA HERRERA - NARIÑO),2020,9,3.11,766.0,22.15,jueves,2020-09-03 19:00:00,702.0
52,NARIÑO,52490,OLAYA HERRERA,52490008,SAN JOSÉ CALABAZAL (OLAYA HERRERA - NARIÑO),2020,9,4.564,1.851,45.38,viernes,2020-09-25 18:30:00,355.0
52,NARIÑO,52835,SAN ANDRÉS DE TUMACO,52835055,BOCAS DE CURAY (TUMACO - NARIÑO),2020,9,9.108,4.629,55.2,domingo,2020-09-27 23:45:00,709.0
52,NARIÑO,52835,SAN ANDRÉS DE TUMACO,52835012,CHAJAL (TUMACO - NARIÑO),2020,9,31.022,10.965,132.44,martes,2020-09-01 18:30:00,915.0
52,NARIÑO,52835,SAN ANDRÉS DE TUMACO,52835016,PITAL DE LA COSTA (TUMACO - NARIÑO),2020,9,18.101,10.808,80.0,lunes,2020-09-21 20:15:00,10.0
52,NARIÑO,52835,SAN ANDRÉS DE TUMACO,52835212,PUEBLO NUEVO (TABLÓN SALADO) (TUMACO - NARIÑO),2020,9,3.079,1.353,16.35,domingo,2020-09-20 23:30:00,836.0
91,AMAZONAS,91001,LETICIA,91001000,LETICIA,2026,1,,914.641,76532002.0,lunes,2026-01-19 15:00:00,2.4
52,NARIÑO,52835,SAN ANDRÉS DE TUMACO,52835217,SAN JUAN DE LA COSTA (SAN ANDRÉS DE TUMACO - NARIÑO),2020,9,29.057,11.726,147.2,miércoles,2020-09-09 18:45:00,932.0
52,NARIÑO,52835,SAN ANDRÉS DE TUMACO,52835091,SANTA ROSA (TUMACO - NARIÑO),2020,9,1.742,524.0,31.81,sábado,2020-09-05 19:15:00,218.0
52,NARIÑO,52835,SAN ANDRÉS DE TUMACO,52835148,TABLÓN DULCE LA PAMPA (TUMACO - NARIÑO),2020,9,4.507,1.45,26.43,martes,2020-09-08 18:30:00,705.0
52,NARIÑO,52696,SANTA BÁRBARA (ISCUANDÉ),52696014,LA ENSENADA (SANTA BÁRBARA (ISCUANDÉ) - NARIÑO),2020,9,3.089,4.149,19.1,miércoles,2020-09-30 19:45:00,63.0
52,NARIÑO,52696,SANTA BÁRBARA (ISCUANDÉ),52696017,SANTA RITA (SANTA BARBARA (ISCUANDÉ) - NARIÑO),2020,9,5.262,2.84,34.44,miércoles,2020-09-30 18:45:00,624.0
86,PUTUMAYO,86573,PUERTO LEGUÍZAMO,86573009,PIÑUÑA NEGRO (PUERTO LEGUÍZAMO - PUTUMAYO),2020,9,3.217,1.862,25.6,sábado,2020-09-26 20:15:00,542.0
86,PUTUMAYO,86573,PUERTO LEGUÍZAMO,86573000,PUERTO LEGUÍZAMO (PUERTO LEGUÍZAMO - PUTUMAYO),2020,9,854.209,296.67,1980.88,miércoles,2020-09-16 18:15:00,232.0
76,VALLE DEL CAUCA,76109,BUENAVENTURA,76109028,PUERTO MERIZALDE (BUENAVENTURA - VALLE DEL CAUCA),2020,9,51.724,18.368,257.31,martes,2020-09-22 19:45:00,748.0
76,VALLE DEL CAUCA,76109,BUENAVENTURA,76109032,SAN FRANCISCO NAYA (BUENAVENTURA - VALLE DEL CAUCA),2020,9,5.809,2.156,28.06,domingo,2020-09-27 23:45:00,819.0
97,VAUPÉS,97161,CARURÚ,97161000,CARURÚ (CARURÚ - VAUPÉS),2020,9,16.853,4.402,71.81,sábado,2020-09-12 19:45:00,115.0
97,VAUPÉS,97001,MITÚ,97001000,MITÚ (MITÚ - VAUPÉS),2020,9,,368.633,2619.01,viernes,2020-09-18 23:30:00,24.0
97,VAUPÉS,97666,TARAIRA,97666000,TARAIRA (TARAIRA - VAUPÉS),2020,9,17.89,5.788,116.34,martes,2020-09-08 18:45:00,638.0
99,VICHADA,99773,CUMARIBO,99773000,CUMARIBO (CUMARIBO - VICHADA),2020,9,281.345,125.681,589.16,martes,2020-09-22 14:30:00,2357.0
99,VICHADA,99524,LA PRIMAVERA,99524000,LA PRIMAVERA (LA PRIMAVERA - VICHADA),2020,9,329.378,157.321,658.33,lunes,2020-09-21 18:00:00,2355.0
99,VICHADA,99001,PUERTO CARREÑO,99001002,CASUARITO (PUERTO CARREÑO - VICHADA),2020,9,21.534,8.067,103.66,viernes,2020-09-04 19:15:00,849.0
99,VICHADA,99001,PUERTO CARREÑO,99001000,PUERTO CARREÑO (PUERTO CARREÑO - VICHADA),2020,9,,677.42,4026.0,lunes,2020-09-14 14:30:00,24.0
99,VICHADA,99624,SANTA ROSALÍA,99624000,SANTA ROSALÍA (SANTA ROSALÍA - VICHADA),2020,9,110.554,54.151,366.19,viernes,2020-09-11 19:00:00,1451.0
91,AMAZONAS,91540,PUERTO NARIÑO,91540000,PUERTO NARIÑO (PUERTO NARIÑO - AMAZONAS),2020,10,100.853,37.789,213.14,jueves,2020-10-29 18:30:00,2359.0
91,AMAZONAS,91798,TARAPACÁ (ANM),91798000,TARAPACÁ (TARAPACÁ (ANM) - AMAZONAS),2020,10,23.135,9.932,89.79,viernes,2020-10-30 18:30:00,1017.0
5,ANTIOQUIA,5873,VIGÍA DEL FUERTE,5873001,SAN ANTONIO DE PADUA (VIGÍA DEL FUERTE - ANTIOQUIA),2020,10,3.822,1.412,32.96,martes,2020-10-06 19:30:00,444.0
5,ANTIOQUIA,5873,VIGÍA DEL FUERTE,5873002,VEGÁEZ (VIGÍA DEL FUERTE - ANTIOQUIA),2020,10,5.788,746.0,35.01,viernes,2020-10-30 18:45:00,77.0
5,ANTIOQUIA,5873,VIGÍA DEL FUERTE,5873000,VIGÍA DEL FUERTE (VIGÍA DEL FUERTE - ANTIOQUIA),2020,10,81.968,20.015,288.29,lunes,2020-10-26 18:15:00,1046.0
13,BOLÍVAR,13001,CARTAGENA DE INDIAS,13001007,ISLA FUERTE (CARTAGENA DE INDIAS - BOLÍVAR),2020,10,15.351,8.508,118.81,viernes,2020-10-16 14:30:00,512.0
18,CAQUETÁ,18150,CARTAGENA DEL CHAIRÁ,18150001,REMOLINO DEL CAGUÁN (CARTAGENA DEL CHAIRA - CAQUETÁ),2020,10,15.819,7.68,86.71,sábado,2020-10-03 19:00:00,807.0
18,CAQUETÁ,18753,SAN VICENTE DEL CAGUÁN,18753002,GUACAMAYAS (SAN VICENTE DEL CAGUÁN - CAQUETÁ),2020,10,12.018,4.962,37.18,sábado,2020-10-10 19:45:00,1751.0
18,CAQUETÁ,18753,SAN VICENTE DEL CAGUÁN,18753009,PUERTO BETANIA (SAN VICENTE DEL CAGUÁN - CAQUETÁ),2020,10,5.015,1.873,41.2,domingo,2020-10-04 19:00:00,518.0
85,CASANARE,85430,TRINIDAD,85430001,BOCAS DEL PAUTO (TRINIDAD - CASANARE),2020,10,13.318,7.513,89.92,jueves,2020-10-01 18:30:00,621.0
19,CAUCA,19318,GUAPI,19318008,LIMONES (GUAPI - CAUCA),2020,10,7.396,2.067,66.62,domingo,2020-10-18 18:15:00,422.0
19,CAUCA,19318,GUAPI,19318013,SAN ANTONIO DE GUAJUÍ (GUAPI - CAUCA),2020,10,9.006,2.771,60.58,sábado,2020-10-10 20:00:00,546.0
19,CAUCA,19418,LÓPEZ DE MICAY,19418024,BETANIA - NAYA (LÓPEZ (MICAY) - CAUCA),2020,10,6.932,2.127,31.04,jueves,2020-10-22 00:00:00,953.0
19,CAUCA,19418,LÓPEZ DE MICAY,19418011,DOS QUEBRADAS RÍO NAYA (LÓPEZ DE MICAY - CAUCA),2020,10,6.622,2.282,36.48,sábado,2020-10-03 19:30:00,717.0
19,CAUCA,19418,LÓPEZ DE MICAY,19418038,ISLA DE GALLO (LÓPEZ DE MICAY - CAUCA),2020,10,2.94,964.0,25.12,sábado,2020-10-03 19:00:00,437.0
19,CAUCA,19418,LÓPEZ DE MICAY,19418009,NOANAMITO (LÓPEZ DE MICAY - CAUCA),2020,10,6.812,2.533,36.0,lunes,2020-10-19 19:45:00,834.0
19,CAUCA,19418,LÓPEZ DE MICAY,19418012,SAN ANTONIO DE CHUARÉ (LÓPEZ DE MICAY - CAUCA),2020,10,9.374,3.051,54.78,jueves,2020-10-01 19:00:00,723.0
19,CAUCA,19418,LÓPEZ DE MICAY,19418019,ZARAGOZA (LOPEZ DE MICAY - CAUCA),2020,10,12.012,5.562,61.22,sábado,2020-10-10 20:30:00,949.0
19,CAUCA,19809,TIMBIQUÍ,19809014,CHACÓN (TIMBIQUÍ - CAUCA),2020,10,1.752,315.0,27.9,viernes,2020-10-30 19:45:00,24.0
19,CAUCA,19809,TIMBIQUÍ,19809010,COMUNIDAD DE CHETE (TIMBIQUÍ - CAUCA),2020,10,4.843,1.415,42.18,martes,2020-10-27 20:00:00,428.0
19,CAUCA,19809,TIMBIQUÍ,19809003,COTEJE (TIMBIQUÍ - CAUCA),2020,10,6.085,3.449,33.92,sábado,2020-10-31 19:00:00,645.0
19,CAUCA,19809,TIMBIQUÍ,19809023,PUERTO SAIJA (TIMBIQUÍ - CAUCA),2020,10,30.969,10.513,166.67,miércoles,2020-10-14 19:00:00,77.0
19,CAUCA,19809,TIMBIQUÍ,19809007,SAN JOSÉ (TIMBIQUÍ - CAUCA),2020,10,9.19,5.461,45.31,miércoles,2020-10-28 18:00:00,757.0
19,CAUCA,19809,TIMBIQUÍ,19809008,SANTA MARÍA (TIMBIQUÍ - CAUCA),2020,10,17.565,6.885,77.76,martes,2020-10-06 20:00:00,939.0
27,CHOCÓ,27006,ACANDÍ,27006000,ACANDÍ (ACANDÍ - CHOCÓ),2020,10,526.945,231.374,970.64,martes,2020-10-27 20:00:00,235.0
27,CHOCÓ,27025,ALTO BAUDÓ (PIE DE PATO),27025000,CIUDAD BAUDÓ - PIE DE PATO (ALTO BAUDÓ - CHOCÓ),2020,10,41.592,11.042,126.72,miércoles,2020-10-14 19:00:00,2029.0
27,CHOCÓ,27075,BAHÍA SOLANO (MUTIS),27075000,CIUDAD MUTIS (BAHÍA SOLANO - CHOCÓ),2020,10,594.775,227.621,1092.08,viernes,2020-10-30 19:15:00,2351.0
27,CHOCÓ,27075,BAHÍA SOLANO (MUTIS),27075001,CUPICA (BAHÍA SOLANO - CHOCÓ),2020,10,56.106,21.587,133.02,viernes,2020-10-02 19:00:00,2249.0
27,CHOCÓ,27075,BAHÍA SOLANO (MUTIS),27075002,EL VALLE (BAHÍA SOLANO - CHOCÓ),2020,10,142.944,61.727,305.71,viernes,2020-10-30 19:00:00,2336.0
27,CHOCÓ,27077,BAJO BAUDÓ (PIZARRO),27077000,PIZARRO (BAJO BAUDÓ (PIZARRO) - CHOCÓ),2020,10,190.434,93.425,368.54,miércoles,2020-10-14 19:30:00,2254.0
27,CHOCÓ,27099,BOJAYÁ (BELLAVISTA),27099000,BELLAVISTA (BOJAYÁ (BELLAVISTA) - CHOCÓ),2020,10,99.05,40.322,222.44,viernes,2020-10-30 19:15:00,2004.0
27,CHOCÓ,27099,BOJAYÁ (BELLAVISTA),27099002,LA LOMA DE BOJAYÁ (BOJAYÁ (BELLAVISTA) - CHOCÓ),2020,10,12.421,5.718,64.0,sábado,2020-10-10 18:45:00,848.0
27,CHOCÓ,27099,BOJAYÁ (BELLAVISTA),27099005,NAPIPÍ (BOJAYÁ (BELLAVISTA) - CHOCÓ),2020,10,9.39,3.013,60.8,sábado,2020-10-24 18:30:00,555.0
27,CHOCÓ,27099,BOJAYÁ (BELLAVISTA),27099008,PUERTO CONTO (BOJAYÁ (BELLAVISTA) - CHOCO),2020,10,7.913,1.885,64.8,viernes,2020-10-30 19:15:00,539.0
27,CHOCÓ,27250,EL LITORAL DEL SAN JUAN,27250000,SANTA GENOVEVA DE DOCORDÓ (EL LITORAL DEL SAN JUAN - CHOCÓ),2020,10,67.746,33.721,165.4,viernes,2020-10-31 00:30:00,1644.0
27,CHOCÓ,27425,MEDIO ATRATO (BETÉ),27425000,BETÉ (MEDIO ATRATO (BETÉ) - CHOCÓ),2020,10,20.004,9.534,72.0,viernes,2020-10-02 19:30:00,1247.0
27,CHOCÓ,27495,NUQUÍ,27495001,ARUSÍ (NUQUÍ - CHOCO),2020,10,8.278,3.603,48.0,viernes,2020-10-16 18:45:00,705.0
27,CHOCÓ,27495,NUQUÍ,27495000,NUQUÍ (NUQUÍ - CHOCÓ),2020,10,227.132,73.048,472.38,viernes,2020-10-16 19:15:00,232.0
27,CHOCÓ,27001,QUIBDÓ,27001029,TAGACHI (QUIBDÓ - CHOCÓ),2020,10,4.505,1.102,44.9,sábado,2020-10-17 20:30:00,405.0
27,CHOCÓ,27745,SIPÍ,27745000,SIPÍ (SIPÍ - CHOCO),2020,10,10.987,3.835,74.8,sábado,2020-10-31 18:45:00,552.0
27,CHOCÓ,27800,UNGUÍA,27800001,BALBOA (UNGUÍA - CHOCÓ),2020,10,19.489,7.739,80.23,sábado,2020-10-24 19:45:00,955.0
27,CHOCÓ,27800,UNGUÍA,27800005,TITUMATE (UNGUÍA - CHOCÓ),2020,10,12.044,5.72,76.56,miércoles,2020-10-21 19:30:00,61.0
27,CHOCÓ,27800,UNGUÍA,27800000,UNGUÍA (UNGUÍA - CHOCÓ),2020,10,325.554,110.348,858.0,sábado,2020-10-10 19:30:00,173.0
94,GUAINÍA,94343,BARRANCOMINAS,94343000,BARRANCOMINAS (BARRANCOMINAS - GUAINÍA),2020,10,39.073,13.367,180.91,lunes,2020-10-26 18:30:00,912.0
94,GUAINÍA,94001,INÍRIDA,94001000,INÍRIDA (INÍRIDA - GUAINÍA),2020,10,,510.622,2990.24,viernes,2020-10-30 17:45:00,24.0
95,GUAVIARE,95200,MIRAFLORES,95200000,MIRAFLORES (MIRAFLORES - GUAVIARE),2020,10,79.345,29.068,190.52,lunes,2020-10-26 18:15:00,191.0
44,LA GUAJIRA,44847,URIBIA,44847012,NAZARETH (URIBIA - LA GUAJIRA),2020,10,29.547,13.565,191.04,viernes,2020-10-02 18:30:00,73.0
47,MAGDALENA,47189,CIÉNAGA,47189018,PALMOR (CIÉNAGA - MAGDALENA),2020,10,69.954,24.408,137.34,miércoles,2020-10-21 20:45:00,2132.0
50,META,50325,MAPIRIPÁN,50325000,MAPIRIPÁN (MAPIRIPÁN - META),2020,10,144.999,61.674,296.56,viernes,2020-10-30 18:00:00,2345.0
52,NARIÑO,52250,EL CHARCO,52250003,BOLÍVAR - SAN PEDRO (EL CHARCO - NARIÑO),2020,10,4.624,5.053,25.41,lunes,2020-10-12 15:30:00,71.0
52,NARIÑO,52250,EL CHARCO,52250022,EL CUIL PUEBLO NUEVO (EL CHARCO - NARIÑO),2020,10,3.05,1.703,34.05,sábado,2020-10-03 19:15:00,33.0
52,NARIÑO,52250,EL CHARCO,52250007,SAN JOSÉ DEL TAPAJE (EL CHARCO - NARIÑO),2020,10,14.27,1.82,80.0,viernes,2020-10-09 18:00:00,744.0
52,NARIÑO,52390,LA TOLA,52390013,AMÁRALES (LA TOLA - NARIÑO),2020,10,12.462,3.593,65.02,jueves,2020-10-08 18:45:00,8.0
52,NARIÑO,52390,LA TOLA,52390003,LA VIGÍA DE LA MAR (LA TOLA - NARIÑO),2020,10,5.212,2.607,29.96,sábado,2020-10-10 19:00:00,711.0
52,NARIÑO,52390,LA TOLA,52390009,MULATOS (LA TOLA - NARIÑO),2020,10,4.123,1.967,35.71,lunes,2020-10-26 18:30:00,613.0
52,NARIÑO,52390,LA TOLA,52390016,SAN PABLO DEL MAR (LA TOLA - NARIÑO),2020,10,5.736,1.244,30.08,sábado,2020-10-31 19:00:00,749.0
52,NARIÑO,52490,OLAYA HERRERA,52490913,BOCA DE PRIETA (OLAYA HERRERA - NARIÑO),2020,10,2.946,720.0,16.66,martes,2020-10-20 18:45:00,654.0
52,NARIÑO,52490,OLAYA HERRERA,52490008,SAN JOSÉ CALABAZAL (OLAYA HERRERA - NARIÑO),2020,10,8.21,3.375,46.13,viernes,2020-10-30 20:15:00,646.0
52,NARIÑO,52835,SAN ANDRÉS DE TUMACO,52835055,BOCAS DE CURAY (TUMACO - NARIÑO),2020,10,6.547,3.322,55.2,viernes,2020-10-02 18:45:00,51.0
52,NARIÑO,52835,SAN ANDRÉS DE TUMACO,52835012,CHAJAL (TUMACO - NARIÑO),2020,10,25.473,9.02,141.59,jueves,2020-10-15 18:45:00,718.0
52,NARIÑO,52835,SAN ANDRÉS DE TUMACO,52835016,PITAL DE LA COSTA (TUMACO - NARIÑO),2020,10,11.113,6.563,72.0,sábado,2020-10-31 19:45:00,548.0
52,NARIÑO,52835,SAN ANDRÉS DE TUMACO,52835212,PUEBLO NUEVO (TABLÓN SALADO) (TUMACO - NARIÑO),2020,10,3.401,1.445,17.31,domingo,2020-10-11 23:30:00,855.0
52,NARIÑO,52835,SAN ANDRÉS DE TUMACO,52835217,SAN JUAN DE LA COSTA (SAN ANDRÉS DE TUMACO - NARIÑO),2020,10,24.358,9.14,140.8,miércoles,2020-10-21 18:30:00,745.0
52,NARIÑO,52835,SAN ANDRÉS DE TUMACO,52835091,SANTA ROSA (TUMACO - NARIÑO),2020,10,1.622,546.0,28.54,viernes,2020-10-30 19:45:00,214.0
52,NARIÑO,52835,SAN ANDRÉS DE TUMACO,52835148,TABLÓN DULCE LA PAMPA (TUMACO - NARIÑO),2020,10,3.964,1.413,26.05,sábado,2020-10-24 18:45:00,616.0
52,NARIÑO,52696,SANTA BÁRBARA (ISCUANDÉ),52696014,LA ENSENADA (SANTA BÁRBARA (ISCUANDÉ) - NARIÑO),2020,10,2.752,3.744,19.33,miércoles,2020-10-14 19:45:00,553.0
86,PUTUMAYO,86573,PUERTO LEGUÍZAMO,86573009,PIÑUÑA NEGRO (PUERTO LEGUÍZAMO - PUTUMAYO),2020,10,3.811,2.158,28.8,sábado,2020-10-24 20:45:00,608.0
76,VALLE DEL CAUCA,76109,BUENAVENTURA,76109028,PUERTO MERIZALDE (BUENAVENTURA - VALLE DEL CAUCA),2020,10,46.035,16.416,268.58,martes,2020-10-13 18:45:00,638.0
76,VALLE DEL CAUCA,76109,BUENAVENTURA,76109032,SAN FRANCISCO NAYA (BUENAVENTURA - VALLE DEL CAUCA),2020,10,6.099,2.26,29.5,martes,2020-10-20 19:00:00,749.0
97,VAUPÉS,97161,CARURÚ,97161000,CARURÚ (CARURÚ - VAUPÉS),2020,10,15.372,3.658,67.23,jueves,2020-10-29 19:15:00,1031.0
97,VAUPÉS,97001,MITÚ,97001000,MITÚ (MITÚ - VAUPÉS),2020,10,,381.82,2685.34,jueves,2020-10-29 00:00:00,24.0
97,VAUPÉS,97666,TARAIRA,97666000,TARAIRA (TARAIRA - VAUPÉS),2020,10,29.164,9.162,117.04,jueves,2020-10-29 00:30:00,1015.0
99,VICHADA,99773,CUMARIBO,99773000,CUMARIBO (CUMARIBO - VICHADA),2020,10,301.392,131.22,625.68,lunes,2020-10-26 23:45:00,2359.0
99,VICHADA,99524,LA PRIMAVERA,99524000,LA PRIMAVERA (LA PRIMAVERA - VICHADA),2020,10,344.188,162.002,685.31,viernes,2020-10-30 18:45:00,2353.0
99,VICHADA,99001,PUERTO CARREÑO,99001002,CASUARITO (PUERTO CARREÑO - VICHADA),2020,10,22.272,8.238,109.3,jueves,2020-10-29 19:30:00,843.0
99,VICHADA,99001,PUERTO CARREÑO,99001000,PUERTO CARREÑO (PUERTO CARREÑO - VICHADA),2020,10,,735.75,4372.72,viernes,2020-10-30 14:15:00,24.0
99,VICHADA,99624,SANTA ROSALÍA,99624000,SANTA ROSALÍA (SANTA ROSALÍA - VICHADA),2020,10,127.636,63.048,349.2,jueves,2020-10-15 19:30:00,1616.0
91,AMAZONAS,91540,PUERTO NARIÑO,91540000,PUERTO NARIÑO (PUERTO NARIÑO - AMAZONAS),2020,11,97.464,36.366,218.94,miércoles,2020-11-04 18:30:00,2356.0
91,AMAZONAS,91798,TARAPACÁ (ANM),91798000,TARAPACÁ (TARAPACÁ (ANM) - AMAZONAS),2020,11,22.082,9.398,89.13,martes,2020-11-03 18:30:00,1017.0
5,ANTIOQUIA,5873,VIGÍA DEL FUERTE,5873001,SAN ANTONIO DE PADUA (VIGÍA DEL FUERTE - ANTIOQUIA),2020,11,3.412,1.37,31.42,sábado,2020-11-14 20:30:00,442.0
5,ANTIOQUIA,5873,VIGÍA DEL FUERTE,5873002,VEGÁEZ (VIGÍA DEL FUERTE - ANTIOQUIA),2020,11,5.709,789.0,46.75,martes,2020-11-24 17:30:00,743.0
5,ANTIOQUIA,5873,VIGÍA DEL FUERTE,5873000,VIGÍA DEL FUERTE (VIGÍA DEL FUERTE - ANTIOQUIA),2020,11,107.921,38.16,294.62,sábado,2020-11-14 13:00:00,1351.0
13,BOLÍVAR,13001,CARTAGENA DE INDIAS,13001007,ISLA FUERTE (CARTAGENA DE INDIAS - BOLÍVAR),2020,11,15.058,7.948,120.39,martes,2020-11-03 15:15:00,512.0
18,CAQUETÁ,18150,CARTAGENA DEL CHAIRÁ,18150001,REMOLINO DEL CAGUÁN (CARTAGENA DEL CHAIRA - CAQUETÁ),2020,11,15.853,7.563,83.55,sábado,2020-11-14 18:30:00,826.0
18,CAQUETÁ,18753,SAN VICENTE DEL CAGUÁN,18753002,GUACAMAYAS (SAN VICENTE DEL CAGUÁN - CAQUETÁ),2020,11,10.9,4.552,34.68,sábado,2020-11-21 19:00:00,1648.0
18,CAQUETÁ,18753,SAN VICENTE DEL CAGUÁN,18753009,PUERTO BETANIA (SAN VICENTE DEL CAGUÁN - CAQUETÁ),2020,11,5.511,2.023,41.32,sábado,2020-11-07 19:45:00,606.0
85,CASANARE,85430,TRINIDAD,85430001,BOCAS DEL PAUTO (TRINIDAD - CASANARE),2020,11,12.953,7.604,87.94,lunes,2020-11-23 18:30:00,637.0
19,CAUCA,19318,GUAPI,19318008,LIMONES (GUAPI - CAUCA),2020,11,10.569,2.46,71.89,lunes,2020-11-02 19:15:00,708.0
19,CAUCA,19318,GUAPI,19318013,SAN ANTONIO DE GUAJUÍ (GUAPI - CAUCA),2020,11,11.806,3.931,57.59,sábado,2020-11-14 19:00:00,825.0
19,CAUCA,19418,LÓPEZ DE MICAY,19418024,BETANIA - NAYA (LÓPEZ (MICAY) - CAUCA),2020,11,6.796,2.054,33.28,jueves,2020-11-12 23:30:00,1018.0
19,CAUCA,19418,LÓPEZ DE MICAY,19418011,DOS QUEBRADAS RÍO NAYA (LÓPEZ DE MICAY - CAUCA),2020,11,6.485,2.199,36.42,jueves,2020-11-12 19:45:00,73.0
19,CAUCA,19418,LÓPEZ DE MICAY,19418038,ISLA DE GALLO (LÓPEZ DE MICAY - CAUCA),2020,11,2.926,973.0,25.95,jueves,2020-11-26 18:45:00,433.0
19,CAUCA,19418,LÓPEZ DE MICAY,19418009,NOANAMITO (LÓPEZ DE MICAY - CAUCA),2020,11,6.193,2.268,36.0,lunes,2020-11-30 20:15:00,827.0
19,CAUCA,19418,LÓPEZ DE MICAY,19418012,SAN ANTONIO DE CHUARÉ (LÓPEZ DE MICAY - CAUCA),2020,11,9.302,2.987,54.05,domingo,2020-11-29 19:15:00,736.0
19,CAUCA,19418,LÓPEZ DE MICAY,19418019,ZARAGOZA (LOPEZ DE MICAY - CAUCA),2020,11,10.859,5.11,54.46,domingo,2020-11-15 16:00:00,921.0
19,CAUCA,19809,TIMBIQUÍ,19809014,CHACÓN (TIMBIQUÍ - CAUCA),2020,11,4.04,888.0,27.82,jueves,2020-11-05 19:00:00,553.0
19,CAUCA,19809,TIMBIQUÍ,19809010,COMUNIDAD DE CHETE (TIMBIQUÍ - CAUCA),2020,11,6.772,2.157,40.9,sábado,2020-11-07 19:45:00,639.0
19,CAUCA,19809,TIMBIQUÍ,19809003,COTEJE (TIMBIQUÍ - CAUCA),2020,11,6.842,3.913,33.8,sábado,2020-11-21 19:45:00,8.0
19,CAUCA,19809,TIMBIQUÍ,19809023,PUERTO SAIJA (TIMBIQUÍ - CAUCA),2020,11,11.866,4.085,170.19,domingo,2020-11-01 20:15:00,251.0
19,CAUCA,19809,TIMBIQUÍ,19809007,SAN JOSÉ (TIMBIQUÍ - CAUCA),2020,11,6.79,3.908,44.47,martes,2020-11-10 18:30:00,556.0
19,CAUCA,19809,TIMBIQUÍ,19809008,SANTA MARÍA (TIMBIQUÍ - CAUCA),2020,11,16.222,6.453,74.94,sábado,2020-11-21 18:30:00,924.0
27,CHOCÓ,27006,ACANDÍ,27006000,ACANDÍ (ACANDÍ - CHOCÓ),2020,11,567.399,236.454,1099.65,miércoles,2020-11-04 20:45:00,2323.0
27,CHOCÓ,27006,ACANDÍ,27006003,CAPURGANÁ (ACANDÍ - CHOCO),2020,11,247.297,98.054,568.13,viernes,2020-11-13 18:45:00,2032.0
27,CHOCÓ,27006,ACANDÍ,27006007,SAN FRANCISCO (ACANDÍ - CHOCÓ),2020,11,19.669,6.313,122.02,lunes,2020-11-09 20:00:00,757.0
27,CHOCÓ,27025,ALTO BAUDÓ (PIE DE PATO),27025000,CIUDAD BAUDÓ - PIE DE PATO (ALTO BAUDÓ - CHOCÓ),2020,11,42.645,11.517,124.78,lunes,2020-11-16 18:45:00,2209.0
27,CHOCÓ,27075,BAHÍA SOLANO (MUTIS),27075001,CUPICA (BAHÍA SOLANO - CHOCÓ),2020,11,57.471,21.497,137.18,jueves,2020-11-12 19:15:00,2343.0
27,CHOCÓ,27075,BAHÍA SOLANO (MUTIS),27075002,EL VALLE (BAHÍA SOLANO - CHOCÓ),2020,11,138.122,59.124,303.6,jueves,2020-11-05 18:45:00,232.0
27,CHOCÓ,27077,BAJO BAUDÓ (PIZARRO),27077000,PIZARRO (BAJO BAUDÓ (PIZARRO) - CHOCÓ),2020,11,181.765,87.44,365.9,martes,2020-11-03 19:00:00,2154.0
27,CHOCÓ,27099,BOJAYÁ (BELLAVISTA),27099000,BELLAVISTA (BOJAYÁ (BELLAVISTA) - CHOCÓ),2020,11,98.285,42.41,227.75,martes,2020-11-03 19:00:00,1846.0
27,CHOCÓ,27099,BOJAYÁ (BELLAVISTA),27099002,LA LOMA DE BOJAYÁ (BOJAYÁ (BELLAVISTA) - CHOCÓ),2020,11,11.185,5.391,60.8,martes,2020-11-10 19:00:00,821.0
27,CHOCÓ,27099,BOJAYÁ (BELLAVISTA),27099005,NAPIPÍ (BOJAYÁ (BELLAVISTA) - CHOCÓ),2020,11,8.978,2.942,60.8,lunes,2020-11-23 20:15:00,545.0
27,CHOCÓ,27099,BOJAYÁ (BELLAVISTA),27099008,PUERTO CONTO (BOJAYÁ (BELLAVISTA) - CHOCO),2020,11,10.519,2.669,67.2,domingo,2020-11-29 18:30:00,609.0
27,CHOCÓ,27250,EL LITORAL DEL SAN JUAN,27250000,SANTA GENOVEVA DE DOCORDÓ (EL LITORAL DEL SAN JUAN - CHOCÓ),2020,11,68.524,34.6,165.92,miércoles,2020-11-04 19:15:00,1711.0
27,CHOCÓ,27372,JURADÓ,27372000,JURADÓ (JURADÓ - CHOCÓ),2020,11,143.913,71.872,280.32,martes,2020-11-17 18:45:00,2359.0
27,CHOCÓ,27425,MEDIO ATRATO (BETÉ),27425000,BETÉ (MEDIO ATRATO (BETÉ) - CHOCÓ),2020,11,19.772,9.589,72.0,sábado,2020-11-14 18:45:00,1242.0
27,CHOCÓ,27495,NUQUÍ,27495001,ARUSÍ (NUQUÍ - CHOCO),2020,11,8.892,4.04,48.0,martes,2020-11-17 18:45:00,803.0
27,CHOCÓ,27495,NUQUÍ,27495000,NUQUÍ (NUQUÍ - CHOCÓ),2020,11,219.005,68.779,454.08,viernes,2020-11-06 19:00:00,2339.0
27,CHOCÓ,27745,SIPÍ,27745000,SIPÍ (SIPÍ - CHOCO),2020,11,9.994,3.792,74.8,lunes,2020-11-23 19:15:00,621.0
27,CHOCÓ,27800,UNGUÍA,27800001,BALBOA (UNGUÍA - CHOCÓ),2020,11,19.366,8.029,81.31,sábado,2020-11-07 19:30:00,1011.0
27,CHOCÓ,27800,UNGUÍA,27800005,TITUMATE (UNGUÍA - CHOCÓ),2020,11,8.962,4.052,83.86,miércoles,2020-11-11 21:15:00,442.0
27,CHOCÓ,27800,UNGUÍA,27800000,UNGUÍA (UNGUÍA - CHOCÓ),2020,11,335.979,111.322,847.0,miércoles,2020-11-25 18:45:00,1841.0
94,GUAINÍA,94343,BARRANCOMINAS,94343000,BARRANCOMINAS (BARRANCOMINAS - GUAINÍA),2020,11,46.45,16.212,185.4,jueves,2020-11-19 18:15:00,1038.0
94,GUAINÍA,94001,INÍRIDA,94001000,INÍRIDA (INÍRIDA - GUAINÍA),2020,11,,504.476,3045.68,jueves,2020-11-12 17:30:00,24.0
95,GUAVIARE,95200,MIRAFLORES,95200000,MIRAFLORES (MIRAFLORES - GUAVIARE),2020,11,80.296,28.321,194.92,lunes,2020-11-30 18:30:00,1906.0
44,LA GUAJIRA,44847,URIBIA,44847012,NAZARETH (URIBIA - LA GUAJIRA),2020,11,24.43,10.951,199.92,lunes,2020-11-23 18:15:00,632.0
47,MAGDALENA,47189,CIÉNAGA,47189018,PALMOR (CIÉNAGA - MAGDALENA),2020,11,63.62,22.537,133.31,lunes,2020-11-02 21:15:00,1938.0
50,META,50325,MAPIRIPÁN,50325000,MAPIRIPÁN (MAPIRIPÁN - META),2020,11,147.423,61.791,316.36,sábado,2020-11-21 18:15:00,2349.0
52,NARIÑO,52250,EL CHARCO,52250023,BAZÁN (EL CHARCO - NARIÑO),2020,11,20.585,10.96,100.8,sábado,2020-11-21 18:45:00,813.0
52,NARIÑO,52250,EL CHARCO,52250003,BOLÍVAR - SAN PEDRO (EL CHARCO - NARIÑO),2020,11,4.494,2.904,22.3,martes,2020-11-03 18:45:00,815.0
52,NARIÑO,52250,EL CHARCO,52250022,EL CUIL PUEBLO NUEVO (EL CHARCO - NARIÑO),2020,11,4.511,2.964,33.32,lunes,2020-11-30 20:45:00,553.0
52,NARIÑO,52250,EL CHARCO,52250007,SAN JOSÉ DEL TAPAJE (EL CHARCO - NARIÑO),2020,11,15.522,3.166,88.0,viernes,2020-11-20 20:15:00,748.0
52,NARIÑO,52520,FRANCISCO PIZARRO,52520013,SAN PEDRO DEL VINO (FRANCISCO PIZARRO - NARIÑO),2020,11,5.307,2.62,31.07,sábado,2020-11-07 18:15:00,736.0
52,NARIÑO,52390,LA TOLA,52390013,AMÁRALES (LA TOLA - NARIÑO),2020,11,11.563,3.331,64.48,miércoles,2020-11-25 18:45:00,728.0
52,NARIÑO,52390,LA TOLA,52390003,LA VIGÍA DE LA MAR (LA TOLA - NARIÑO),2020,11,5.724,2.861,29.88,sábado,2020-11-21 00:30:00,819.0
52,NARIÑO,52390,LA TOLA,52390009,MULATOS (LA TOLA - NARIÑO),2020,11,3.936,1.957,35.07,lunes,2020-11-09 18:15:00,606.0
52,NARIÑO,52390,LA TOLA,52390016,SAN PABLO DEL MAR (LA TOLA - NARIÑO),2020,11,4.974,1.053,30.08,sábado,2020-11-28 20:45:00,648.0
52,NARIÑO,52473,MOSQUERA,52473010,EL BAJITO DE ECHANDÍA (MOSQUERA - NARIÑO),2020,11,4.134,532.0,13.75,jueves,2020-11-05 18:15:00,1135.0
52,NARIÑO,52490,OLAYA HERRERA,52490913,BOCA DE PRIETA (OLAYA HERRERA - NARIÑO),2020,11,2.643,719.0,24.0,domingo,2020-11-15 17:30:00,648.0
52,NARIÑO,52490,OLAYA HERRERA,52490008,SAN JOSÉ CALABAZAL (OLAYA HERRERA - NARIÑO),2020,11,7.533,3.151,45.62,sábado,2020-11-07 20:00:00,628.0
52,NARIÑO,52835,SAN ANDRÉS DE TUMACO,52835055,BOCAS DE CURAY (TUMACO - NARIÑO),2020,11,3.836,1.964,57.6,domingo,2020-11-29 18:45:00,253.0
52,NARIÑO,52835,SAN ANDRÉS DE TUMACO,52835012,CHAJAL (TUMACO - NARIÑO),2020,11,11.846,4.165,136.93,sábado,2020-11-28 19:15:00,324.0
52,NARIÑO,52835,SAN ANDRÉS DE TUMACO,52835016,PITAL DE LA COSTA (TUMACO - NARIÑO),2020,11,15.671,9.359,84.0,miércoles,2020-11-25 20:30:00,801.0
52,NARIÑO,52835,SAN ANDRÉS DE TUMACO,52835212,PUEBLO NUEVO (TABLÓN SALADO) (TUMACO - NARIÑO),2020,11,3.063,1.15,16.58,miércoles,2020-11-11 18:15:00,826.0
52,NARIÑO,52835,SAN ANDRÉS DE TUMACO,52835021,SAN JOSÉ DEL GUAYABO (TUMACO - NARIÑO),2020,11,2.341,603.0,22.52,sábado,2020-11-14 20:00:00,436.0
52,NARIÑO,52835,SAN ANDRÉS DE TUMACO,52835217,SAN JUAN DE LA COSTA (SAN ANDRÉS DE TUMACO - NARIÑO),2020,11,18.96,6.933,144.0,lunes,2020-11-09 18:30:00,612.0
52,NARIÑO,52835,SAN ANDRÉS DE TUMACO,52835091,SANTA ROSA (TUMACO - NARIÑO),2020,11,2.55,860.0,29.89,lunes,2020-11-30 19:00:00,333.0
52,NARIÑO,52835,SAN ANDRÉS DE TUMACO,52835148,TABLÓN DULCE LA PAMPA (TUMACO - NARIÑO),2020,11,2.668,996.0,26.27,jueves,2020-11-12 19:15:00,418.0
52,NARIÑO,52696,SANTA BÁRBARA (ISCUANDÉ),52696014,LA ENSENADA (SANTA BÁRBARA (ISCUANDÉ) - NARIÑO),2020,11,2.444,3.452,17.66,sábado,2020-11-07 20:00:00,548.0
52,NARIÑO,52696,SANTA BÁRBARA (ISCUANDÉ),52696022,SECADERO (SANTA BÁRBARA (ISCUANDÉ) - NARIÑO),2020,11,2.997,1.971,14.59,jueves,2020-11-26 18:45:00,854.0
86,PUTUMAYO,86573,PUERTO LEGUÍZAMO,86573009,PIÑUÑA NEGRO (PUERTO LEGUÍZAMO - PUTUMAYO),2020,11,3.718,2.067,25.6,domingo,2020-11-22 22:00:00,638.0
76,VALLE DEL CAUCA,76109,BUENAVENTURA,76109028,PUERTO MERIZALDE (BUENAVENTURA - VALLE DEL CAUCA),2020,11,45.02,14.919,273.33,jueves,2020-11-12 19:30:00,639.0
76,VALLE DEL CAUCA,76109,BUENAVENTURA,76109032,SAN FRANCISCO NAYA (BUENAVENTURA - VALLE DEL CAUCA),2020,11,6.129,2.256,30.21,jueves,2020-11-26 18:30:00,8.0
97,VAUPÉS,97161,CARURÚ,97161000,CARURÚ (CARURÚ - VAUPÉS),2020,11,18.19,4.704,67.23,jueves,2020-11-26 18:30:00,1235.0
97,VAUPÉS,97001,MITÚ,97001000,MITÚ (MITÚ - VAUPÉS),2020,11,,350.879,2661.24,jueves,2020-11-12 23:45:00,2223.0
97,VAUPÉS,97666,TARAIRA,97666000,TARAIRA (TARAIRA - VAUPÉS),2020,11,28.749,9.269,120.21,miércoles,2020-11-11 19:00:00,1015.0
99,VICHADA,99773,CUMARIBO,99773000,CUMARIBO (CUMARIBO - VICHADA),2020,11,294.589,125.934,627.44,lunes,2020-11-23 17:45:00,2359.0
99,VICHADA,99001,PUERTO CARREÑO,99001002,CASUARITO (PUERTO CARREÑO - VICHADA),2020,11,22.119,8.407,107.01,martes,2020-11-24 18:45:00,857.0
99,VICHADA,99001,PUERTO CARREÑO,99001000,PUERTO CARREÑO (PUERTO CARREÑO - VICHADA),2020,11,,592.088,4191.44,martes,2020-11-24 14:15:00,2348.0
99,VICHADA,99624,SANTA ROSALÍA,99624000,SANTA ROSALÍA (SANTA ROSALÍA - VICHADA),2020,11,125.334,61.219,345.7,jueves,2020-11-12 18:15:00,1638.0
91,AMAZONAS,91001,LETICIA,91001000,LETICIA (LETICIA - AMAZONAS),2020,12,,,7083.12,miércoles,2020-12-02 23:30:00,24.0
91,AMAZONAS,91540,PUERTO NARIÑO,91540000,PUERTO NARIÑO (PUERTO NARIÑO - AMAZONAS),2020,12,103.055,37.63,210.85,jueves,2020-12-31 19:00:00,2358.0
91,AMAZONAS,91798,TARAPACÁ (ANM),91798000,TARAPACÁ (TARAPACÁ (ANM) - AMAZONAS),2020,12,23.543,9.879,93.12,jueves,2020-12-31 19:15:00,1022.0
5,ANTIOQUIA,5873,VIGÍA DEL FUERTE,5873001,SAN ANTONIO DE PADUA (VIGÍA DEL FUERTE - ANTIOQUIA),2020,12,4.556,1.73,34.75,jueves,2020-12-31 19:15:00,534.0
5,ANTIOQUIA,5873,VIGÍA DEL FUERTE,5873002,VEGÁEZ (VIGÍA DEL FUERTE - ANTIOQUIA),2020,12,5.286,547.0,46.94,miércoles,2020-12-09 18:15:00,647.0
5,ANTIOQUIA,5873,VIGÍA DEL FUERTE,5873000,VIGÍA DEL FUERTE (VIGÍA DEL FUERTE - ANTIOQUIA),2020,12,105.787,39.101,296.38,lunes,2020-12-29 00:45:00,131.0
13,BOLÍVAR,13001,CARTAGENA DE INDIAS,13001007,ISLA FUERTE (CARTAGENA DE INDIAS - BOLÍVAR),2020,12,18.18,9.5,133.69,jueves,2020-12-31 15:30:00,538.0
18,CAQUETÁ,18150,CARTAGENA DEL CHAIRÁ,18150001,REMOLINO DEL CAGUÁN (CARTAGENA DEL CHAIRA - CAQUETÁ),2020,12,16.816,7.999,87.38,jueves,2020-12-31 19:30:00,817.0
18,CAQUETÁ,18150,CARTAGENA DEL CHAIRÁ,18150002,SANTA FE DEL CAGUÁN (CARTAGENA DEL CHAIRA - CAQUETÁ),2020,12,4.298,2.392,42.96,jueves,2020-12-31 19:00:00,411.0
18,CAQUETÁ,18753,SAN VICENTE DEL CAGUÁN,18753002,GUACAMAYAS (SAN VICENTE DEL CAGUÁN - CAQUETÁ),2020,12,13.318,5.565,43.97,jueves,2020-12-31 19:45:00,1835.0
18,CAQUETÁ,18753,SAN VICENTE DEL CAGUÁN,18753015,GUAYABAL (SAN VICENTE DEL CAGUÁN - CAQUETÁ),2020,12,6.343,3.648,37.17,jueves,2020-12-31 18:30:00,73.0
18,CAQUETÁ,18753,SAN VICENTE DEL CAGUÁN,18753009,PUERTO BETANIA (SAN VICENTE DEL CAGUÁN - CAQUETÁ),2020,12,5.697,2.205,41.56,jueves,2020-12-24 19:45:00,548.0
85,CASANARE,85430,TRINIDAD,85430001,BOCAS DEL PAUTO (TRINIDAD - CASANARE),2020,12,13.243,7.673,120.06,sábado,2020-12-19 23:30:00,622.0
19,CAUCA,19318,GUAPI,19318008,LIMONES (GUAPI - CAUCA),2020,12,11.455,2.809,54.37,jueves,2020-12-31 20:30:00,838.0
19,CAUCA,19318,GUAPI,19318013,SAN ANTONIO DE GUAJUÍ (GUAPI - CAUCA),2020,12,12.143,4.09,64.63,miércoles,2020-12-09 19:15:00,745.0
19,CAUCA,19418,LÓPEZ DE MICAY,19418011,DOS QUEBRADAS RÍO NAYA (LÓPEZ DE MICAY - CAUCA),2020,12,7.196,2.458,35.97,jueves,2020-12-10 19:30:00,819.0
19,CAUCA,19418,LÓPEZ DE MICAY,19418038,ISLA DE GALLO (LÓPEZ DE MICAY - CAUCA),2020,12,4.586,1.456,28.64,jueves,2020-12-31 19:30:00,641.0
19,CAUCA,19418,LÓPEZ DE MICAY,19418007,LA CONCHA - CONCEPCIÓN NAYA (LOPEZ (MICAY) - CAUCA),2020,12,3.448,566.0,17.52,jueves,2020-12-24 20:00:00,805.0
19,CAUCA,19418,LÓPEZ DE MICAY,19418009,NOANAMITO (LÓPEZ DE MICAY - CAUCA),2020,12,7.545,2.498,40.0,miércoles,2020-12-30 20:00:00,758.0
19,CAUCA,19418,LÓPEZ DE MICAY,19418012,SAN ANTONIO DE CHUARÉ (LÓPEZ DE MICAY - CAUCA),2020,12,10.021,3.301,60.54,jueves,2020-12-24 18:45:00,742.0
19,CAUCA,19418,LÓPEZ DE MICAY,19418019,ZARAGOZA (LOPEZ DE MICAY - CAUCA),2020,12,11.75,5.418,50.08,jueves,2020-12-24 20:30:00,941.0
19,CAUCA,19809,TIMBIQUÍ,19809014,CHACÓN (TIMBIQUÍ - CAUCA),2020,12,4.584,1.092,27.38,jueves,2020-12-31 21:45:00,659.0
19,CAUCA,19809,TIMBIQUÍ,19809003,COTEJE (TIMBIQUÍ - CAUCA),2020,12,7.629,4.343,32.36,sábado,2020-12-05 18:30:00,97.0
19,CAUCA,19809,TIMBIQUÍ,19809023,PUERTO SAIJA (TIMBIQUÍ - CAUCA),2020,12,33.577,11.703,163.33,jueves,2020-12-24 19:15:00,75.0
19,CAUCA,19809,TIMBIQUÍ,19809007,SAN JOSÉ (TIMBIQUÍ - CAUCA),2020,12,8.763,5.126,44.47,jueves,2020-12-31 19:30:00,732.0
19,CAUCA,19809,TIMBIQUÍ,19809008,SANTA MARÍA (TIMBIQUÍ - CAUCA),2020,12,17.433,6.834,78.53,miércoles,2020-12-30 19:00:00,941.0
27,CHOCÓ,27006,ACANDÍ,27006000,ACANDÍ (ACANDÍ - CHOCÓ),2020,12,589.832,244.762,1103.7,miércoles,2020-12-23 21:00:00,2349.0
27,CHOCÓ,27006,ACANDÍ,27006003,CAPURGANÁ (ACANDÍ - CHOCO),2020,12,296.79,114.181,760.67,jueves,2020-12-31 19:45:00,2017.0
27,CHOCÓ,27006,ACANDÍ,27006007,SAN FRANCISCO,2025,12,26.113,10.473,158592.0,jueves,2025-12-31 19:45:00,925.0
27,CHOCÓ,27006,ACANDÍ,27006007,SAN FRANCISCO (ACANDÍ - CHOCÓ),2020,12,22.437,7.054,122.5,jueves,2020-12-31 19:00:00,838.0
27,CHOCÓ,27025,ALTO BAUDÓ (PIE DE PATO),27025000,CIUDAD BAUDÓ - PIE DE PATO (ALTO BAUDÓ - CHOCÓ),2020,12,45.363,12.409,108.42,domingo,2020-12-07 00:15:00,2343.0
27,CHOCÓ,27075,BAHÍA SOLANO (MUTIS),27075001,CUPICA (BAHÍA SOLANO - CHOCÓ),2020,12,58.899,22.302,132.36,domingo,2020-12-20 19:30:00,24.0
27,CHOCÓ,27075,BAHÍA SOLANO (MUTIS),27075002,EL VALLE (BAHÍA SOLANO - CHOCÓ),2020,12,156.702,64.68,335.02,lunes,2020-12-28 19:00:00,2352.0
27,CHOCÓ,27077,BAJO BAUDÓ (PIZARRO),27077905,BUENAVISTA (BAJO BAUDÓ (PIZARRO) - CHOCÓ),2020,12,5.787,680.0,27.87,miércoles,2020-12-23 20:30:00,749.0
27,CHOCÓ,27077,BAJO BAUDÓ (PIZARRO),27077000,PIZARRO (BAJO BAUDÓ (PIZARRO) - CHOCÓ),2020,12,203.289,95.365,392.3,lunes,2020-12-07 19:00:00,2345.0
27,CHOCÓ,27099,BOJAYÁ (BELLAVISTA),27099000,BELLAVISTA (BOJAYÁ (BELLAVISTA) - CHOCÓ),2020,12,41.555,17.093,209.49,lunes,2020-12-07 18:45:00,802.0
27,CHOCÓ,27099,BOJAYÁ (BELLAVISTA),27099002,LA LOMA DE BOJAYÁ (BOJAYÁ (BELLAVISTA) - CHOCÓ),2020,12,12.909,6.126,60.8,sábado,2020-12-05 19:00:00,93.0
27,CHOCÓ,27099,BOJAYÁ (BELLAVISTA),27099005,NAPIPÍ (BOJAYÁ (BELLAVISTA) - CHOCÓ),2020,12,10.766,3.467,60.8,jueves,2020-12-31 22:00:00,637.0
27,CHOCÓ,27099,BOJAYÁ (BELLAVISTA),27099008,PUERTO CONTO (BOJAYÁ (BELLAVISTA) - CHOCO),2020,12,10.426,2.632,69.6,miércoles,2020-12-23 20:15:00,603.0
27,CHOCÓ,27250,EL LITORAL DEL SAN JUAN,27250000,SANTA GENOVEVA DE DOCORDÓ (EL LITORAL DEL SAN JUAN - CHOCÓ),2020,12,70.724,35.325,169.75,jueves,2020-12-10 20:00:00,177.0
27,CHOCÓ,27372,JURADÓ,27372000,JURADÓ (JURADÓ - CHOCÓ),2020,12,158.215,78.341,286.4,jueves,2020-12-17 21:00:00,2357.0
27,CHOCÓ,27425,MEDIO ATRATO (BETÉ),27425000,BETÉ (MEDIO ATRATO (BETÉ) - CHOCÓ),2020,12,20.83,10.015,76.0,jueves,2020-12-31 19:00:00,124.0
27,CHOCÓ,27495,NUQUÍ,27495001,ARUSÍ (NUQUÍ - CHOCO),2020,12,9.074,3.826,49.6,miércoles,2020-12-16 19:00:00,745.0
27,CHOCÓ,27495,NUQUÍ,27495000,NUQUÍ (NUQUÍ - CHOCÓ),2020,12,243.554,78.214,473.79,miércoles,2020-12-23 19:15:00,24.0
27,CHOCÓ,27495,NUQUÍ,27495011,PUERTO JAGUA (NUQUÍ - CHOCÓ),2020,12,1.196,1.079,6.17,jueves,2020-12-24 19:15:00,101.0
27,CHOCÓ,27800,UNGUÍA,27800001,BALBOA (UNGUÍA - CHOCÓ),2020,12,20.64,8.643,88.13,jueves,2020-12-24 19:30:00,1022.0
27,CHOCÓ,27800,UNGUÍA,27800005,TITUMATE (UNGUÍA - CHOCÓ),2020,12,14.101,5.866,77.44,miércoles,2020-12-23 21:15:00,803.0
94,GUAINÍA,94343,BARRANCOMINAS,94343000,BARRANCOMINAS (BARRANCOMINAS - GUAINÍA),2020,12,46.649,16.597,177.92,miércoles,2020-12-23 18:00:00,1041.0
94,GUAINÍA,94001,INÍRIDA,94001000,INÍRIDA (INÍRIDA - GUAINÍA),2020,12,,528.98,2949.76,jueves,2020-12-03 14:15:00,24.0
95,GUAVIARE,95200,MIRAFLORES,95200000,MIRAFLORES (MIRAFLORES - GUAVIARE),2020,12,85.279,30.687,194.48,lunes,2020-12-28 18:15:00,1919.0
44,LA GUAJIRA,44847,URIBIA,44847012,NAZARETH (URIBIA - LA GUAJIRA),2020,12,31.022,14.828,209.52,martes,2020-12-01 18:30:00,729.0
47,MAGDALENA,47189,CIÉNAGA,47189018,PALMOR (CIÉNAGA - MAGDALENA),2020,12,90.408,35.239,194.88,domingo,2020-12-27 18:30:00,232.0
50,META,50325,MAPIRIPÁN,50325000,MAPIRIPÁN (MAPIRIPÁN - META),2020,12,150.46,62.899,298.32,viernes,2020-12-11 18:45:00,2346.0
52,NARIÑO,52250,EL CHARCO,52250023,BAZÁN (EL CHARCO - NARIÑO),2020,12,21.149,11.563,105.6,jueves,2020-12-31 19:45:00,823.0
52,NARIÑO,52250,EL CHARCO,52250003,BOLÍVAR - SAN PEDRO (EL CHARCO - NARIÑO),2020,12,4.061,2.199,25.34,jueves,2020-12-17 18:15:00,727.0
52,NARIÑO,52250,EL CHARCO,52250022,EL CUIL PUEBLO NUEVO (EL CHARCO - NARIÑO),2020,12,7.867,8.361,38.98,jueves,2020-12-31 19:45:00,813.0
52,NARIÑO,52250,EL CHARCO,52250007,SAN JOSÉ DEL TAPAJE (EL CHARCO - NARIÑO),2020,12,16.442,2.952,80.0,domingo,2020-12-27 20:45:00,811.0
52,NARIÑO,52520,FRANCISCO PIZARRO,52520013,SAN PEDRO DEL VINO (FRANCISCO PIZARRO - NARIÑO),2020,12,5.683,2.841,29.02,lunes,2020-12-07 18:30:00,758.0
52,NARIÑO,52390,LA TOLA,52390013,AMÁRALES (LA TOLA - NARIÑO),2020,12,11.516,3.38,63.94,martes,2020-12-22 19:45:00,723.0
52,NARIÑO,52390,LA TOLA,52390003,LA VIGÍA DE LA MAR (LA TOLA - NARIÑO),2020,12,6.07,2.214,31.88,viernes,2020-12-25 18:45:00,821.0
52,NARIÑO,52390,LA TOLA,52390009,MULATOS (LA TOLA - NARIÑO),2020,12,3.883,1.652,34.82,lunes,2020-12-07 18:30:00,6.0
52,NARIÑO,52490,OLAYA HERRERA,52490913,BOCA DE PRIETA (OLAYA HERRERA - NARIÑO),2020,12,2.52,664.0,15.84,jueves,2020-12-31 19:15:00,629.0
52,NARIÑO,52490,OLAYA HERRERA,52490008,SAN JOSÉ CALABAZAL (OLAYA HERRERA - NARIÑO),2020,12,8.018,3.357,45.84,jueves,2020-12-31 18:30:00,641.0
52,NARIÑO,52835,SAN ANDRÉS DE TUMACO,52835055,BOCAS DE CURAY (TUMACO - NARIÑO),2020,12,11.186,6.296,62.4,jueves,2020-12-31 19:45:00,754.0
52,NARIÑO,52835,SAN ANDRÉS DE TUMACO,52835012,CHAJAL (TUMACO - NARIÑO),2020,12,22.474,7.855,141.15,miércoles,2020-12-16 20:00:00,615.0
52,NARIÑO,52835,SAN ANDRÉS DE TUMACO,52835016,PITAL DE LA COSTA (TUMACO - NARIÑO),2020,12,21.115,12.242,88.0,jueves,2020-12-31 20:00:00,1008.0
52,NARIÑO,52835,SAN ANDRÉS DE TUMACO,52835212,PUEBLO NUEVO (TABLÓN SALADO) (TUMACO - NARIÑO),2020,12,3.539,1.343,19.42,sábado,2020-12-19 19:45:00,846.0
52,NARIÑO,52835,SAN ANDRÉS DE TUMACO,52835217,SAN JUAN DE LA COSTA (SAN ANDRÉS DE TUMACO - NARIÑO),2020,12,30.882,11.139,137.6,martes,2020-12-22 18:45:00,1009.0
52,NARIÑO,52835,SAN ANDRÉS DE TUMACO,52835091,SANTA ROSA (TUMACO - NARIÑO),2020,12,3.125,1.063,29.79,jueves,2020-12-24 19:15:00,406.0
52,NARIÑO,52835,SAN ANDRÉS DE TUMACO,52835148,TABLÓN DULCE LA PAMPA (TUMACO - NARIÑO),2020,12,2.588,1.17,26.62,domingo,2020-12-20 19:15:00,423.0
52,NARIÑO,52696,SANTA BÁRBARA (ISCUANDÉ),52696014,LA ENSENADA (SANTA BÁRBARA (ISCUANDÉ) - NARIÑO),2020,12,1.286,1.161,17.47,jueves,2020-12-31 21:30:00,307.0
52,NARIÑO,52696,SANTA BÁRBARA (ISCUANDÉ),52696022,SECADERO (SANTA BÁRBARA (ISCUANDÉ) - NARIÑO),2020,12,3.156,1.964,13.46,jueves,2020-12-24 20:00:00,923.0
86,PUTUMAYO,86573,PUERTO LEGUÍZAMO,86573009,PIÑUÑA NEGRO (PUERTO LEGUÍZAMO - PUTUMAYO),2020,12,4.154,2.386,28.8,jueves,2020-12-31 21:00:00,622.0
86,PUTUMAYO,86573,PUERTO LEGUÍZAMO,86573000,PUERTO LEGUÍZAMO (PUERTO LEGUÍZAMO - PUTUMAYO),2020,12,892.529,312.804,1892.53,lunes,2020-12-14 15:00:00,2343.0
76,VALLE DEL CAUCA,76109,BUENAVENTURA,76109028,PUERTO MERIZALDE (BUENAVENTURA - VALLE DEL CAUCA),2020,12,48.844,16.493,288.46,domingo,2020-12-20 20:00:00,715.0
76,VALLE DEL CAUCA,76109,BUENAVENTURA,76109032,SAN FRANCISCO NAYA (BUENAVENTURA - VALLE DEL CAUCA),2020,12,5.242,2.668,34.4,jueves,2020-12-24 20:45:00,614.0
97,VAUPÉS,97161,CARURÚ,97161000,CARURÚ (CARURÚ - VAUPÉS),2020,12,19.43,5.606,72.51,lunes,2020-12-28 18:45:00,1222.0
97,VAUPÉS,97001,MITÚ,97001000,MITÚ (MITÚ - VAUPÉS),2020,12,,390.514,2628.78,lunes,2020-12-15 00:00:00,24.0
97,VAUPÉS,97666,TARAIRA,97666000,TARAIRA (TARAIRA - VAUPÉS),2020,12,29.185,9.632,115.37,miércoles,2020-12-24 00:30:00,1027.0
99,VICHADA,99773,CUMARIBO,99773000,CUMARIBO (CUMARIBO - VICHADA),2020,12,302.059,132.241,600.16,miércoles,2020-12-16 14:15:00,2351.0
99,VICHADA,99524,LA PRIMAVERA,99524000,LA PRIMAVERA (LA PRIMAVERA - VICHADA),2020,12,337.755,155.047,705.24,lunes,2020-12-28 19:00:00,24.0
99,VICHADA,99001,PUERTO CARREÑO,99001002,CASUARITO (PUERTO CARREÑO - VICHADA),2020,12,30.719,11.274,105.07,viernes,2020-12-18 20:30:00,1148.0
99,VICHADA,99001,PUERTO CARREÑO,99001000,PUERTO CARREÑO (PUERTO CARREÑO - VICHADA),2020,12,,777.076,4216.08,miércoles,2020-12-09 14:45:00,24.0
99,VICHADA,99624,SANTA ROSALÍA,99624000,SANTA ROSALÍA (SANTA ROSALÍA - VICHADA),2020,12,134.784,66.505,325.39,miércoles,2020-12-23 20:45:00,1701.0
91,AMAZONAS,91001,LETICIA,91001000,LETICIA (LETICIA - AMAZONAS),2021,1,,,6669.81,lunes,2021-01-18 15:00:00,24.0
91,AMAZONAS,91540,PUERTO NARIÑO,91540000,PUERTO NARIÑO (PUERTO NARIÑO - AMAZONAS),2021,1,101.522,36.398,201.17,jueves,2021-01-28 19:15:00,24.0
5,ANTIOQUIA,5873,VIGÍA DEL FUERTE,5873001,SAN ANTONIO DE PADUA (VIGÍA DEL FUERTE - ANTIOQUIA),2021,1,3.729,1.427,31.81,sábado,2021-01-30 19:30:00,438.0
88,"ARCHIPIÉLAGO DE SAN ANDRÉS, PROVIDENCIA Y SANTA CATALINA",88001,SAN ANDRÉS,88001000,SAN ANDRÉS (SAN ANDRÉS - ARCHIPIÉLAGO DE SAN ANDRÉS Y PROVIDENCIA),2021,1,,,24257.73,lunes,2021-01-25 15:30:00,24.0
13,BOLÍVAR,13001,CARTAGENA DE INDIAS,13001007,ISLA FUERTE (CARTAGENA DE INDIAS - BOLÍVAR),2021,1,18.181,9.623,135.27,viernes,2021-01-01 14:45:00,532.0
18,CAQUETÁ,18150,CARTAGENA DEL CHAIRÁ,18150001,REMOLINO DEL CAGUÁN (CARTAGENA DEL CHAIRA - CAQUETÁ),2021,1,17.0,8.236,84.97,sábado,2021-01-30 18:45:00,835.0
18,CAQUETÁ,18753,SAN VICENTE DEL CAGUÁN,18753002,GUACAMAYAS (SAN VICENTE DEL CAGUÁN - CAQUETÁ),2021,1,11.816,5.099,42.58,sábado,2021-01-02 19:00:00,1708.0
18,CAQUETÁ,18753,SAN VICENTE DEL CAGUÁN,18753015,GUAYABAL (SAN VICENTE DEL CAGUÁN - CAQUETÁ),2021,1,6.489,3.797,36.75,sábado,2021-01-30 19:15:00,721.0
18,CAQUETÁ,18753,SAN VICENTE DEL CAGUÁN,18753009,PUERTO BETANIA (SAN VICENTE DEL CAGUÁN - CAQUETÁ),2021,1,5.28,2.076,40.88,sábado,2021-01-30 19:00:00,531.0
85,CASANARE,85430,TRINIDAD,85430001,BOCAS DEL PAUTO (TRINIDAD - CASANARE),2021,1,13.538,7.892,118.21,viernes,2021-01-16 00:30:00,627.0
19,CAUCA,19318,GUAPI,19318008,LIMONES (GUAPI - CAUCA),2021,1,9.676,2.658,47.83,viernes,2021-01-01 19:15:00,845.0
19,CAUCA,19318,GUAPI,19318013,SAN ANTONIO DE GUAJUÍ (GUAPI - CAUCA),2021,1,13.686,5.155,57.81,viernes,2021-01-02 00:45:00,941.0
19,CAUCA,19418,LÓPEZ DE MICAY,19418038,ISLA DE GALLO (LÓPEZ DE MICAY - CAUCA),2021,1,4.463,1.413,27.97,martes,2021-01-05 18:30:00,703.0
19,CAUCA,19418,LÓPEZ DE MICAY,19418007,LA CONCHA - CONCEPCIÓN NAYA (LOPEZ (MICAY) - CAUCA),2021,1,2.638,440.0,16.28,sábado,2021-01-02 18:30:00,649.0
19,CAUCA,19418,LÓPEZ DE MICAY,19418009,NOANAMITO (LÓPEZ DE MICAY - CAUCA),2021,1,7.676,2.49,36.0,domingo,2021-01-31 20:30:00,823.0
19,CAUCA,19418,LÓPEZ DE MICAY,19418012,SAN ANTONIO DE CHUARÉ (LÓPEZ DE MICAY - CAUCA),2021,1,7.386,2.392,61.41,lunes,2021-01-25 18:30:00,519.0
19,CAUCA,19809,TIMBIQUÍ,19809014,CHACÓN (TIMBIQUÍ - CAUCA),2021,1,3.467,670.0,29.07,martes,2021-01-12 20:00:00,512.0
19,CAUCA,19809,TIMBIQUÍ,19809010,COMUNIDAD DE CHETE (TIMBIQUÍ - CAUCA),2021,1,3.741,1.187,39.74,miércoles,2021-01-13 19:30:00,338.0
19,CAUCA,19809,TIMBIQUÍ,19809003,COTEJE (TIMBIQUÍ - CAUCA),2021,1,5.044,2.807,39.72,miércoles,2021-01-27 21:30:00,548.0
19,CAUCA,19809,TIMBIQUÍ,19809026,LOS BRAZOS (TIMBIQUÍ - CAUCA),2021,1,8.283,1.586,45.67,sábado,2021-01-09 19:30:00,651.0
19,CAUCA,19809,TIMBIQUÍ,19809023,PUERTO SAIJA (TIMBIQUÍ - CAUCA),2021,1,30.699,10.599,166.14,domingo,2021-01-31 19:00:00,708.0
27,CHOCÓ,27006,ACANDÍ,27006000,ACANDÍ (ACANDÍ - CHOCÓ),2021,1,582.747,239.826,1041.04,miércoles,2021-01-20 21:15:00,2324.0
27,CHOCÓ,27006,ACANDÍ,27006003,CAPURGANÁ (ACANDÍ - CHOCO),2021,1,342.868,120.789,784.96,jueves,2021-01-07 20:30:00,2006.0
27,CHOCÓ,27025,ALTO BAUDÓ (PIE DE PATO),27025000,CIUDAD BAUDÓ - PIE DE PATO (ALTO BAUDÓ - CHOCÓ),2021,1,42.623,12.05,99.7,miércoles,2021-01-13 00:30:00,2322.0
27,CHOCÓ,27075,BAHÍA SOLANO (MUTIS),27075000,CIUDAD MUTIS (BAHÍA SOLANO - CHOCÓ),2021,1,612.501,228.277,1180.96,jueves,2021-01-21 19:00:00,2355.0
27,CHOCÓ,27075,BAHÍA SOLANO (MUTIS),27075001,CUPICA (BAHÍA SOLANO - CHOCÓ),2021,1,60.141,23.512,128.53,viernes,2021-01-15 19:15:00,2351.0
27,CHOCÓ,27075,BAHÍA SOLANO (MUTIS),27075002,EL VALLE (BAHÍA SOLANO - CHOCÓ),2021,1,154.611,66.775,327.62,martes,2021-01-12 19:30:00,2337.0
27,CHOCÓ,27077,BAJO BAUDÓ (PIZARRO),27077905,BUENAVISTA (BAJO BAUDÓ (PIZARRO) - CHOCÓ),2021,1,5.223,675.0,36.0,sábado,2021-01-02 16:00:00,743.0
27,CHOCÓ,27077,BAJO BAUDÓ (PIZARRO),27077000,PIZARRO (BAJO BAUDÓ (PIZARRO) - CHOCÓ),2021,1,197.087,92.472,373.3,viernes,2021-01-22 19:30:00,24.0
27,CHOCÓ,27099,BOJAYÁ (BELLAVISTA),27099000,BELLAVISTA (BOJAYÁ (BELLAVISTA) - CHOCÓ),2021,1,58.38,18.188,207.17,lunes,2021-01-18 19:00:00,1233.0
27,CHOCÓ,27099,BOJAYÁ (BELLAVISTA),27099002,LA LOMA DE BOJAYÁ (BOJAYÁ (BELLAVISTA) - CHOCÓ),2021,1,12.544,5.718,57.6,miércoles,2021-01-27 19:15:00,919.0
27,CHOCÓ,27099,BOJAYÁ (BELLAVISTA),27099005,NAPIPÍ (BOJAYÁ (BELLAVISTA) - CHOCÓ),2021,1,9.737,3.077,60.8,viernes,2021-01-29 20:45:00,553.0
27,CHOCÓ,27099,BOJAYÁ (BELLAVISTA),27099008,PUERTO CONTO (BOJAYÁ (BELLAVISTA) - CHOCO),2021,1,8.939,2.206,67.2,sábado,2021-01-30 19:45:00,505.0
27,CHOCÓ,27372,JURADÓ,27372000,JURADÓ (JURADÓ - CHOCÓ),2021,1,157.001,78.058,283.36,jueves,2021-01-21 19:15:00,233.0
27,CHOCÓ,27425,MEDIO ATRATO (BETÉ),27425000,BETÉ (MEDIO ATRATO (BETÉ) - CHOCÓ),2021,1,17.856,8.172,72.0,domingo,2021-01-31 20:45:00,1111.0
27,CHOCÓ,27495,NUQUÍ,27495001,ARUSÍ (NUQUÍ - CHOCO),2021,1,9.142,3.694,51.2,miércoles,2021-01-13 19:30:00,735.0
27,CHOCÓ,27495,NUQUÍ,27495912,COMUNIDAD INDÍGENA DE PANGUÍ - EL YUCAL (NUQUÍ - CHOCÓ),2021,1,8.149,1.866,11.4,domingo,2021-01-17 17:15:00,2353.0
27,CHOCÓ,27495,NUQUÍ,27495000,NUQUÍ (NUQUÍ - CHOCÓ),2021,1,241.626,76.946,480.83,martes,2021-01-19 19:00:00,2357.0
27,CHOCÓ,27495,NUQUÍ,27495011,PUERTO JAGUA (NUQUÍ - CHOCÓ),2021,1,882.0,429.0,4.99,viernes,2021-01-02 00:15:00,818.0
27,CHOCÓ,27800,UNGUÍA,27800001,BALBOA (UNGUÍA - CHOCÓ),2021,1,20.52,8.692,79.15,sábado,2021-01-30 20:00:00,1029.0
94,GUAINÍA,94343,BARRANCOMINAS,94343000,BARRANCOMINAS (BARRANCOMINAS - GUAINÍA),2021,1,44.355,16.017,187.89,viernes,2021-01-29 18:45:00,957.0
94,GUAINÍA,94001,INÍRIDA,94001000,INÍRIDA (INÍRIDA - GUAINÍA),2021,1,,539.349,3041.28,lunes,2021-01-18 15:15:00,24.0
95,GUAVIARE,95200,MIRAFLORES,95200000,MIRAFLORES (MIRAFLORES - GUAVIARE),2021,1,77.89,28.686,187.0,jueves,2021-01-28 18:45:00,1915.0
44,LA GUAJIRA,44847,URIBIA,44847012,NAZARETH (URIBIA - LA GUAJIRA),2021,1,27.52,12.331,221.28,jueves,2021-01-28 18:45:00,539.0
47,MAGDALENA,47189,CIÉNAGA,47189018,PALMOR (CIÉNAGA - MAGDALENA),2021,1,102.284,40.811,196.67,sábado,2021-01-09 18:15:00,2313.0
50,META,50325,MAPIRIPÁN,50325000,MAPIRIPÁN (MAPIRIPÁN - META),2021,1,143.821,61.945,283.36,domingo,2021-01-31 18:45:00,2344.0
52,NARIÑO,52250,EL CHARCO,52250023,BAZÁN (EL CHARCO - NARIÑO),2021,1,18.559,10.302,100.8,miércoles,2021-01-20 20:15:00,728.0
52,NARIÑO,52250,EL CHARCO,52250003,BOLÍVAR - SAN PEDRO (EL CHARCO - NARIÑO),2021,1,4.0,1.0,5.57,viernes,2021-01-02 00:00:00,1.0
52,NARIÑO,52250,EL CHARCO,52250022,EL CUIL PUEBLO NUEVO (EL CHARCO - NARIÑO),2021,1,1.181,1.186,37.69,domingo,2021-01-03 19:15:00,111.0
52,NARIÑO,52390,LA TOLA,52390013,AMÁRALES (LA TOLA - NARIÑO),2021,1,7.764,1.897,66.69,sábado,2021-01-30 19:30:00,449.0
52,NARIÑO,52390,LA TOLA,52390003,LA VIGÍA DE LA MAR (LA TOLA - NARIÑO),2021,1,6.255,2.261,30.08,lunes,2021-01-04 00:45:00,843.0
52,NARIÑO,52390,LA TOLA,52390009,MULATOS (LA TOLA - NARIÑO),2021,1,4.264,1.512,33.5,viernes,2021-01-15 18:00:00,626.0
52,NARIÑO,52473,MOSQUERA,52473010,EL BAJITO DE ECHANDÍA (MOSQUERA - NARIÑO),2021,1,3.036,547.0,16.37,martes,2021-01-05 18:45:00,716.0
52,NARIÑO,52490,OLAYA HERRERA,52490913,BOCA DE PRIETA (OLAYA HERRERA - NARIÑO),2021,1,2.462,594.0,15.0,lunes,2021-01-04 19:45:00,639.0
52,NARIÑO,52835,SAN ANDRÉS DE TUMACO,52835055,BOCAS DE CURAY (TUMACO - NARIÑO),2021,1,7.245,3.98,64.8,sábado,2021-01-16 19:45:00,455.0
52,NARIÑO,52835,SAN ANDRÉS DE TUMACO,52835012,CHAJAL (TUMACO - NARIÑO),2021,1,22.307,7.78,142.56,viernes,2021-01-15 19:45:00,619.0
52,NARIÑO,52835,SAN ANDRÉS DE TUMACO,52835212,PUEBLO NUEVO (TABLÓN SALADO) (TUMACO - NARIÑO),2021,1,3.35,1.23,20.06,sábado,2021-01-16 19:00:00,753.0
52,NARIÑO,52696,SANTA BÁRBARA (ISCUANDÉ),52696014,LA ENSENADA (SANTA BÁRBARA (ISCUANDÉ) - NARIÑO),2021,1,2.765,2.586,18.18,miércoles,2021-01-06 19:30:00,636.0
86,PUTUMAYO,86573,PUERTO LEGUÍZAMO,86573009,PIÑUÑA NEGRO (PUERTO LEGUÍZAMO - PUTUMAYO),2021,1,3.927,2.368,28.8,sábado,2021-01-30 20:45:00,617.0
76,VALLE DEL CAUCA,76109,BUENAVENTURA,76109028,PUERTO MERIZALDE (BUENAVENTURA - VALLE DEL CAUCA),2021,1,47.594,17.184,277.9,viernes,2021-01-29 20:30:00,655.0
97,VAUPÉS,97161,CARURÚ,97161000,CARURÚ (CARURÚ - VAUPÉS),2021,1,17.93,4.487,68.55,sábado,2021-01-30 19:00:00,1208.0
97,VAUPÉS,97001,MITÚ,97001000,MITÚ (MITÚ - VAUPÉS),2021,1,,383.071,2531.52,martes,2021-01-19 23:45:00,2359.0
99,VICHADA,99773,CUMARIBO,99773000,CUMARIBO (CUMARIBO - VICHADA),2021,1,264.538,116.93,609.4,miércoles,2021-01-13 18:00:00,2024.0
99,VICHADA,99524,LA PRIMAVERA,99524000,LA PRIMAVERA (LA PRIMAVERA - VICHADA),2021,1,345.619,169.79,658.71,martes,2021-01-26 18:30:00,24.0
99,VICHADA,99001,PUERTO CARREÑO,99001002,CASUARITO (PUERTO CARREÑO - VICHADA),2021,1,30.259,11.254,108.42,martes,2021-01-26 19:00:00,1143.0
99,VICHADA,99001,PUERTO CARREÑO,99001000,PUERTO CARREÑO (PUERTO CARREÑO - VICHADA),2021,1,,739.039,4104.32,martes,2021-01-26 14:15:00,24.0
91,AMAZONAS,91001,LETICIA,91001000,LETICIA (LETICIA - AMAZONAS),2021,2,,978.658,6609.1,lunes,2021-02-15 15:15:00,24.0
91,AMAZONAS,91540,PUERTO NARIÑO,91540000,PUERTO NARIÑO (PUERTO NARIÑO - AMAZONAS),2021,2,91.382,31.667,201.52,miércoles,2021-02-10 19:00:00,2358.0
91,AMAZONAS,91798,TARAPACÁ (ANM),91798000,TARAPACÁ (TARAPACÁ (ANM) - AMAZONAS),2021,2,19.676,8.856,80.48,martes,2021-02-02 19:15:00,1017.0
5,ANTIOQUIA,5873,VIGÍA DEL FUERTE,5873001,SAN ANTONIO DE PADUA (VIGÍA DEL FUERTE - ANTIOQUIA),2021,2,4.452,1.663,34.34,viernes,2021-02-26 20:45:00,542.0
5,ANTIOQUIA,5873,VIGÍA DEL FUERTE,5873002,VEGÁEZ (VIGÍA DEL FUERTE - ANTIOQUIA),2021,2,4.809,578.0,44.48,miércoles,2021-02-10 20:00:00,657.0
5,ANTIOQUIA,5873,VIGÍA DEL FUERTE,5873000,VIGÍA DEL FUERTE (VIGÍA DEL FUERTE - ANTIOQUIA),2021,2,103.19,41.456,298.85,lunes,2021-02-08 14:30:00,1414.0
88,"ARCHIPIÉLAGO DE SAN ANDRÉS, PROVIDENCIA Y SANTA CATALINA",88001,SAN ANDRÉS,88001000,SAN ANDRÉS (SAN ANDRÉS - ARCHIPIÉLAGO DE SAN ANDRÉS Y PROVIDENCIA),2021,2,,,25494.6,lunes,2021-02-15 15:30:00,24.0
13,BOLÍVAR,13001,CARTAGENA DE INDIAS,13001007,ISLA FUERTE (CARTAGENA DE INDIAS - BOLÍVAR),2021,2,29.571,15.821,143.5,viernes,2021-02-19 23:45:00,935.0
13,BOLÍVAR,13001,CARTAGENA DE INDIAS,13001017,SANTA CRUZ DEL ISLOTE (CARTAGENA DE INDIAS - BOLÍVAR),2021,2,15.75,5.352,44.9,jueves,2021-02-18 21:45:00,1729.0
18,CAQUETÁ,18150,CARTAGENA DEL CHAIRÁ,18150001,REMOLINO DEL CAGUÁN (CARTAGENA DEL CHAIRA - CAQUETÁ),2021,2,14.088,6.697,86.05,sábado,2021-02-06 19:15:00,808.0
18,CAQUETÁ,18753,SAN VICENTE DEL CAGUÁN,18753002,GUACAMAYAS (SAN VICENTE DEL CAGUÁN - CAQUETÁ),2021,2,11.614,4.992,39.38,sábado,2021-02-27 19:45:00,1757.0
18,CAQUETÁ,18753,SAN VICENTE DEL CAGUÁN,18753015,GUAYABAL (SAN VICENTE DEL CAGUÁN - CAQUETÁ),2021,2,5.869,3.247,38.0,domingo,2021-02-21 23:00:00,713.0
18,CAQUETÁ,18753,SAN VICENTE DEL CAGUÁN,18753009,PUERTO BETANIA (SAN VICENTE DEL CAGUÁN - CAQUETÁ),2021,2,4.956,1.989,45.12,sábado,2021-02-13 20:00:00,535.0
85,CASANARE,85430,TRINIDAD,85430001,BOCAS DEL PAUTO (TRINIDAD - CASANARE),2021,2,11.09,6.335,99.14,jueves,2021-02-11 18:45:00,537.0
19,CAUCA,19318,GUAPI,19318008,LIMONES (GUAPI - CAUCA),2021,2,6.659,2.308,72.78,viernes,2021-02-26 17:00:00,705.0
19,CAUCA,19318,GUAPI,19318013,SAN ANTONIO DE GUAJUÍ (GUAPI - CAUCA),2021,2,11.318,4.398,51.77,miércoles,2021-02-10 19:30:00,921.0
19,CAUCA,19418,LÓPEZ DE MICAY,19418038,ISLA DE GALLO (LÓPEZ DE MICAY - CAUCA),2021,2,3.447,1.186,26.78,viernes,2021-02-12 18:45:00,547.0
19,CAUCA,19418,LÓPEZ DE MICAY,19418007,LA CONCHA - CONCEPCIÓN NAYA (LOPEZ (MICAY) - CAUCA),2021,2,2.305,429.0,13.84,martes,2021-02-16 18:30:00,717.0
19,CAUCA,19418,LÓPEZ DE MICAY,19418009,NOANAMITO (LÓPEZ DE MICAY - CAUCA),2021,2,7.259,2.239,40.0,domingo,2021-02-28 19:45:00,816.0
19,CAUCA,19418,LÓPEZ DE MICAY,19418012,SAN ANTONIO DE CHUARÉ (LÓPEZ DE MICAY - CAUCA),2021,2,5.532,1.788,61.7,sábado,2021-02-06 19:30:00,401.0
19,CAUCA,19418,LÓPEZ DE MICAY,19418019,ZARAGOZA (LOPEZ DE MICAY - CAUCA),2021,2,10.881,5.117,48.03,viernes,2021-02-05 19:00:00,957.0
19,CAUCA,19809,TIMBIQUÍ,19809014,CHACÓN (TIMBIQUÍ - CAUCA),2021,2,3.046,555.0,27.69,lunes,2021-02-22 21:30:00,533.0
19,CAUCA,19809,TIMBIQUÍ,19809010,COMUNIDAD DE CHETE (TIMBIQUÍ - CAUCA),2021,2,5.235,1.702,39.87,miércoles,2021-02-24 19:30:00,532.0
19,CAUCA,19809,TIMBIQUÍ,19809003,COTEJE (TIMBIQUÍ - CAUCA),2021,2,6.039,3.472,31.6,lunes,2021-02-22 19:00:00,752.0
19,CAUCA,19809,TIMBIQUÍ,19809026,LOS BRAZOS (TIMBIQUÍ - CAUCA),2021,2,7.8,1.477,46.15,viernes,2021-02-05 19:15:00,658.0
19,CAUCA,19809,TIMBIQUÍ,19809023,PUERTO SAIJA (TIMBIQUÍ - CAUCA),2021,2,28.89,9.914,186.38,viernes,2021-02-26 19:00:00,633.0
19,CAUCA,19809,TIMBIQUÍ,19809007,SAN JOSÉ (TIMBIQUÍ - CAUCA),2021,2,6.728,4.179,43.63,lunes,2021-02-08 19:30:00,619.0
19,CAUCA,19809,TIMBIQUÍ,19809008,SANTA MARÍA (TIMBIQUÍ - CAUCA),2021,2,14.81,6.204,73.66,martes,2021-02-02 19:30:00,913.0
27,CHOCÓ,27006,ACANDÍ,27006000,ACANDÍ (ACANDÍ - CHOCÓ),2021,2,539.542,216.056,1048.43,lunes,2021-02-08 20:30:00,2309.0
27,CHOCÓ,27006,ACANDÍ,27006003,CAPURGANÁ (ACANDÍ - CHOCO),2021,2,271.275,104.026,616.35,viernes,2021-02-19 21:45:00,201.0
27,CHOCÓ,27006,ACANDÍ,27006007,SAN FRANCISCO (ACANDÍ - CHOCÓ),2021,2,19.933,7.002,112.18,viernes,2021-02-26 20:15:00,81.0
27,CHOCÓ,27025,ALTO BAUDÓ (PIE DE PATO),27025000,CIUDAD BAUDÓ - PIE DE PATO (ALTO BAUDÓ - CHOCÓ),2021,2,43.051,12.574,107.18,martes,2021-02-09 19:45:00,2339.0
27,CHOCÓ,27075,BAHÍA SOLANO (MUTIS),27075000,CIUDAD MUTIS (BAHÍA SOLANO - CHOCÓ),2021,2,613.16,189.501,1237.72,jueves,2021-02-25 19:45:00,2358.0
27,CHOCÓ,27075,BAHÍA SOLANO (MUTIS),27075001,CUPICA (BAHÍA SOLANO - CHOCÓ),2021,2,55.47,22.238,135.35,martes,2021-02-09 19:15:00,2304.0
27,CHOCÓ,27075,BAHÍA SOLANO (MUTIS),27075002,EL VALLE (BAHÍA SOLANO - CHOCÓ),2021,2,143.405,67.06,333.43,miércoles,2021-02-03 19:15:00,2339.0
27,CHOCÓ,27077,BAJO BAUDÓ (PIZARRO),27077905,BUENAVISTA (BAJO BAUDÓ (PIZARRO) - CHOCÓ),2021,2,5.367,752.0,24.1,martes,2021-02-02 19:00:00,928.0
27,CHOCÓ,27077,BAJO BAUDÓ (PIZARRO),27077000,PIZARRO (BAJO BAUDÓ (PIZARRO) - CHOCÓ),2021,2,180.241,84.311,377.52,miércoles,2021-02-10 19:30:00,2327.0
27,CHOCÓ,27099,BOJAYÁ (BELLAVISTA),27099000,BELLAVISTA (BOJAYÁ (BELLAVISTA) - CHOCÓ),2021,2,26.895,8.876,222.11,martes,2021-02-09 19:30:00,626.0
27,CHOCÓ,27099,BOJAYÁ (BELLAVISTA),27099002,LA LOMA DE BOJAYÁ (BOJAYÁ (BELLAVISTA) - CHOCÓ),2021,2,10.977,4.951,60.8,sábado,2021-02-13 19:00:00,826.0
27,CHOCÓ,27099,BOJAYÁ (BELLAVISTA),27099005,NAPIPÍ (BOJAYÁ (BELLAVISTA) - CHOCÓ),2021,2,9.081,2.828,60.8,domingo,2021-02-28 18:45:00,554.0
27,CHOCÓ,27099,BOJAYÁ (BELLAVISTA),27099008,PUERTO CONTO (BOJAYÁ (BELLAVISTA) - CHOCO),2021,2,9.549,2.434,79.2,sábado,2021-02-27 23:00:00,542.0
27,CHOCÓ,27250,EL LITORAL DEL SAN JUAN,27250000,SANTA GENOVEVA DE DOCORDÓ (EL LITORAL DEL SAN JUAN - CHOCÓ),2021,2,64.914,32.836,175.03,lunes,2021-02-16 00:45:00,1701.0
27,CHOCÓ,27372,JURADÓ,27372000,JURADÓ (JURADÓ - CHOCÓ),2021,2,145.467,72.286,296.48,jueves,2021-02-04 19:15:00,2357.0
27,CHOCÓ,27425,MEDIO ATRATO (BETÉ),27425000,BETÉ (MEDIO ATRATO (BETÉ) - CHOCÓ),2021,2,19.415,8.333,80.0,viernes,2021-02-26 20:00:00,1154.0
27,CHOCÓ,27495,NUQUÍ,27495001,ARUSÍ (NUQUÍ - CHOCO),2021,2,8.623,3.574,48.0,martes,2021-02-16 19:15:00,802.0
27,CHOCÓ,27006,ACANDÍ,27006007,SAN FRANCISCO,2026,1,28.324,10.589,142336.0,sábado,2026-01-02 19:15:00,911.0
27,CHOCÓ,27495,NUQUÍ,27495912,COMUNIDAD INDÍGENA DE PANGUÍ - EL YUCAL (NUQUÍ - CHOCÓ),2021,2,3.466,1.104,11.31,jueves,2021-02-25 14:30:00,1751.0
27,CHOCÓ,27495,NUQUÍ,27495000,NUQUÍ (NUQUÍ - CHOCÓ),2021,2,227.597,73.614,477.66,martes,2021-02-23 19:45:00,2356.0
27,CHOCÓ,27495,NUQUÍ,27495011,PUERTO JAGUA (NUQUÍ - CHOCÓ),2021,2,638.0,341.0,4.37,martes,2021-02-02 20:30:00,725.0
27,CHOCÓ,27800,UNGUÍA,27800001,BALBOA (UNGUÍA - CHOCÓ),2021,2,18.818,7.894,84.63,sábado,2021-02-27 19:00:00,1016.0
27,CHOCÓ,27800,UNGUÍA,27800005,TITUMATE (UNGUÍA - CHOCÓ),2021,2,15.568,4.826,70.31,miércoles,2021-02-24 20:15:00,112.0
94,GUAINÍA,94343,BARRANCOMINAS,94343000,BARRANCOMINAS (BARRANCOMINAS - GUAINÍA),2021,2,44.781,16.05,189.06,lunes,2021-02-22 18:45:00,1023.0
94,GUAINÍA,94001,INÍRIDA,94001000,INÍRIDA (INÍRIDA - GUAINÍA),2021,2,,531.339,3256.88,viernes,2021-02-19 14:45:00,24.0
95,GUAVIARE,95200,MIRAFLORES,95200000,MIRAFLORES (MIRAFLORES - GUAVIARE),2021,2,74.114,26.896,193.16,miércoles,2021-02-10 18:30:00,1919.0
44,LA GUAJIRA,44847,URIBIA,44847012,NAZARETH (URIBIA - LA GUAJIRA),2021,2,23.115,9.59,235.92,lunes,2021-02-15 18:45:00,502.0
47,MAGDALENA,47189,CIÉNAGA,47189018,PALMOR (CIÉNAGA - MAGDALENA),2021,2,85.8,32.37,184.45,martes,2021-02-23 20:00:00,2243.0
50,META,50325,MAPIRIPÁN,50325000,MAPIRIPÁN (MAPIRIPÁN - META),2021,2,140.16,59.411,311.08,miércoles,2021-02-10 18:45:00,2336.0
52,NARIÑO,52250,EL CHARCO,52250023,BAZÁN (EL CHARCO - NARIÑO),2021,2,18.958,10.468,100.8,miércoles,2021-02-24 19:00:00,819.0
52,NARIÑO,52250,EL CHARCO,52250003,BOLÍVAR - SAN PEDRO (EL CHARCO - NARIÑO),2021,2,3.384,2.488,21.38,viernes,2021-02-19 20:30:00,654.0
52,NARIÑO,52250,EL CHARCO,52250007,SAN JOSÉ DEL TAPAJE (EL CHARCO - NARIÑO),2021,2,13.424,2.208,88.0,viernes,2021-02-05 20:45:00,705.0
52,NARIÑO,52520,FRANCISCO PIZARRO,52520013,SAN PEDRO DEL VINO (FRANCISCO PIZARRO - NARIÑO),2021,2,5.24,2.562,28.13,domingo,2021-02-21 19:00:00,825.0
52,NARIÑO,52390,LA TOLA,52390005,AGUACATAL (LA TOLA - NARIÑO),2021,2,1.963,414.0,12.75,sábado,2021-02-06 18:45:00,646.0
52,NARIÑO,52390,LA TOLA,52390013,AMÁRALES (LA TOLA - NARIÑO),2021,2,10.316,2.768,63.04,martes,2021-02-02 19:15:00,726.0
52,NARIÑO,52390,LA TOLA,52390003,LA VIGÍA DE LA MAR (LA TOLA - NARIÑO),2021,2,5.648,2.036,30.48,martes,2021-02-17 00:30:00,829.0
52,NARIÑO,52390,LA TOLA,52390009,MULATOS (LA TOLA - NARIÑO),2021,2,3.627,1.507,32.48,domingo,2021-02-28 18:00:00,602.0
52,NARIÑO,52473,MOSQUERA,52473010,EL BAJITO DE ECHANDÍA (MOSQUERA - NARIÑO),2021,2,3.173,637.0,15.07,sábado,2021-02-13 19:00:00,859.0
52,NARIÑO,52490,OLAYA HERRERA,52490913,BOCA DE PRIETA (OLAYA HERRERA - NARIÑO),2021,2,2.206,739.0,14.78,martes,2021-02-23 18:45:00,627.0
52,NARIÑO,52490,OLAYA HERRERA,52490008,SAN JOSÉ CALABAZAL (OLAYA HERRERA - NARIÑO),2021,2,2.933,1.264,43.42,sábado,2021-02-20 19:45:00,247.0
52,NARIÑO,52835,SAN ANDRÉS DE TUMACO,52835055,BOCAS DE CURAY (TUMACO - NARIÑO),2021,2,8.44,4.277,60.0,viernes,2021-02-19 18:45:00,632.0
52,NARIÑO,52835,SAN ANDRÉS DE TUMACO,52835012,CHAJAL (TUMACO - NARIÑO),2021,2,19.123,6.568,140.1,lunes,2021-02-22 19:30:00,64.0
52,NARIÑO,52835,SAN ANDRÉS DE TUMACO,52835016,PITAL DE LA COSTA (TUMACO - NARIÑO),2021,2,20.688,12.003,88.0,sábado,2021-02-20 21:00:00,1043.0
52,NARIÑO,52835,SAN ANDRÉS DE TUMACO,52835212,PUEBLO NUEVO (TABLÓN SALADO) (TUMACO - NARIÑO),2021,2,3.12,1.108,19.97,domingo,2021-02-14 23:00:00,834.0
52,NARIÑO,52835,SAN ANDRÉS DE TUMACO,52835217,SAN JUAN DE LA COSTA (SAN ANDRÉS DE TUMACO - NARIÑO),2021,2,22.355,8.222,134.4,martes,2021-02-23 18:45:00,826.0
52,NARIÑO,52835,SAN ANDRÉS DE TUMACO,52835091,SANTA ROSA (TUMACO - NARIÑO),2021,2,2.641,920.0,25.6,miércoles,2021-02-24 20:00:00,44.0
52,NARIÑO,52835,SAN ANDRÉS DE TUMACO,52835148,TABLÓN DULCE LA PAMPA (TUMACO - NARIÑO),2021,2,2.425,1.079,26.85,sábado,2021-02-06 19:00:00,43.0
52,NARIÑO,52696,SANTA BÁRBARA (ISCUANDÉ),52696014,LA ENSENADA (SANTA BÁRBARA (ISCUANDÉ) - NARIÑO),2021,2,1.3,1.204,17.22,lunes,2021-02-15 19:00:00,333.0
52,NARIÑO,52696,SANTA BÁRBARA (ISCUANDÉ),52696022,SECADERO (SANTA BÁRBARA (ISCUANDÉ) - NARIÑO),2021,2,2.528,1.777,12.67,martes,2021-02-02 19:30:00,855.0
86,PUTUMAYO,86573,PUERTO LEGUÍZAMO,86573009,PIÑUÑA NEGRO (PUERTO LEGUÍZAMO - PUTUMAYO),2021,2,3.993,2.471,28.8,domingo,2021-02-28 20:15:00,658.0
86,PUTUMAYO,86573,PUERTO LEGUÍZAMO,86573000,PUERTO LEGUÍZAMO (PUERTO LEGUÍZAMO - PUTUMAYO),2021,2,760.599,240.856,1601.78,miércoles,2021-02-10 14:45:00,24.0
76,VALLE DEL CAUCA,76109,BUENAVENTURA,76109028,PUERTO MERIZALDE (BUENAVENTURA - VALLE DEL CAUCA),2021,2,33.13,11.989,278.61,jueves,2021-02-18 20:00:00,525.0
76,VALLE DEL CAUCA,76109,BUENAVENTURA,76109032,SAN FRANCISCO NAYA (BUENAVENTURA - VALLE DEL CAUCA),2021,2,4.91,2.349,32.29,jueves,2021-02-04 18:30:00,719.0
97,VAUPÉS,97161,CARURÚ,97161000,CARURÚ (CARURÚ - VAUPÉS),2021,2,17.881,4.162,76.74,lunes,2021-02-15 19:30:00,122.0
97,VAUPÉS,97001,MITÚ,97001000,MITÚ (MITÚ - VAUPÉS),2021,2,,361.055,2785.36,miércoles,2021-02-17 23:30:00,2357.0
97,VAUPÉS,97666,TARAIRA,97666000,TARAIRA (TARAIRA - VAUPÉS),2021,2,15.608,4.818,108.42,jueves,2021-02-04 19:00:00,623.0
99,VICHADA,99773,CUMARIBO,99773000,CUMARIBO (CUMARIBO - VICHADA),2021,2,272.336,114.908,641.08,lunes,2021-02-08 23:30:00,2021.0
99,VICHADA,99524,LA PRIMAVERA,99524000,LA PRIMAVERA (LA PRIMAVERA - VICHADA),2021,2,330.69,149.455,715.86,lunes,2021-02-22 19:00:00,2357.0
99,VICHADA,99001,PUERTO CARREÑO,99001002,CASUARITO (PUERTO CARREÑO - VICHADA),2021,2,27.824,10.023,112.82,lunes,2021-02-08 19:15:00,1109.0
99,VICHADA,99001,PUERTO CARREÑO,99001000,PUERTO CARREÑO (PUERTO CARREÑO - VICHADA),2021,2,,716.591,4423.76,miércoles,2021-02-24 14:15:00,24.0
99,VICHADA,99624,SANTA ROSALÍA,99624000,SANTA ROSALÍA (SANTA ROSALÍA - VICHADA),2021,2,121.585,58.697,335.62,domingo,2021-02-14 19:30:00,1631.0
91,AMAZONAS,91001,LETICIA,91001000,LETICIA (LETICIA - AMAZONAS),2021,3,,,6281.87,lunes,2021-03-08 15:00:00,24.0
91,AMAZONAS,91540,PUERTO NARIÑO,91540000,PUERTO NARIÑO (PUERTO NARIÑO - AMAZONAS),2021,3,103.25,36.336,199.58,martes,2021-03-30 18:45:00,24.0
91,AMAZONAS,91798,TARAPACÁ (ANM),91798000,TARAPACÁ (TARAPACÁ (ANM) - AMAZONAS),2021,3,20.806,9.031,75.82,lunes,2021-03-15 19:00:00,1016.0
5,ANTIOQUIA,5873,VIGÍA DEL FUERTE,5873001,SAN ANTONIO DE PADUA (VIGÍA DEL FUERTE - ANTIOQUIA),2021,3,5.629,1.973,37.44,sábado,2021-03-14 00:45:00,61.0
5,ANTIOQUIA,5873,VIGÍA DEL FUERTE,5873002,VEGÁEZ (VIGÍA DEL FUERTE - ANTIOQUIA),2021,3,5.046,561.0,40.9,miércoles,2021-03-10 21:45:00,7.0
5,ANTIOQUIA,5873,VIGÍA DEL FUERTE,5873000,VIGÍA DEL FUERTE (VIGÍA DEL FUERTE - ANTIOQUIA),2021,3,102.734,44.446,310.82,viernes,2021-03-26 15:00:00,1236.0
88,"ARCHIPIÉLAGO DE SAN ANDRÉS, PROVIDENCIA Y SANTA CATALINA",88001,SAN ANDRÉS,88001000,SAN ANDRÉS (SAN ANDRÉS - ARCHIPIÉLAGO DE SAN ANDRÉS Y PROVIDENCIA),2021,3,,,26974.33,miércoles,2021-03-31 15:15:00,24.0
13,BOLÍVAR,13001,CARTAGENA DE INDIAS,13001007,ISLA FUERTE (CARTAGENA DE INDIAS - BOLÍVAR),2021,3,21.916,11.767,168.44,miércoles,2021-03-31 23:15:00,636.0
13,BOLÍVAR,13001,CARTAGENA DE INDIAS,13001017,SANTA CRUZ DEL ISLOTE (CARTAGENA DE INDIAS - BOLÍVAR),2021,3,16.798,5.857,50.18,martes,2021-03-30 21:15:00,1604.0
18,CAQUETÁ,18150,CARTAGENA DEL CHAIRÁ,18150001,REMOLINO DEL CAGUÁN (CARTAGENA DEL CHAIRA - CAQUETÁ),2021,3,15.434,7.378,80.39,sábado,2021-03-20 18:45:00,811.0
18,CAQUETÁ,18753,SAN VICENTE DEL CAGUÁN,18753002,GUACAMAYAS (SAN VICENTE DEL CAGUÁN - CAQUETÁ),2021,3,12.504,5.002,38.74,sábado,2021-03-20 19:15:00,1822.0
18,CAQUETÁ,18753,SAN VICENTE DEL CAGUÁN,18753015,GUAYABAL (SAN VICENTE DEL CAGUÁN - CAQUETÁ),2021,3,6.425,3.436,37.42,domingo,2021-03-07 22:45:00,77.0
18,CAQUETÁ,18753,SAN VICENTE DEL CAGUÁN,18753009,PUERTO BETANIA (SAN VICENTE DEL CAGUÁN - CAQUETÁ),2021,3,5.384,2.143,44.24,sábado,2021-03-27 20:00:00,52.0
85,CASANARE,85430,TRINIDAD,85430001,BOCAS DEL PAUTO (TRINIDAD - CASANARE),2021,3,12.839,7.438,90.05,jueves,2021-03-11 19:00:00,602.0
19,CAUCA,19318,GUAPI,19318008,LIMONES (GUAPI - CAUCA),2021,3,8.836,3.242,38.13,lunes,2021-03-22 19:45:00,931.0
19,CAUCA,19318,GUAPI,19318013,SAN ANTONIO DE GUAJUÍ (GUAPI - CAUCA),2021,3,12.101,4.848,53.04,martes,2021-03-02 19:45:00,915.0
19,CAUCA,19418,LÓPEZ DE MICAY,19418038,ISLA DE GALLO (LÓPEZ DE MICAY - CAUCA),2021,3,3.916,1.356,26.34,martes,2021-03-30 18:30:00,559.0
19,CAUCA,19418,LÓPEZ DE MICAY,19418009,NOANAMITO (LÓPEZ DE MICAY - CAUCA),2021,3,8.108,2.579,36.0,miércoles,2021-03-31 21:45:00,827.0
19,CAUCA,19418,LÓPEZ DE MICAY,19418012,SAN ANTONIO DE CHUARÉ (LÓPEZ DE MICAY - CAUCA),2021,3,7.596,2.569,60.48,viernes,2021-03-05 19:45:00,514.0
19,CAUCA,19418,LÓPEZ DE MICAY,19418019,ZARAGOZA (LOPEZ DE MICAY - CAUCA),2021,3,12.571,5.929,64.22,martes,2021-03-30 19:30:00,945.0
19,CAUCA,19809,TIMBIQUÍ,19809014,CHACÓN (TIMBIQUÍ - CAUCA),2021,3,3.82,752.0,32.26,domingo,2021-03-28 15:30:00,601.0
19,CAUCA,19809,TIMBIQUÍ,19809010,COMUNIDAD DE CHETE (TIMBIQUÍ - CAUCA),2021,3,5.795,1.927,39.46,miércoles,2021-03-31 20:15:00,543.0
19,CAUCA,19809,TIMBIQUÍ,19809003,COTEJE (TIMBIQUÍ - CAUCA),2021,3,7.011,3.916,34.84,martes,2021-03-30 19:45:00,755.0
19,CAUCA,19809,TIMBIQUÍ,19809026,LOS BRAZOS (TIMBIQUÍ - CAUCA),2021,3,9.598,1.798,48.29,miércoles,2021-03-31 19:15:00,729.0
19,CAUCA,19809,TIMBIQUÍ,19809023,PUERTO SAIJA (TIMBIQUÍ - CAUCA),2021,3,29.928,10.306,196.24,jueves,2021-03-11 19:30:00,627.0
19,CAUCA,19809,TIMBIQUÍ,19809007,SAN JOSÉ (TIMBIQUÍ - CAUCA),2021,3,8.306,5.26,45.58,miércoles,2021-03-31 20:15:00,723.0
19,CAUCA,19809,TIMBIQUÍ,19809008,SANTA MARÍA (TIMBIQUÍ - CAUCA),2021,3,16.936,6.932,77.95,miércoles,2021-03-31 20:45:00,921.0
27,CHOCÓ,27006,ACANDÍ,27006000,ACANDÍ (ACANDÍ - CHOCÓ),2021,3,595.727,237.934,1047.38,miércoles,2021-03-31 14:15:00,2328.0
27,CHOCÓ,27006,ACANDÍ,27006003,CAPURGANÁ (ACANDÍ - CHOCO),2021,3,297.943,111.12,882.11,lunes,2021-03-29 21:30:00,1844.0
27,CHOCÓ,27006,ACANDÍ,27006007,SAN FRANCISCO (ACANDÍ - CHOCÓ),2021,3,23.597,8.422,125.18,domingo,2021-03-28 19:15:00,841.0
27,CHOCÓ,27025,ALTO BAUDÓ (PIE DE PATO),27025000,CIUDAD BAUDÓ - PIE DE PATO (ALTO BAUDÓ - CHOCÓ),2021,3,42.941,12.923,107.45,lunes,2021-03-16 00:30:00,211.0
27,CHOCÓ,27075,BAHÍA SOLANO (MUTIS),27075000,CIUDAD MUTIS (BAHÍA SOLANO - CHOCÓ),2021,3,669.196,223.396,1265.0,miércoles,2021-03-24 19:30:00,2356.0
27,CHOCÓ,27075,BAHÍA SOLANO (MUTIS),27075001,CUPICA (BAHÍA SOLANO - CHOCÓ),2021,3,65.429,26.16,138.67,jueves,2021-03-25 19:00:00,2334.0
27,CHOCÓ,27075,BAHÍA SOLANO (MUTIS),27075002,EL VALLE (BAHÍA SOLANO - CHOCÓ),2021,3,154.153,71.647,343.99,jueves,2021-03-18 19:30:00,2342.0
27,CHOCÓ,27077,BAJO BAUDÓ (PIZARRO),27077905,BUENAVISTA (BAJO BAUDÓ (PIZARRO) - CHOCÓ),2021,3,5.262,801.0,30.98,jueves,2021-03-04 23:30:00,847.0
27,CHOCÓ,27077,BAJO BAUDÓ (PIZARRO),27077000,PIZARRO (BAJO BAUDÓ (PIZARRO) - CHOCÓ),2021,3,20.858,99.409,390.19,miércoles,2021-03-24 19:00:00,2349.0
27,CHOCÓ,27099,BOJAYÁ (BELLAVISTA),27099000,BELLAVISTA (BOJAYÁ (BELLAVISTA) - CHOCÓ),2021,3,98.984,31.167,210.49,miércoles,2021-03-17 19:15:00,201.0
27,CHOCÓ,27099,BOJAYÁ (BELLAVISTA),27099002,LA LOMA DE BOJAYÁ (BOJAYÁ (BELLAVISTA) - CHOCÓ),2021,3,11.694,5.31,57.6,domingo,2021-03-07 19:30:00,83.0
27,CHOCÓ,27099,BOJAYÁ (BELLAVISTA),27099005,NAPIPÍ (BOJAYÁ (BELLAVISTA) - CHOCÓ),2021,3,9.823,3.074,60.8,miércoles,2021-03-31 22:00:00,546.0
27,CHOCÓ,27099,BOJAYÁ (BELLAVISTA),27099008,PUERTO CONTO (BOJAYÁ (BELLAVISTA) - CHOCO),2021,3,10.563,2.695,72.0,sábado,2021-03-06 19:45:00,54.0
27,CHOCÓ,27250,EL LITORAL DEL SAN JUAN,27250000,SANTA GENOVEVA DE DOCORDÓ (EL LITORAL DEL SAN JUAN - CHOCÓ),2021,3,72.058,37.684,184.54,lunes,2021-03-08 22:15:00,177.0
27,CHOCÓ,27372,JURADÓ,27372000,JURADÓ (JURADÓ - CHOCÓ),2021,3,157.427,75.971,282.24,miércoles,2021-03-31 21:15:00,2358.0
27,CHOCÓ,27425,MEDIO ATRATO (BETÉ),27425000,BETÉ (MEDIO ATRATO (BETÉ) - CHOCÓ),2021,3,21.814,11.045,80.0,martes,2021-03-09 19:45:00,1221.0
27,CHOCÓ,27495,NUQUÍ,27495001,ARUSÍ (NUQUÍ - CHOCO),2021,3,11.056,4.85,48.0,martes,2021-03-30 18:30:00,909.0
27,CHOCÓ,27495,NUQUÍ,27495912,COMUNIDAD INDÍGENA DE PANGUÍ - EL YUCAL (NUQUÍ - CHOCÓ),2021,3,3.434,1.048,11.24,lunes,2021-03-01 19:15:00,1401.0
27,CHOCÓ,27495,NUQUÍ,27495000,NUQUÍ (NUQUÍ - CHOCÓ),2021,3,256.445,83.318,505.47,jueves,2021-03-18 20:00:00,2359.0
27,CHOCÓ,27495,NUQUÍ,27495011,PUERTO JAGUA (NUQUÍ - CHOCÓ),2021,3,961.0,507.0,4.66,domingo,2021-03-07 19:45:00,954.0
27,CHOCÓ,27800,UNGUÍA,27800001,BALBOA (UNGUÍA - CHOCÓ),2021,3,18.512,7.623,88.29,jueves,2021-03-25 19:30:00,91.0
27,CHOCÓ,27800,UNGUÍA,27800005,TITUMATE (UNGUÍA - CHOCÓ),2021,3,17.379,5.246,74.62,martes,2021-03-30 21:15:00,1123.0
27,CHOCÓ,27800,UNGUÍA,27800000,UNGUÍA (UNGUÍA - CHOCÓ),2021,3,404.312,149.475,836.35,martes,2021-03-30 20:00:00,2219.0
94,GUAINÍA,94343,BARRANCOMINAS,94343000,BARRANCOMINAS (BARRANCOMINAS - GUAINÍA),2021,3,52.973,19.162,189.22,sábado,2021-03-20 18:30:00,1145.0
94,GUAINÍA,94001,INÍRIDA,94001000,INÍRIDA (INÍRIDA - GUAINÍA),2021,3,,563.245,3110.8,martes,2021-03-02 15:15:00,2354.0
95,GUAVIARE,95200,MIRAFLORES,95200000,MIRAFLORES (MIRAFLORES - GUAVIARE),2021,3,82.981,30.03,198.0,jueves,2021-03-04 20:30:00,1914.0
44,LA GUAJIRA,44847,URIBIA,44847012,NAZARETH (URIBIA - LA GUAJIRA),2021,3,31.36,16.391,223.92,martes,2021-03-02 19:00:00,647.0
47,MAGDALENA,47189,CIÉNAGA,47189018,PALMOR (CIÉNAGA - MAGDALENA),2021,3,92.616,32.632,164.86,miércoles,2021-03-10 18:45:00,2337.0
50,META,50325,MAPIRIPÁN,50325000,MAPIRIPÁN (MAPIRIPÁN - META),2021,3,152.534,63.496,313.28,viernes,2021-03-19 18:45:00,2348.0
52,NARIÑO,52250,EL CHARCO,52250023,BAZÁN (EL CHARCO - NARIÑO),2021,3,20.658,11.334,10.08,jueves,2021-03-18 20:15:00,812.0
52,NARIÑO,52250,EL CHARCO,52250003,BOLÍVAR - SAN PEDRO (EL CHARCO - NARIÑO),2021,3,4.448,3.343,21.22,miércoles,2021-03-31 19:45:00,8.0
52,NARIÑO,52250,EL CHARCO,52250007,SAN JOSÉ DEL TAPAJE (EL CHARCO - NARIÑO),2021,3,15.776,2.962,88.0,martes,2021-03-30 19:45:00,754.0
52,NARIÑO,52520,FRANCISCO PIZARRO,52520013,SAN PEDRO DEL VINO (FRANCISCO PIZARRO - NARIÑO),2021,3,5.512,2.615,27.78,miércoles,2021-03-31 17:45:00,806.0
52,NARIÑO,52390,LA TOLA,52390005,AGUACATAL (LA TOLA - NARIÑO),2021,3,2.216,516.0,11.92,miércoles,2021-03-24 19:00:00,705.0
52,NARIÑO,52390,LA TOLA,52390013,AMÁRALES (LA TOLA - NARIÑO),2021,3,10.957,2.796,66.98,sábado,2021-03-20 19:30:00,659.0
52,NARIÑO,52390,LA TOLA,52390003,LA VIGÍA DE LA MAR (LA TOLA - NARIÑO),2021,3,6.328,2.314,31.08,viernes,2021-03-12 19:00:00,823.0
52,NARIÑO,52390,LA TOLA,52390009,MULATOS (LA TOLA - NARIÑO),2021,3,3.919,2.648,37.12,miércoles,2021-03-17 19:00:00,537.0
52,NARIÑO,52390,LA TOLA,52390016,SAN PABLO DEL MAR (LA TOLA - NARIÑO),2021,3,5.065,1.278,31.65,viernes,2021-03-05 19:30:00,634.0
52,NARIÑO,52490,OLAYA HERRERA,52490913,BOCA DE PRIETA (OLAYA HERRERA - NARIÑO),2021,3,2.492,862.0,15.41,miércoles,2021-03-31 19:45:00,63.0
52,NARIÑO,52490,OLAYA HERRERA,52490008,SAN JOSÉ CALABAZAL (OLAYA HERRERA - NARIÑO),2021,3,3.721,1.606,42.07,viernes,2021-03-05 19:45:00,55.0
52,NARIÑO,52835,SAN ANDRÉS DE TUMACO,52835055,BOCAS DE CURAY (TUMACO - NARIÑO),2021,3,9.526,5.024,60.0,domingo,2021-03-28 23:45:00,638.0
52,NARIÑO,52835,SAN ANDRÉS DE TUMACO,52835012,CHAJAL (TUMACO - NARIÑO),2021,3,20.571,6.991,140.8,viernes,2021-03-12 19:30:00,6.0
52,NARIÑO,52835,SAN ANDRÉS DE TUMACO,52835016,PITAL DE LA COSTA (TUMACO - NARIÑO),2021,3,23.858,13.741,96.0,domingo,2021-03-15 00:30:00,1044.0
52,NARIÑO,52835,SAN ANDRÉS DE TUMACO,52835212,PUEBLO NUEVO (TABLÓN SALADO) (TUMACO - NARIÑO),2021,3,4.061,1.434,17.28,viernes,2021-03-12 19:15:00,1037.0
52,NARIÑO,52835,SAN ANDRÉS DE TUMACO,52835217,SAN JUAN DE LA COSTA (SAN ANDRÉS DE TUMACO - NARIÑO),2021,3,2.788,10.22,137.6,miércoles,2021-03-31 19:00:00,904.0
52,NARIÑO,52835,SAN ANDRÉS DE TUMACO,52835091,SANTA ROSA (TUMACO - NARIÑO),2021,3,4.717,1.636,35.97,sábado,2021-03-13 20:00:00,635.0
52,NARIÑO,52835,SAN ANDRÉS DE TUMACO,52835148,TABLÓN DULCE LA PAMPA (TUMACO - NARIÑO),2021,3,2.059,940.0,23.49,sábado,2021-03-20 19:00:00,336.0
52,NARIÑO,52696,SANTA BÁRBARA (ISCUANDÉ),52696014,LA ENSENADA (SANTA BÁRBARA (ISCUANDÉ) - NARIÑO),2021,3,2.743,2.629,18.78,miércoles,2021-03-31 20:15:00,6.0
52,NARIÑO,52696,SANTA BÁRBARA (ISCUANDÉ),52696022,SECADERO (SANTA BÁRBARA (ISCUANDÉ) - NARIÑO),2021,3,2.876,1.933,12.72,miércoles,2021-03-31 19:00:00,911.0
86,PUTUMAYO,86573,PUERTO LEGUÍZAMO,86573009,PIÑUÑA NEGRO (PUERTO LEGUÍZAMO - PUTUMAYO),2021,3,4.475,2.51,28.8,sábado,2021-03-27 21:30:00,702.0
76,VALLE DEL CAUCA,76109,BUENAVENTURA,76109028,PUERTO MERIZALDE (BUENAVENTURA - VALLE DEL CAUCA),2021,3,56.12,21.235,294.98,miércoles,2021-03-31 20:00:00,738.0
76,VALLE DEL CAUCA,76109,BUENAVENTURA,76109032,SAN FRANCISCO NAYA (BUENAVENTURA - VALLE DEL CAUCA),2021,3,6.065,2.597,28.16,sábado,2021-03-27 23:30:00,827.0
97,VAUPÉS,97161,CARURÚ,97161000,CARURÚ (CARURÚ - VAUPÉS),2021,3,19.606,5.039,74.45,martes,2021-03-16 18:30:00,1219.0
97,VAUPÉS,97001,MITÚ,97001000,MITÚ (MITÚ - VAUPÉS),2021,3,,382.22,2717.27,lunes,2021-03-15 23:45:00,24.0
99,VICHADA,99773,CUMARIBO,99773000,CUMARIBO (CUMARIBO - VICHADA),2021,3,308.352,136.167,640.2,jueves,2021-03-11 14:15:00,2338.0
99,VICHADA,99524,LA PRIMAVERA,99524000,LA PRIMAVERA (LA PRIMAVERA - VICHADA),2021,3,363.668,168.862,787.56,jueves,2021-03-18 18:45:00,2312.0
99,VICHADA,99001,PUERTO CARREÑO,99001002,CASUARITO (PUERTO CARREÑO - VICHADA),2021,3,30.702,11.079,104.19,miércoles,2021-03-03 20:00:00,115.0
99,VICHADA,99001,PUERTO CARREÑO,99001000,PUERTO CARREÑO (PUERTO CARREÑO - VICHADA),2021,3,,811.894,4506.48,lunes,2021-03-08 14:30:00,24.0
99,VICHADA,99624,SANTA ROSALÍA,99624000,SANTA ROSALÍA (SANTA ROSALÍA - VICHADA),2021,3,132.848,66.274,341.71,jueves,2021-03-18 19:15:00,1619.0
91,AMAZONAS,91001,LETICIA,91001000,LETICIA (LETICIA - AMAZONAS),2021,4,,,6684.89,jueves,2021-04-08 14:15:00,24.0
91,AMAZONAS,91540,PUERTO NARIÑO,91540000,PUERTO NARIÑO (PUERTO NARIÑO - AMAZONAS),2021,4,103.983,36.71,216.13,lunes,2021-04-12 19:00:00,24.0
91,AMAZONAS,91798,TARAPACÁ (ANM),91798000,TARAPACÁ (TARAPACÁ (ANM) - AMAZONAS),2021,4,22.2,10.205,84.64,lunes,2021-04-12 19:45:00,1017.0
5,ANTIOQUIA,5873,VIGÍA DEL FUERTE,5873002,VEGÁEZ (VIGÍA DEL FUERTE - ANTIOQUIA),2021,4,3.32,161.0,35.49,sábado,2021-04-24 19:00:00,439.0
5,ANTIOQUIA,5873,VIGÍA DEL FUERTE,5873000,VIGÍA DEL FUERTE (VIGÍA DEL FUERTE - ANTIOQUIA),2021,4,93.016,38.286,313.98,miércoles,2021-04-07 14:00:00,1143.0
88,"ARCHIPIÉLAGO DE SAN ANDRÉS, PROVIDENCIA Y SANTA CATALINA",88001,SAN ANDRÉS,88001000,SAN ANDRÉS (SAN ANDRÉS - ARCHIPIÉLAGO DE SAN ANDRÉS Y PROVIDENCIA),2021,4,,,26943.19,martes,2021-04-20 15:30:00,24.0
13,BOLÍVAR,13001,CARTAGENA DE INDIAS,13001007,ISLA FUERTE (CARTAGENA DE INDIAS - BOLÍVAR),2021,4,17.858,9.518,177.26,sábado,2021-04-03 00:00:00,527.0
13,BOLÍVAR,13001,CARTAGENA DE INDIAS,13001037,ISLA MÚCURA (CARTAGENA DE INDIAS - BOLÍVAR),2021,4,6.886,2.794,20.32,viernes,2021-04-02 23:45:00,1503.0
13,BOLÍVAR,13001,CARTAGENA DE INDIAS,13001017,SANTA CRUZ DEL ISLOTE (CARTAGENA DE INDIAS - BOLÍVAR),2021,4,13.114,4.518,49.76,viernes,2021-04-16 21:30:00,1052.0
18,CAQUETÁ,18150,CARTAGENA DEL CHAIRÁ,18150001,REMOLINO DEL CAGUÁN (CARTAGENA DEL CHAIRA - CAQUETÁ),2021,4,15.248,7.141,82.97,sábado,2021-04-17 19:15:00,813.0
18,CAQUETÁ,18753,SAN VICENTE DEL CAGUÁN,18753002,GUACAMAYAS (SAN VICENTE DEL CAGUÁN - CAQUETÁ),2021,4,11.863,5.017,41.06,viernes,2021-04-30 19:00:00,1732.0
18,CAQUETÁ,18753,SAN VICENTE DEL CAGUÁN,18753015,GUAYABAL (SAN VICENTE DEL CAGUÁN - CAQUETÁ),2021,4,5.789,3.019,36.8,sábado,2021-04-24 18:45:00,654.0
18,CAQUETÁ,18753,SAN VICENTE DEL CAGUÁN,18753009,PUERTO BETANIA (SAN VICENTE DEL CAGUÁN - CAQUETÁ),2021,4,5.149,2.022,45.52,sábado,2021-04-24 20:00:00,526.0
85,CASANARE,85430,TRINIDAD,85430001,BOCAS DEL PAUTO (TRINIDAD - CASANARE),2021,4,3.573,2.106,86.4,viernes,2021-04-30 18:15:00,144.0
19,CAUCA,19318,GUAPI,19318008,LIMONES (GUAPI - CAUCA),2021,4,8.156,3.213,37.08,jueves,2021-04-29 18:45:00,919.0
19,CAUCA,19318,GUAPI,19318013,SAN ANTONIO DE GUAJUÍ (GUAPI - CAUCA),2021,4,11.498,3.048,49.33,sábado,2021-04-10 19:30:00,935.0
19,CAUCA,19418,LÓPEZ DE MICAY,19418024,BETANIA - NAYA (LÓPEZ (MICAY) - CAUCA),2021,4,6.286,2.119,28.64,lunes,2021-04-26 16:15:00,85.0
19,CAUCA,19418,LÓPEZ DE MICAY,19418033,BOCA GRANDE (LÓPEZ (MICAY) - CAUCA),2021,4,4.639,1.015,33.28,jueves,2021-04-22 19:30:00,539.0
19,CAUCA,19418,LÓPEZ DE MICAY,19418038,ISLA DE GALLO (LÓPEZ DE MICAY - CAUCA),2021,4,4.112,1.482,26.18,sábado,2021-04-03 19:00:00,642.0
19,CAUCA,19418,LÓPEZ DE MICAY,19418009,NOANAMITO (LÓPEZ DE MICAY - CAUCA),2021,4,7.568,2.427,40.0,viernes,2021-04-30 19:45:00,81.0
19,CAUCA,19418,LÓPEZ DE MICAY,19418015,SAN ISIDRO (LÓPEZ DE MICAY - CAUCA),2021,4,915.0,326.0,6.34,martes,2021-04-21 00:45:00,606.0
19,CAUCA,19418,LÓPEZ DE MICAY,19418019,ZARAGOZA (LOPEZ DE MICAY - CAUCA),2021,4,13.407,5.828,70.5,sábado,2021-04-03 20:00:00,932.0
19,CAUCA,19809,TIMBIQUÍ,19809014,CHACÓN (TIMBIQUÍ - CAUCA),2021,4,4.119,987.0,28.08,viernes,2021-04-09 19:45:00,621.0
19,CAUCA,19809,TIMBIQUÍ,19809010,COMUNIDAD DE CHETE (TIMBIQUÍ - CAUCA),2021,4,6.299,2.199,37.22,sábado,2021-04-10 19:15:00,651.0
19,CAUCA,19809,TIMBIQUÍ,19809003,COTEJE (TIMBIQUÍ - CAUCA),2021,4,7.36,4.125,35.0,jueves,2021-04-08 20:00:00,831.0
19,CAUCA,19809,TIMBIQUÍ,19809026,LOS BRAZOS (TIMBIQUÍ - CAUCA),2021,4,8.793,1.608,49.2,sábado,2021-04-10 19:45:00,714.0
19,CAUCA,19809,TIMBIQUÍ,19809023,PUERTO SAIJA (TIMBIQUÍ - CAUCA),2021,4,27.027,9.253,180.05,jueves,2021-04-08 18:30:00,608.0
19,CAUCA,19809,TIMBIQUÍ,19809007,SAN JOSÉ (TIMBIQUÍ - CAUCA),2021,4,8.109,5.114,45.34,sábado,2021-04-10 20:00:00,721.0
19,CAUCA,19809,TIMBIQUÍ,19809008,SANTA MARÍA (TIMBIQUÍ - CAUCA),2021,4,15.984,6.527,77.38,jueves,2021-04-01 19:30:00,912.0
27,CHOCÓ,27006,ACANDÍ,27006000,ACANDÍ (ACANDÍ - CHOCÓ),2021,4,556.658,220.397,1036.64,jueves,2021-04-22 19:45:00,2221.0
27,CHOCÓ,27006,ACANDÍ,27006003,CAPURGANÁ (ACANDÍ - CHOCO),2021,4,303.988,112.821,902.18,jueves,2021-04-01 22:15:00,1941.0
27,CHOCÓ,27006,ACANDÍ,27006007,SAN FRANCISCO (ACANDÍ - CHOCÓ),2021,4,21.655,7.659,131.71,jueves,2021-04-01 19:15:00,75.0
27,CHOCÓ,27025,ALTO BAUDÓ (PIE DE PATO),27025000,CIUDAD BAUDÓ - PIE DE PATO (ALTO BAUDÓ - CHOCÓ),2021,4,46.655,13.827,113.34,jueves,2021-04-16 00:00:00,2358.0
27,CHOCÓ,27075,BAHÍA SOLANO (MUTIS),27075000,CIUDAD MUTIS (BAHÍA SOLANO - CHOCÓ),2021,4,634.355,230.615,1246.52,lunes,2021-04-19 19:30:00,235.0
27,CHOCÓ,27075,BAHÍA SOLANO (MUTIS),27075001,CUPICA (BAHÍA SOLANO - CHOCÓ),2021,4,63.113,23.464,172.1,jueves,2021-04-29 19:30:00,2317.0
27,CHOCÓ,27075,BAHÍA SOLANO (MUTIS),27075002,EL VALLE (BAHÍA SOLANO - CHOCÓ),2021,4,147.693,65.713,323.4,jueves,2021-04-01 19:15:00,233.0
27,CHOCÓ,27077,BAJO BAUDÓ (PIZARRO),27077905,BUENAVISTA (BAJO BAUDÓ (PIZARRO) - CHOCÓ),2021,4,5.813,1.022,22.82,miércoles,2021-04-21 19:45:00,106.0
27,CHOCÓ,27077,BAJO BAUDÓ (PIZARRO),27077000,PIZARRO (BAJO BAUDÓ (PIZARRO) - CHOCÓ),2021,4,199.84,95.308,394.42,jueves,2021-04-29 19:30:00,24.0
27,CHOCÓ,27099,BOJAYÁ (BELLAVISTA),27099000,BELLAVISTA (BOJAYÁ (BELLAVISTA) - CHOCÓ),2021,4,98.307,13.956,219.78,jueves,2021-04-29 19:45:00,1959.0
27,CHOCÓ,27099,BOJAYÁ (BELLAVISTA),27099002,LA LOMA DE BOJAYÁ (BOJAYÁ (BELLAVISTA) - CHOCÓ),2021,4,12.049,5.517,60.8,martes,2021-04-20 19:00:00,912.0
27,CHOCÓ,27099,BOJAYÁ (BELLAVISTA),27099005,NAPIPÍ (BOJAYÁ (BELLAVISTA) - CHOCÓ),2021,4,11.723,3.565,64.0,jueves,2021-04-29 18:45:00,714.0
27,CHOCÓ,27099,BOJAYÁ (BELLAVISTA),27099008,PUERTO CONTO (BOJAYÁ (BELLAVISTA) - CHOCO),2021,4,11.317,2.854,69.6,miércoles,2021-04-14 19:30:00,624.0
27,CHOCÓ,27250,EL LITORAL DEL SAN JUAN,27250000,SANTA GENOVEVA DE DOCORDÓ (EL LITORAL DEL SAN JUAN - CHOCÓ),2021,4,66.994,36.181,172.79,miércoles,2021-04-14 13:00:00,1648.0
27,CHOCÓ,27372,JURADÓ,27372000,JURADÓ (JURADÓ - CHOCÓ),2021,4,154.67,71.127,302.88,miércoles,2021-04-28 19:30:00,2357.0
27,CHOCÓ,27425,MEDIO ATRATO (BETÉ),27425000,BETÉ (MEDIO ATRATO (BETÉ) - CHOCÓ),2021,4,21.552,10.592,80.0,jueves,2021-04-22 19:15:00,1242.0
27,CHOCÓ,27495,NUQUÍ,27495001,ARUSÍ (NUQUÍ - CHOCO),2021,4,11.045,4.619,48.0,martes,2021-04-13 20:30:00,948.0
27,CHOCÓ,27495,NUQUÍ,27495912,COMUNIDAD INDÍGENA DE PANGUÍ - EL YUCAL (NUQUÍ - CHOCÓ),2021,4,3.3,1.4,11.23,jueves,2021-04-29 18:00:00,2002.0
27,CHOCÓ,27495,NUQUÍ,27495000,NUQUÍ (NUQUÍ - CHOCÓ),2021,4,247.974,80.087,480.48,jueves,2021-04-22 19:45:00,24.0
27,CHOCÓ,27495,NUQUÍ,27495011,PUERTO JAGUA (NUQUÍ - CHOCÓ),2021,4,794.0,1.653,6.74,viernes,2021-04-16 20:45:00,729.0
27,CHOCÓ,27800,UNGUÍA,27800001,BALBOA (UNGUÍA - CHOCÓ),2021,4,20.04,8.148,84.22,sábado,2021-04-24 20:00:00,959.0
27,CHOCÓ,27800,UNGUÍA,27800005,TITUMATE (UNGUÍA - CHOCÓ),2021,4,15.783,4.726,79.29,jueves,2021-04-29 19:30:00,909.0
27,CHOCÓ,27800,UNGUÍA,27800000,UNGUÍA (UNGUÍA - CHOCÓ),2021,4,402.583,143.376,873.84,jueves,2021-04-22 20:30:00,2211.0
94,GUAINÍA,94343,BARRANCOMINAS,94343000,BARRANCOMINAS (BARRANCOMINAS - GUAINÍA),2021,4,57.209,20.041,188.72,jueves,2021-04-22 19:00:00,133.0
94,GUAINÍA,94001,INÍRIDA,94001000,INÍRIDA (INÍRIDA - GUAINÍA),2021,4,,521.989,3218.16,jueves,2021-04-22 14:30:00,2357.0
95,GUAVIARE,95200,MIRAFLORES,95200000,MIRAFLORES (MIRAFLORES - GUAVIARE),2021,4,78.95,28.189,186.56,miércoles,2021-04-21 18:30:00,1915.0
44,LA GUAJIRA,44847,URIBIA,44847012,NAZARETH (URIBIA - LA GUAJIRA),2021,4,35.845,17.755,232.08,lunes,2021-04-26 19:45:00,756.0
47,MAGDALENA,47189,CIÉNAGA,47189018,PALMOR (CIÉNAGA - MAGDALENA),2021,4,77.55,27.68,164.03,jueves,2021-04-29 20:30:00,2232.0
50,META,50325,MAPIRIPÁN,50325000,MAPIRIPÁN (MAPIRIPÁN - META),2021,4,149.555,61.921,322.52,viernes,2021-04-23 19:00:00,2347.0
52,NARIÑO,52250,EL CHARCO,52250023,BAZÁN (EL CHARCO - NARIÑO),2021,4,19.102,10.249,100.8,sábado,2021-04-17 20:45:00,8.0
52,NARIÑO,52250,EL CHARCO,52250003,BOLÍVAR - SAN PEDRO (EL CHARCO - NARIÑO),2021,4,4.182,3.196,22.72,viernes,2021-04-16 16:00:00,726.0
52,NARIÑO,52250,EL CHARCO,52250007,SAN JOSÉ DEL TAPAJE (EL CHARCO - NARIÑO),2021,4,15.392,3.048,80.0,viernes,2021-04-30 20:15:00,754.0
52,NARIÑO,52520,FRANCISCO PIZARRO,52520013,SAN PEDRO DEL VINO (FRANCISCO PIZARRO - NARIÑO),2021,4,5.481,2.631,27.62,jueves,2021-04-02 00:30:00,828.0
52,NARIÑO,52390,LA TOLA,52390005,AGUACATAL (LA TOLA - NARIÑO),2021,4,2.401,553.0,15.98,domingo,2021-04-25 19:00:00,8.0
52,NARIÑO,52390,LA TOLA,52390013,AMÁRALES (LA TOLA - NARIÑO),2021,4,8.736,2.378,65.66,lunes,2021-04-26 19:45:00,543.0
52,NARIÑO,52390,LA TOLA,52390003,LA VIGÍA DE LA MAR (LA TOLA - NARIÑO),2021,4,5.686,2.2,29.48,miércoles,2021-04-07 18:30:00,819.0
52,NARIÑO,52390,LA TOLA,52390009,MULATOS (LA TOLA - NARIÑO),2021,4,3.425,1.531,33.82,jueves,2021-04-29 19:15:00,522.0
52,NARIÑO,52390,LA TOLA,52390016,SAN PABLO DEL MAR (LA TOLA - NARIÑO),2021,4,4.886,1.294,28.99,lunes,2021-04-05 17:00:00,642.0
52,NARIÑO,52490,OLAYA HERRERA,52490913,BOCA DE PRIETA (OLAYA HERRERA - NARIÑO),2021,4,1.427,404.0,15.02,jueves,2021-04-01 19:45:00,336.0
52,NARIÑO,52835,SAN ANDRÉS DE TUMACO,52835012,CHAJAL (TUMACO - NARIÑO),2021,4,10.669,3.619,137.63,martes,2021-04-13 20:00:00,416.0
52,NARIÑO,52835,SAN ANDRÉS DE TUMACO,52835016,PITAL DE LA COSTA (TUMACO - NARIÑO),2021,4,19.894,11.383,92.0,sábado,2021-04-17 20:00:00,921.0
52,NARIÑO,52835,SAN ANDRÉS DE TUMACO,52835212,PUEBLO NUEVO (TABLÓN SALADO) (TUMACO - NARIÑO),2021,4,3.288,1.207,23.39,domingo,2021-04-04 21:30:00,92.0
52,NARIÑO,52835,SAN ANDRÉS DE TUMACO,52835217,SAN JUAN DE LA COSTA (SAN ANDRÉS DE TUMACO - NARIÑO),2021,4,16.922,6.309,140.8,viernes,2021-04-02 19:15:00,548.0
52,NARIÑO,52835,SAN ANDRÉS DE TUMACO,52835091,SANTA ROSA (TUMACO - NARIÑO),2021,4,4.055,1.514,56.77,miércoles,2021-04-14 18:45:00,612.0
52,NARIÑO,52835,SAN ANDRÉS DE TUMACO,52835148,TABLÓN DULCE LA PAMPA (TUMACO - NARIÑO),2021,4,939.0,437.0,23.46,sábado,2021-04-10 19:30:00,3.0
52,NARIÑO,52696,SANTA BÁRBARA (ISCUANDÉ),52696014,LA ENSENADA (SANTA BÁRBARA (ISCUANDÉ) - NARIÑO),2021,4,3.095,2.903,20.13,jueves,2021-04-22 19:30:00,612.0
52,NARIÑO,52696,SANTA BÁRBARA (ISCUANDÉ),52696022,SECADERO (SANTA BÁRBARA (ISCUANDÉ) - NARIÑO),2021,4,2.761,1.792,12.72,lunes,2021-04-12 18:15:00,912.0
86,PUTUMAYO,86573,PUERTO LEGUÍZAMO,86573009,PIÑUÑA NEGRO (PUERTO LEGUÍZAMO - PUTUMAYO),2021,4,4.159,2.224,28.8,sábado,2021-04-24 20:00:00,657.0
76,VALLE DEL CAUCA,76109,BUENAVENTURA,76109028,PUERTO MERIZALDE (BUENAVENTURA - VALLE DEL CAUCA),2021,4,30.937,10.601,285.12,viernes,2021-04-09 19:45:00,439.0
76,VALLE DEL CAUCA,76109,BUENAVENTURA,76109032,SAN FRANCISCO NAYA (BUENAVENTURA - VALLE DEL CAUCA),2021,4,5.733,2.769,28.8,lunes,2021-04-12 23:45:00,816.0
97,VAUPÉS,97161,CARURÚ,97161000,CARURÚ (CARURÚ - VAUPÉS),2021,4,20.059,5.339,79.99,jueves,2021-04-22 18:30:00,1237.0
97,VAUPÉS,97001,MITÚ,97001000,MITÚ (MITÚ - VAUPÉS),2021,4,927.609,280.657,2590.39,miércoles,2021-04-07 23:30:00,2248.0
97,VAUPÉS,97666,TARAIRA,97666000,TARAIRA (TARAIRA - VAUPÉS),2021,4,28.14,8.763,105.51,viernes,2021-04-09 19:00:00,1117.0
99,VICHADA,99773,CUMARIBO,99773000,CUMARIBO (CUMARIBO - VICHADA),2021,4,303.736,133.946,687.28,viernes,2021-04-23 14:30:00,2357.0
99,VICHADA,99524,LA PRIMAVERA,99524000,LA PRIMAVERA (LA PRIMAVERA - VICHADA),2021,4,335.72,156.561,689.36,viernes,2021-04-23 19:15:00,2322.0
99,VICHADA,99001,PUERTO CARREÑO,99001002,CASUARITO (PUERTO CARREÑO - VICHADA),2021,4,28.829,10.675,111.06,jueves,2021-04-22 18:45:00,113.0
99,VICHADA,99001,PUERTO CARREÑO,99001000,PUERTO CARREÑO (PUERTO CARREÑO - VICHADA),2021,4,,794.934,4685.12,viernes,2021-04-23 14:15:00,24.0
99,VICHADA,99624,SANTA ROSALÍA,99624000,SANTA ROSALÍA (SANTA ROSALÍA - VICHADA),2021,4,128.741,63.352,366.14,sábado,2021-04-24 19:30:00,1612.0
91,AMAZONAS,91001,LETICIA,91001000,LETICIA (LETICIA - AMAZONAS),2021,5,,,6642.57,viernes,2021-05-21 14:45:00,24.0
91,AMAZONAS,91540,PUERTO NARIÑO,91540000,PUERTO NARIÑO (PUERTO NARIÑO - AMAZONAS),2021,5,104.516,36.339,210.32,miércoles,2021-05-05 19:15:00,24.0
91,AMAZONAS,91798,TARAPACÁ (ANM),91798000,TARAPACÁ (TARAPACÁ (ANM) - AMAZONAS),2021,5,24.043,10.115,90.62,sábado,2021-05-29 19:15:00,1022.0
5,ANTIOQUIA,5873,VIGÍA DEL FUERTE,5873002,VEGÁEZ (VIGÍA DEL FUERTE - ANTIOQUIA),2021,5,3.997,294.0,35.17,miércoles,2021-05-19 19:00:00,518.0
5,ANTIOQUIA,5873,VIGÍA DEL FUERTE,5873000,VIGÍA DEL FUERTE (VIGÍA DEL FUERTE - ANTIOQUIA),2021,5,84.101,36.704,313.28,sábado,2021-05-30 00:00:00,949.0
88,"ARCHIPIÉLAGO DE SAN ANDRÉS, PROVIDENCIA Y SANTA CATALINA",88001,SAN ANDRÉS,88001000,SAN ANDRÉS (SAN ANDRÉS - ARCHIPIÉLAGO DE SAN ANDRÉS Y PROVIDENCIA),2021,5,,,28744.52,viernes,2021-05-21 15:15:00,24.0
13,BOLÍVAR,13001,CARTAGENA DE INDIAS,13001007,ISLA FUERTE (CARTAGENA DE INDIAS - BOLÍVAR),2021,5,15.612,8.376,142.5,domingo,2021-05-16 14:30:00,434.0
13,BOLÍVAR,13001,CARTAGENA DE INDIAS,13001037,ISLA MÚCURA (CARTAGENA DE INDIAS - BOLÍVAR),2021,5,6.065,2.5,21.47,viernes,2021-05-07 13:45:00,1458.0
13,BOLÍVAR,13001,CARTAGENA DE INDIAS,13001017,SANTA CRUZ DEL ISLOTE (CARTAGENA DE INDIAS - BOLÍVAR),2021,5,17.415,5.974,48.83,miércoles,2021-05-05 21:15:00,1457.0
18,CAQUETÁ,18150,CARTAGENA DEL CHAIRÁ,18150001,REMOLINO DEL CAGUÁN (CARTAGENA DEL CHAIRA - CAQUETÁ),2021,5,11.337,4.771,87.79,sábado,2021-05-22 18:45:00,518.0
18,CAQUETÁ,18753,SAN VICENTE DEL CAGUÁN,18753002,GUACAMAYAS (SAN VICENTE DEL CAGUÁN - CAQUETÁ),2021,5,9.17,3.448,37.61,domingo,2021-05-30 19:00:00,1622.0
18,CAQUETÁ,18753,SAN VICENTE DEL CAGUÁN,18753015,GUAYABAL (SAN VICENTE DEL CAGUÁN - CAQUETÁ),2021,5,5.112,2.627,36.56,domingo,2021-05-03 00:30:00,551.0
18,CAQUETÁ,18753,SAN VICENTE DEL CAGUÁN,18753009,PUERTO BETANIA (SAN VICENTE DEL CAGUÁN - CAQUETÁ),2021,5,4.216,1.582,43.08,jueves,2021-05-27 18:45:00,4.0
85,CASANARE,85430,TRINIDAD,85430001,BOCAS DEL PAUTO (TRINIDAD - CASANARE),2021,5,9.06,5.273,90.56,sábado,2021-05-15 18:45:00,411.0
19,CAUCA,19318,GUAPI,19318008,LIMONES (GUAPI - CAUCA),2021,5,8.69,3.527,36.14,lunes,2021-05-24 18:45:00,945.0
19,CAUCA,19318,GUAPI,19318013,SAN ANTONIO DE GUAJUÍ (GUAPI - CAUCA),2021,5,11.115,4.889,49.16,viernes,2021-05-21 19:15:00,914.0
19,CAUCA,19418,LÓPEZ DE MICAY,19418024,BETANIA - NAYA (LÓPEZ (MICAY) - CAUCA),2021,5,6.403,2.197,29.68,lunes,2021-05-24 17:30:00,847.0
19,CAUCA,19418,LÓPEZ DE MICAY,19418033,BOCA GRANDE (LÓPEZ (MICAY) - CAUCA),2021,5,4.509,983.0,30.56,viernes,2021-05-07 19:30:00,543.0
19,CAUCA,19418,LÓPEZ DE MICAY,19418038,ISLA DE GALLO (LÓPEZ DE MICAY - CAUCA),2021,5,4.218,1.715,25.41,viernes,2021-05-07 18:30:00,701.0
19,CAUCA,19418,LÓPEZ DE MICAY,19418009,NOANAMITO (LÓPEZ DE MICAY - CAUCA),2021,5,4.597,1.396,40.0,martes,2021-05-25 15:45:00,452.0
19,CAUCA,19418,LÓPEZ DE MICAY,19418015,SAN ISIDRO (LÓPEZ DE MICAY - CAUCA),2021,5,948.0,347.0,6.18,lunes,2021-05-31 17:30:00,64.0
19,CAUCA,19418,LÓPEZ DE MICAY,19418019,ZARAGOZA (LOPEZ DE MICAY - CAUCA),2021,5,12.556,5.553,64.16,sábado,2021-05-01 19:15:00,9.0
19,CAUCA,19809,TIMBIQUÍ,19809014,CHACÓN (TIMBIQUÍ - CAUCA),2021,5,4.445,1.298,34.14,sábado,2021-05-01 20:00:00,624.0
19,CAUCA,19809,TIMBIQUÍ,19809010,COMUNIDAD DE CHETE (TIMBIQUÍ - CAUCA),2021,5,4.19,1.471,36.77,viernes,2021-05-07 20:00:00,427.0
19,CAUCA,19809,TIMBIQUÍ,19809003,COTEJE (TIMBIQUÍ - CAUCA),2021,5,6.93,4.043,34.0,jueves,2021-05-27 19:15:00,745.0
19,CAUCA,19809,TIMBIQUÍ,19809026,LOS BRAZOS (TIMBIQUÍ - CAUCA),2021,5,4.91,900.0,45.62,jueves,2021-05-13 19:15:00,406.0
19,CAUCA,19809,TIMBIQUÍ,19809023,PUERTO SAIJA (TIMBIQUÍ - CAUCA),2021,5,15.238,5.047,171.78,viernes,2021-05-07 19:00:00,321.0
19,CAUCA,19809,TIMBIQUÍ,19809007,SAN JOSÉ (TIMBIQUÍ - CAUCA),2021,5,7.549,4.853,41.16,martes,2021-05-11 18:30:00,706.0
19,CAUCA,19809,TIMBIQUÍ,19809008,SANTA MARÍA (TIMBIQUÍ - CAUCA),2021,5,14.585,5.922,69.95,viernes,2021-05-28 19:00:00,819.0
27,CHOCÓ,27006,ACANDÍ,27006000,ACANDÍ (ACANDÍ - CHOCÓ),2021,5,604.75,232.018,1053.89,miércoles,2021-05-05 19:00:00,2331.0
27,CHOCÓ,27006,ACANDÍ,27006003,CAPURGANÁ (ACANDÍ - CHOCO),2021,5,268.997,100.681,645.92,viernes,2021-05-14 21:45:00,1703.0
27,CHOCÓ,27006,ACANDÍ,27006007,SAN FRANCISCO (ACANDÍ - CHOCÓ),2021,5,21.171,7.639,108.77,sábado,2021-05-15 18:45:00,757.0
27,CHOCÓ,27025,ALTO BAUDÓ (PIE DE PATO),27025000,CIUDAD BAUDÓ - PIE DE PATO (ALTO BAUDÓ - CHOCÓ),2021,5,47.415,14.585,118.01,martes,2021-05-12 00:00:00,2342.0
27,CHOCÓ,27075,BAHÍA SOLANO (MUTIS),27075000,CIUDAD MUTIS (BAHÍA SOLANO - CHOCÓ),2021,5,687.123,252.377,1259.72,miércoles,2021-05-26 19:30:00,2354.0
27,CHOCÓ,27075,BAHÍA SOLANO (MUTIS),27075001,CUPICA (BAHÍA SOLANO - CHOCÓ),2021,5,65.489,23.692,142.33,lunes,2021-05-24 19:15:00,2311.0
27,CHOCÓ,27075,BAHÍA SOLANO (MUTIS),27075002,EL VALLE (BAHÍA SOLANO - CHOCÓ),2021,5,152.969,64.056,314.16,lunes,2021-05-17 19:30:00,2345.0
27,CHOCÓ,27077,BAJO BAUDÓ (PIZARRO),27077905,BUENAVISTA (BAJO BAUDÓ (PIZARRO) - CHOCÓ),2021,5,6.458,1.053,24.8,domingo,2021-05-23 18:15:00,958.0
27,CHOCÓ,27077,BAJO BAUDÓ (PIZARRO),27077000,PIZARRO (BAJO BAUDÓ (PIZARRO) - CHOCÓ),2021,5,203.902,96.357,382.8,jueves,2021-05-20 19:45:00,2355.0
27,CHOCÓ,27099,BOJAYÁ (BELLAVISTA),27099000,BELLAVISTA (BOJAYÁ (BELLAVISTA) - CHOCÓ),2021,5,104.812,30.818,229.08,jueves,2021-05-13 19:15:00,1941.0
27,CHOCÓ,27099,BOJAYÁ (BELLAVISTA),27099002,LA LOMA DE BOJAYÁ (BOJAYÁ (BELLAVISTA) - CHOCÓ),2021,5,4.754,2.098,60.8,sábado,2021-05-15 21:00:00,316.0
27,CHOCÓ,27099,BOJAYÁ (BELLAVISTA),27099005,NAPIPÍ (BOJAYÁ (BELLAVISTA) - CHOCÓ),2021,5,12.609,3.742,60.8,lunes,2021-05-31 21:30:00,735.0
27,CHOCÓ,27099,BOJAYÁ (BELLAVISTA),27099008,PUERTO CONTO (BOJAYÁ (BELLAVISTA) - CHOCO),2021,5,13.107,3.413,84.0,domingo,2021-05-23 18:15:00,704.0
27,CHOCÓ,27250,EL LITORAL DEL SAN JUAN,27250000,SANTA GENOVEVA DE DOCORDÓ (EL LITORAL DEL SAN JUAN - CHOCÓ),2021,5,70.139,38.52,176.48,martes,2021-05-26 00:30:00,1757.0
27,CHOCÓ,27372,JURADÓ,27372000,JURADÓ (JURADÓ - CHOCÓ),2021,5,161.498,73.009,303.68,miércoles,2021-05-19 19:45:00,24.0
27,CHOCÓ,27425,MEDIO ATRATO (BETÉ),27425000,BETÉ (MEDIO ATRATO (BETÉ) - CHOCÓ),2021,5,21.576,10.795,72.0,lunes,2021-05-31 20:00:00,1236.0
27,CHOCÓ,27495,NUQUÍ,27495001,ARUSÍ (NUQUÍ - CHOCO),2021,5,11.042,4.901,48.0,jueves,2021-05-27 19:15:00,92.0
27,CHOCÓ,27495,NUQUÍ,27495912,COMUNIDAD INDÍGENA DE PANGUÍ - EL YUCAL (NUQUÍ - CHOCÓ),2021,5,5.29,1.951,11.32,domingo,2021-05-30 16:00:00,1908.0
27,CHOCÓ,27495,NUQUÍ,27495000,NUQUÍ (NUQUÍ - CHOCÓ),2021,5,243.203,77.055,472.74,sábado,2021-05-08 19:45:00,2339.0
27,CHOCÓ,27495,NUQUÍ,27495011,PUERTO JAGUA (NUQUÍ - CHOCÓ),2021,5,795.0,399.0,3.79,miércoles,2021-05-19 19:00:00,804.0
27,CHOCÓ,27001,QUIBDÓ,27001029,TAGACHI (QUIBDÓ - CHOCÓ),2021,5,9.391,3.091,41.04,domingo,2021-05-10 00:45:00,841.0
27,CHOCÓ,27800,UNGUÍA,27800001,BALBOA (UNGUÍA - CHOCÓ),2021,5,21.339,8.718,85.38,viernes,2021-05-14 20:15:00,1015.0
27,CHOCÓ,27800,UNGUÍA,27800005,TITUMATE (UNGUÍA - CHOCÓ),2021,5,17.127,5.084,91.96,miércoles,2021-05-26 19:45:00,851.0
27,CHOCÓ,27800,UNGUÍA,27800000,UNGUÍA (UNGUÍA - CHOCÓ),2021,5,411.243,143.941,909.22,martes,2021-05-11 20:30:00,2218.0
94,GUAINÍA,94343,BARRANCOMINAS,94343000,BARRANCOMINAS (BARRANCOMINAS - GUAINÍA),2021,5,51.807,15.993,164.12,viernes,2021-05-28 18:45:00,1337.0
94,GUAINÍA,94001,INÍRIDA,94001000,INÍRIDA (INÍRIDA - GUAINÍA),2021,5,,528.498,2999.92,viernes,2021-05-21 14:30:00,24.0
95,GUAVIARE,95200,MIRAFLORES,95200000,MIRAFLORES (MIRAFLORES - GUAVIARE),2021,5,74.794,25.564,185.68,jueves,2021-05-20 19:00:00,1804.0
47,MAGDALENA,47189,CIÉNAGA,47189018,PALMOR (CIÉNAGA - MAGDALENA),2021,5,92.113,33.292,181.63,sábado,2021-05-22 22:30:00,232.0
50,META,50325,MAPIRIPÁN,50325000,MAPIRIPÁN (MAPIRIPÁN - META),2021,5,146.793,58.974,308.0,jueves,2021-05-20 18:45:00,2337.0
52,NARIÑO,52250,EL CHARCO,52250023,BAZÁN (EL CHARCO - NARIÑO),2021,5,18.944,8.303,96.0,jueves,2021-05-20 20:00:00,808.0
52,NARIÑO,52250,EL CHARCO,52250003,BOLÍVAR - SAN PEDRO (EL CHARCO - NARIÑO),2021,5,4.217,3.171,27.52,martes,2021-05-25 18:45:00,7.0
52,NARIÑO,52250,EL CHARCO,52250007,SAN JOSÉ DEL TAPAJE (EL CHARCO - NARIÑO),2021,5,13.298,3.176,80.0,lunes,2021-05-31 19:30:00,655.0
52,NARIÑO,52390,LA TOLA,52390005,AGUACATAL (LA TOLA - NARIÑO),2021,5,2.14,455.0,13.47,martes,2021-05-18 18:15:00,634.0
52,NARIÑO,52390,LA TOLA,52390013,AMÁRALES (LA TOLA - NARIÑO),2021,5,9.668,2.976,61.66,martes,2021-05-25 20:30:00,629.0
52,NARIÑO,52390,LA TOLA,52390003,LA VIGÍA DE LA MAR (LA TOLA - NARIÑO),2021,5,6.076,3.261,31.0,domingo,2021-05-31 00:45:00,824.0
52,NARIÑO,52390,LA TOLA,52390009,MULATOS (LA TOLA - NARIÑO),2021,5,4.295,2.401,35.07,lunes,2021-05-10 18:30:00,619.0
52,NARIÑO,52390,LA TOLA,52390016,SAN PABLO DEL MAR (LA TOLA - NARIÑO),2021,5,4.918,1.494,27.52,martes,2021-05-25 18:45:00,702.0
52,NARIÑO,52835,SAN ANDRÉS DE TUMACO,52835016,PITAL DE LA COSTA (TUMACO - NARIÑO),2021,5,19.821,11.634,96.0,martes,2021-05-11 19:00:00,853.0
52,NARIÑO,52835,SAN ANDRÉS DE TUMACO,52835212,PUEBLO NUEVO (TABLÓN SALADO) (TUMACO - NARIÑO),2021,5,2.842,1.022,19.42,sábado,2021-05-29 18:15:00,717.0
52,NARIÑO,52835,SAN ANDRÉS DE TUMACO,52835217,SAN JUAN DE LA COSTA (SAN ANDRÉS DE TUMACO - NARIÑO),2021,5,18.638,6.634,134.4,miércoles,2021-05-26 19:00:00,616.0
52,NARIÑO,52835,SAN ANDRÉS DE TUMACO,52835091,SANTA ROSA (TUMACO - NARIÑO),2021,5,3.795,1.466,35.26,miércoles,2021-05-05 18:15:00,551.0
52,NARIÑO,52696,SANTA BÁRBARA (ISCUANDÉ),52696022,SECADERO (SANTA BÁRBARA (ISCUANDÉ) - NARIÑO),2021,5,2.719,1.876,13.25,miércoles,2021-05-26 18:45:00,859.0
86,PUTUMAYO,86573,PUERTO LEGUÍZAMO,86573009,PIÑUÑA NEGRO (PUERTO LEGUÍZAMO - PUTUMAYO),2021,5,4.428,2.394,28.8,domingo,2021-05-16 20:00:00,715.0
76,VALLE DEL CAUCA,76109,BUENAVENTURA,76109032,SAN FRANCISCO NAYA (BUENAVENTURA - VALLE DEL CAUCA),2021,5,5.578,2.264,29.73,martes,2021-05-25 23:30:00,8.0
97,VAUPÉS,97161,CARURÚ,97161000,CARURÚ (CARURÚ - VAUPÉS),2021,5,20.423,5.268,86.77,miércoles,2021-05-19 18:45:00,1141.0
97,VAUPÉS,97001,MITÚ,97001000,MITÚ (MITÚ - VAUPÉS),2021,5,,375.515,2674.38,miércoles,2021-05-06 00:00:00,24.0
97,VAUPÉS,97666,TARAIRA,97666000,TARAIRA (TARAIRA - VAUPÉS),2021,5,29.461,9.16,110.79,lunes,2021-05-25 00:45:00,1117.0
99,VICHADA,99773,CUMARIBO,99773000,CUMARIBO (CUMARIBO - VICHADA),2021,5,299.048,130.192,638.0,viernes,2021-05-21 14:45:00,2352.0
99,VICHADA,99524,LA PRIMAVERA,99524000,LA PRIMAVERA (LA PRIMAVERA - VICHADA),2021,5,346.303,160.982,680.58,miércoles,2021-05-05 18:30:00,2347.0
99,VICHADA,99001,PUERTO CARREÑO,99001002,CASUARITO (PUERTO CARREÑO - VICHADA),2021,5,23.418,8.498,109.82,sábado,2021-05-22 18:30:00,901.0
99,VICHADA,99001,PUERTO CARREÑO,99001000,PUERTO CARREÑO (PUERTO CARREÑO - VICHADA),2021,5,,769.016,4292.64,viernes,2021-05-21 14:15:00,24.0
99,VICHADA,99624,SANTA ROSALÍA,99624000,SANTA ROSALÍA (SANTA ROSALÍA - VICHADA),2021,5,133.752,68.289,336.1,miércoles,2021-05-26 19:00:00,1813.0
91,AMAZONAS,91001,LETICIA,91001000,LETICIA (LETICIA - AMAZONAS),2021,6,,,6802.93,jueves,2021-06-10 14:45:00,24.0
91,AMAZONAS,91540,PUERTO NARIÑO,91540000,PUERTO NARIÑO (PUERTO NARIÑO - AMAZONAS),2021,6,100.352,34.091,221.06,jueves,2021-06-03 18:30:00,2357.0
91,AMAZONAS,91798,TARAPACÁ (ANM),91798000,TARAPACÁ (TARAPACÁ (ANM) - AMAZONAS),2021,6,22.248,9.635,83.47,jueves,2021-06-17 15:15:00,1015.0
5,ANTIOQUIA,5873,VIGÍA DEL FUERTE,5873002,VEGÁEZ (VIGÍA DEL FUERTE - ANTIOQUIA),2021,6,4.629,305.0,42.21,viernes,2021-06-18 17:30:00,633.0
5,ANTIOQUIA,5873,VIGÍA DEL FUERTE,5873000,VIGÍA DEL FUERTE (VIGÍA DEL FUERTE - ANTIOQUIA),2021,6,114.198,50.553,320.32,domingo,2021-06-06 19:30:00,14.0
88,"ARCHIPIÉLAGO DE SAN ANDRÉS, PROVIDENCIA Y SANTA CATALINA",88001,SAN ANDRÉS,88001000,SAN ANDRÉS (SAN ANDRÉS - ARCHIPIÉLAGO DE SAN ANDRÉS Y PROVIDENCIA),2021,6,,,28402.76,jueves,2021-06-17 15:45:00,24.0
13,BOLÍVAR,13001,CARTAGENA DE INDIAS,13001007,ISLA FUERTE (CARTAGENA DE INDIAS - BOLÍVAR),2021,6,27.979,15.039,165.37,sábado,2021-06-19 21:00:00,722.0
13,BOLÍVAR,13001,CARTAGENA DE INDIAS,13001037,ISLA MÚCURA (CARTAGENA DE INDIAS - BOLÍVAR),2021,6,6.701,2.324,19.87,lunes,2021-06-07 14:45:00,1532.0
13,BOLÍVAR,13001,CARTAGENA DE INDIAS,13001017,SANTA CRUZ DEL ISLOTE (CARTAGENA DE INDIAS - BOLÍVAR),2021,6,18.743,6.651,46.91,martes,2021-06-29 22:15:00,1742.0
18,CAQUETÁ,18150,CARTAGENA DEL CHAIRÁ,18150001,REMOLINO DEL CAGUÁN (CARTAGENA DEL CHAIRA - CAQUETÁ),2021,6,14.606,6.595,78.57,sábado,2021-06-19 18:45:00,809.0
18,CAQUETÁ,18753,SAN VICENTE DEL CAGUÁN,18753002,GUACAMAYAS (SAN VICENTE DEL CAGUÁN - CAQUETÁ),2021,6,1.137,455.0,33.46,jueves,2021-06-03 19:15:00,148.0
18,CAQUETÁ,18753,SAN VICENTE DEL CAGUÁN,18753015,GUAYABAL (SAN VICENTE DEL CAGUÁN - CAQUETÁ),2021,6,5.187,2.622,35.73,domingo,2021-06-07 00:00:00,615.0
18,CAQUETÁ,18753,SAN VICENTE DEL CAGUÁN,18753009,PUERTO BETANIA (SAN VICENTE DEL CAGUÁN - CAQUETÁ),2021,6,5.144,1.989,44.36,sábado,2021-06-05 19:00:00,511.0
85,CASANARE,85430,TRINIDAD,85430001,BOCAS DEL PAUTO (TRINIDAD - CASANARE),2021,6,12.348,7.301,82.5,miércoles,2021-06-09 18:45:00,635.0
19,CAUCA,19318,GUAPI,19318008,LIMONES (GUAPI - CAUCA),2021,6,8.067,3.358,36.03,viernes,2021-06-25 16:30:00,944.0
19,CAUCA,19318,GUAPI,19318013,SAN ANTONIO DE GUAJUÍ (GUAPI - CAUCA),2021,6,11.594,5.021,51.1,sábado,2021-06-12 19:30:00,957.0
19,CAUCA,19418,LÓPEZ DE MICAY,19418024,BETANIA - NAYA (LÓPEZ (MICAY) - CAUCA),2021,6,6.346,2.215,29.52,sábado,2021-06-26 19:45:00,854.0
19,CAUCA,19418,LÓPEZ DE MICAY,19418033,BOCA GRANDE (LÓPEZ (MICAY) - CAUCA),2021,6,4.352,855.0,28.76,lunes,2021-06-21 18:45:00,66.0
19,CAUCA,19418,LÓPEZ DE MICAY,19418038,ISLA DE GALLO (LÓPEZ DE MICAY - CAUCA),2021,6,3.59,1.456,24.58,sábado,2021-06-26 18:30:00,558.0
19,CAUCA,19418,LÓPEZ DE MICAY,19418009,NOANAMITO (LÓPEZ DE MICAY - CAUCA),2021,6,7.106,2.037,40.0,sábado,2021-06-26 19:00:00,811.0
19,CAUCA,19418,LÓPEZ DE MICAY,19418015,SAN ISIDRO (LÓPEZ DE MICAY - CAUCA),2021,6,846.0,316.0,6.05,viernes,2021-06-04 18:15:00,624.0
19,CAUCA,19418,LÓPEZ DE MICAY,19418019,ZARAGOZA (LOPEZ DE MICAY - CAUCA),2021,6,11.364,5.167,61.25,viernes,2021-06-25 18:45:00,909.0
19,CAUCA,19809,TIMBIQUÍ,19809014,CHACÓN (TIMBIQUÍ - CAUCA),2021,6,4.179,1.136,28.46,lunes,2021-06-28 20:00:00,558.0
19,CAUCA,19809,TIMBIQUÍ,19809010,COMUNIDAD DE CHETE (TIMBIQUÍ - CAUCA),2021,6,4.504,1.712,36.16,jueves,2021-06-03 19:15:00,506.0
19,CAUCA,19809,TIMBIQUÍ,19809003,COTEJE (TIMBIQUÍ - CAUCA),2021,6,7.137,4.191,33.88,miércoles,2021-06-30 19:00:00,821.0
19,CAUCA,19809,TIMBIQUÍ,19809026,LOS BRAZOS (TIMBIQUÍ - CAUCA),2021,6,3.521,682.0,46.54,sábado,2021-06-05 19:45:00,303.0
19,CAUCA,19809,TIMBIQUÍ,19809023,PUERTO SAIJA (TIMBIQUÍ - CAUCA),2021,6,15.392,5.516,166.85,domingo,2021-06-13 20:15:00,453.0
19,CAUCA,19809,TIMBIQUÍ,19809007,SAN JOSÉ (TIMBIQUÍ - CAUCA),2021,6,7.047,4.288,40.94,domingo,2021-06-20 18:45:00,651.0
19,CAUCA,19809,TIMBIQUÍ,19809008,SANTA MARÍA (TIMBIQUÍ - CAUCA),2021,6,10.462,4.312,66.5,sábado,2021-06-19 19:45:00,637.0
27,CHOCÓ,27006,ACANDÍ,27006000,ACANDÍ (ACANDÍ - CHOCÓ),2021,6,553.208,210.812,1179.2,martes,2021-06-29 20:00:00,2139.0
27,CHOCÓ,27006,ACANDÍ,27006003,CAPURGANÁ (ACANDÍ - CHOCO),2021,6,282.317,98.813,750.46,domingo,2021-06-13 22:15:00,1725.0
27,CHOCÓ,27006,ACANDÍ,27006007,SAN FRANCISCO (ACANDÍ - CHOCÓ),2021,6,20.512,7.599,117.17,sábado,2021-06-12 19:30:00,753.0
27,CHOCÓ,27025,ALTO BAUDÓ (PIE DE PATO),27025000,CIUDAD BAUDÓ - PIE DE PATO (ALTO BAUDÓ - CHOCÓ),2021,6,46.537,14.67,109.91,lunes,2021-06-28 19:30:00,2358.0
27,CHOCÓ,27075,BAHÍA SOLANO (MUTIS),27075000,CIUDAD MUTIS (BAHÍA SOLANO - CHOCÓ),2021,6,638.399,234.941,1239.92,jueves,2021-06-10 19:00:00,2351.0
27,CHOCÓ,27075,BAHÍA SOLANO (MUTIS),27075001,CUPICA (BAHÍA SOLANO - CHOCÓ),2021,6,56.613,20.817,136.68,jueves,2021-06-24 19:45:00,2336.0
27,CHOCÓ,27075,BAHÍA SOLANO (MUTIS),27075002,EL VALLE (BAHÍA SOLANO - CHOCÓ),2021,6,148.007,60.77,325.78,martes,2021-06-08 19:15:00,2352.0
27,CHOCÓ,27077,BAJO BAUDÓ (PIZARRO),27077905,BUENAVISTA (BAJO BAUDÓ (PIZARRO) - CHOCÓ),2021,6,5.274,863.0,25.15,sábado,2021-06-19 19:00:00,808.0
27,CHOCÓ,27077,BAJO BAUDÓ (PIZARRO),27077000,PIZARRO (BAJO BAUDÓ (PIZARRO) - CHOCÓ),2021,6,192.293,92.453,373.82,jueves,2021-06-03 19:15:00,2359.0
27,CHOCÓ,27099,BOJAYÁ (BELLAVISTA),27099000,BELLAVISTA (BOJAYÁ (BELLAVISTA) - CHOCÓ),2021,6,89.218,26.542,246.51,martes,2021-06-29 19:30:00,1717.0
27,CHOCÓ,27099,BOJAYÁ (BELLAVISTA),27099002,LA LOMA DE BOJAYÁ (BOJAYÁ (BELLAVISTA) - CHOCÓ),2021,6,12.198,5.787,57.6,martes,2021-06-01 14:15:00,106.0
27,CHOCÓ,27099,BOJAYÁ (BELLAVISTA),27099005,NAPIPÍ (BOJAYÁ (BELLAVISTA) - CHOCÓ),2021,6,11.897,3.596,60.8,miércoles,2021-06-30 20:45:00,724.0
91,AMAZONAS,91540,PUERTO NARIÑO,91540000,PUERTO NARIÑO,2025,12,138.439,42.399,2784.0,miércoles,2025-12-10 18:30:00,2.306
27,CHOCÓ,27099,BOJAYÁ (BELLAVISTA),27099008,PUERTO CONTO (BOJAYÁ (BELLAVISTA) - CHOCO),2021,6,13.748,3.748,69.6,sábado,2021-06-19 19:30:00,748.0
27,CHOCÓ,27250,EL LITORAL DEL SAN JUAN,27250000,SANTA GENOVEVA DE DOCORDÓ (EL LITORAL DEL SAN JUAN - CHOCÓ),2021,6,71.708,39.399,170.15,sábado,2021-06-19 23:30:00,1849.0
27,CHOCÓ,27372,JURADÓ,27372000,JURADÓ (JURADÓ - CHOCÓ),2021,6,150.303,68.54,289.44,lunes,2021-06-28 19:30:00,2357.0
27,CHOCÓ,27425,MEDIO ATRATO (BETÉ),27425000,BETÉ (MEDIO ATRATO (BETÉ) - CHOCÓ),2021,6,19.853,10.197,76.0,sábado,2021-06-12 20:00:00,1215.0
27,CHOCÓ,27495,NUQUÍ,27495001,ARUSÍ (NUQUÍ - CHOCO),2021,6,10.799,5.055,48.0,martes,2021-06-29 19:15:00,957.0
27,CHOCÓ,27495,NUQUÍ,27495912,COMUNIDAD INDÍGENA DE PANGUÍ - EL YUCAL (NUQUÍ - CHOCÓ),2021,6,7.572,2.492,11.6,lunes,2021-06-29 00:45:00,2345.0
27,CHOCÓ,27495,NUQUÍ,27495000,NUQUÍ (NUQUÍ - CHOCÓ),2021,6,229.898,69.451,468.86,martes,2021-06-29 19:30:00,2356.0
27,CHOCÓ,27495,NUQUÍ,27495011,PUERTO JAGUA (NUQUÍ - CHOCÓ),2021,6,919.0,389.0,3.84,martes,2021-06-15 19:45:00,1018.0
27,CHOCÓ,27001,QUIBDÓ,27001029,TAGACHI (QUIBDÓ - CHOCÓ),2021,6,8.794,3.002,41.09,sábado,2021-06-12 13:15:00,841.0
27,CHOCÓ,27800,UNGUÍA,27800001,BALBOA (UNGUÍA - CHOCÓ),2021,6,20.048,8.075,88.04,sábado,2021-06-05 18:45:00,1005.0
27,CHOCÓ,27800,UNGUÍA,27800005,TITUMATE (UNGUÍA - CHOCÓ),2021,6,15.235,4.545,89.41,sábado,2021-06-19 21:45:00,751.0
27,CHOCÓ,27800,UNGUÍA,27800000,UNGUÍA (UNGUÍA - CHOCÓ),2021,6,375.976,132.286,868.56,miércoles,2021-06-16 20:00:00,2112.0
91,AMAZONAS,91001,LETICIA,91001000,LETICIA (LETICIA - AMAZONAS),2021,7,,,6995.84,viernes,2021-07-23 14:30:00,24.0
91,AMAZONAS,91540,PUERTO NARIÑO,91540000,PUERTO NARIÑO (PUERTO NARIÑO - AMAZONAS),2021,7,101.229,35.227,216.48,viernes,2021-07-09 19:00:00,24.0
91,AMAZONAS,91798,TARAPACÁ (ANM),91798000,TARAPACÁ (TARAPACÁ (ANM) - AMAZONAS),2021,7,22.753,10.194,83.81,viernes,2021-07-23 19:30:00,1016.0
5,ANTIOQUIA,5873,VIGÍA DEL FUERTE,5873002,VEGÁEZ (VIGÍA DEL FUERTE - ANTIOQUIA),2021,7,5.563,339.0,41.95,miércoles,2021-07-07 19:15:00,815.0
5,ANTIOQUIA,5873,VIGÍA DEL FUERTE,5873000,VIGÍA DEL FUERTE (VIGÍA DEL FUERTE - ANTIOQUIA),2021,7,107.662,47.536,312.22,miércoles,2021-07-07 19:15:00,1259.0
88,"ARCHIPIÉLAGO DE SAN ANDRÉS, PROVIDENCIA Y SANTA CATALINA",88001,SAN ANDRÉS,88001000,SAN ANDRÉS (SAN ANDRÉS - ARCHIPIÉLAGO DE SAN ANDRÉS Y PROVIDENCIA),2021,7,,,29462.66,lunes,2021-07-19 15:45:00,24.0
13,BOLÍVAR,13001,CARTAGENA DE INDIAS,13001007,ISLA FUERTE (CARTAGENA DE INDIAS - BOLÍVAR),2021,7,28.819,15.362,172.02,sábado,2021-07-17 22:45:00,709.0
13,BOLÍVAR,13001,CARTAGENA DE INDIAS,13001037,ISLA MÚCURA (CARTAGENA DE INDIAS - BOLÍVAR),2021,7,6.984,2.342,21.15,domingo,2021-07-04 14:15:00,1437.0
13,BOLÍVAR,13001,CARTAGENA DE INDIAS,13001017,SANTA CRUZ DEL ISLOTE (CARTAGENA DE INDIAS - BOLÍVAR),2021,7,20.586,7.161,48.42,martes,2021-07-13 22:30:00,187.0
18,CAQUETÁ,18150,CARTAGENA DEL CHAIRÁ,18150001,REMOLINO DEL CAGUÁN (CARTAGENA DEL CHAIRA - CAQUETÁ),2021,7,15.208,6.995,75.91,sábado,2021-07-17 18:30:00,9.0
18,CAQUETÁ,18753,SAN VICENTE DEL CAGUÁN,18753002,GUACAMAYAS (SAN VICENTE DEL CAGUÁN - CAQUETÁ),2021,7,10.049,5.073,40.03,sábado,2021-07-24 19:15:00,177.0
18,CAQUETÁ,18753,SAN VICENTE DEL CAGUÁN,18753015,GUAYABAL (SAN VICENTE DEL CAGUÁN - CAQUETÁ),2021,7,5.762,2.817,37.36,sábado,2021-07-10 00:15:00,64.0
18,CAQUETÁ,18753,SAN VICENTE DEL CAGUÁN,18753009,PUERTO BETANIA (SAN VICENTE DEL CAGUÁN - CAQUETÁ),2021,7,5.23,2.088,42.8,jueves,2021-07-08 19:30:00,53.0
85,CASANARE,85430,TRINIDAD,85430001,BOCAS DEL PAUTO (TRINIDAD - CASANARE),2021,7,12.206,6.91,86.46,sábado,2021-07-17 19:00:00,617.0
19,CAUCA,19318,GUAPI,19318008,LIMONES (GUAPI - CAUCA),2021,7,8.397,3.349,35.81,viernes,2021-07-02 19:00:00,933.0
19,CAUCA,19318,GUAPI,19318013,SAN ANTONIO DE GUAJUÍ (GUAPI - CAUCA),2021,7,11.919,5.301,48.77,miércoles,2021-07-21 19:00:00,946.0
19,CAUCA,19418,LÓPEZ DE MICAY,19418024,BETANIA - NAYA (LÓPEZ (MICAY) - CAUCA),2021,7,5.777,2.059,30.12,domingo,2021-07-25 19:00:00,724.0
19,CAUCA,19418,LÓPEZ DE MICAY,19418033,BOCA GRANDE (LÓPEZ (MICAY) - CAUCA),2021,7,4.135,854.0,29.56,martes,2021-07-06 19:15:00,531.0
19,CAUCA,19418,LÓPEZ DE MICAY,19418038,ISLA DE GALLO (LÓPEZ DE MICAY - CAUCA),2021,7,3.92,1.615,24.22,viernes,2021-07-30 19:00:00,629.0
19,CAUCA,19418,LÓPEZ DE MICAY,19418007,LA CONCHA - CONCEPCIÓN NAYA (LOPEZ (MICAY) - CAUCA),2021,7,1.034,247.0,14.32,sábado,2021-07-31 18:15:00,308.0
19,CAUCA,19418,LÓPEZ DE MICAY,19418009,NOANAMITO (LÓPEZ DE MICAY - CAUCA),2021,7,7.66,2.416,40.0,sábado,2021-07-31 21:00:00,811.0
19,CAUCA,19418,LÓPEZ DE MICAY,19418012,SAN ANTONIO DE CHUARÉ (LÓPEZ DE MICAY - CAUCA),2021,7,7.44,2.566,55.55,domingo,2021-07-25 19:30:00,526.0
19,CAUCA,19418,LÓPEZ DE MICAY,19418015,SAN ISIDRO (LÓPEZ DE MICAY - CAUCA),2021,7,897.0,334.0,5.98,sábado,2021-07-31 17:30:00,623.0
19,CAUCA,19418,LÓPEZ DE MICAY,19418019,ZARAGOZA (LOPEZ DE MICAY - CAUCA),2021,7,9.865,4.618,70.4,viernes,2021-07-23 20:30:00,714.0
19,CAUCA,19809,TIMBIQUÍ,19809010,COMUNIDAD DE CHETE (TIMBIQUÍ - CAUCA),2021,7,5.521,2.254,33.82,jueves,2021-07-15 20:30:00,625.0
19,CAUCA,19809,TIMBIQUÍ,19809003,COTEJE (TIMBIQUÍ - CAUCA),2021,7,7.378,4.256,34.84,sábado,2021-07-10 19:30:00,803.0
19,CAUCA,19809,TIMBIQUÍ,19809026,LOS BRAZOS (TIMBIQUÍ - CAUCA),2021,7,8.936,1.727,46.87,sábado,2021-07-17 19:30:00,714.0
19,CAUCA,19809,TIMBIQUÍ,19809023,PUERTO SAIJA (TIMBIQUÍ - CAUCA),2021,7,26.959,9.298,172.13,miércoles,2021-07-28 19:15:00,554.0
19,CAUCA,19809,TIMBIQUÍ,19809007,SAN JOSÉ (TIMBIQUÍ - CAUCA),2021,7,7.033,4.386,40.25,martes,2021-07-27 19:45:00,636.0
19,CAUCA,19809,TIMBIQUÍ,19809008,SANTA MARÍA (TIMBIQUÍ - CAUCA),2021,7,15.828,6.815,67.97,jueves,2021-07-15 21:00:00,928.0
19,CAUCA,19809,TIMBIQUÍ,19809009,SANTA ROSA DE SAIJA (TIMBIQUÍ - CAUCA),2021,7,4.556,2.748,25.66,martes,2021-07-13 19:00:00,76.0
27,CHOCÓ,27006,ACANDÍ,27006000,ACANDÍ (ACANDÍ - CHOCÓ),2021,7,514.513,198.418,1253.3,viernes,2021-07-23 19:45:00,1853.0
27,CHOCÓ,27006,ACANDÍ,27006003,CAPURGANÁ (ACANDÍ - CHOCO),2021,7,337.622,128.121,818.4,domingo,2021-07-04 20:00:00,1851.0
27,CHOCÓ,27006,ACANDÍ,27006007,SAN FRANCISCO (ACANDÍ - CHOCÓ),2021,7,24.539,8.898,122.83,lunes,2021-07-19 19:45:00,844.0
27,CHOCÓ,27025,ALTO BAUDÓ (PIE DE PATO),27025000,CIUDAD BAUDÓ - PIE DE PATO (ALTO BAUDÓ - CHOCÓ),2021,7,49.047,14.855,118.98,lunes,2021-07-19 00:00:00,2358.0
27,CHOCÓ,27075,BAHÍA SOLANO (MUTIS),27075000,CIUDAD MUTIS (BAHÍA SOLANO - CHOCÓ),2021,7,674.516,236.268,1286.56,jueves,2021-07-22 19:45:00,2352.0
27,CHOCÓ,27075,BAHÍA SOLANO (MUTIS),27075001,CUPICA (BAHÍA SOLANO - CHOCÓ),2021,7,59.119,20.817,139.51,lunes,2021-07-12 19:30:00,2149.0
27,CHOCÓ,27075,BAHÍA SOLANO (MUTIS),27075002,EL VALLE (BAHÍA SOLANO - CHOCÓ),2021,7,159.362,65.978,338.45,jueves,2021-07-22 19:30:00,2346.0
27,CHOCÓ,27077,BAJO BAUDÓ (PIZARRO),27077011,PILIZA (BAJO BAUDÓ (PIZARRO) - CHOCÓ),2021,7,5.959,5.988,35.2,viernes,2021-07-02 19:00:00,62.0
27,CHOCÓ,27077,BAJO BAUDÓ (PIZARRO),27077000,PIZARRO (BAJO BAUDÓ (PIZARRO) - CHOCÓ),2021,7,206.504,102.075,401.28,martes,2021-07-06 19:15:00,2348.0
27,CHOCÓ,27099,BOJAYÁ (BELLAVISTA),27099000,BELLAVISTA (BOJAYÁ (BELLAVISTA) - CHOCÓ),2021,7,84.736,24.667,258.3,lunes,2021-07-05 19:00:00,144.0
27,CHOCÓ,27099,BOJAYÁ (BELLAVISTA),27099002,LA LOMA DE BOJAYÁ (BOJAYÁ (BELLAVISTA) - CHOCÓ),2021,7,11.242,5.062,64.0,jueves,2021-07-08 19:30:00,81.0
27,CHOCÓ,27099,BOJAYÁ (BELLAVISTA),27099005,NAPIPÍ (BOJAYÁ (BELLAVISTA) - CHOCÓ),2021,7,10.215,3.108,64.0,viernes,2021-07-09 19:30:00,612.0
27,CHOCÓ,27099,BOJAYÁ (BELLAVISTA),27099008,PUERTO CONTO (BOJAYÁ (BELLAVISTA) - CHOCO),2021,7,9.421,2.585,74.4,jueves,2021-07-22 19:15:00,503.0
27,CHOCÓ,27250,EL LITORAL DEL SAN JUAN,27250000,SANTA GENOVEVA DE DOCORDÓ (EL LITORAL DEL SAN JUAN - CHOCÓ),2021,7,70.378,39.934,168.96,viernes,2021-07-16 13:30:00,1752.0
27,CHOCÓ,27372,JURADÓ,27372000,JURADÓ (JURADÓ - CHOCÓ),2021,7,161.638,74.315,303.36,miércoles,2021-07-07 19:45:00,2331.0
27,CHOCÓ,27425,MEDIO ATRATO (BETÉ),27425000,BETÉ (MEDIO ATRATO (BETÉ) - CHOCÓ),2021,7,20.289,10.538,84.0,miércoles,2021-07-21 19:45:00,1159.0
27,CHOCÓ,27425,MEDIO ATRATO (BETÉ),27425008,SAN ROQUE (MEDIO ATRATO (BETÉ) - CHOCÓ),2021,7,3.181,889.0,27.58,jueves,2021-07-15 19:15:00,434.0
27,CHOCÓ,27495,NUQUÍ,27495001,ARUSÍ (NUQUÍ - CHOCO),2021,7,10.999,5.376,48.0,viernes,2021-07-09 20:00:00,912.0
27,CHOCÓ,27495,NUQUÍ,27495912,COMUNIDAD INDÍGENA DE PANGUÍ - EL YUCAL (NUQUÍ - CHOCÓ),2021,7,7.175,2.445,11.23,sábado,2021-07-24 17:45:00,2246.0
27,CHOCÓ,27495,NUQUÍ,27495000,NUQUÍ (NUQUÍ - CHOCÓ),2021,7,250.756,76.581,505.47,jueves,2021-07-15 19:45:00,2328.0
27,CHOCÓ,27495,NUQUÍ,27495011,PUERTO JAGUA (NUQUÍ - CHOCÓ),2021,7,426.0,75.0,3.48,jueves,2021-07-01 21:00:00,543.0
27,CHOCÓ,27001,QUIBDÓ,27001029,TAGACHI (QUIBDÓ - CHOCÓ),2021,7,8.633,2.975,41.23,lunes,2021-07-26 13:15:00,815.0
27,CHOCÓ,27800,UNGUÍA,27800001,BALBOA (UNGUÍA - CHOCÓ),2021,7,21.354,8.561,87.38,sábado,2021-07-17 19:45:00,954.0
27,CHOCÓ,27800,UNGUÍA,27800005,TITUMATE (UNGUÍA - CHOCÓ),2021,7,18.246,5.516,94.07,miércoles,2021-07-07 20:30:00,926.0
27,CHOCÓ,27800,UNGUÍA,27800000,UNGUÍA (UNGUÍA - CHOCÓ),2021,7,426.751,151.03,911.86,lunes,2021-07-19 20:30:00,2159.0
94,GUAINÍA,94343,BARRANCOMINAS,94343000,BARRANCOMINAS (BARRANCOMINAS - GUAINÍA),2021,7,53.463,17.307,161.95,miércoles,2021-07-21 19:00:00,1348.0
94,GUAINÍA,94001,INÍRIDA,94001000,INÍRIDA (INÍRIDA - GUAINÍA),2021,7,,517.74,2970.88,jueves,2021-07-29 14:45:00,24.0
95,GUAVIARE,95200,MIRAFLORES,95200000,MIRAFLORES (MIRAFLORES - GUAVIARE),2021,7,72.315,24.881,168.96,viernes,2021-07-23 18:46:00,199.0
47,MAGDALENA,47189,CIÉNAGA,47189018,PALMOR (CIÉNAGA - MAGDALENA),2021,7,80.159,30.431,166.4,domingo,2021-07-04 00:45:00,2151.0
50,META,50325,MAPIRIPÁN,50325000,MAPIRIPÁN (MAPIRIPÁN - META),2021,7,149.997,59.258,308.88,miércoles,2021-07-28 18:45:00,2356.0
52,NARIÑO,52250,EL CHARCO,52250016,ALTERÓN (URIBE URIBE) (EL CHARCO - NARIÑO),2021,7,1.321,238.0,18.14,martes,2021-07-27 18:45:00,557.0
52,NARIÑO,52250,EL CHARCO,52250023,BAZÁN (EL CHARCO - NARIÑO),2021,7,18.182,8.786,100.8,viernes,2021-07-30 20:15:00,724.0
52,NARIÑO,52250,EL CHARCO,52250003,BOLÍVAR - SAN PEDRO (EL CHARCO - NARIÑO),2021,7,3.677,2.501,22.24,jueves,2021-07-15 19:15:00,613.0
52,NARIÑO,52250,EL CHARCO,52250022,EL CUIL PUEBLO NUEVO (EL CHARCO - NARIÑO),2021,7,5.563,7.257,28.22,viernes,2021-07-09 19:30:00,736.0
52,NARIÑO,52250,EL CHARCO,52250005,LAS MERCEDES (EL CHARCO - NARIÑO),2021,7,1.921,805.0,15.87,sábado,2021-07-10 19:00:00,341.0
52,NARIÑO,52250,EL CHARCO,52250007,SAN JOSÉ DEL TAPAJE (EL CHARCO - NARIÑO),2021,7,16.244,4.164,80.0,sábado,2021-07-31 21:15:00,804.0
52,NARIÑO,52520,FRANCISCO PIZARRO,52520013,SAN PEDRO DEL VINO (FRANCISCO PIZARRO - NARIÑO),2021,7,4.411,2.141,29.06,sábado,2021-07-10 19:15:00,63.0
52,NARIÑO,52390,LA TOLA,52390005,AGUACATAL (LA TOLA - NARIÑO),2021,7,2.053,424.0,13.55,jueves,2021-07-15 18:45:00,625.0
52,NARIÑO,52390,LA TOLA,52390013,AMÁRALES (LA TOLA - NARIÑO),2021,7,7.561,2.063,58.98,miércoles,2021-07-21 20:00:00,529.0
52,NARIÑO,52390,LA TOLA,52390003,LA VIGÍA DE LA MAR (LA TOLA - NARIÑO),2021,7,6.297,2.533,30.4,sábado,2021-07-03 00:30:00,858.0
52,NARIÑO,52390,LA TOLA,52390009,MULATOS (LA TOLA - NARIÑO),2021,7,4.832,3.888,38.02,miércoles,2021-07-21 19:15:00,624.0
52,NARIÑO,52390,LA TOLA,52390016,SAN PABLO DEL MAR (LA TOLA - NARIÑO),2021,7,5.049,1.511,28.67,jueves,2021-07-08 18:45:00,704.0
52,NARIÑO,52473,MOSQUERA,52473010,EL BAJITO DE ECHANDÍA (MOSQUERA - NARIÑO),2021,7,3.705,821.0,15.07,jueves,2021-07-08 18:30:00,911.0
52,NARIÑO,52490,OLAYA HERRERA,52490913,BOCA DE PRIETA (OLAYA HERRERA - NARIÑO),2021,7,3.654,996.0,19.25,viernes,2021-07-16 19:45:00,711.0
52,NARIÑO,52835,SAN ANDRÉS DE TUMACO,52835055,BOCAS DE CURAY (TUMACO - NARIÑO),2021,7,8.487,2.807,55.2,jueves,2021-07-15 18:30:00,633.0
52,NARIÑO,52835,SAN ANDRÉS DE TUMACO,52835016,PITAL DE LA COSTA (TUMACO - NARIÑO),2021,7,19.896,11.314,100.0,sábado,2021-07-31 00:00:00,845.0
52,NARIÑO,52835,SAN ANDRÉS DE TUMACO,52835217,SAN JUAN DE LA COSTA (SAN ANDRÉS DE TUMACO - NARIÑO),2021,7,24.442,8.274,134.4,viernes,2021-07-23 18:30:00,801.0
52,NARIÑO,52696,SANTA BÁRBARA (ISCUANDÉ),52696014,LA ENSENADA (SANTA BÁRBARA (ISCUANDÉ) - NARIÑO),2021,7,1.956,1.972,18.46,miércoles,2021-07-28 19:45:00,455.0
52,NARIÑO,52696,SANTA BÁRBARA (ISCUANDÉ),52696017,SANTA RITA (SANTA BARBARA (ISCUANDÉ) - NARIÑO),2021,7,3.384,1.769,26.28,jueves,2021-07-22 19:15:00,436.0
52,NARIÑO,52696,SANTA BÁRBARA (ISCUANDÉ),52696022,SECADERO (SANTA BÁRBARA (ISCUANDÉ) - NARIÑO),2021,7,2.704,1.945,13.44,martes,2021-07-27 18:30:00,854.0
86,PUTUMAYO,86573,PUERTO LEGUÍZAMO,86573009,PIÑUÑA NEGRO (PUERTO LEGUÍZAMO - PUTUMAYO),2021,7,4.35,2.478,28.8,sábado,2021-07-31 20:00:00,648.0
86,PUTUMAYO,86573,PUERTO LEGUÍZAMO,86573000,PUERTO LEGUÍZAMO (PUERTO LEGUÍZAMO - PUTUMAYO),2021,7,861.962,342.04,1778.74,jueves,2021-07-08 14:30:00,2342.0
76,VALLE DEL CAUCA,76109,BUENAVENTURA,76109032,SAN FRANCISCO NAYA (BUENAVENTURA - VALLE DEL CAUCA),2021,7,5.823,2.633,28.51,miércoles,2021-07-07 23:45:00,805.0
97,VAUPÉS,97161,CARURÚ,97161000,CARURÚ (CARURÚ - VAUPÉS),2021,7,17.752,2.813,71.37,jueves,2021-07-29 19:15:00,1216.0
97,VAUPÉS,97001,MITÚ,97001000,MITÚ (MITÚ - VAUPÉS),2021,7,,377.485,2559.94,jueves,2021-07-29 23:45:00,24.0
97,VAUPÉS,97666,TARAIRA,97666000,TARAIRA (TARAIRA - VAUPÉS),2021,7,28.872,8.92,121.88,martes,2021-07-27 00:30:00,1049.0
99,VICHADA,99773,CUMARIBO,99773000,CUMARIBO (CUMARIBO - VICHADA),2021,7,278.417,122.022,609.84,martes,2021-07-13 14:45:00,2332.0
99,VICHADA,99524,LA PRIMAVERA,99524000,LA PRIMAVERA (LA PRIMAVERA - VICHADA),2021,7,302.496,137.297,576.36,lunes,2021-07-12 18:30:00,24.0
99,VICHADA,99001,PUERTO CARREÑO,99001002,CASUARITO (PUERTO CARREÑO - VICHADA),2021,7,22.27,8.64,113.87,jueves,2021-07-15 19:15:00,831.0
99,VICHADA,99001,PUERTO CARREÑO,99001000,PUERTO CARREÑO (PUERTO CARREÑO - VICHADA),2021,7,,748.079,3975.84,jueves,2021-07-29 14:15:00,2359.0
99,VICHADA,99624,SANTA ROSALÍA,99624000,SANTA ROSALÍA (SANTA ROSALÍA - VICHADA),2021,7,126.001,66.15,314.45,martes,2021-07-06 19:30:00,1816.0
91,AMAZONAS,91001,LETICIA,91001000,LETICIA (LETICIA - AMAZONAS),2021,8,,,7946.33,miércoles,2021-08-25 15:15:00,24.0
91,AMAZONAS,91540,PUERTO NARIÑO,91540000,PUERTO NARIÑO (PUERTO NARIÑO - AMAZONAS),2021,8,110.682,39.445,237.78,martes,2021-08-24 18:45:00,24.0
91,AMAZONAS,91798,TARAPACÁ (ANM),91798000,TARAPACÁ (TARAPACÁ (ANM) - AMAZONAS),2021,8,23.827,10.761,88.96,jueves,2021-08-26 18:30:00,1016.0
5,ANTIOQUIA,5873,VIGÍA DEL FUERTE,5873001,SAN ANTONIO DE PADUA (VIGÍA DEL FUERTE - ANTIOQUIA),2021,8,5.399,2.044,36.99,sábado,2021-08-21 13:00:00,602.0
5,ANTIOQUIA,5873,VIGÍA DEL FUERTE,5873002,VEGÁEZ (VIGÍA DEL FUERTE - ANTIOQUIA),2021,8,1.47,106.0,40.77,lunes,2021-08-02 19:15:00,157.0
5,ANTIOQUIA,5873,VIGÍA DEL FUERTE,5873000,VIGÍA DEL FUERTE (VIGÍA DEL FUERTE - ANTIOQUIA),2021,8,86.883,37.8,320.67,sábado,2021-08-28 13:30:00,1016.0
88,"ARCHIPIÉLAGO DE SAN ANDRÉS, PROVIDENCIA Y SANTA CATALINA",88001,SAN ANDRÉS,88001000,SAN ANDRÉS (SAN ANDRÉS - ARCHIPIÉLAGO DE SAN ANDRÉS Y PROVIDENCIA),2021,8,,,30229.27,viernes,2021-08-13 15:30:00,24.0
13,BOLÍVAR,13001,CARTAGENA DE INDIAS,13001007,ISLA FUERTE (CARTAGENA DE INDIAS - BOLÍVAR),2021,8,14.79,7.712,137.02,domingo,2021-08-01 15:00:00,424.0
13,BOLÍVAR,13001,CARTAGENA DE INDIAS,13001037,ISLA MÚCURA (CARTAGENA DE INDIAS - BOLÍVAR),2021,8,6.17,2.136,22.82,domingo,2021-08-15 00:30:00,1227.0
13,BOLÍVAR,13001,CARTAGENA DE INDIAS,13001017,SANTA CRUZ DEL ISLOTE (CARTAGENA DE INDIAS - BOLÍVAR),2021,8,20.083,7.311,47.46,miércoles,2021-08-18 22:15:00,1729.0
18,CAQUETÁ,18150,CARTAGENA DEL CHAIRÁ,18150001,REMOLINO DEL CAGUÁN (CARTAGENA DEL CHAIRA - CAQUETÁ),2021,8,17.548,7.603,82.89,sábado,2021-08-28 20:00:00,951.0
18,CAQUETÁ,18753,SAN VICENTE DEL CAGUÁN,18753002,GUACAMAYAS (SAN VICENTE DEL CAGUÁN - CAQUETÁ),2021,8,12.445,6.071,44.33,jueves,2021-08-26 18:45:00,1723.0
18,CAQUETÁ,18753,SAN VICENTE DEL CAGUÁN,18753015,GUAYABAL (SAN VICENTE DEL CAGUÁN - CAQUETÁ),2021,8,6.469,3.127,36.96,sábado,2021-08-14 18:30:00,709.0
18,CAQUETÁ,18753,SAN VICENTE DEL CAGUÁN,18753009,PUERTO BETANIA (SAN VICENTE DEL CAGUÁN - CAQUETÁ),2021,8,5.662,2.226,46.04,viernes,2021-08-27 18:30:00,53.0
85,CASANARE,85430,TRINIDAD,85430001,BOCAS DEL PAUTO (TRINIDAD - CASANARE),2021,8,12.634,7.253,82.43,martes,2021-08-31 18:45:00,628.0
19,CAUCA,19318,GUAPI,19318008,LIMONES (GUAPI - CAUCA),2021,8,8.95,3.734,37.47,sábado,2021-08-21 20:15:00,10.0
19,CAUCA,19318,GUAPI,19318013,SAN ANTONIO DE GUAJUÍ (GUAPI - CAUCA),2021,8,11.744,5.105,48.05,viernes,2021-08-06 19:45:00,938.0
19,CAUCA,19418,LÓPEZ DE MICAY,19418033,BOCA GRANDE (LÓPEZ (MICAY) - CAUCA),2021,8,4.112,845.0,30.52,martes,2021-08-24 19:15:00,537.0
19,CAUCA,19418,LÓPEZ DE MICAY,19418038,ISLA DE GALLO (LÓPEZ DE MICAY - CAUCA),2021,8,3.72,1.509,25.09,sábado,2021-08-14 19:45:00,619.0
19,CAUCA,19418,LÓPEZ DE MICAY,19418007,LA CONCHA - CONCEPCIÓN NAYA (LOPEZ (MICAY) - CAUCA),2021,8,2.213,479.0,14.2,sábado,2021-08-14 19:30:00,622.0
19,CAUCA,19418,LÓPEZ DE MICAY,19418009,NOANAMITO (LÓPEZ DE MICAY - CAUCA),2021,8,5.418,1.801,40.0,miércoles,2021-08-18 20:15:00,6.0
19,CAUCA,19418,LÓPEZ DE MICAY,19418012,SAN ANTONIO DE CHUARÉ (LÓPEZ DE MICAY - CAUCA),2021,8,8.774,3.212,54.53,jueves,2021-08-05 19:00:00,644.0
19,CAUCA,19418,LÓPEZ DE MICAY,19418015,SAN ISIDRO (LÓPEZ DE MICAY - CAUCA),2021,8,836.0,360.0,5.66,miércoles,2021-08-25 18:45:00,551.0
19,CAUCA,19809,TIMBIQUÍ,19809010,COMUNIDAD DE CHETE (TIMBIQUÍ - CAUCA),2021,8,4.619,1.957,32.1,jueves,2021-08-19 18:30:00,528.0
19,CAUCA,19809,TIMBIQUÍ,19809003,COTEJE (TIMBIQUÍ - CAUCA),2021,8,6.831,4.015,35.08,viernes,2021-08-06 19:15:00,742.0
19,CAUCA,19809,TIMBIQUÍ,19809007,SAN JOSÉ (TIMBIQUÍ - CAUCA),2021,8,7.907,5.353,38.28,lunes,2021-08-09 20:00:00,804.0
19,CAUCA,19809,TIMBIQUÍ,19809008,SANTA MARÍA (TIMBIQUÍ - CAUCA),2021,8,16.142,6.865,69.82,lunes,2021-08-02 19:15:00,942.0
19,CAUCA,19809,TIMBIQUÍ,19809009,SANTA ROSA DE SAIJA (TIMBIQUÍ - CAUCA),2021,8,5.031,3.0,25.27,sábado,2021-08-28 20:45:00,81.0
27,CHOCÓ,27006,ACANDÍ,27006000,ACANDÍ (ACANDÍ - CHOCÓ),2021,8,557.523,215.995,1186.59,jueves,2021-08-05 20:15:00,195.0
27,CHOCÓ,27006,ACANDÍ,27006003,CAPURGANÁ (ACANDÍ - CHOCO),2021,8,223.554,91.867,694.85,jueves,2021-08-05 21:00:00,144.0
27,CHOCÓ,27006,ACANDÍ,27006007,SAN FRANCISCO (ACANDÍ - CHOCÓ),2021,8,22.177,7.911,121.34,lunes,2021-08-30 18:45:00,747.0
27,CHOCÓ,27025,ALTO BAUDÓ (PIE DE PATO),27025000,CIUDAD BAUDÓ - PIE DE PATO (ALTO BAUDÓ - CHOCÓ),2021,8,48.295,14.438,113.16,viernes,2021-08-06 00:00:00,24.0
27,CHOCÓ,27075,BAHÍA SOLANO (MUTIS),27075000,CIUDAD MUTIS (BAHÍA SOLANO - CHOCÓ),2021,8,657.328,214.127,1259.28,lunes,2021-08-02 19:15:00,2352.0
27,CHOCÓ,27075,BAHÍA SOLANO (MUTIS),27075001,CUPICA (BAHÍA SOLANO - CHOCÓ),2021,8,58.747,23.51,144.66,lunes,2021-08-23 23:30:00,2345.0
27,CHOCÓ,27075,BAHÍA SOLANO (MUTIS),27075002,EL VALLE (BAHÍA SOLANO - CHOCÓ),2021,8,149.273,64.719,321.82,miércoles,2021-08-04 19:15:00,2238.0
27,CHOCÓ,27077,BAJO BAUDÓ (PIZARRO),27077905,BUENAVISTA (BAJO BAUDÓ (PIZARRO) - CHOCÓ),2021,8,1.494,267.0,22.56,jueves,2021-08-26 17:45:00,224.0
27,CHOCÓ,27077,BAJO BAUDÓ (PIZARRO),27077000,PIZARRO (BAJO BAUDÓ (PIZARRO) - CHOCÓ),2021,8,204.214,99.883,387.55,miércoles,2021-08-04 19:45:00,2344.0
27,CHOCÓ,27099,BOJAYÁ (BELLAVISTA),27099000,BELLAVISTA (BOJAYÁ (BELLAVISTA) - CHOCÓ),2021,8,92.763,26.609,236.22,jueves,2021-08-05 19:30:00,164.0
27,CHOCÓ,27099,BOJAYÁ (BELLAVISTA),27099002,LA LOMA DE BOJAYÁ (BOJAYÁ (BELLAVISTA) - CHOCÓ),2021,8,12.07,5.437,64.0,viernes,2021-08-06 19:00:00,83.0
27,CHOCÓ,27099,BOJAYÁ (BELLAVISTA),27099005,NAPIPÍ (BOJAYÁ (BELLAVISTA) - CHOCÓ),2021,8,11.006,2.945,60.8,lunes,2021-08-30 20:15:00,643.0
27,CHOCÓ,27099,BOJAYÁ (BELLAVISTA),27099008,PUERTO CONTO (BOJAYÁ (BELLAVISTA) - CHOCO),2021,8,12.719,3.531,74.4,viernes,2021-08-27 19:00:00,654.0
27,CHOCÓ,27250,EL LITORAL DEL SAN JUAN,27250000,SANTA GENOVEVA DE DOCORDÓ (EL LITORAL DEL SAN JUAN - CHOCÓ),2021,8,51.902,30.085,149.03,lunes,2021-08-02 19:15:00,1844.0
27,CHOCÓ,27372,JURADÓ,27372000,JURADÓ (JURADÓ - CHOCÓ),2021,8,157.126,71.49,313.76,sábado,2021-08-21 19:15:00,2257.0
27,CHOCÓ,27425,MEDIO ATRATO (BETÉ),27425000,BETÉ (MEDIO ATRATO (BETÉ) - CHOCÓ),2021,8,14.772,8.182,56.0,martes,2021-08-03 19:45:00,122.0
27,CHOCÓ,27495,NUQUÍ,27495001,ARUSÍ (NUQUÍ - CHOCO),2021,8,10.316,4.993,44.8,domingo,2021-08-22 19:30:00,93.0
27,CHOCÓ,27495,NUQUÍ,27495912,COMUNIDAD INDÍGENA DE PANGUÍ - EL YUCAL (NUQUÍ - CHOCÓ),2021,8,6.132,2.262,11.33,domingo,2021-08-22 18:30:00,2218.0
27,CHOCÓ,27495,NUQUÍ,27495000,NUQUÍ (NUQUÍ - CHOCÓ),2021,8,243.14,74.218,489.98,viernes,2021-08-13 18:45:00,235.0
27,CHOCÓ,27495,NUQUÍ,27495011,PUERTO JAGUA (NUQUÍ - CHOCÓ),2021,8,880.0,128.0,3.29,lunes,2021-08-09 18:45:00,739.0
27,CHOCÓ,27001,QUIBDÓ,27001029,TAGACHI (QUIBDÓ - CHOCÓ),2021,8,8.686,3.061,40.61,domingo,2021-08-22 19:15:00,828.0
27,CHOCÓ,27800,UNGUÍA,27800001,BALBOA (UNGUÍA - CHOCÓ),2021,8,20.171,7.392,90.37,sábado,2021-08-07 19:30:00,847.0
27,CHOCÓ,27800,UNGUÍA,27800005,TITUMATE (UNGUÍA - CHOCÓ),2021,8,18.716,5.483,94.69,jueves,2021-08-12 20:00:00,859.0
27,CHOCÓ,27800,UNGUÍA,27800000,UNGUÍA (UNGUÍA - CHOCÓ),2021,8,420.962,149.705,927.7,viernes,2021-08-06 20:15:00,2151.0
94,GUAINÍA,94343,BARRANCOMINAS,94343000,BARRANCOMINAS (BARRANCOMINAS - GUAINÍA),2021,8,59.261,19.836,180.91,jueves,2021-08-26 18:15:00,1333.0
94,GUAINÍA,94001,INÍRIDA,94001000,INÍRIDA (INÍRIDA - GUAINÍA),2021,8,,556.149,3200.56,martes,2021-08-24 14:45:00,2351.0
95,GUAVIARE,95200,MIRAFLORES,95200000,MIRAFLORES (MIRAFLORES - GUAVIARE),2021,8,75.422,26.209,187.88,jueves,2021-08-19 19:00:00,1911.0
44,LA GUAJIRA,44847,URIBIA,44847012,NAZARETH (URIBIA - LA GUAJIRA),2021,8,70.977,22.091,306.7,lunes,2021-08-23 19:00:00,122.0
47,MAGDALENA,47189,CIÉNAGA,47189018,PALMOR (CIÉNAGA - MAGDALENA),2021,8,85.325,30.76,169.41,domingo,2021-08-08 23:00:00,229.0
50,META,50325,MAPIRIPÁN,50325000,MAPIRIPÁN (MAPIRIPÁN - META),2021,8,154.955,61.917,312.84,jueves,2021-08-19 18:30:00,24.0
52,NARIÑO,52250,EL CHARCO,52250023,BAZÁN (EL CHARCO - NARIÑO),2021,8,20.533,12.886,100.8,sábado,2021-08-28 19:45:00,807.0
52,NARIÑO,52250,EL CHARCO,52250003,BOLÍVAR - SAN PEDRO (EL CHARCO - NARIÑO),2021,8,3.38,2.051,23.62,sábado,2021-08-14 19:30:00,53.0
52,NARIÑO,52250,EL CHARCO,52250022,EL CUIL PUEBLO NUEVO (EL CHARCO - NARIÑO),2021,8,6.046,7.853,30.18,sábado,2021-08-21 19:30:00,757.0
52,NARIÑO,52250,EL CHARCO,52250007,SAN JOSÉ DEL TAPAJE (EL CHARCO - NARIÑO),2021,8,16.506,4.14,88.0,sábado,2021-08-07 20:00:00,811.0
52,NARIÑO,52520,FRANCISCO PIZARRO,52520013,SAN PEDRO DEL VINO (FRANCISCO PIZARRO - NARIÑO),2021,8,4.834,2.334,28.06,domingo,2021-08-01 00:00:00,716.0
52,NARIÑO,52390,LA TOLA,52390005,AGUACATAL (LA TOLA - NARIÑO),2021,8,2.261,447.0,13.94,miércoles,2021-08-04 17:45:00,708.0
52,NARIÑO,52390,LA TOLA,52390013,AMÁRALES (LA TOLA - NARIÑO),2021,8,6.967,1.817,55.58,miércoles,2021-08-11 19:15:00,532.0
52,NARIÑO,52390,LA TOLA,52390003,LA VIGÍA DE LA MAR (LA TOLA - NARIÑO),2021,8,6.064,2.461,30.56,jueves,2021-08-26 23:30:00,905.0
52,NARIÑO,52390,LA TOLA,52390009,MULATOS (LA TOLA - NARIÑO),2021,8,4.746,3.922,39.3,miércoles,2021-08-11 19:00:00,614.0
52,NARIÑO,52390,LA TOLA,52390016,SAN PABLO DEL MAR (LA TOLA - NARIÑO),2021,8,4.761,1.351,29.34,miércoles,2021-08-04 19:00:00,646.0
52,NARIÑO,52473,MOSQUERA,52473010,EL BAJITO DE ECHANDÍA (MOSQUERA - NARIÑO),2021,8,4.205,929.0,16.58,lunes,2021-08-16 18:45:00,1032.0
52,NARIÑO,52490,OLAYA HERRERA,52490913,BOCA DE PRIETA (OLAYA HERRERA - NARIÑO),2021,8,3.546,899.0,19.63,martes,2021-08-10 18:15:00,79.0
52,NARIÑO,52835,SAN ANDRÉS DE TUMACO,52835055,BOCAS DE CURAY (TUMACO - NARIÑO),2021,8,9.664,3.078,55.2,martes,2021-08-31 19:00:00,729.0
52,NARIÑO,52835,SAN ANDRÉS DE TUMACO,52835016,PITAL DE LA COSTA (TUMACO - NARIÑO),2021,8,20.977,11.894,96.0,martes,2021-08-31 19:30:00,856.0
52,NARIÑO,52835,SAN ANDRÉS DE TUMACO,52835217,SAN JUAN DE LA COSTA (SAN ANDRÉS DE TUMACO - NARIÑO),2021,8,23.247,8.498,134.4,sábado,2021-08-21 18:45:00,741.0
52,NARIÑO,52696,SANTA BÁRBARA (ISCUANDÉ),52696014,LA ENSENADA (SANTA BÁRBARA (ISCUANDÉ) - NARIÑO),2021,8,2.474,1.349,17.54,domingo,2021-08-01 20:00:00,54.0
52,NARIÑO,52696,SANTA BÁRBARA (ISCUANDÉ),52696022,SECADERO (SANTA BÁRBARA (ISCUANDÉ) - NARIÑO),2021,8,2.899,2.219,14.54,sábado,2021-08-21 00:15:00,857.0
86,PUTUMAYO,86573,PUERTO LEGUÍZAMO,86573009,PIÑUÑA NEGRO (PUERTO LEGUÍZAMO - PUTUMAYO),2021,8,4.394,2.594,28.8,sábado,2021-08-28 18:30:00,7.0
86,PUTUMAYO,86573,PUERTO LEGUÍZAMO,86573000,PUERTO LEGUÍZAMO (PUERTO LEGUÍZAMO - PUTUMAYO),2021,8,961.358,369.644,1975.95,jueves,2021-08-26 14:15:00,2359.0
76,VALLE DEL CAUCA,76109,BUENAVENTURA,76109032,SAN FRANCISCO NAYA (BUENAVENTURA - VALLE DEL CAUCA),2021,8,5.921,2.588,30.14,lunes,2021-08-30 23:30:00,8.0
97,VAUPÉS,97161,CARURÚ,97161000,CARURÚ (CARURÚ - VAUPÉS),2021,8,19.39,3.104,74.45,martes,2021-08-24 19:00:00,1219.0
97,VAUPÉS,97001,MITÚ,97001000,MITÚ (MITÚ - VAUPÉS),2021,8,,390.768,2696.34,miércoles,2021-08-11 23:45:00,2358.0
97,VAUPÉS,97666,TARAIRA,97666000,TARAIRA (TARAIRA - VAUPÉS),2021,8,30.762,9.153,123.46,martes,2021-08-24 00:30:00,105.0
99,VICHADA,99773,CUMARIBO,99773000,CUMARIBO (CUMARIBO - VICHADA),2021,8,294.302,126.008,662.2,jueves,2021-08-26 14:45:00,2359.0
99,VICHADA,99524,LA PRIMAVERA,99524000,LA PRIMAVERA (LA PRIMAVERA - VICHADA),2021,8,312.98,139.626,611.82,miércoles,2021-08-18 15:45:00,2359.0
99,VICHADA,99001,PUERTO CARREÑO,99001002,CASUARITO (PUERTO CARREÑO - VICHADA),2021,8,23.993,9.524,114.05,domingo,2021-08-29 19:00:00,849.0
99,VICHADA,99001,PUERTO CARREÑO,99001000,PUERTO CARREÑO (PUERTO CARREÑO - VICHADA),2021,8,,745.045,4172.08,viernes,2021-08-27 13:15:00,24.0
99,VICHADA,99624,SANTA ROSALÍA,99624000,SANTA ROSALÍA (SANTA ROSALÍA - VICHADA),2021,8,134.645,70.101,346.37,jueves,2021-08-26 18:45:00,1812.0
19,CAUCA,19418,LÓPEZ DE MICAY,19418009,NOANAMITO (LÓPEZ DE MICAY - CAUCA),2021,9,5.674,1.841,44.0,sábado,2021-09-18 20:30:00,618.0
91,AMAZONAS,91001,LETICIA,91001000,LETICIA (LETICIA - AMAZONAS),2021,9,,,7348.51,lunes,2021-09-20 15:45:00,24.0
91,AMAZONAS,91540,PUERTO NARIÑO,91540000,PUERTO NARIÑO (PUERTO NARIÑO - AMAZONAS),2021,9,109.597,38.862,231.97,sábado,2021-09-04 19:00:00,24.0
91,AMAZONAS,91798,TARAPACÁ (ANM),91798000,TARAPACÁ (TARAPACÁ (ANM) - AMAZONAS),2021,9,23.838,10.769,90.96,martes,2021-09-28 18:15:00,1021.0
5,ANTIOQUIA,5873,VIGÍA DEL FUERTE,5873001,SAN ANTONIO DE PADUA (VIGÍA DEL FUERTE - ANTIOQUIA),2021,9,4.52,1.671,38.5,martes,2021-09-21 19:00:00,58.0
5,ANTIOQUIA,5873,VIGÍA DEL FUERTE,5873002,VEGÁEZ (VIGÍA DEL FUERTE - ANTIOQUIA),2021,9,4.371,511.0,38.37,jueves,2021-09-16 19:30:00,651.0
5,ANTIOQUIA,5873,VIGÍA DEL FUERTE,5873000,VIGÍA DEL FUERTE (VIGÍA DEL FUERTE - ANTIOQUIA),2021,9,95.811,39.504,328.77,lunes,2021-09-06 00:30:00,1126.0
88,"ARCHIPIÉLAGO DE SAN ANDRÉS, PROVIDENCIA Y SANTA CATALINA",88564,PROVIDENCIA,88564000,PROVIDENCIA (PROVIDENCIA - ARCHIPIÉLAGO DE SAN ANDRÉS Y PROVIDENCIA),2021,9,,278.455,1762.32,jueves,2021-09-16 21:15:00,24.0
88,"ARCHIPIÉLAGO DE SAN ANDRÉS, PROVIDENCIA Y SANTA CATALINA",88001,SAN ANDRÉS,88001000,SAN ANDRÉS (SAN ANDRÉS - ARCHIPIÉLAGO DE SAN ANDRÉS Y PROVIDENCIA),2021,9,,,30240.2,jueves,2021-09-23 15:30:00,24.0
13,BOLÍVAR,13001,CARTAGENA DE INDIAS,13001007,ISLA FUERTE (CARTAGENA DE INDIAS - BOLÍVAR),2021,9,13.611,7.311,140.51,viernes,2021-09-17 15:00:00,421.0
13,BOLÍVAR,13001,CARTAGENA DE INDIAS,13001037,ISLA MÚCURA (CARTAGENA DE INDIAS - BOLÍVAR),2021,9,6.464,2.355,19.23,sábado,2021-09-25 22:15:00,148.0
13,BOLÍVAR,13001,CARTAGENA DE INDIAS,13001017,SANTA CRUZ DEL ISLOTE (CARTAGENA DE INDIAS - BOLÍVAR),2021,9,19.617,7.176,49.06,jueves,2021-09-30 21:45:00,1727.0
18,CAQUETÁ,18150,CARTAGENA DEL CHAIRÁ,18150001,REMOLINO DEL CAGUÁN (CARTAGENA DEL CHAIRA - CAQUETÁ),2021,9,15.904,6.818,83.89,sábado,2021-09-11 18:45:00,827.0
18,CAQUETÁ,18753,SAN VICENTE DEL CAGUÁN,18753002,GUACAMAYAS (SAN VICENTE DEL CAGUÁN - CAQUETÁ),2021,9,12.661,6.607,38.3,sábado,2021-09-25 19:00:00,1822.0
18,CAQUETÁ,18753,SAN VICENTE DEL CAGUÁN,18753015,GUAYABAL (SAN VICENTE DEL CAGUÁN - CAQUETÁ),2021,9,6.544,3.157,40.78,sábado,2021-09-25 18:30:00,721.0
18,CAQUETÁ,18753,SAN VICENTE DEL CAGUÁN,18753009,PUERTO BETANIA (SAN VICENTE DEL CAGUÁN - CAQUETÁ),2021,9,5.861,2.302,45.2,jueves,2021-09-09 19:30:00,553.0
85,CASANARE,85430,TRINIDAD,85430001,BOCAS DEL PAUTO (TRINIDAD - CASANARE),2021,9,13.022,7.142,88.77,martes,2021-09-14 19:00:00,626.0
19,CAUCA,19318,GUAPI,19318008,LIMONES (GUAPI - CAUCA),2021,9,7.729,3.452,58.97,jueves,2021-09-02 18:00:00,919.0
19,CAUCA,19318,GUAPI,19318013,SAN ANTONIO DE GUAJUÍ (GUAPI - CAUCA),2021,9,8.896,3.861,47.33,miércoles,2021-09-15 18:45:00,742.0
19,CAUCA,19418,LÓPEZ DE MICAY,19418033,BOCA GRANDE (LÓPEZ (MICAY) - CAUCA),2021,9,4.195,859.0,29.84,martes,2021-09-21 18:45:00,554.0
19,CAUCA,19418,LÓPEZ DE MICAY,19418011,DOS QUEBRADAS RÍO NAYA (LÓPEZ DE MICAY - CAUCA),2021,9,2.874,1.215,31.55,lunes,2021-09-20 18:30:00,346.0
19,CAUCA,19418,LÓPEZ DE MICAY,19418038,ISLA DE GALLO (LÓPEZ DE MICAY - CAUCA),2021,9,3.573,1.572,26.4,sábado,2021-09-18 18:30:00,548.0
19,CAUCA,19418,LÓPEZ DE MICAY,19418007,LA CONCHA - CONCEPCIÓN NAYA (LOPEZ (MICAY) - CAUCA),2021,9,2.518,462.0,15.16,viernes,2021-09-10 19:45:00,645.0
19,CAUCA,19418,LÓPEZ DE MICAY,19418012,SAN ANTONIO DE CHUARÉ (LÓPEZ DE MICAY - CAUCA),2021,9,8.156,2.975,52.03,viernes,2021-09-17 18:45:00,637.0
19,CAUCA,19418,LÓPEZ DE MICAY,19418015,SAN ISIDRO (LÓPEZ DE MICAY - CAUCA),2021,9,776.0,333.0,5.63,viernes,2021-09-17 17:30:00,553.0
19,CAUCA,19418,LÓPEZ DE MICAY,19418019,ZARAGOZA (LOPEZ DE MICAY - CAUCA),2021,9,4.09,1.786,52.58,domingo,2021-09-19 19:15:00,321.0
19,CAUCA,19809,TIMBIQUÍ,19809014,CHACÓN (TIMBIQUÍ - CAUCA),2021,9,38.0,6.0,14.56,jueves,2021-09-09 15:00:00,6.0
19,CAUCA,19809,TIMBIQUÍ,19809010,COMUNIDAD DE CHETE (TIMBIQUÍ - CAUCA),2021,9,5.737,2.711,31.78,lunes,2021-09-06 20:00:00,741.0
19,CAUCA,19809,TIMBIQUÍ,19809003,COTEJE (TIMBIQUÍ - CAUCA),2021,9,7.108,4.204,33.68,miércoles,2021-09-22 19:30:00,83.0
19,CAUCA,19809,TIMBIQUÍ,19809007,SAN JOSÉ (TIMBIQUÍ - CAUCA),2021,9,7.793,5.4,38.52,sábado,2021-09-18 20:15:00,803.0
19,CAUCA,19809,TIMBIQUÍ,19809008,SANTA MARÍA (TIMBIQUÍ - CAUCA),2021,9,14.985,6.47,65.54,jueves,2021-09-02 19:45:00,923.0
19,CAUCA,19809,TIMBIQUÍ,19809009,SANTA ROSA DE SAIJA (TIMBIQUÍ - CAUCA),2021,9,5.154,3.102,27.17,martes,2021-09-07 19:15:00,836.0
27,CHOCÓ,27006,ACANDÍ,27006000,ACANDÍ (ACANDÍ - CHOCÓ),2021,9,555.951,214.374,1232.88,viernes,2021-09-17 21:00:00,1933.0
27,CHOCÓ,27006,ACANDÍ,27006003,CAPURGANÁ (ACANDÍ - CHOCO),2021,9,284.499,111.601,708.22,viernes,2021-09-17 21:15:00,1926.0
27,CHOCÓ,27006,ACANDÍ,27006007,SAN FRANCISCO (ACANDÍ - CHOCÓ),2021,9,21.444,7.742,120.43,domingo,2021-09-26 20:15:00,744.0
27,CHOCÓ,27025,ALTO BAUDÓ (PIE DE PATO),27025000,CIUDAD BAUDÓ - PIE DE PATO (ALTO BAUDÓ - CHOCÓ),2021,9,47.784,15.047,113.08,miércoles,2021-09-08 19:30:00,2357.0
27,CHOCÓ,27075,BAHÍA SOLANO (MUTIS),27075000,CIUDAD MUTIS (BAHÍA SOLANO - CHOCÓ),2021,9,670.181,241.618,1371.92,sábado,2021-09-25 23:30:00,2357.0
27,CHOCÓ,27075,BAHÍA SOLANO (MUTIS),27075001,CUPICA (BAHÍA SOLANO - CHOCÓ),2021,9,61.966,22.999,135.18,martes,2021-09-07 19:15:00,24.0
27,CHOCÓ,27075,BAHÍA SOLANO (MUTIS),27075002,EL VALLE (BAHÍA SOLANO - CHOCÓ),2021,9,149.526,65.553,327.62,jueves,2021-09-02 19:15:00,2348.0
27,CHOCÓ,27077,BAJO BAUDÓ (PIZARRO),27077011,PILIZA (BAJO BAUDÓ (PIZARRO) - CHOCÓ),2021,9,5.44,6.529,32.0,sábado,2021-09-25 18:30:00,732.0
27,CHOCÓ,27077,BAJO BAUDÓ (PIZARRO),27077000,PIZARRO (BAJO BAUDÓ (PIZARRO) - CHOCÓ),2021,9,198.443,96.052,396.53,viernes,2021-09-10 19:15:00,2321.0
27,CHOCÓ,27099,BOJAYÁ (BELLAVISTA),27099000,BELLAVISTA (BOJAYÁ (BELLAVISTA) - CHOCÓ),2021,9,96.786,28.38,231.07,lunes,2021-09-06 19:45:00,18.0
27,CHOCÓ,27099,BOJAYÁ (BELLAVISTA),27099002,LA LOMA DE BOJAYÁ (BOJAYÁ (BELLAVISTA) - CHOCÓ),2021,9,10.188,4.506,60.8,sábado,2021-09-18 19:45:00,736.0
27,CHOCÓ,27099,BOJAYÁ (BELLAVISTA),27099005,NAPIPÍ (BOJAYÁ (BELLAVISTA) - CHOCÓ),2021,9,5.946,1.558,60.8,domingo,2021-09-12 18:30:00,341.0
27,CHOCÓ,27099,BOJAYÁ (BELLAVISTA),27099008,PUERTO CONTO (BOJAYÁ (BELLAVISTA) - CHOCO),2021,9,10.991,3.086,72.0,viernes,2021-09-03 18:45:00,62.0
27,CHOCÓ,27250,EL LITORAL DEL SAN JUAN,27250000,SANTA GENOVEVA DE DOCORDÓ (EL LITORAL DEL SAN JUAN - CHOCÓ),2021,9,50.714,29.07,152.2,viernes,2021-09-03 00:45:00,1848.0
27,CHOCÓ,27372,JURADÓ,27372000,JURADÓ (JURADÓ - CHOCÓ),2021,9,157.094,71.722,289.12,lunes,2021-09-20 19:15:00,2357.0
27,CHOCÓ,27425,MEDIO ATRATO (BETÉ),27425000,BETÉ (MEDIO ATRATO (BETÉ) - CHOCÓ),2021,9,15.956,9.568,56.0,jueves,2021-09-30 19:30:00,1231.0
27,CHOCÓ,27425,MEDIO ATRATO (BETÉ),27425008,SAN ROQUE (MEDIO ATRATO (BETÉ) - CHOCÓ),2021,9,2.148,611.0,27.1,miércoles,2021-09-01 19:30:00,309.0
27,CHOCÓ,27495,NUQUÍ,27495001,ARUSÍ (NUQUÍ - CHOCO),2021,9,9.379,4.585,44.8,lunes,2021-09-06 19:30:00,845.0
27,CHOCÓ,27495,NUQUÍ,27495912,COMUNIDAD INDÍGENA DE PANGUÍ - EL YUCAL (NUQUÍ - CHOCÓ),2021,9,6.811,1.707,11.4,lunes,2021-09-06 19:00:00,2218.0
27,CHOCÓ,27495,NUQUÍ,27495000,NUQUÍ (NUQUÍ - CHOCÓ),2021,9,241.075,74.436,501.25,viernes,2021-09-17 19:15:00,24.0
27,CHOCÓ,27495,NUQUÍ,27495011,PUERTO JAGUA (NUQUÍ - CHOCÓ),2021,9,671.0,559.0,5.02,miércoles,2021-09-22 18:45:00,7.0
27,CHOCÓ,27001,QUIBDÓ,27001029,TAGACHI (QUIBDÓ - CHOCÓ),2021,9,7.785,2.827,42.22,sábado,2021-09-25 13:45:00,737.0
27,CHOCÓ,27800,UNGUÍA,27800001,BALBOA (UNGUÍA - CHOCÓ),2021,9,21.46,8.135,91.04,sábado,2021-09-04 20:15:00,954.0
27,CHOCÓ,27800,UNGUÍA,27800005,TITUMATE (UNGUÍA - CHOCÓ),2021,9,20.48,6.066,94.86,domingo,2021-09-12 19:00:00,1034.0
27,CHOCÓ,27800,UNGUÍA,27800000,UNGUÍA (UNGUÍA - CHOCÓ),2021,9,411.202,144.187,927.17,viernes,2021-09-03 13:45:00,2138.0
94,GUAINÍA,94001,INÍRIDA,94001000,INÍRIDA (INÍRIDA - GUAINÍA),2021,9,,536.099,3282.4,jueves,2021-09-02 15:15:00,2353.0
95,GUAVIARE,95200,MIRAFLORES,95200000,MIRAFLORES (MIRAFLORES - GUAVIARE),2021,9,77.896,28.647,196.68,lunes,2021-09-13 18:45:00,1917.0
44,LA GUAJIRA,44847,URIBIA,44847012,NAZARETH (URIBIA - LA GUAJIRA),2021,9,71.218,22.324,297.96,jueves,2021-09-02 19:00:00,1324.0
47,MAGDALENA,47189,CIÉNAGA,47189018,PALMOR (CIÉNAGA - MAGDALENA),2021,9,84.503,30.837,187.39,sábado,2021-09-18 18:45:00,2144.0
50,META,50325,MAPIRIPÁN,50325000,MAPIRIPÁN (MAPIRIPÁN - META),2021,9,157.12,61.697,320.76,jueves,2021-09-09 18:45:00,2358.0
52,NARIÑO,52250,EL CHARCO,52250016,ALTERÓN (URIBE URIBE) (EL CHARCO - NARIÑO),2021,9,1.133,219.0,14.23,martes,2021-09-07 17:45:00,516.0
52,NARIÑO,52250,EL CHARCO,52250023,BAZÁN (EL CHARCO - NARIÑO),2021,9,9.806,6.036,100.8,sábado,2021-09-18 19:00:00,352.0
52,NARIÑO,52250,EL CHARCO,52250003,BOLÍVAR - SAN PEDRO (EL CHARCO - NARIÑO),2021,9,3.516,2.167,22.82,jueves,2021-09-16 19:30:00,557.0
52,NARIÑO,52250,EL CHARCO,52250022,EL CUIL PUEBLO NUEVO (EL CHARCO - NARIÑO),2021,9,5.054,6.476,30.41,domingo,2021-09-12 18:45:00,628.0
52,NARIÑO,52250,EL CHARCO,52250005,LAS MERCEDES (EL CHARCO - NARIÑO),2021,9,2.034,759.0,13.22,viernes,2021-09-10 20:00:00,63.0
52,NARIÑO,52250,EL CHARCO,52250007,SAN JOSÉ DEL TAPAJE (EL CHARCO - NARIÑO),2021,9,16.044,4.25,88.0,sábado,2021-09-18 18:45:00,8.0
52,NARIÑO,52520,FRANCISCO PIZARRO,52520013,SAN PEDRO DEL VINO (FRANCISCO PIZARRO - NARIÑO),2021,9,4.073,2.024,29.31,miércoles,2021-09-01 19:30:00,608.0
52,NARIÑO,52390,LA TOLA,52390005,AGUACATAL (LA TOLA - NARIÑO),2021,9,2.088,468.0,12.16,miércoles,2021-09-22 16:45:00,71.0
52,NARIÑO,52390,LA TOLA,52390003,LA VIGÍA DE LA MAR (LA TOLA - NARIÑO),2021,9,5.97,2.647,28.16,sábado,2021-09-11 23:30:00,945.0
52,NARIÑO,52390,LA TOLA,52390009,MULATOS (LA TOLA - NARIÑO),2021,9,4.026,3.335,37.79,lunes,2021-09-27 18:45:00,542.0
52,NARIÑO,52390,LA TOLA,52390016,SAN PABLO DEL MAR (LA TOLA - NARIÑO),2021,9,4.675,1.318,29.57,sábado,2021-09-18 18:45:00,642.0
52,NARIÑO,52490,OLAYA HERRERA,52490913,BOCA DE PRIETA (OLAYA HERRERA - NARIÑO),2021,9,3.466,847.0,18.89,jueves,2021-09-30 19:15:00,706.0
52,NARIÑO,52835,SAN ANDRÉS DE TUMACO,52835055,BOCAS DE CURAY (TUMACO - NARIÑO),2021,9,8.557,2.698,55.2,miércoles,2021-09-29 18:15:00,659.0
52,NARIÑO,52835,SAN ANDRÉS DE TUMACO,52835016,PITAL DE LA COSTA (TUMACO - NARIÑO),2021,9,12.194,6.995,96.0,sábado,2021-09-18 13:00:00,524.0
52,NARIÑO,52835,SAN ANDRÉS DE TUMACO,52835217,SAN JUAN DE LA COSTA (SAN ANDRÉS DE TUMACO - NARIÑO),2021,9,23.581,8.294,147.2,sábado,2021-09-18 18:45:00,745.0
52,NARIÑO,52696,SANTA BÁRBARA (ISCUANDÉ),52696014,LA ENSENADA (SANTA BÁRBARA (ISCUANDÉ) - NARIÑO),2021,9,2.664,1.037,16.54,jueves,2021-09-30 19:15:00,624.0
52,NARIÑO,52696,SANTA BÁRBARA (ISCUANDÉ),52696022,SECADERO (SANTA BÁRBARA (ISCUANDÉ) - NARIÑO),2021,9,2.813,2.084,13.49,viernes,2021-09-10 18:30:00,85.0
86,PUTUMAYO,86573,PUERTO LEGUÍZAMO,86573009,PIÑUÑA NEGRO (PUERTO LEGUÍZAMO - PUTUMAYO),2021,9,3.863,2.238,25.6,lunes,2021-09-27 19:00:00,649.0
86,PUTUMAYO,86573,PUERTO LEGUÍZAMO,86573000,PUERTO LEGUÍZAMO (PUERTO LEGUÍZAMO - PUTUMAYO),2021,9,938.441,362.606,1975.69,lunes,2021-09-27 15:15:00,24.0
76,VALLE DEL CAUCA,76109,BUENAVENTURA,76109032,SAN FRANCISCO NAYA (BUENAVENTURA - VALLE DEL CAUCA),2021,9,5.735,3.014,33.89,sábado,2021-09-18 00:00:00,739.0
97,VAUPÉS,97001,MITÚ,97001000,MITÚ (MITÚ - VAUPÉS),2021,9,,397.946,2765.64,lunes,2021-09-06 00:00:00,2357.0
97,VAUPÉS,97666,TARAIRA,97666000,TARAIRA (TARAIRA - VAUPÉS),2021,9,32.757,10.214,133.76,martes,2021-09-14 00:30:00,1112.0
99,VICHADA,99773,CUMARIBO,99773000,CUMARIBO (CUMARIBO - VICHADA),2021,9,313.026,129.26,704.0,lunes,2021-09-20 14:45:00,2359.0
99,VICHADA,99524,LA PRIMAVERA,99524000,LA PRIMAVERA (LA PRIMAVERA - VICHADA),2021,9,314.855,138.177,623.59,jueves,2021-09-02 18:15:00,2349.0
99,VICHADA,99001,PUERTO CARREÑO,99001002,CASUARITO (PUERTO CARREÑO - VICHADA),2021,9,25.753,9.7,117.74,jueves,2021-09-09 18:45:00,912.0
99,VICHADA,99001,PUERTO CARREÑO,99001000,PUERTO CARREÑO (PUERTO CARREÑO - VICHADA),2021,9,,757.876,4409.68,jueves,2021-09-02 14:30:00,24.0
99,VICHADA,99624,SANTA ROSALÍA,99624000,SANTA ROSALÍA (SANTA ROSALÍA - VICHADA),2021,9,135.039,69.389,343.97,lunes,2021-09-20 18:45:00,189.0
91,AMAZONAS,91001,LETICIA,91001000,LETICIA (LETICIA - AMAZONAS),2021,10,,,7894.22,viernes,2021-10-15 14:30:00,2359.0
91,AMAZONAS,91540,PUERTO NARIÑO,91540000,PUERTO NARIÑO (PUERTO NARIÑO - AMAZONAS),2021,10,110.001,40.089,225.81,jueves,2021-10-07 18:15:00,24.0
91,AMAZONAS,91798,TARAPACÁ (ANM),91798000,TARAPACÁ (TARAPACÁ (ANM) - AMAZONAS),2021,10,24.608,11.094,93.62,viernes,2021-10-15 18:45:00,1017.0
5,ANTIOQUIA,5873,VIGÍA DEL FUERTE,5873002,VEGÁEZ (VIGÍA DEL FUERTE - ANTIOQUIA),2021,10,5.006,500.0,37.02,sábado,2021-10-23 19:45:00,7.0
5,ANTIOQUIA,5873,VIGÍA DEL FUERTE,5873000,VIGÍA DEL FUERTE (VIGÍA DEL FUERTE - ANTIOQUIA),2021,10,64.864,24.729,330.53,jueves,2021-10-28 20:30:00,731.0
88,"ARCHIPIÉLAGO DE SAN ANDRÉS, PROVIDENCIA Y SANTA CATALINA",88564,PROVIDENCIA,88564000,PROVIDENCIA (PROVIDENCIA - ARCHIPIÉLAGO DE SAN ANDRÉS Y PROVIDENCIA),2021,10,,291.374,1805.1,jueves,2021-10-28 22:00:00,24.0
88,"ARCHIPIÉLAGO DE SAN ANDRÉS, PROVIDENCIA Y SANTA CATALINA",88001,SAN ANDRÉS,88001000,SAN ANDRÉS (SAN ANDRÉS - ARCHIPIÉLAGO DE SAN ANDRÉS Y PROVIDENCIA),2021,10,,,30671.25,viernes,2021-10-29 15:30:00,24.0
13,BOLÍVAR,13001,CARTAGENA DE INDIAS,13001007,ISLA FUERTE (CARTAGENA DE INDIAS - BOLÍVAR),2021,10,16.314,8.875,134.27,domingo,2021-10-31 15:00:00,452.0
13,BOLÍVAR,13001,CARTAGENA DE INDIAS,13001037,ISLA MÚCURA (CARTAGENA DE INDIAS - BOLÍVAR),2021,10,7.19,2.522,21.18,lunes,2021-10-18 15:15:00,143.0
13,BOLÍVAR,13001,CARTAGENA DE INDIAS,13001017,SANTA CRUZ DEL ISLOTE (CARTAGENA DE INDIAS - BOLÍVAR),2021,10,20.04,7.202,52.03,jueves,2021-10-14 21:30:00,1606.0
18,CAQUETÁ,18150,CARTAGENA DEL CHAIRÁ,18150001,REMOLINO DEL CAGUÁN (CARTAGENA DEL CHAIRA - CAQUETÁ),2021,10,16.823,7.085,88.13,sábado,2021-10-23 18:30:00,824.0
18,CAQUETÁ,18753,SAN VICENTE DEL CAGUÁN,18753002,GUACAMAYAS (SAN VICENTE DEL CAGUÁN - CAQUETÁ),2021,10,12.852,6.491,39.36,domingo,2021-10-03 19:00:00,1717.0
18,CAQUETÁ,18753,SAN VICENTE DEL CAGUÁN,18753015,GUAYABAL (SAN VICENTE DEL CAGUÁN - CAQUETÁ),2021,10,7.139,3.543,42.42,martes,2021-10-26 17:45:00,714.0
18,CAQUETÁ,18753,SAN VICENTE DEL CAGUÁN,18753009,PUERTO BETANIA (SAN VICENTE DEL CAGUÁN - CAQUETÁ),2021,10,5.993,2.322,46.6,miércoles,2021-10-20 19:00:00,539.0
85,CASANARE,85430,TRINIDAD,85430001,BOCAS DEL PAUTO (TRINIDAD - CASANARE),2021,10,12.327,6.694,91.58,lunes,2021-10-25 19:00:00,537.0
19,CAUCA,19318,GUAPI,19318008,LIMONES (GUAPI - CAUCA),2021,10,8.323,3.782,36.47,viernes,2021-10-22 18:15:00,935.0
19,CAUCA,19318,GUAPI,19318013,SAN ANTONIO DE GUAJUÍ (GUAPI - CAUCA),2021,10,10.113,4.21,47.44,domingo,2021-10-17 20:00:00,835.0
19,CAUCA,19418,LÓPEZ DE MICAY,19418033,BOCA GRANDE (LÓPEZ (MICAY) - CAUCA),2021,10,4.429,863.0,29.48,domingo,2021-10-31 18:30:00,605.0
19,CAUCA,19418,LÓPEZ DE MICAY,19418011,DOS QUEBRADAS RÍO NAYA (LÓPEZ DE MICAY - CAUCA),2021,10,4.914,2.04,30.4,martes,2021-10-12 18:15:00,63.0
19,CAUCA,19418,LÓPEZ DE MICAY,19418038,ISLA DE GALLO (LÓPEZ DE MICAY - CAUCA),2021,10,3.436,1.553,24.58,sábado,2021-10-09 19:00:00,545.0
19,CAUCA,19418,LÓPEZ DE MICAY,19418009,NOANAMITO (LÓPEZ DE MICAY - CAUCA),2021,10,6.657,2.07,44.0,jueves,2021-10-28 18:30:00,622.0
19,CAUCA,19418,LÓPEZ DE MICAY,19418012,SAN ANTONIO DE CHUARÉ (LÓPEZ DE MICAY - CAUCA),2021,10,6.339,2.235,55.26,jueves,2021-10-28 18:45:00,443.0
19,CAUCA,19418,LÓPEZ DE MICAY,19418015,SAN ISIDRO (LÓPEZ DE MICAY - CAUCA),2021,10,834.0,390.0,5.73,lunes,2021-10-04 18:00:00,601.0
19,CAUCA,19418,LÓPEZ DE MICAY,19418019,ZARAGOZA (LOPEZ DE MICAY - CAUCA),2021,10,9.358,3.864,64.93,sábado,2021-10-09 20:00:00,636.0
19,CAUCA,19809,TIMBIQUÍ,19809014,CHACÓN (TIMBIQUÍ - CAUCA),2021,10,2.967,694.0,29.54,domingo,2021-10-17 19:30:00,41.0
19,CAUCA,19809,TIMBIQUÍ,19809010,COMUNIDAD DE CHETE (TIMBIQUÍ - CAUCA),2021,10,5.093,2.472,34.14,sábado,2021-10-30 19:00:00,557.0
19,CAUCA,19809,TIMBIQUÍ,19809003,COTEJE (TIMBIQUÍ - CAUCA),2021,10,5.46,3.118,34.64,jueves,2021-10-28 19:15:00,556.0
19,CAUCA,19809,TIMBIQUÍ,19809007,SAN JOSÉ (TIMBIQUÍ - CAUCA),2021,10,7.706,5.41,37.46,miércoles,2021-10-27 19:30:00,747.0
19,CAUCA,19809,TIMBIQUÍ,19809008,SANTA MARÍA (TIMBIQUÍ - CAUCA),2021,10,9.591,3.958,75.58,viernes,2021-10-15 19:15:00,53.0
19,CAUCA,19809,TIMBIQUÍ,19809009,SANTA ROSA DE SAIJA (TIMBIQUÍ - CAUCA),2021,10,4.002,2.418,22.56,sábado,2021-10-02 22:00:00,649.0
27,CHOCÓ,27006,ACANDÍ,27006000,ACANDÍ (ACANDÍ - CHOCÓ),2021,10,550.551,211.845,1261.04,martes,2021-10-19 19:15:00,196.0
27,CHOCÓ,27006,ACANDÍ,27006003,CAPURGANÁ (ACANDÍ - CHOCO),2021,10,341.968,125.983,894.78,domingo,2021-10-17 19:45:00,2025.0
27,CHOCÓ,27025,ALTO BAUDÓ (PIE DE PATO),27025000,CIUDAD BAUDÓ - PIE DE PATO (ALTO BAUDÓ - CHOCÓ),2021,10,48.365,14.617,115.02,viernes,2021-10-08 00:15:00,233.0
27,CHOCÓ,27075,BAHÍA SOLANO (MUTIS),27075000,CIUDAD MUTIS (BAHÍA SOLANO - CHOCÓ),2021,10,680.368,247.385,1277.32,jueves,2021-10-28 19:00:00,24.0
27,CHOCÓ,27075,BAHÍA SOLANO (MUTIS),27075001,CUPICA (BAHÍA SOLANO - CHOCÓ),2021,10,62.953,21.749,139.34,lunes,2021-10-11 19:00:00,2328.0
27,CHOCÓ,27075,BAHÍA SOLANO (MUTIS),27075002,EL VALLE (BAHÍA SOLANO - CHOCÓ),2021,10,157.458,68.223,326.57,jueves,2021-10-28 19:00:00,2353.0
27,CHOCÓ,27077,BAJO BAUDÓ (PIZARRO),27077905,BUENAVISTA (BAJO BAUDÓ (PIZARRO) - CHOCÓ),2021,10,4.99,581.0,40.29,miércoles,2021-10-06 17:45:00,43.0
27,CHOCÓ,27077,BAJO BAUDÓ (PIZARRO),27077011,PILIZA (BAJO BAUDÓ (PIZARRO) - CHOCÓ),2021,10,5.67,6.342,32.0,sábado,2021-10-02 19:45:00,71.0
27,CHOCÓ,27077,BAJO BAUDÓ (PIZARRO),27077000,PIZARRO (BAJO BAUDÓ (PIZARRO) - CHOCÓ),2021,10,212.097,102.147,389.14,sábado,2021-10-16 19:00:00,2359.0
27,CHOCÓ,27099,BOJAYÁ (BELLAVISTA),27099000,BELLAVISTA (BOJAYÁ (BELLAVISTA) - CHOCÓ),2021,10,100.361,28.454,236.05,jueves,2021-10-28 19:00:00,1743.0
27,CHOCÓ,27099,BOJAYÁ (BELLAVISTA),27099002,LA LOMA DE BOJAYÁ (BOJAYÁ (BELLAVISTA) - CHOCÓ),2021,10,11.785,5.93,64.0,miércoles,2021-10-13 19:30:00,835.0
27,CHOCÓ,27099,BOJAYÁ (BELLAVISTA),27099005,NAPIPÍ (BOJAYÁ (BELLAVISTA) - CHOCÓ),2021,10,7.662,2.113,60.8,sábado,2021-10-30 21:30:00,449.0
27,CHOCÓ,27250,EL LITORAL DEL SAN JUAN,27250000,SANTA GENOVEVA DE DOCORDÓ (EL LITORAL DEL SAN JUAN - CHOCÓ),2021,10,51.775,29.429,156.82,martes,2021-10-12 21:30:00,1835.0
27,CHOCÓ,27372,JURADÓ,27372000,JURADÓ (JURADÓ - CHOCÓ),2021,10,163.233,71.738,290.08,jueves,2021-10-28 20:15:00,24.0
27,CHOCÓ,27425,MEDIO ATRATO (BETÉ),27425000,BETÉ (MEDIO ATRATO (BETÉ) - CHOCÓ),2021,10,16.522,10.113,60.0,lunes,2021-10-11 19:00:00,1233.0
27,CHOCÓ,27495,NUQUÍ,27495912,COMUNIDAD INDÍGENA DE PANGUÍ - EL YUCAL (NUQUÍ - CHOCÓ),2021,10,8.207,1.799,11.25,lunes,2021-10-11 23:15:00,2346.0
27,CHOCÓ,27495,NUQUÍ,27495000,NUQUÍ (NUQUÍ - CHOCÓ),2021,10,249.402,75.889,479.07,miércoles,2021-10-13 19:30:00,24.0
27,CHOCÓ,27495,NUQUÍ,27495011,PUERTO JAGUA (NUQUÍ - CHOCÓ),2021,10,996.0,755.0,4.7,domingo,2021-10-17 19:45:00,938.0
27,CHOCÓ,27001,QUIBDÓ,27001029,TAGACHI (QUIBDÓ - CHOCÓ),2021,10,9.699,3.527,42.34,domingo,2021-10-24 19:30:00,906.0
27,CHOCÓ,27800,UNGUÍA,27800001,BALBOA (UNGUÍA - CHOCÓ),2021,10,22.124,8.431,89.79,jueves,2021-10-07 21:00:00,959.0
27,CHOCÓ,27800,UNGUÍA,27800005,TITUMATE (UNGUÍA - CHOCÓ),2021,10,19.142,5.428,93.54,viernes,2021-10-08 19:00:00,916.0
27,CHOCÓ,27800,UNGUÍA,27800000,UNGUÍA (UNGUÍA - CHOCÓ),2021,10,432.673,151.105,913.97,domingo,2021-10-24 20:00:00,22.0
94,GUAINÍA,94343,BARRANCOMINAS,94343000,BARRANCOMINAS (BARRANCOMINAS - GUAINÍA),2021,10,69.451,24.46,214.33,jueves,2021-10-14 18:30:00,1525.0
94,GUAINÍA,94001,INÍRIDA,94001000,INÍRIDA (INÍRIDA - GUAINÍA),2021,10,,583.191,3419.68,jueves,2021-10-14 17:45:00,24.0
95,GUAVIARE,95200,MIRAFLORES,95200000,MIRAFLORES (MIRAFLORES - GUAVIARE),2021,10,82.653,30.237,192.72,jueves,2021-10-21 18:30:00,191.0
44,LA GUAJIRA,44847,URIBIA,44847012,NAZARETH (URIBIA - LA GUAJIRA),2021,10,60.853,16.581,264.84,martes,2021-10-26 18:15:00,1135.0
47,MAGDALENA,47189,CIÉNAGA,47189018,PALMOR (CIÉNAGA - MAGDALENA),2021,10,96.684,35.992,179.78,martes,2021-10-12 00:30:00,233.0
50,META,50325,MAPIRIPÁN,50325000,MAPIRIPÁN (MAPIRIPÁN - META),2021,10,167.93,65.062,348.92,jueves,2021-10-14 18:00:00,2346.0
52,NARIÑO,52250,EL CHARCO,52250016,ALTERÓN (URIBE URIBE) (EL CHARCO - NARIÑO),2021,10,1.401,275.0,8.78,viernes,2021-10-29 19:00:00,602.0
52,NARIÑO,52250,EL CHARCO,52250023,BAZÁN (EL CHARCO - NARIÑO),2021,10,18.786,11.821,100.8,sábado,2021-10-30 18:45:00,727.0
52,NARIÑO,52250,EL CHARCO,52250003,BOLÍVAR - SAN PEDRO (EL CHARCO - NARIÑO),2021,10,3.887,2.545,21.95,lunes,2021-10-18 19:30:00,634.0
52,NARIÑO,52250,EL CHARCO,52250022,EL CUIL PUEBLO NUEVO (EL CHARCO - NARIÑO),2021,10,5.885,7.76,30.18,sábado,2021-10-23 18:15:00,728.0
52,NARIÑO,52250,EL CHARCO,52250005,LAS MERCEDES (EL CHARCO - NARIÑO),2021,10,1.981,608.0,12.83,viernes,2021-10-01 21:00:00,614.0
52,NARIÑO,52250,EL CHARCO,52250007,SAN JOSÉ DEL TAPAJE (EL CHARCO - NARIÑO),2021,10,15.568,4.32,80.0,domingo,2021-10-31 13:15:00,751.0
52,NARIÑO,52520,FRANCISCO PIZARRO,52520013,SAN PEDRO DEL VINO (FRANCISCO PIZARRO - NARIÑO),2021,10,3.698,1.842,27.46,viernes,2021-10-29 19:15:00,54.0
52,NARIÑO,52390,LA TOLA,52390005,AGUACATAL (LA TOLA - NARIÑO),2021,10,1.67,416.0,11.95,jueves,2021-10-21 18:30:00,532.0
52,NARIÑO,52390,LA TOLA,52390003,LA VIGÍA DE LA MAR (LA TOLA - NARIÑO),2021,10,6.619,2.859,30.0,miércoles,2021-10-06 23:15:00,101.0
52,NARIÑO,52390,LA TOLA,52390009,MULATOS (LA TOLA - NARIÑO),2021,10,2.491,1.489,36.61,lunes,2021-10-04 18:30:00,331.0
52,NARIÑO,52390,LA TOLA,52390016,SAN PABLO DEL MAR (LA TOLA - NARIÑO),2021,10,4.906,1.381,30.05,sábado,2021-10-02 19:15:00,648.0
52,NARIÑO,52490,OLAYA HERRERA,52490913,BOCA DE PRIETA (OLAYA HERRERA - NARIÑO),2021,10,3.807,1.027,1968.0,jueves,2021-10-14 15:15:00,721.0
52,NARIÑO,52835,SAN ANDRÉS DE TUMACO,52835055,BOCAS DE CURAY (TUMACO - NARIÑO),2021,10,9.44,2.821,57.6,domingo,2021-10-31 23:45:00,729.0
52,NARIÑO,52835,SAN ANDRÉS DE TUMACO,52835016,PITAL DE LA COSTA (TUMACO - NARIÑO),2021,10,12.205,6.959,92.0,miércoles,2021-10-06 19:00:00,538.0
52,NARIÑO,52835,SAN ANDRÉS DE TUMACO,52835217,SAN JUAN DE LA COSTA (SAN ANDRÉS DE TUMACO - NARIÑO),2021,10,17.961,6.334,137.6,jueves,2021-10-07 18:30:00,544.0
52,NARIÑO,52696,SANTA BÁRBARA (ISCUANDÉ),52696014,LA ENSENADA (SANTA BÁRBARA (ISCUANDÉ) - NARIÑO),2021,10,2.719,1.134,16.7,miércoles,2021-10-20 19:45:00,615.0
52,NARIÑO,52696,SANTA BÁRBARA (ISCUANDÉ),52696022,SECADERO (SANTA BÁRBARA (ISCUANDÉ) - NARIÑO),2021,10,3.08,2.233,12.94,sábado,2021-10-30 00:15:00,951.0
86,PUTUMAYO,86573,PUERTO LEGUÍZAMO,86573009,PIÑUÑA NEGRO (PUERTO LEGUÍZAMO - PUTUMAYO),2021,10,4.256,2.501,28.8,sábado,2021-10-23 18:30:00,703.0
86,PUTUMAYO,86573,PUERTO LEGUÍZAMO,86573000,PUERTO LEGUÍZAMO (PUERTO LEGUÍZAMO - PUTUMAYO),2021,10,999.016,389.395,2167.0,jueves,2021-10-14 14:30:00,2345.0
76,VALLE DEL CAUCA,76109,BUENAVENTURA,76109032,SAN FRANCISCO NAYA (BUENAVENTURA - VALLE DEL CAUCA),2021,10,6.084,3.54,32.13,sábado,2021-10-30 23:45:00,745.0
97,VAUPÉS,97161,CARURÚ,97161000,CARURÚ (CARURÚ - VAUPÉS),2021,10,20.535,3.71,77.26,viernes,2021-10-22 18:30:00,1221.0
97,VAUPÉS,97001,MITÚ,97001000,MITÚ (MITÚ - VAUPÉS),2021,10,,415.274,2809.6,jueves,2021-10-14 23:45:00,24.0
97,VAUPÉS,97666,TARAIRA,97666000,TARAIRA (TARAIRA - VAUPÉS),2021,10,22.286,6.711,133.85,martes,2021-10-19 00:30:00,725.0
99,VICHADA,99773,CUMARIBO,99773000,CUMARIBO (CUMARIBO - VICHADA),2021,10,342.503,141.923,721.6,viernes,2021-10-15 14:30:00,24.0
99,VICHADA,99524,LA PRIMAVERA,99524000,LA PRIMAVERA (LA PRIMAVERA - VICHADA),2021,10,334.634,146.934,636.71,viernes,2021-10-15 19:45:00,2354.0
99,VICHADA,99001,PUERTO CARREÑO,99001002,CASUARITO (PUERTO CARREÑO - VICHADA),2021,10,25.408,9.467,122.85,jueves,2021-10-28 19:00:00,841.0
99,VICHADA,99001,PUERTO CARREÑO,99001000,PUERTO CARREÑO (PUERTO CARREÑO - VICHADA),2021,10,,812.783,4664.0,lunes,2021-10-04 13:30:00,2359.0
99,VICHADA,99624,SANTA ROSALÍA,99624000,SANTA ROSALÍA (SANTA ROSALÍA - VICHADA),2021,10,144.935,72.513,396.1,viernes,2021-10-15 18:45:00,1728.0
91,AMAZONAS,91001,LETICIA,91001000,LETICIA (LETICIA - AMAZONAS),2021,11,,,7531.4,miércoles,2021-11-03 15:00:00,24.0
91,AMAZONAS,91540,PUERTO NARIÑO,91540000,PUERTO NARIÑO (PUERTO NARIÑO - AMAZONAS),2021,11,109.712,38.533,228.27,viernes,2021-11-26 19:15:00,2358.0
91,AMAZONAS,91798,TARAPACÁ (ANM),91798000,TARAPACÁ (TARAPACÁ (ANM) - AMAZONAS),2021,11,24.076,11.003,89.96,viernes,2021-11-26 18:30:00,1021.0
5,ANTIOQUIA,5873,VIGÍA DEL FUERTE,5873002,VEGÁEZ (VIGÍA DEL FUERTE - ANTIOQUIA),2021,11,3.965,495.0,36.32,martes,2021-11-23 18:30:00,544.0
5,ANTIOQUIA,5873,VIGÍA DEL FUERTE,5873000,VIGÍA DEL FUERTE (VIGÍA DEL FUERTE - ANTIOQUIA),2021,11,65.658,25.385,330.88,martes,2021-11-09 18:30:00,753.0
88,"ARCHIPIÉLAGO DE SAN ANDRÉS, PROVIDENCIA Y SANTA CATALINA",88564,PROVIDENCIA,88564000,PROVIDENCIA (PROVIDENCIA - ARCHIPIÉLAGO DE SAN ANDRÉS Y PROVIDENCIA),2021,11,,275.967,1767.29,viernes,2021-11-05 20:15:00,24.0
88,"ARCHIPIÉLAGO DE SAN ANDRÉS, PROVIDENCIA Y SANTA CATALINA",88001,SAN ANDRÉS,88001000,SAN ANDRÉS (SAN ANDRÉS - ARCHIPIÉLAGO DE SAN ANDRÉS Y PROVIDENCIA),2021,11,,,29708.78,martes,2021-11-02 15:30:00,24.0
13,BOLÍVAR,13001,CARTAGENA DE INDIAS,13001007,ISLA FUERTE (CARTAGENA DE INDIAS - BOLÍVAR),2021,11,14.532,7.927,135.77,domingo,2021-11-14 00:00:00,441.0
13,BOLÍVAR,13001,CARTAGENA DE INDIAS,13001037,ISLA MÚCURA (CARTAGENA DE INDIAS - BOLÍVAR),2021,11,6.776,2.469,22.72,domingo,2021-11-14 00:15:00,1413.0
13,BOLÍVAR,13001,CARTAGENA DE INDIAS,13001017,SANTA CRUZ DEL ISLOTE (CARTAGENA DE INDIAS - BOLÍVAR),2021,11,19.273,6.881,50.66,martes,2021-11-09 21:45:00,145.0
18,CAQUETÁ,18150,CARTAGENA DEL CHAIRÁ,18150001,REMOLINO DEL CAGUÁN (CARTAGENA DEL CHAIRA - CAQUETÁ),2021,11,16.425,6.853,87.63,sábado,2021-11-13 18:15:00,814.0
18,CAQUETÁ,18753,SAN VICENTE DEL CAGUÁN,18753002,GUACAMAYAS (SAN VICENTE DEL CAGUÁN - CAQUETÁ),2021,11,9.164,3.854,39.34,sábado,2021-11-27 19:15:00,1237.0
18,CAQUETÁ,18753,SAN VICENTE DEL CAGUÁN,18753015,GUAYABAL (SAN VICENTE DEL CAGUÁN - CAQUETÁ),2021,11,5.573,2.721,41.58,sábado,2021-11-20 18:15:00,547.0
18,CAQUETÁ,18753,SAN VICENTE DEL CAGUÁN,18753009,PUERTO BETANIA (SAN VICENTE DEL CAGUÁN - CAQUETÁ),2021,11,5.542,2.08,47.6,viernes,2021-11-12 18:15:00,517.0
85,CASANARE,85430,TRINIDAD,85430001,BOCAS DEL PAUTO (TRINIDAD - CASANARE),2021,11,13.748,7.698,88.64,lunes,2021-11-15 18:30:00,625.0
19,CAUCA,19318,GUAPI,19318008,LIMONES (GUAPI - CAUCA),2021,11,8.593,3.789,41.18,martes,2021-11-09 17:00:00,942.0
19,CAUCA,19318,GUAPI,19318013,SAN ANTONIO DE GUAJUÍ (GUAPI - CAUCA),2021,11,9.404,3.897,45.89,domingo,2021-11-21 19:15:00,911.0
19,CAUCA,19418,LÓPEZ DE MICAY,19418033,BOCA GRANDE (LÓPEZ (MICAY) - CAUCA),2021,11,4.101,808.0,29.72,martes,2021-11-30 18:30:00,556.0
19,CAUCA,19418,LÓPEZ DE MICAY,19418011,DOS QUEBRADAS RÍO NAYA (LÓPEZ DE MICAY - CAUCA),2021,11,5.485,2.173,31.87,martes,2021-11-02 17:15:00,723.0
19,CAUCA,19418,LÓPEZ DE MICAY,19418038,ISLA DE GALLO (LÓPEZ DE MICAY - CAUCA),2021,11,2.969,1.187,24.48,sábado,2021-11-06 19:15:00,52.0
19,CAUCA,19418,LÓPEZ DE MICAY,19418009,NOANAMITO (LÓPEZ DE MICAY - CAUCA),2021,11,6.52,1.917,44.0,sábado,2021-11-13 19:15:00,616.0
19,CAUCA,19418,LÓPEZ DE MICAY,19418012,SAN ANTONIO DE CHUARÉ (LÓPEZ DE MICAY - CAUCA),2021,11,6.479,2.281,56.96,martes,2021-11-02 18:30:00,449.0
19,CAUCA,19418,LÓPEZ DE MICAY,19418015,SAN ISIDRO (LÓPEZ DE MICAY - CAUCA),2021,11,832.0,396.0,5.86,martes,2021-11-09 17:30:00,617.0
19,CAUCA,19418,LÓPEZ DE MICAY,19418019,ZARAGOZA (LOPEZ DE MICAY - CAUCA),2021,11,6.325,2.653,57.28,martes,2021-11-02 19:00:00,503.0
19,CAUCA,19809,TIMBIQUÍ,19809014,CHACÓN (TIMBIQUÍ - CAUCA),2021,11,4.588,1.137,29.46,domingo,2021-11-14 18:45:00,639.0
19,CAUCA,19809,TIMBIQUÍ,19809010,COMUNIDAD DE CHETE (TIMBIQUÍ - CAUCA),2021,11,5.405,2.678,33.79,martes,2021-11-30 18:30:00,635.0
19,CAUCA,19809,TIMBIQUÍ,19809003,COTEJE (TIMBIQUÍ - CAUCA),2021,11,6.493,3.956,35.16,domingo,2021-11-28 19:00:00,719.0
19,CAUCA,19809,TIMBIQUÍ,19809007,SAN JOSÉ (TIMBIQUÍ - CAUCA),2021,11,7.362,4.794,38.35,sábado,2021-11-13 19:45:00,721.0
19,CAUCA,19809,TIMBIQUÍ,19809008,SANTA MARÍA (TIMBIQUÍ - CAUCA),2021,11,12.559,4.99,69.5,sábado,2021-11-27 19:00:00,718.0
19,CAUCA,19809,TIMBIQUÍ,19809009,SANTA ROSA DE SAIJA (TIMBIQUÍ - CAUCA),2021,11,3.804,2.234,23.57,martes,2021-11-02 19:00:00,627.0
27,CHOCÓ,27006,ACANDÍ,27006000,ACANDÍ (ACANDÍ - CHOCÓ),2021,11,546.662,207.743,1229.36,jueves,2021-11-11 19:15:00,208.0
27,CHOCÓ,27025,ALTO BAUDÓ (PIE DE PATO),27025000,CIUDAD BAUDÓ - PIE DE PATO (ALTO BAUDÓ - CHOCÓ),2021,11,47.086,14.33,113.7,lunes,2021-11-01 00:00:00,2359.0
27,CHOCÓ,27075,BAHÍA SOLANO (MUTIS),27075000,CIUDAD MUTIS (BAHÍA SOLANO - CHOCÓ),2021,11,638.416,235.41,1203.4,martes,2021-11-16 19:00:00,2359.0
27,CHOCÓ,27075,BAHÍA SOLANO (MUTIS),27075001,CUPICA (BAHÍA SOLANO - CHOCÓ),2021,11,61.967,21.137,135.35,jueves,2021-11-11 19:15:00,24.0
27,CHOCÓ,27075,BAHÍA SOLANO (MUTIS),27075002,EL VALLE (BAHÍA SOLANO - CHOCÓ),2021,11,149.429,63.547,312.05,jueves,2021-11-11 19:00:00,2348.0
27,CHOCÓ,27077,BAJO BAUDÓ (PIZARRO),27077011,PILIZA (BAJO BAUDÓ (PIZARRO) - CHOCÓ),2021,11,4.91,5.279,32.0,lunes,2021-11-01 20:15:00,707.0
27,CHOCÓ,27077,BAJO BAUDÓ (PIZARRO),27077000,PIZARRO (BAJO BAUDÓ (PIZARRO) - CHOCÓ),2021,11,188.254,89.881,417.12,miércoles,2021-11-17 18:15:00,2159.0
27,CHOCÓ,27099,BOJAYÁ (BELLAVISTA),27099000,BELLAVISTA (BOJAYÁ (BELLAVISTA) - CHOCÓ),2021,11,93.76,26.921,242.36,martes,2021-11-16 19:00:00,1709.0
27,CHOCÓ,27099,BOJAYÁ (BELLAVISTA),27099002,LA LOMA DE BOJAYÁ (BOJAYÁ (BELLAVISTA) - CHOCÓ),2021,11,11.92,5.958,60.8,viernes,2021-11-19 18:45:00,859.0
27,CHOCÓ,27099,BOJAYÁ (BELLAVISTA),27099005,NAPIPÍ (BOJAYÁ (BELLAVISTA) - CHOCÓ),2021,11,9.217,2.553,60.8,lunes,2021-11-29 18:00:00,553.0
27,CHOCÓ,27250,EL LITORAL DEL SAN JUAN,27250002,CUCURRUPÍ (EL LITORAL DEL SAN JUAN - CHOCÓ),2021,11,3.091,1.02,21.09,sábado,2021-11-27 19:15:00,554.0
27,CHOCÓ,27250,EL LITORAL DEL SAN JUAN,27250000,SANTA GENOVEVA DE DOCORDÓ (EL LITORAL DEL SAN JUAN - CHOCÓ),2021,11,55.891,34.418,143.62,viernes,2021-11-26 00:15:00,2251.0
27,CHOCÓ,27250,EL LITORAL DEL SAN JUAN,27250914,TOGOROMA PLAYA (EL LITORAL DEL SAN JUAN - CHOCÓ),2021,11,1.148,19.0,9.74,viernes,2021-11-05 18:00:00,45.0
27,CHOCÓ,27372,JURADÓ,27372000,JURADÓ (JURADÓ - CHOCÓ),2021,11,158.959,68.705,300.64,viernes,2021-11-12 19:00:00,2356.0
27,CHOCÓ,27425,MEDIO ATRATO (BETÉ),27425000,BETÉ (MEDIO ATRATO (BETÉ) - CHOCÓ),2021,11,15.747,10.162,56.0,miércoles,2021-11-03 19:00:00,123.0
27,CHOCÓ,27495,NUQUÍ,27495912,COMUNIDAD INDÍGENA DE PANGUÍ - EL YUCAL (NUQUÍ - CHOCÓ),2021,11,7.855,1.767,11.44,jueves,2021-11-18 15:45:00,2324.0
27,CHOCÓ,27495,NUQUÍ,27495000,NUQUÍ (NUQUÍ - CHOCÓ),2021,11,233.841,68.503,473.79,viernes,2021-11-05 18:45:00,24.0
27,CHOCÓ,27495,NUQUÍ,27495011,PUERTO JAGUA (NUQUÍ - CHOCÓ),2021,11,446.0,242.0,4.34,jueves,2021-11-25 18:15:00,449.0
27,CHOCÓ,27001,QUIBDÓ,27001029,TAGACHI (QUIBDÓ - CHOCÓ),2021,11,9.452,3.326,43.51,sábado,2021-11-27 13:30:00,912.0
27,CHOCÓ,27800,UNGUÍA,27800001,BALBOA (UNGUÍA - CHOCÓ),2021,11,19.15,7.324,90.54,jueves,2021-11-04 18:45:00,918.0
27,CHOCÓ,27800,UNGUÍA,27800005,TITUMATE (UNGUÍA - CHOCÓ),2021,11,18.453,5.046,104.9,jueves,2021-11-11 19:30:00,846.0
27,CHOCÓ,27800,UNGUÍA,27800000,UNGUÍA (UNGUÍA - CHOCÓ),2021,11,402.9,141.932,893.9,viernes,2021-11-05 19:15:00,2154.0
94,GUAINÍA,94343,BARRANCOMINAS,94343000,BARRANCOMINAS (BARRANCOMINAS - GUAINÍA),2021,11,62.478,21.92,210.84,miércoles,2021-11-17 18:00:00,1358.0
94,GUAINÍA,94001,INÍRIDA,94001000,INÍRIDA (INÍRIDA - GUAINÍA),2021,11,,649.948,3845.6,miércoles,2021-11-17 14:15:00,24.0
95,GUAVIARE,95200,MIRAFLORES,95200000,MIRAFLORES (MIRAFLORES - GUAVIARE),2021,11,84.44,31.684,199.32,viernes,2021-11-19 18:00:00,193.0
44,LA GUAJIRA,44847,URIBIA,44847012,NAZARETH (URIBIA - LA GUAJIRA),2021,11,59.512,16.885,263.38,lunes,2021-11-08 19:00:00,1143.0
47,MAGDALENA,47189,CIÉNAGA,47189018,PALMOR (CIÉNAGA - MAGDALENA),2021,11,98.914,36.419,196.22,jueves,2021-11-18 18:30:00,2241.0
50,META,50325,MAPIRIPÁN,50325000,MAPIRIPÁN (MAPIRIPÁN - META),2021,11,170.433,67.624,342.76,sábado,2021-11-06 18:30:00,2342.0
52,NARIÑO,52250,EL CHARCO,52250016,ALTERÓN (URIBE URIBE) (EL CHARCO - NARIÑO),2021,11,1.388,270.0,15.41,jueves,2021-11-04 18:15:00,628.0
52,NARIÑO,52250,EL CHARCO,52250023,BAZÁN (EL CHARCO - NARIÑO),2021,11,19.668,12.482,100.8,jueves,2021-11-11 19:30:00,809.0
52,NARIÑO,52250,EL CHARCO,52250007,SAN JOSÉ DEL TAPAJE (EL CHARCO - NARIÑO),2021,11,15.278,4.134,80.0,viernes,2021-11-26 18:45:00,744.0
52,NARIÑO,52520,FRANCISCO PIZARRO,52520013,SAN PEDRO DEL VINO (FRANCISCO PIZARRO - NARIÑO),2021,11,4.187,2.206,29.44,jueves,2021-11-18 19:00:00,619.0
52,NARIÑO,52390,LA TOLA,52390005,AGUACATAL (LA TOLA - NARIÑO),2021,11,2.106,522.0,12.61,miércoles,2021-11-03 18:30:00,726.0
52,NARIÑO,52390,LA TOLA,52390003,LA VIGÍA DE LA MAR (LA TOLA - NARIÑO),2021,11,5.853,2.524,29.76,viernes,2021-11-12 23:15:00,93.0
52,NARIÑO,52390,LA TOLA,52390009,MULATOS (LA TOLA - NARIÑO),2021,11,4.142,1.994,34.53,miércoles,2021-11-03 18:15:00,627.0
52,NARIÑO,52390,LA TOLA,52390016,SAN PABLO DEL MAR (LA TOLA - NARIÑO),2021,11,4.697,1.349,29.06,domingo,2021-11-07 19:00:00,651.0
52,NARIÑO,52490,OLAYA HERRERA,52490913,BOCA DE PRIETA (OLAYA HERRERA - NARIÑO),2021,11,3.322,907.0,18.74,lunes,2021-11-08 18:30:00,645.0
52,NARIÑO,52835,SAN ANDRÉS DE TUMACO,52835055,BOCAS DE CURAY (TUMACO - NARIÑO),2021,11,8.589,2.549,55.2,domingo,2021-11-07 23:45:00,645.0
52,NARIÑO,52835,SAN ANDRÉS DE TUMACO,52835016,PITAL DE LA COSTA (TUMACO - NARIÑO),2021,11,17.575,9.485,88.0,viernes,2021-11-19 13:00:00,856.0
52,NARIÑO,52835,SAN ANDRÉS DE TUMACO,52835217,SAN JUAN DE LA COSTA (SAN ANDRÉS DE TUMACO - NARIÑO),2021,11,18.194,6.53,144.0,martes,2021-11-23 18:45:00,601.0
52,NARIÑO,52696,SANTA BÁRBARA (ISCUANDÉ),52696014,LA ENSENADA (SANTA BÁRBARA (ISCUANDÉ) - NARIÑO),2021,11,1.855,633.0,17.15,viernes,2021-11-26 19:45:00,429.0
52,NARIÑO,52696,SANTA BÁRBARA (ISCUANDÉ),52696022,SECADERO (SANTA BÁRBARA (ISCUANDÉ) - NARIÑO),2021,11,2.779,2.033,12.96,miércoles,2021-11-03 19:15:00,851.0
86,PUTUMAYO,86573,PUERTO LEGUÍZAMO,86573009,PIÑUÑA NEGRO (PUERTO LEGUÍZAMO - PUTUMAYO),2021,11,3.906,2.403,28.8,sábado,2021-11-27 20:45:00,645.0
86,PUTUMAYO,86573,PUERTO LEGUÍZAMO,86573000,PUERTO LEGUÍZAMO (PUERTO LEGUÍZAMO - PUTUMAYO),2021,11,992.047,400.518,1951.84,martes,2021-11-16 15:15:00,2353.0
76,VALLE DEL CAUCA,76109,BUENAVENTURA,76109032,SAN FRANCISCO NAYA (BUENAVENTURA - VALLE DEL CAUCA),2021,11,5.919,2.589,43.94,jueves,2021-11-25 17:45:00,743.0
97,VAUPÉS,97161,CARURÚ,97161000,CARURÚ (CARURÚ - VAUPÉS),2021,11,26.121,7.678,92.93,jueves,2021-11-18 18:30:00,1258.0
97,VAUPÉS,97001,MITÚ,97001000,MITÚ (MITÚ - VAUPÉS),2021,11,,379.678,2720.19,miércoles,2021-11-17 23:45:00,2303.0
97,VAUPÉS,97666,TARAIRA,97666000,TARAIRA (TARAIRA - VAUPÉS),2021,11,29.213,9.089,125.84,lunes,2021-11-30 00:30:00,1032.0
99,VICHADA,99773,CUMARIBO,99773000,CUMARIBO (CUMARIBO - VICHADA),2021,11,331.422,137.011,696.96,martes,2021-11-16 14:15:00,2353.0
99,VICHADA,99524,LA PRIMAVERA,99524000,LA PRIMAVERA (LA PRIMAVERA - VICHADA),2021,11,330.853,138.094,654.19,martes,2021-11-30 18:15:00,2354.0
99,VICHADA,99001,PUERTO CARREÑO,99001002,CASUARITO (PUERTO CARREÑO - VICHADA),2021,11,25.865,9.443,126.19,martes,2021-11-16 18:15:00,845.0
99,VICHADA,99001,PUERTO CARREÑO,99001000,PUERTO CARREÑO (PUERTO CARREÑO - VICHADA),2021,11,,801.104,4497.68,jueves,2021-11-04 13:45:00,24.0
99,VICHADA,99624,SANTA ROSALÍA,99624000,SANTA ROSALÍA (SANTA ROSALÍA - VICHADA),2021,11,150.513,75.59,391.68,martes,2021-11-16 18:30:00,1815.0
91,AMAZONAS,91001,LETICIA,91001000,LETICIA (LETICIA - AMAZONAS),2021,12,,,7428.24,lunes,2021-12-13 15:00:00,24.0
91,AMAZONAS,91540,PUERTO NARIÑO,91540000,PUERTO NARIÑO (PUERTO NARIÑO - AMAZONAS),2021,12,114.582,39.961,221.41,lunes,2021-12-27 19:00:00,24.0
91,AMAZONAS,91798,TARAPACÁ (ANM),91798000,TARAPACÁ (TARAPACÁ (ANM) - AMAZONAS),2021,12,24.153,10.613,90.46,jueves,2021-12-02 15:30:00,1015.0
5,ANTIOQUIA,5873,VIGÍA DEL FUERTE,5873002,VEGÁEZ (VIGÍA DEL FUERTE - ANTIOQUIA),2021,12,3.721,429.0,51.14,jueves,2021-12-23 19:00:00,505.0
88,"ARCHIPIÉLAGO DE SAN ANDRÉS, PROVIDENCIA Y SANTA CATALINA",88564,PROVIDENCIA,88564000,PROVIDENCIA (PROVIDENCIA - ARCHIPIÉLAGO DE SAN ANDRÉS Y PROVIDENCIA),2021,12,,268.745,1727.19,lunes,2021-12-06 21:15:00,24.0
88,"ARCHIPIÉLAGO DE SAN ANDRÉS, PROVIDENCIA Y SANTA CATALINA",88001,SAN ANDRÉS,88001000,SAN ANDRÉS (SAN ANDRÉS - ARCHIPIÉLAGO DE SAN ANDRÉS Y PROVIDENCIA),2021,12,,,28953.4,jueves,2021-12-30 15:45:00,2359.0
13,BOLÍVAR,13001,CARTAGENA DE INDIAS,13001007,ISLA FUERTE (CARTAGENA DE INDIAS - BOLÍVAR),2021,12,14.819,8.437,184.82,viernes,2021-12-31 22:00:00,503.0
13,BOLÍVAR,13001,CARTAGENA DE INDIAS,13001037,ISLA MÚCURA (CARTAGENA DE INDIAS - BOLÍVAR),2021,12,6.715,2.639,20.64,miércoles,2021-12-09 00:30:00,1517.0
13,BOLÍVAR,13001,CARTAGENA DE INDIAS,13001017,SANTA CRUZ DEL ISLOTE (CARTAGENA DE INDIAS - BOLÍVAR),2021,12,13.297,4.463,34.24,miércoles,2021-12-29 22:00:00,1636.0
18,CAQUETÁ,18150,CARTAGENA DEL CHAIRÁ,18150001,REMOLINO DEL CAGUÁN (CARTAGENA DEL CHAIRA - CAQUETÁ),2021,12,18.509,9.1,93.36,viernes,2021-12-31 18:45:00,832.0
18,CAQUETÁ,18150,CARTAGENA DEL CHAIRÁ,18150002,SANTA FE DEL CAGUÁN (CARTAGENA DEL CHAIRA - CAQUETÁ),2021,12,4.758,2.196,45.12,sábado,2021-12-04 18:15:00,501.0
18,CAQUETÁ,18753,SAN VICENTE DEL CAGUÁN,18753002,GUACAMAYAS (SAN VICENTE DEL CAGUÁN - CAQUETÁ),2021,12,15.996,6.347,49.8,viernes,2021-12-31 18:30:00,1843.0
18,CAQUETÁ,18753,SAN VICENTE DEL CAGUÁN,18753015,GUAYABAL (SAN VICENTE DEL CAGUÁN - CAQUETÁ),2021,12,6.968,3.531,40.64,lunes,2021-12-06 18:00:00,711.0
18,CAQUETÁ,18753,SAN VICENTE DEL CAGUÁN,18753009,PUERTO BETANIA (SAN VICENTE DEL CAGUÁN - CAQUETÁ),2021,12,6.174,2.393,48.04,sábado,2021-12-18 18:45:00,547.0
85,CASANARE,85430,TRINIDAD,85430001,BOCAS DEL PAUTO (TRINIDAD - CASANARE),2021,12,14.236,7.725,93.12,viernes,2021-12-31 18:30:00,612.0
19,CAUCA,19318,GUAPI,19318008,LIMONES (GUAPI - CAUCA),2021,12,8.928,3.931,38.91,jueves,2021-12-30 18:45:00,10.0
19,CAUCA,19318,GUAPI,19318013,SAN ANTONIO DE GUAJUÍ (GUAPI - CAUCA),2021,12,12.223,4.838,49.5,jueves,2021-12-30 18:45:00,1021.0
19,CAUCA,19418,LÓPEZ DE MICAY,19418011,DOS QUEBRADAS RÍO NAYA (LÓPEZ DE MICAY - CAUCA),2021,12,5.16,2.184,29.5,miércoles,2021-12-29 18:00:00,712.0
19,CAUCA,19418,LÓPEZ DE MICAY,19418038,ISLA DE GALLO (LÓPEZ DE MICAY - CAUCA),2021,12,3.727,1.504,23.97,viernes,2021-12-31 19:00:00,658.0
19,CAUCA,19418,LÓPEZ DE MICAY,19418009,NOANAMITO (LÓPEZ DE MICAY - CAUCA),2021,12,6.828,1.988,52.0,domingo,2021-12-19 20:30:00,636.0
19,CAUCA,19418,LÓPEZ DE MICAY,19418012,SAN ANTONIO DE CHUARÉ (LÓPEZ DE MICAY - CAUCA),2021,12,8.525,2.868,57.79,viernes,2021-12-24 19:30:00,61.0
19,CAUCA,19418,LÓPEZ DE MICAY,19418015,SAN ISIDRO (LÓPEZ DE MICAY - CAUCA),2021,12,931.0,457.0,6.08,miércoles,2021-12-29 18:45:00,706.0
19,CAUCA,19418,LÓPEZ DE MICAY,19418019,ZARAGOZA (LOPEZ DE MICAY - CAUCA),2021,12,7.2,2.989,51.1,jueves,2021-12-02 19:30:00,542.0
19,CAUCA,19809,TIMBIQUÍ,19809014,CHACÓN (TIMBIQUÍ - CAUCA),2021,12,4.535,1.071,32.46,martes,2021-12-07 18:45:00,619.0
19,CAUCA,19809,TIMBIQUÍ,19809010,COMUNIDAD DE CHETE (TIMBIQUÍ - CAUCA),2021,12,5.19,2.822,33.09,jueves,2021-12-09 19:30:00,621.0
19,CAUCA,19809,TIMBIQUÍ,19809003,COTEJE (TIMBIQUÍ - CAUCA),2021,12,6.959,4.6,34.92,miércoles,2021-12-08 18:30:00,802.0
19,CAUCA,19809,TIMBIQUÍ,19809026,LOS BRAZOS (TIMBIQUÍ - CAUCA),2021,12,8.236,1.602,44.45,martes,2021-12-07 19:30:00,71.0
19,CAUCA,19809,TIMBIQUÍ,19809023,PUERTO SAIJA (TIMBIQUÍ - CAUCA),2021,12,17.508,8.514,146.96,viernes,2021-12-31 19:00:00,447.0
19,CAUCA,19809,TIMBIQUÍ,19809007,SAN JOSÉ (TIMBIQUÍ - CAUCA),2021,12,9.283,6.251,39.36,jueves,2021-12-30 19:45:00,933.0
19,CAUCA,19809,TIMBIQUÍ,19809008,SANTA MARÍA (TIMBIQUÍ - CAUCA),2021,12,12.877,5.113,74.05,viernes,2021-12-31 19:30:00,729.0
19,CAUCA,19809,TIMBIQUÍ,19809009,SANTA ROSA DE SAIJA (TIMBIQUÍ - CAUCA),2021,12,3.994,2.5,22.2,miércoles,2021-12-01 19:30:00,735.0
27,CHOCÓ,27006,ACANDÍ,27006000,ACANDÍ (ACANDÍ - CHOCÓ),2021,12,522.324,195.138,1257.52,viernes,2021-12-31 18:45:00,197.0
27,CHOCÓ,27006,ACANDÍ,27006007,SAN FRANCISCO (ACANDÍ - CHOCÓ),2021,12,22.309,6.892,118.03,miércoles,2021-12-29 20:15:00,827.0
27,CHOCÓ,27025,ALTO BAUDÓ (PIE DE PATO),27025000,CIUDAD BAUDÓ - PIE DE PATO (ALTO BAUDÓ - CHOCÓ),2021,12,45.837,14.481,106.57,martes,2021-12-08 00:15:00,2347.0
27,CHOCÓ,27075,BAHÍA SOLANO (MUTIS),27075000,CIUDAD MUTIS (BAHÍA SOLANO - CHOCÓ),2021,12,639.792,260.79,1248.72,viernes,2021-12-18 00:00:00,24.0
27,CHOCÓ,27075,BAHÍA SOLANO (MUTIS),27075001,CUPICA (BAHÍA SOLANO - CHOCÓ),2021,12,67.376,24.294,158.96,sábado,2021-12-04 20:00:00,24.0
27,CHOCÓ,27075,BAHÍA SOLANO (MUTIS),27075002,EL VALLE (BAHÍA SOLANO - CHOCÓ),2021,12,161.254,65.484,356.66,lunes,2021-12-27 18:45:00,2331.0
27,CHOCÓ,27077,BAJO BAUDÓ (PIZARRO),27077011,PILIZA (BAJO BAUDÓ (PIZARRO) - CHOCÓ),2021,12,7.23,6.342,32.0,jueves,2021-12-30 19:00:00,10.0
27,CHOCÓ,27077,BAJO BAUDÓ (PIZARRO),27077000,PIZARRO (BAJO BAUDÓ (PIZARRO) - CHOCÓ),2021,12,212.096,99.661,394.94,martes,2021-12-07 19:00:00,2359.0
27,CHOCÓ,27099,BOJAYÁ (BELLAVISTA),27099000,BELLAVISTA (BOJAYÁ (BELLAVISTA) - CHOCÓ),2021,12,95.31,27.44,228.08,miércoles,2021-12-15 19:00:00,1744.0
27,CHOCÓ,27099,BOJAYÁ (BELLAVISTA),27099002,LA LOMA DE BOJAYÁ (BOJAYÁ (BELLAVISTA) - CHOCÓ),2021,12,11.874,5.942,57.6,miércoles,2021-12-01 19:00:00,908.0
27,CHOCÓ,27099,BOJAYÁ (BELLAVISTA),27099005,NAPIPÍ (BOJAYÁ (BELLAVISTA) - CHOCÓ),2021,12,8.41,2.213,64.0,miércoles,2021-12-29 19:45:00,513.0
27,CHOCÓ,27099,BOJAYÁ (BELLAVISTA),27099008,PUERTO CONTO (BOJAYÁ (BELLAVISTA) - CHOCO),2021,12,8.024,2.285,69.6,viernes,2021-12-24 20:00:00,511.0
27,CHOCÓ,27250,EL LITORAL DEL SAN JUAN,27250002,CUCURRUPÍ (EL LITORAL DEL SAN JUAN - CHOCÓ),2021,12,2.995,1.063,32.0,viernes,2021-12-24 13:00:00,458.0
27,CHOCÓ,27250,EL LITORAL DEL SAN JUAN,27250000,SANTA GENOVEVA DE DOCORDÓ (EL LITORAL DEL SAN JUAN - CHOCÓ),2021,12,64.753,37.259,165.0,jueves,2021-12-09 23:00:00,2326.0
27,CHOCÓ,27250,EL LITORAL DEL SAN JUAN,27250914,TOGOROMA PLAYA (EL LITORAL DEL SAN JUAN - CHOCÓ),2021,12,1.126,208.0,10.94,lunes,2021-12-06 18:00:00,502.0
27,CHOCÓ,27372,JURADÓ,27372000,JURADÓ (JURADÓ - CHOCÓ),2021,12,170.787,72.659,308.32,jueves,2021-12-09 19:15:00,2352.0
27,CHOCÓ,27425,MEDIO ATRATO (BETÉ),27425000,BETÉ (MEDIO ATRATO (BETÉ) - CHOCÓ),2021,12,15.691,10.231,56.0,sábado,2021-12-11 19:30:00,1232.0
27,CHOCÓ,27425,MEDIO ATRATO (BETÉ),27425008,SAN ROQUE (MEDIO ATRATO (BETÉ) - CHOCÓ),2021,12,4.173,1.301,25.54,viernes,2021-12-24 18:45:00,633.0
27,CHOCÓ,27495,NUQUÍ,27495912,COMUNIDAD INDÍGENA DE PANGUÍ - EL YUCAL (NUQUÍ - CHOCÓ),2021,12,8.167,1.892,11.35,lunes,2021-12-20 00:00:00,2329.0
27,CHOCÓ,27495,NUQUÍ,27495000,NUQUÍ (NUQUÍ - CHOCÓ),2021,12,259.262,89.34,511.81,domingo,2021-12-19 19:00:00,2354.0
27,CHOCÓ,27495,NUQUÍ,27495011,PUERTO JAGUA (NUQUÍ - CHOCÓ),2021,12,809.0,470.0,4.7,jueves,2021-12-23 18:45:00,717.0
27,CHOCÓ,27001,QUIBDÓ,27001029,TAGACHI (QUIBDÓ - CHOCÓ),2021,12,9.949,3.488,56.02,jueves,2021-12-30 13:45:00,826.0
27,CHOCÓ,27800,UNGUÍA,27800001,BALBOA (UNGUÍA - CHOCÓ),2021,12,20.287,8.071,84.3,viernes,2021-12-31 18:45:00,954.0
27,CHOCÓ,27800,UNGUÍA,27800005,TITUMATE (UNGUÍA - CHOCÓ),2021,12,18.197,4.683,100.5,domingo,2021-12-19 19:00:00,815.0
27,CHOCÓ,27800,UNGUÍA,27800000,UNGUÍA (UNGUÍA - CHOCÓ),2021,12,424.583,147.401,855.89,jueves,2021-12-16 21:30:00,2217.0
94,GUAINÍA,94343,BARRANCOMINAS,94343000,BARRANCOMINAS (BARRANCOMINAS - GUAINÍA),2021,12,71.31,24.211,187.06,viernes,2021-12-03 19:00:00,16.0
94,GUAINÍA,94001,INÍRIDA,94001000,INÍRIDA (INÍRIDA - GUAINÍA),2021,12,,666.182,3726.8,lunes,2021-12-06 17:45:00,24.0
95,GUAVIARE,95200,MIRAFLORES,95200000,MIRAFLORES (MIRAFLORES - GUAVIARE),2021,12,88.21,32.159,193.16,jueves,2021-12-23 18:15:00,1936.0
44,LA GUAJIRA,44847,URIBIA,44847012,NAZARETH (URIBIA - LA GUAJIRA),2021,12,46.448,17.396,194.88,miércoles,2021-12-01 18:15:00,1211.0
47,MAGDALENA,47189,CIÉNAGA,47189018,PALMOR (CIÉNAGA - MAGDALENA),2021,12,108.744,39.858,208.32,martes,2021-12-07 18:30:00,2323.0
50,META,50325,MAPIRIPÁN,50325000,MAPIRIPÁN (MAPIRIPÁN - META),2021,12,182.933,73.333,348.48,miércoles,2021-12-22 18:30:00,2351.0
52,NARIÑO,52250,EL CHARCO,52250016,ALTERÓN (URIBE URIBE) (EL CHARCO - NARIÑO),2021,12,1.389,251.0,9.1,sábado,2021-12-18 19:15:00,605.0
52,NARIÑO,52250,EL CHARCO,52250023,BAZÁN (EL CHARCO - NARIÑO),2021,12,20.899,12.895,105.6,viernes,2021-12-10 19:30:00,8.0
52,NARIÑO,52250,EL CHARCO,52250003,BOLÍVAR - SAN PEDRO (EL CHARCO - NARIÑO),2021,12,1.843,1.402,24.93,viernes,2021-12-24 19:45:00,309.0
52,NARIÑO,52250,EL CHARCO,52250007,SAN JOSÉ DEL TAPAJE (EL CHARCO - NARIÑO),2021,12,17.048,4.186,80.0,jueves,2021-12-30 21:45:00,829.0
52,NARIÑO,52390,LA TOLA,52390005,AGUACATAL (LA TOLA - NARIÑO),2021,12,2.156,497.0,13.68,domingo,2021-12-19 18:15:00,712.0
52,NARIÑO,52390,LA TOLA,52390003,LA VIGÍA DE LA MAR (LA TOLA - NARIÑO),2021,12,6.502,2.95,31.52,miércoles,2021-12-08 23:15:00,935.0
52,NARIÑO,52390,LA TOLA,52390009,MULATOS (LA TOLA - NARIÑO),2021,12,4.102,1.882,38.43,lunes,2021-12-27 18:00:00,546.0
52,NARIÑO,52390,LA TOLA,52390016,SAN PABLO DEL MAR (LA TOLA - NARIÑO),2021,12,4.474,1.287,28.67,viernes,2021-12-24 19:45:00,629.0
52,NARIÑO,52490,OLAYA HERRERA,52490913,BOCA DE PRIETA (OLAYA HERRERA - NARIÑO),2021,12,2.876,800.0,19.3,miércoles,2021-12-01 19:30:00,731.0
52,NARIÑO,52835,SAN ANDRÉS DE TUMACO,52835055,BOCAS DE CURAY (TUMACO - NARIÑO),2021,12,10.189,3.188,57.6,viernes,2021-12-24 19:00:00,753.0
52,NARIÑO,52835,SAN ANDRÉS DE TUMACO,52835016,PITAL DE LA COSTA (TUMACO - NARIÑO),2021,12,18.848,10.118,84.0,sábado,2021-12-04 00:45:00,931.0
52,NARIÑO,52835,SAN ANDRÉS DE TUMACO,52835217,SAN JUAN DE LA COSTA (SAN ANDRÉS DE TUMACO - NARIÑO),2021,12,24.319,9.134,128.0,jueves,2021-12-30 19:00:00,822.0
52,NARIÑO,52696,SANTA BÁRBARA (ISCUANDÉ),52696014,LA ENSENADA (SANTA BÁRBARA (ISCUANDÉ) - NARIÑO),2021,12,2.748,1.098,17.44,viernes,2021-12-24 20:00:00,625.0
52,NARIÑO,52696,SANTA BÁRBARA (ISCUANDÉ),52696022,SECADERO (SANTA BÁRBARA (ISCUANDÉ) - NARIÑO),2021,12,2.729,1.926,13.61,miércoles,2021-12-08 18:45:00,901.0
86,PUTUMAYO,86573,PUERTO LEGUÍZAMO,86573009,PIÑUÑA NEGRO (PUERTO LEGUÍZAMO - PUTUMAYO),2021,12,4.492,2.941,28.8,sábado,2021-12-25 17:30:00,728.0
76,VALLE DEL CAUCA,76109,BUENAVENTURA,76109028,PUERTO MERIZALDE (BUENAVENTURA - VALLE DEL CAUCA),2021,12,58.393,19.668,188.5,viernes,2021-12-17 20:00:00,1314.0
76,VALLE DEL CAUCA,76109,BUENAVENTURA,76109032,SAN FRANCISCO NAYA (BUENAVENTURA - VALLE DEL CAUCA),2021,12,4.366,2.0,31.23,domingo,2021-12-12 00:00:00,533.0
97,VAUPÉS,97161,CARURÚ,97161000,CARURÚ (CARURÚ - VAUPÉS),2021,12,29.197,8.89,96.98,miércoles,2021-12-01 18:15:00,1251.0
97,VAUPÉS,97001,MITÚ,97001000,MITÚ (MITÚ - VAUPÉS),2021,12,,419.135,2828.12,lunes,2021-12-06 23:45:00,24.0
97,VAUPÉS,97666,TARAIRA,97666000,TARAIRA (TARAIRA - VAUPÉS),2021,12,33.243,10.338,118.18,lunes,2021-12-27 18:00:00,1127.0
99,VICHADA,99773,CUMARIBO,99773000,CUMARIBO (CUMARIBO - VICHADA),2021,12,354.309,146.964,705.76,lunes,2021-12-13 18:00:00,2358.0
99,VICHADA,99524,LA PRIMAVERA,99524000,LA PRIMAVERA (LA PRIMAVERA - VICHADA),2021,12,349.787,146.817,690.6,lunes,2021-12-27 18:15:00,2354.0
99,VICHADA,99001,PUERTO CARREÑO,99001002,CASUARITO (PUERTO CARREÑO - VICHADA),2021,12,38.12,14.66,107.54,viernes,2021-12-10 19:15:00,1416.0
99,VICHADA,99001,PUERTO CARREÑO,99001000,PUERTO CARREÑO (PUERTO CARREÑO - VICHADA),2021,12,,817.352,4354.24,lunes,2021-12-06 14:00:00,24.0
99,VICHADA,99624,SANTA ROSALÍA,99624000,SANTA ROSALÍA (SANTA ROSALÍA - VICHADA),2021,12,157.971,79.928,369.94,miércoles,2021-12-22 18:30:00,183.0
91,AMAZONAS,91001,LETICIA,91001000,LETICIA (LETICIA - AMAZONAS),2022,1,,,7171.5,miércoles,2022-01-19 15:15:00,24.0
91,AMAZONAS,91540,PUERTO NARIÑO,91540000,PUERTO NARIÑO (PUERTO NARIÑO - AMAZONAS),2022,1,104.004,37.309,227.22,miércoles,2022-01-05 19:15:00,2355.0
27,CHOCÓ,27372,JURADO,27372000,JURADO,2025,12,200.343,58.239,356.0,jueves,2025-12-24 19:30:00,2.393
91,AMAZONAS,91798,TARAPACÁ (ANM),91798000,TARAPACÁ (TARAPACÁ (ANM) - AMAZONAS),2022,1,23.629,10.738,86.8,domingo,2022-01-16 18:00:00,1024.0
5,ANTIOQUIA,5873,VIGÍA DEL FUERTE,5873002,VEGÁEZ (VIGÍA DEL FUERTE - ANTIOQUIA),2022,1,3.438,423.0,39.71,lunes,2022-01-03 19:30:00,423.0
88,"ARCHIPIÉLAGO DE SAN ANDRÉS, PROVIDENCIA Y SANTA CATALINA",88564,PROVIDENCIA,88564000,PROVIDENCIA (PROVIDENCIA - ARCHIPIÉLAGO DE SAN ANDRÉS Y PROVIDENCIA),2022,1,936.385,255.183,1561.15,jueves,2022-01-20 21:30:00,24.0
88,"ARCHIPIÉLAGO DE SAN ANDRÉS, PROVIDENCIA Y SANTA CATALINA",88001,SAN ANDRÉS,88001000,SAN ANDRÉS (SAN ANDRÉS - ARCHIPIÉLAGO DE SAN ANDRÉS Y PROVIDENCIA),2022,1,,,28400.01,lunes,2022-01-03 23:30:00,2359.0
13,BOLÍVAR,13001,CARTAGENA DE INDIAS,13001007,ISLA FUERTE (CARTAGENA DE INDIAS - BOLÍVAR),2022,1,20.571,11.791,187.32,sábado,2022-01-01 23:15:00,523.0
13,BOLÍVAR,13001,CARTAGENA DE INDIAS,13001037,ISLA MÚCURA (CARTAGENA DE INDIAS - BOLÍVAR),2022,1,7.048,2.701,20.8,miércoles,2022-01-05 14:30:00,1601.0
13,BOLÍVAR,13001,CARTAGENA DE INDIAS,13001017,SANTA CRUZ DEL ISLOTE (CARTAGENA DE INDIAS - BOLÍVAR),2022,1,13.431,4.523,33.38,domingo,2022-01-09 21:45:00,1724.0
18,CAQUETÁ,18150,CARTAGENA DEL CHAIRÁ,18150001,REMOLINO DEL CAGUÁN (CARTAGENA DEL CHAIRA - CAQUETÁ),2022,1,16.339,8.129,89.29,sábado,2022-01-15 19:00:00,753.0
18,CAQUETÁ,18150,CARTAGENA DEL CHAIRÁ,18150002,SANTA FE DEL CAGUÁN (CARTAGENA DEL CHAIRA - CAQUETÁ),2022,1,3.669,1.701,39.92,domingo,2022-01-30 18:45:00,356.0
18,CAQUETÁ,18753,SAN VICENTE DEL CAGUÁN,18753002,GUACAMAYAS (SAN VICENTE DEL CAGUÁN - CAQUETÁ),2022,1,15.105,6.256,42.31,domingo,2022-01-02 18:30:00,1821.0
18,CAQUETÁ,18753,SAN VICENTE DEL CAGUÁN,18753009,PUERTO BETANIA (SAN VICENTE DEL CAGUÁN - CAQUETÁ),2022,1,6.22,2.452,51.24,sábado,2022-01-29 19:15:00,538.0
85,CASANARE,85430,TRINIDAD,85430001,BOCAS DEL PAUTO (TRINIDAD - CASANARE),2022,1,14.414,8.102,96.7,jueves,2022-01-06 18:30:00,601.0
19,CAUCA,19318,GUAPI,19318008,LIMONES (GUAPI - CAUCA),2022,1,7.662,3.177,36.3,jueves,2022-01-13 19:00:00,855.0
19,CAUCA,19318,GUAPI,19318013,SAN ANTONIO DE GUAJUÍ (GUAPI - CAUCA),2022,1,11.541,4.806,48.16,viernes,2022-01-07 18:30:00,941.0
19,CAUCA,19418,LÓPEZ DE MICAY,19418011,DOS QUEBRADAS RÍO NAYA (LÓPEZ DE MICAY - CAUCA),2022,1,5.401,2.361,30.53,martes,2022-01-25 16:15:00,734.0
19,CAUCA,19418,LÓPEZ DE MICAY,19418038,ISLA DE GALLO (LÓPEZ DE MICAY - CAUCA),2022,1,3.673,1.647,24.35,miércoles,2022-01-05 18:45:00,646.0
19,CAUCA,19418,LÓPEZ DE MICAY,19418009,NOANAMITO (LÓPEZ DE MICAY - CAUCA),2022,1,6.526,1.99,44.0,domingo,2022-01-30 19:15:00,623.0
19,CAUCA,19418,LÓPEZ DE MICAY,19418012,SAN ANTONIO DE CHUARÉ (LÓPEZ DE MICAY - CAUCA),2022,1,8.262,2.868,61.15,viernes,2022-01-21 18:45:00,53.0
19,CAUCA,19418,LÓPEZ DE MICAY,19418015,SAN ISIDRO (LÓPEZ DE MICAY - CAUCA),2022,1,1.053,570.0,6.34,jueves,2022-01-13 19:00:00,721.0
19,CAUCA,19418,LÓPEZ DE MICAY,19418019,ZARAGOZA (LOPEZ DE MICAY - CAUCA),2022,1,6.137,2.391,56.48,domingo,2022-01-23 19:00:00,455.0
19,CAUCA,19809,TIMBIQUÍ,19809014,CHACÓN (TIMBIQUÍ - CAUCA),2022,1,2.45,616.0,29.81,jueves,2022-01-13 19:45:00,328.0
19,CAUCA,19809,TIMBIQUÍ,19809010,COMUNIDAD DE CHETE (TIMBIQUÍ - CAUCA),2022,1,4.581,2.748,31.78,jueves,2022-01-20 19:00:00,551.0
19,CAUCA,19809,TIMBIQUÍ,19809003,COTEJE (TIMBIQUÍ - CAUCA),2022,1,5.863,4.178,33.0,lunes,2022-01-24 18:45:00,701.0
19,CAUCA,19809,TIMBIQUÍ,19809026,LOS BRAZOS (TIMBIQUÍ - CAUCA),2022,1,8.045,1.531,42.34,miércoles,2022-01-19 19:45:00,705.0
19,CAUCA,19809,TIMBIQUÍ,19809023,PUERTO SAIJA (TIMBIQUÍ - CAUCA),2022,1,24.669,11.861,151.54,miércoles,2022-01-19 20:00:00,626.0
19,CAUCA,19809,TIMBIQUÍ,19809007,SAN JOSÉ (TIMBIQUÍ - CAUCA),2022,1,8.205,5.676,39.26,lunes,2022-01-31 19:45:00,83.0
19,CAUCA,19809,TIMBIQUÍ,19809008,SANTA MARÍA (TIMBIQUÍ - CAUCA),2022,1,13.803,5.622,71.1,jueves,2022-01-06 18:45:00,759.0
19,CAUCA,19809,TIMBIQUÍ,19809009,SANTA ROSA DE SAIJA (TIMBIQUÍ - CAUCA),2022,1,3.882,2.566,22.68,miércoles,2022-01-26 18:30:00,721.0
27,CHOCÓ,27006,ACANDÍ,27006000,ACANDÍ (ACANDÍ - CHOCÓ),2022,1,560.845,210.349,1107.74,domingo,2022-01-02 20:30:00,217.0
27,CHOCÓ,27006,ACANDÍ,27006007,SAN FRANCISCO (ACANDÍ - CHOCÓ),2022,1,10.598,3.551,84.82,miércoles,2022-01-05 19:30:00,548.0
27,CHOCÓ,27025,ALTO BAUDÓ (PIE DE PATO),27025000,CIUDAD BAUDÓ - PIE DE PATO (ALTO BAUDÓ - CHOCÓ),2022,1,45.799,14.594,107.89,sábado,2022-01-30 00:15:00,235.0
27,CHOCÓ,27075,BAHÍA SOLANO (MUTIS),27075000,CIUDAD MUTIS (BAHÍA SOLANO - CHOCÓ),2022,1,664.6,240.197,1286.12,jueves,2022-01-20 19:15:00,2354.0
27,CHOCÓ,27075,BAHÍA SOLANO (MUTIS),27075001,CUPICA (BAHÍA SOLANO - CHOCÓ),2022,1,67.016,22.507,145.99,sábado,2022-01-29 19:30:00,2359.0
27,CHOCÓ,27075,BAHÍA SOLANO (MUTIS),27075002,EL VALLE (BAHÍA SOLANO - CHOCÓ),2022,1,166.124,69.597,349.27,martes,2022-01-04 19:15:00,2348.0
27,CHOCÓ,27077,BAJO BAUDÓ (PIZARRO),27077905,BUENAVISTA (BAJO BAUDÓ (PIZARRO) - CHOCÓ),2022,1,2.346,288.0,34.66,miércoles,2022-01-26 20:00:00,227.0
27,CHOCÓ,27077,BAJO BAUDÓ (PIZARRO),27077011,PILIZA (BAJO BAUDÓ (PIZARRO) - CHOCÓ),2022,1,6.045,5.855,32.0,viernes,2022-01-28 19:00:00,755.0
27,CHOCÓ,27077,BAJO BAUDÓ (PIZARRO),27077000,PIZARRO (BAJO BAUDÓ (PIZARRO) - CHOCÓ),2022,1,207.075,96.33,416.06,lunes,2022-01-31 19:45:00,2301.0
27,CHOCÓ,27099,BOJAYÁ (BELLAVISTA),27099000,BELLAVISTA (BOJAYÁ (BELLAVISTA) - CHOCÓ),2022,1,92.871,26.91,255.81,jueves,2022-01-27 19:15:00,1642.0
27,CHOCÓ,27099,BOJAYÁ (BELLAVISTA),27099002,LA LOMA DE BOJAYÁ (BOJAYÁ (BELLAVISTA) - CHOCÓ),2022,1,13.026,6.487,60.8,lunes,2022-01-31 19:15:00,93.0
27,CHOCÓ,27099,BOJAYÁ (BELLAVISTA),27099005,NAPIPÍ (BOJAYÁ (BELLAVISTA) - CHOCÓ),2022,1,9.644,2.507,64.0,lunes,2022-01-03 20:15:00,551.0
27,CHOCÓ,27250,EL LITORAL DEL SAN JUAN,27250000,SANTA GENOVEVA DE DOCORDÓ (EL LITORAL DEL SAN JUAN - CHOCÓ),2022,1,60.799,34.401,167.64,martes,2022-01-26 00:45:00,2245.0
27,CHOCÓ,27372,JURADÓ,27372000,JURADÓ (JURADÓ - CHOCÓ),2022,1,164.83,72.505,318.88,jueves,2022-01-20 19:30:00,2347.0
27,CHOCÓ,27425,MEDIO ATRATO (BETÉ),27425000,BETÉ (MEDIO ATRATO (BETÉ) - CHOCÓ),2022,1,14.515,9.906,52.0,lunes,2022-01-31 20:00:00,1156.0
27,CHOCÓ,27425,MEDIO ATRATO (BETÉ),27425008,SAN ROQUE (MEDIO ATRATO (BETÉ) - CHOCÓ),2022,1,4.04,1.287,24.43,sábado,2022-01-22 19:15:00,638.0
27,CHOCÓ,27495,NUQUÍ,27495912,COMUNIDAD INDÍGENA DE PANGUÍ - EL YUCAL (NUQUÍ - CHOCÓ),2022,1,6.776,1.851,11.34,sábado,2022-01-08 16:30:00,2346.0
27,CHOCÓ,27495,NUQUÍ,27495000,NUQUÍ (NUQUÍ - CHOCÓ),2022,1,251.923,97.354,493.86,sábado,2022-01-08 19:00:00,24.0
27,CHOCÓ,27495,NUQUÍ,27495011,PUERTO JAGUA (NUQUÍ - CHOCÓ),2022,1,560.0,314.0,4.34,martes,2022-01-18 19:45:00,502.0
27,CHOCÓ,27001,QUIBDÓ,27001029,TAGACHI (QUIBDÓ - CHOCÓ),2022,1,8.28,2.97,56.86,martes,2022-01-04 13:15:00,712.0
27,CHOCÓ,27800,UNGUÍA,27800001,BALBOA (UNGUÍA - CHOCÓ),2022,1,19.504,7.918,81.14,domingo,2022-01-02 20:00:00,957.0
27,CHOCÓ,27800,UNGUÍA,27800005,TITUMATE (UNGUÍA - CHOCÓ),2022,1,17.535,4.497,95.3,sábado,2022-01-22 20:15:00,825.0
27,CHOCÓ,27800,UNGUÍA,27800000,UNGUÍA (UNGUÍA - CHOCÓ),2022,1,386.38,137.484,799.39,jueves,2022-01-20 19:15:00,2215.0
94,GUAINÍA,94343,BARRANCOMINAS,94343000,BARRANCOMINAS (BARRANCOMINAS - GUAINÍA),2022,1,60.972,19.836,202.86,domingo,2022-01-02 18:30:00,1414.0
94,GUAINÍA,94001,INÍRIDA,94001000,INÍRIDA (INÍRIDA - GUAINÍA),2022,1,,673.698,3589.52,viernes,2022-01-14 15:15:00,24.0
95,GUAVIARE,95200,MIRAFLORES,95200000,MIRAFLORES (MIRAFLORES - GUAVIARE),2022,1,76.973,28.414,199.32,lunes,2022-01-31 18:30:00,174.0
44,LA GUAJIRA,44847,URIBIA,44847012,NAZARETH (URIBIA - LA GUAJIRA),2022,1,42.883,17.085,185.52,martes,2022-01-18 18:30:00,1322.0
47,MAGDALENA,47189,CIÉNAGA,47189018,PALMOR (CIÉNAGA - MAGDALENA),2022,1,98.133,34.54,184.06,sábado,2022-01-15 18:45:00,2323.0
50,META,50325,MAPIRIPÁN,50325000,MAPIRIPÁN (MAPIRIPÁN - META),2022,1,172.163,71.286,345.84,jueves,2022-01-27 18:45:00,2354.0
52,NARIÑO,52250,EL CHARCO,52250007,SAN JOSÉ DEL TAPAJE (EL CHARCO - NARIÑO),2022,1,16.612,4.662,80.0,lunes,2022-01-31 21:15:00,81.0
52,NARIÑO,52390,LA TOLA,52390003,LA VIGÍA DE LA MAR (LA TOLA - NARIÑO),2022,1,7.083,3.306,35.48,miércoles,2022-01-12 23:15:00,93.0
52,NARIÑO,52390,LA TOLA,52390009,MULATOS (LA TOLA - NARIÑO),2022,1,4.201,1.947,35.36,lunes,2022-01-31 17:30:00,619.0
52,NARIÑO,52390,LA TOLA,52390016,SAN PABLO DEL MAR (LA TOLA - NARIÑO),2022,1,1.149,350.0,27.01,jueves,2022-01-06 20:00:00,144.0
52,NARIÑO,52490,OLAYA HERRERA,52490913,BOCA DE PRIETA (OLAYA HERRERA - NARIÑO),2022,1,2.675,749.0,17.64,martes,2022-01-11 19:30:00,722.0
52,NARIÑO,52835,SAN ANDRÉS DE TUMACO,52835055,BOCAS DE CURAY (TUMACO - NARIÑO),2022,1,8.122,2.524,60.0,lunes,2022-01-03 18:45:00,553.0
52,NARIÑO,52835,SAN ANDRÉS DE TUMACO,52835016,PITAL DE LA COSTA (TUMACO - NARIÑO),2022,1,14.171,7.383,80.0,domingo,2022-01-30 19:15:00,736.0
52,NARIÑO,52835,SAN ANDRÉS DE TUMACO,52835217,SAN JUAN DE LA COSTA (SAN ANDRÉS DE TUMACO - NARIÑO),2022,1,16.552,6.129,144.0,martes,2022-01-04 18:45:00,546.0
52,NARIÑO,52696,SANTA BÁRBARA (ISCUANDÉ),52696014,LA ENSENADA (SANTA BÁRBARA (ISCUANDÉ) - NARIÑO),2022,1,2.621,1.179,16.8,miércoles,2022-01-19 19:45:00,601.0
52,NARIÑO,52696,SANTA BÁRBARA (ISCUANDÉ),52696022,SECADERO (SANTA BÁRBARA (ISCUANDÉ) - NARIÑO),2022,1,2.814,2.067,12.46,miércoles,2022-01-26 19:00:00,923.0
86,PUTUMAYO,86573,PUERTO LEGUÍZAMO,86573009,PIÑUÑA NEGRO (PUERTO LEGUÍZAMO - PUTUMAYO),2022,1,4.221,2.702,25.6,lunes,2022-01-31 19:45:00,655.0
76,VALLE DEL CAUCA,76109,BUENAVENTURA,76109028,PUERTO MERIZALDE (BUENAVENTURA - VALLE DEL CAUCA),2022,1,63.79,20.259,201.17,jueves,2022-01-20 20:15:00,1323.0
76,VALLE DEL CAUCA,76109,BUENAVENTURA,76109032,SAN FRANCISCO NAYA (BUENAVENTURA - VALLE DEL CAUCA),2022,1,2.649,1.068,29.82,jueves,2022-01-06 18:30:00,334.0
97,VAUPÉS,97161,CARURÚ,97161000,CARURÚ (CARURÚ - VAUPÉS),2022,1,19.768,4.438,99.09,jueves,2022-01-27 16:15:00,1218.0
97,VAUPÉS,97001,MITÚ,97001000,MITÚ (MITÚ - VAUPÉS),2022,1,,411.611,2694.06,viernes,2022-01-15 00:00:00,2356.0
97,VAUPÉS,97666,TARAIRA,97666000,TARAIRA (TARAIRA - VAUPÉS),2022,1,31.365,9.992,111.85,jueves,2022-01-06 18:45:00,1123.0
99,VICHADA,99773,CUMARIBO,99773000,CUMARIBO (CUMARIBO - VICHADA),2022,1,338.32,145.066,679.8,viernes,2022-01-14 18:15:00,24.0
99,VICHADA,99524,LA PRIMAVERA,99524000,LA PRIMAVERA (LA PRIMAVERA - VICHADA),2022,1,349.259,148.899,664.26,viernes,2022-01-21 18:30:00,24.0
99,VICHADA,99001,PUERTO CARREÑO,99001002,CASUARITO (PUERTO CARREÑO - VICHADA),2022,1,30.981,11.9,113.87,martes,2022-01-25 18:45:00,1132.0
99,VICHADA,99001,PUERTO CARREÑO,99001000,PUERTO CARREÑO (PUERTO CARREÑO - VICHADA),2022,1,,819.682,4357.76,martes,2022-01-25 14:15:00,24.0
99,VICHADA,99624,SANTA ROSALÍA,99624000,SANTA ROSALÍA (SANTA ROSALÍA - VICHADA),2022,1,148.679,76.843,360.1,martes,2022-01-25 19:15:00,1811.0
91,AMAZONAS,91001,LETICIA,91001000,LETICIA (LETICIA - AMAZONAS),2022,2,,,7288.15,martes,2022-02-01 15:00:00,24.0
91,AMAZONAS,91540,PUERTO NARIÑO,91540000,PUERTO NARIÑO (PUERTO NARIÑO - AMAZONAS),2022,2,97.153,34.791,213.49,jueves,2022-02-10 19:00:00,24.0
91,AMAZONAS,91798,TARAPACÁ (ANM),91798000,TARAPACÁ (TARAPACÁ (ANM) - AMAZONAS),2022,2,21.154,9.652,85.14,martes,2022-02-01 19:45:00,102.0
5,ANTIOQUIA,5873,VIGÍA DEL FUERTE,5873002,VEGÁEZ (VIGÍA DEL FUERTE - ANTIOQUIA),2022,2,2.753,272.0,46.62,sábado,2022-02-26 19:45:00,401.0
88,"ARCHIPIÉLAGO DE SAN ANDRÉS, PROVIDENCIA Y SANTA CATALINA",88564,PROVIDENCIA,88564000,PROVIDENCIA (PROVIDENCIA - ARCHIPIÉLAGO DE SAN ANDRÉS Y PROVIDENCIA),2022,2,903.471,236.728,1679.16,jueves,2022-02-17 21:30:00,24.0
27,CHOCÓ,27372,JURADO,27372000,JURADO,2026,1,194.368,57.797,35296.0,viernes,2026-01-29 20:00:00,2.36
88,"ARCHIPIÉLAGO DE SAN ANDRÉS, PROVIDENCIA Y SANTA CATALINA",88001,SAN ANDRÉS,88001000,SAN ANDRÉS (SAN ANDRÉS - ARCHIPIÉLAGO DE SAN ANDRÉS Y PROVIDENCIA),2022,2,,,28710.91,jueves,2022-02-17 15:45:00,24.0
13,BOLÍVAR,13001,CARTAGENA DE INDIAS,13001007,ISLA FUERTE (CARTAGENA DE INDIAS - BOLÍVAR),2022,2,14.98,8.05,160.63,jueves,2022-02-17 22:15:00,44.0
13,BOLÍVAR,13001,CARTAGENA DE INDIAS,13001037,ISLA MÚCURA (CARTAGENA DE INDIAS - BOLÍVAR),2022,2,6.153,2.518,18.21,miércoles,2022-02-09 22:15:00,1618.0
13,BOLÍVAR,13001,CARTAGENA DE INDIAS,13001017,SANTA CRUZ DEL ISLOTE (CARTAGENA DE INDIAS - BOLÍVAR),2022,2,11.959,4.111,34.21,jueves,2022-02-17 22:30:00,1621.0
18,CAQUETÁ,18150,CARTAGENA DEL CHAIRÁ,18150001,REMOLINO DEL CAGUÁN (CARTAGENA DEL CHAIRA - CAQUETÁ),2022,2,16.018,7.882,87.88,sábado,2022-02-19 18:45:00,848.0
18,CAQUETÁ,18150,CARTAGENA DEL CHAIRÁ,18150002,SANTA FE DEL CAGUÁN (CARTAGENA DEL CHAIRA - CAQUETÁ),2022,2,3.067,1.392,40.44,martes,2022-02-22 18:45:00,331.0
18,CAQUETÁ,18753,SAN VICENTE DEL CAGUÁN,18753002,GUACAMAYAS (SAN VICENTE DEL CAGUÁN - CAQUETÁ),2022,2,13.566,5.492,48.12,domingo,2022-02-13 19:00:00,175.0
18,CAQUETÁ,18753,SAN VICENTE DEL CAGUÁN,18753009,PUERTO BETANIA (SAN VICENTE DEL CAGUÁN - CAQUETÁ),2022,2,5.18,2.007,48.04,lunes,2022-02-14 19:00:00,513.0
85,CASANARE,85430,TRINIDAD,85430001,BOCAS DEL PAUTO (TRINIDAD - CASANARE),2022,2,11.762,6.282,109.5,miércoles,2022-02-23 18:30:00,513.0
19,CAUCA,19318,GUAPI,19318008,LIMONES (GUAPI - CAUCA),2022,2,7.453,3.213,40.79,viernes,2022-02-25 17:00:00,927.0
19,CAUCA,19318,GUAPI,19318013,SAN ANTONIO DE GUAJUÍ (GUAPI - CAUCA),2022,2,10.06,4.088,46.83,lunes,2022-02-07 19:45:00,929.0
19,CAUCA,19418,LÓPEZ DE MICAY,19418011,DOS QUEBRADAS RÍO NAYA (LÓPEZ DE MICAY - CAUCA),2022,2,3.659,1.437,33.79,miércoles,2022-02-16 20:00:00,511.0
19,CAUCA,19418,LÓPEZ DE MICAY,19418038,ISLA DE GALLO (LÓPEZ DE MICAY - CAUCA),2022,2,2.655,1.284,22.37,sábado,2022-02-12 19:15:00,523.0
19,CAUCA,19418,LÓPEZ DE MICAY,19418012,SAN ANTONIO DE CHUARÉ (LÓPEZ DE MICAY - CAUCA),2022,2,7.457,2.635,63.14,viernes,2022-02-25 19:00:00,533.0
19,CAUCA,19418,LÓPEZ DE MICAY,19418015,SAN ISIDRO (LÓPEZ DE MICAY - CAUCA),2022,2,800.0,444.0,6.18,domingo,2022-02-13 19:00:00,551.0
19,CAUCA,19418,LÓPEZ DE MICAY,19418019,ZARAGOZA (LOPEZ DE MICAY - CAUCA),2022,2,6.783,2.665,59.49,viernes,2022-02-18 19:15:00,539.0
19,CAUCA,19809,TIMBIQUÍ,19809003,COTEJE (TIMBIQUÍ - CAUCA),2022,2,5.856,4.14,33.6,lunes,2022-02-14 19:00:00,734.0
19,CAUCA,19809,TIMBIQUÍ,19809026,LOS BRAZOS (TIMBIQUÍ - CAUCA),2022,2,7.455,1.431,43.82,viernes,2022-02-04 19:30:00,7.0
19,CAUCA,19809,TIMBIQUÍ,19809023,PUERTO SAIJA (TIMBIQUÍ - CAUCA),2022,2,26.685,13.584,163.15,miércoles,2022-02-23 19:30:00,74.0
19,CAUCA,19809,TIMBIQUÍ,19809007,SAN JOSÉ (TIMBIQUÍ - CAUCA),2022,2,5.856,4.186,39.82,jueves,2022-02-03 18:45:00,628.0
19,CAUCA,19809,TIMBIQUÍ,19809008,SANTA MARÍA (TIMBIQUÍ - CAUCA),2022,2,11.127,4.506,65.79,miércoles,2022-02-16 18:45:00,728.0
19,CAUCA,19809,TIMBIQUÍ,19809009,SANTA ROSA DE SAIJA (TIMBIQUÍ - CAUCA),2022,2,3.481,1.987,23.5,domingo,2022-02-20 20:15:00,619.0
27,CHOCÓ,27006,ACANDÍ,27006000,ACANDÍ (ACANDÍ - CHOCÓ),2022,2,505.932,186.015,1094.72,jueves,2022-02-17 20:30:00,2157.0
27,CHOCÓ,27006,ACANDÍ,27006007,SAN FRANCISCO (ACANDÍ - CHOCÓ),2022,2,12.345,3.916,74.74,sábado,2022-02-05 19:30:00,754.0
27,CHOCÓ,27025,ALTO BAUDÓ (PIE DE PATO),27025000,CIUDAD BAUDÓ - PIE DE PATO (ALTO BAUDÓ - CHOCÓ),2022,2,43.73,13.247,118.01,martes,2022-02-22 19:30:00,235.0
27,CHOCÓ,27075,BAHÍA SOLANO (MUTIS),27075000,CIUDAD MUTIS (BAHÍA SOLANO - CHOCÓ),2022,2,642.422,222.922,1323.96,jueves,2022-02-24 19:30:00,2357.0
27,CHOCÓ,27075,BAHÍA SOLANO (MUTIS),27075001,CUPICA (BAHÍA SOLANO - CHOCÓ),2022,2,64.803,24.321,155.3,miércoles,2022-02-23 19:00:00,2356.0
27,CHOCÓ,27075,BAHÍA SOLANO (MUTIS),27075002,EL VALLE (BAHÍA SOLANO - CHOCÓ),2022,2,142.185,62.946,333.17,miércoles,2022-02-09 19:00:00,2333.0
27,CHOCÓ,27077,BAJO BAUDÓ (PIZARRO),27077905,BUENAVISTA (BAJO BAUDÓ (PIZARRO) - CHOCÓ),2022,2,6.459,817.0,36.51,domingo,2022-02-06 20:00:00,712.0
27,CHOCÓ,27077,BAJO BAUDÓ (PIZARRO),27077011,PILIZA (BAJO BAUDÓ (PIZARRO) - CHOCÓ),2022,2,5.232,5.278,32.0,lunes,2022-02-28 20:00:00,714.0
27,CHOCÓ,27077,BAJO BAUDÓ (PIZARRO),27077000,PIZARRO (BAJO BAUDÓ (PIZARRO) - CHOCÓ),2022,2,196.013,89.798,403.92,lunes,2022-02-21 19:45:00,24.0
27,CHOCÓ,27099,BOJAYÁ (BELLAVISTA),27099000,BELLAVISTA (BOJAYÁ (BELLAVISTA) - CHOCÓ),2022,2,89.123,26.794,243.69,miércoles,2022-02-02 20:00:00,1719.0
27,CHOCÓ,27099,BOJAYÁ (BELLAVISTA),27099002,LA LOMA DE BOJAYÁ (BOJAYÁ (BELLAVISTA) - CHOCÓ),2022,2,10.922,5.334,60.8,lunes,2022-02-21 19:30:00,82.0
27,CHOCÓ,27099,BOJAYÁ (BELLAVISTA),27099005,NAPIPÍ (BOJAYÁ (BELLAVISTA) - CHOCÓ),2022,2,8.663,2.202,64.0,viernes,2022-02-04 20:30:00,602.0
27,CHOCÓ,27250,EL LITORAL DEL SAN JUAN,27250000,SANTA GENOVEVA DE DOCORDÓ (EL LITORAL DEL SAN JUAN - CHOCÓ),2022,2,55.875,31.61,154.18,sábado,2022-02-20 00:30:00,2355.0
27,CHOCÓ,27250,EL LITORAL DEL SAN JUAN,27250914,TOGOROMA PLAYA (EL LITORAL DEL SAN JUAN - CHOCÓ),2022,2,1.076,191.0,10.53,domingo,2022-02-20 19:00:00,417.0
27,CHOCÓ,27372,JURADÓ,27372000,JURADÓ (JURADÓ - CHOCÓ),2022,2,157.964,65.281,323.2,miércoles,2022-02-23 19:45:00,2352.0
27,CHOCÓ,27425,MEDIO ATRATO (BETÉ),27425000,BETÉ (MEDIO ATRATO (BETÉ) - CHOCÓ),2022,2,14.569,9.425,60.0,jueves,2022-02-10 19:30:00,121.0
27,CHOCÓ,27425,MEDIO ATRATO (BETÉ),27425008,SAN ROQUE (MEDIO ATRATO (BETÉ) - CHOCÓ),2022,2,3.212,1.227,22.75,martes,2022-02-22 19:45:00,559.0
27,CHOCÓ,27495,NUQUÍ,27495912,COMUNIDAD INDÍGENA DE PANGUÍ - EL YUCAL (NUQUÍ - CHOCÓ),2022,2,5.597,1.564,11.38,domingo,2022-02-20 17:15:00,2202.0
27,CHOCÓ,27495,NUQUÍ,27495000,NUQUÍ (NUQUÍ - CHOCÓ),2022,2,230.501,91.46,492.8,miércoles,2022-02-02 19:15:00,2359.0
27,CHOCÓ,27495,NUQUÍ,27495011,PUERTO JAGUA (NUQUÍ - CHOCÓ),2022,2,839.0,491.0,4.27,miércoles,2022-02-02 19:30:00,945.0
27,CHOCÓ,27001,QUIBDÓ,27001029,TAGACHI (QUIBDÓ - CHOCÓ),2022,2,4.837,1.647,47.83,domingo,2022-02-06 19:30:00,434.0
27,CHOCÓ,27800,UNGUÍA,27800001,BALBOA (UNGUÍA - CHOCÓ),2022,2,17.751,7.325,79.56,viernes,2022-02-18 20:15:00,109.0
27,CHOCÓ,27800,UNGUÍA,27800005,TITUMATE (UNGUÍA - CHOCÓ),2022,2,16.504,4.348,91.96,domingo,2022-02-13 20:00:00,901.0
27,CHOCÓ,27800,UNGUÍA,27800000,UNGUÍA (UNGUÍA - CHOCÓ),2022,2,356.031,126.265,803.09,lunes,2022-02-21 20:45:00,2224.0
94,GUAINÍA,94343,BARRANCOMINAS,94343000,BARRANCOMINAS (BARRANCOMINAS - GUAINÍA),2022,2,66.161,21.146,196.37,lunes,2022-02-21 18:45:00,1608.0
94,GUAINÍA,94001,INÍRIDA,94001000,INÍRIDA (INÍRIDA - GUAINÍA),2022,2,,626.265,3850.88,martes,2022-02-22 18:00:00,24.0
95,GUAVIARE,95200,MIRAFLORES,95200000,MIRAFLORES (MIRAFLORES - GUAVIARE),2022,2,80.34,28.067,208.12,miércoles,2022-02-16 19:00:00,1904.0
44,LA GUAJIRA,44847,URIBIA,44847012,NAZARETH (URIBIA - LA GUAJIRA),2022,2,23.811,10.629,103.44,jueves,2022-02-10 19:15:00,1249.0
47,MAGDALENA,47189,CIÉNAGA,47189018,PALMOR (CIÉNAGA - MAGDALENA),2022,2,89.796,30.989,183.55,sábado,2022-02-05 18:45:00,2254.0
50,META,50325,MAPIRIPÁN,50325000,MAPIRIPÁN (MAPIRIPÁN - META),2022,2,155.61,63.124,345.84,miércoles,2022-02-16 19:00:00,2348.0
52,NARIÑO,52250,EL CHARCO,52250023,BAZÁN (EL CHARCO - NARIÑO),2022,2,14.506,9.264,96.0,domingo,2022-02-20 18:45:00,631.0
52,NARIÑO,52250,EL CHARCO,52250005,LAS MERCEDES (EL CHARCO - NARIÑO),2022,2,1.328,423.0,13.09,domingo,2022-02-27 19:45:00,442.0
52,NARIÑO,52250,EL CHARCO,52250007,SAN JOSÉ DEL TAPAJE (EL CHARCO - NARIÑO),2022,2,12.832,3.306,80.0,lunes,2022-02-28 21:00:00,652.0
52,NARIÑO,52520,FRANCISCO PIZARRO,52520013,SAN PEDRO DEL VINO (FRANCISCO PIZARRO - NARIÑO),2022,2,0.0,0.0,0.0,lunes,2022-02-28 23:45:00,0.0
52,NARIÑO,52390,LA TOLA,52390005,AGUACATAL (LA TOLA - NARIÑO),2022,2,1.557,360.0,11.31,domingo,2022-02-27 15:45:00,613.0
52,NARIÑO,52390,LA TOLA,52390003,LA VIGÍA DE LA MAR (LA TOLA - NARIÑO),2022,2,5.427,2.153,31.6,sábado,2022-02-06 00:30:00,829.0
52,NARIÑO,52390,LA TOLA,52390009,MULATOS (LA TOLA - NARIÑO),2022,2,3.849,1.691,35.1,martes,2022-02-15 19:00:00,613.0
52,NARIÑO,52390,LA TOLA,52390016,SAN PABLO DEL MAR (LA TOLA - NARIÑO),2022,2,4.013,1.25,27.17,lunes,2022-02-07 19:15:00,643.0
52,NARIÑO,52490,OLAYA HERRERA,52490913,BOCA DE PRIETA (OLAYA HERRERA - NARIÑO),2022,2,2.187,624.0,17.04,viernes,2022-02-18 17:45:00,629.0
52,NARIÑO,52835,SAN ANDRÉS DE TUMACO,52835055,BOCAS DE CURAY (TUMACO - NARIÑO),2022,2,7.743,2.444,57.6,lunes,2022-02-28 19:00:00,621.0
52,NARIÑO,52835,SAN ANDRÉS DE TUMACO,52835016,PITAL DE LA COSTA (TUMACO - NARIÑO),2022,2,15.566,8.061,80.0,lunes,2022-02-21 20:15:00,904.0
52,NARIÑO,52835,SAN ANDRÉS DE TUMACO,52835217,SAN JUAN DE LA COSTA (SAN ANDRÉS DE TUMACO - NARIÑO),2022,2,22.03,8.253,121.6,miércoles,2022-02-23 19:15:00,833.0
52,NARIÑO,52696,SANTA BÁRBARA (ISCUANDÉ),52696022,SECADERO (SANTA BÁRBARA (ISCUANDÉ) - NARIÑO),2022,2,2.267,1.509,12.79,domingo,2022-02-06 19:00:00,842.0
86,PUTUMAYO,86573,PUERTO LEGUÍZAMO,86573009,PIÑUÑA NEGRO (PUERTO LEGUÍZAMO - PUTUMAYO),2022,2,3.526,2.066,25.6,domingo,2022-02-27 20:45:00,64.0
76,VALLE DEL CAUCA,76109,BUENAVENTURA,76109028,PUERTO MERIZALDE (BUENAVENTURA - VALLE DEL CAUCA),2022,2,59.324,19.666,207.68,miércoles,2022-02-23 19:45:00,1229.0
76,VALLE DEL CAUCA,76109,BUENAVENTURA,76109032,SAN FRANCISCO NAYA (BUENAVENTURA - VALLE DEL CAUCA),2022,2,2.686,1.108,31.62,viernes,2022-02-26 00:15:00,401.0
97,VAUPÉS,97161,CARURÚ,97161000,CARURÚ (CARURÚ - VAUPÉS),2022,2,18.85,3.264,75.42,lunes,2022-02-21 19:00:00,1201.0
97,VAUPÉS,97001,MITÚ,97001000,MITÚ (MITÚ - VAUPÉS),2022,2,,361.477,2774.44,miércoles,2022-02-03 00:00:00,24.0
97,VAUPÉS,97666,TARAIRA,97666000,TARAIRA (TARAIRA - VAUPÉS),2022,2,17.043,4.932,129.18,lunes,2022-02-21 19:00:00,619.0
99,VICHADA,99773,CUMARIBO,99773000,CUMARIBO (CUMARIBO - VICHADA),2022,2,307.928,122.974,740.96,martes,2022-02-01 15:30:00,2047.0
99,VICHADA,99524,LA PRIMAVERA,99524000,LA PRIMAVERA (LA PRIMAVERA - VICHADA),2022,2,345.9,141.059,711.09,martes,2022-02-22 19:00:00,2358.0
99,VICHADA,99001,PUERTO CARREÑO,99001002,CASUARITO (PUERTO CARREÑO - VICHADA),2022,2,31.961,11.659,120.21,lunes,2022-02-14 18:15:00,1136.0
99,VICHADA,99001,PUERTO CARREÑO,99001000,PUERTO CARREÑO (PUERTO CARREÑO - VICHADA),2022,2,,765.683,4766.96,jueves,2022-02-24 13:45:00,2359.0
99,VICHADA,99624,SANTA ROSALÍA,99624000,SANTA ROSALÍA (SANTA ROSALÍA - VICHADA),2022,2,140.866,71.137,383.71,jueves,2022-02-17 18:45:00,1824.0
91,AMAZONAS,91001,LETICIA,91001000,LETICIA (LETICIA - AMAZONAS),2022,3,,,7322.14,viernes,2022-03-18 15:30:00,2357.0
91,AMAZONAS,91540,PUERTO NARIÑO,91540000,PUERTO NARIÑO (PUERTO NARIÑO - AMAZONAS),2022,3,117.539,39.742,239.01,martes,2022-03-15 18:45:00,24.0
91,AMAZONAS,91798,TARAPACÁ (ANM),91798000,TARAPACÁ (TARAPACÁ (ANM) - AMAZONAS),2022,3,23.711,10.758,84.8,martes,2022-03-22 18:30:00,1024.0
5,ANTIOQUIA,5873,VIGÍA DEL FUERTE,5873002,VEGÁEZ (VIGÍA DEL FUERTE - ANTIOQUIA),2022,3,3.508,379.0,55.97,miércoles,2022-03-09 19:45:00,439.0
88,"ARCHIPIÉLAGO DE SAN ANDRÉS, PROVIDENCIA Y SANTA CATALINA",88564,PROVIDENCIA,88564000,PROVIDENCIA (PROVIDENCIA - ARCHIPIÉLAGO DE SAN ANDRÉS Y PROVIDENCIA),2022,3,,271.254,1745.72,miércoles,2022-03-30 21:00:00,24.0
88,"ARCHIPIÉLAGO DE SAN ANDRÉS, PROVIDENCIA Y SANTA CATALINA",88001,SAN ANDRÉS,88001000,SAN ANDRÉS (SAN ANDRÉS - ARCHIPIÉLAGO DE SAN ANDRÉS Y PROVIDENCIA),2022,3,,,29965.55,jueves,2022-03-24 15:45:00,24.0
13,BOLÍVAR,13001,CARTAGENA DE INDIAS,13001037,ISLA MÚCURA (CARTAGENA DE INDIAS - BOLÍVAR),2022,3,6.967,2.812,19.52,domingo,2022-03-20 14:00:00,1552.0
13,BOLÍVAR,13001,CARTAGENA DE INDIAS,13001017,SANTA CRUZ DEL ISLOTE (CARTAGENA DE INDIAS - BOLÍVAR),2022,3,13.014,4.343,35.71,jueves,2022-03-31 21:45:00,15.0
18,CAQUETÁ,18150,CARTAGENA DEL CHAIRÁ,18150001,REMOLINO DEL CAGUÁN (CARTAGENA DEL CHAIRA - CAQUETÁ),2022,3,16.473,7.912,84.97,sábado,2022-03-05 19:15:00,89.0
18,CAQUETÁ,18150,CARTAGENA DEL CHAIRÁ,18150002,SANTA FE DEL CAGUÁN (CARTAGENA DEL CHAIRA - CAQUETÁ),2022,3,3.423,1.576,38.04,sábado,2022-03-26 18:45:00,337.0
18,CAQUETÁ,18753,SAN VICENTE DEL CAGUÁN,18753002,GUACAMAYAS (SAN VICENTE DEL CAGUÁN - CAQUETÁ),2022,3,15.279,6.406,43.39,jueves,2022-03-24 19:30:00,1737.0
18,CAQUETÁ,18753,SAN VICENTE DEL CAGUÁN,18753009,PUERTO BETANIA (SAN VICENTE DEL CAGUÁN - CAQUETÁ),2022,3,5.381,2.106,47.4,martes,2022-03-08 19:00:00,56.0
85,CASANARE,85430,TRINIDAD,85430001,BOCAS DEL PAUTO (TRINIDAD - CASANARE),2022,3,12.83,6.922,116.22,miércoles,2022-03-02 18:30:00,5.0
19,CAUCA,19318,GUAPI,19318008,LIMONES (GUAPI - CAUCA),2022,3,8.709,3.984,38.47,jueves,2022-03-17 19:30:00,925.0
19,CAUCA,19318,GUAPI,19318013,SAN ANTONIO DE GUAJUÍ (GUAPI - CAUCA),2022,3,11.843,4.878,49.61,viernes,2022-03-25 18:15:00,936.0
19,CAUCA,19418,LÓPEZ DE MICAY,19418038,ISLA DE GALLO (LÓPEZ DE MICAY - CAUCA),2022,3,3.12,1.512,22.59,sábado,2022-03-12 20:00:00,529.0
19,CAUCA,19418,LÓPEZ DE MICAY,19418012,SAN ANTONIO DE CHUARÉ (LÓPEZ DE MICAY - CAUCA),2022,3,8.882,3.063,62.75,martes,2022-03-29 19:00:00,558.0
19,CAUCA,19418,LÓPEZ DE MICAY,19418015,SAN ISIDRO (LÓPEZ DE MICAY - CAUCA),2022,3,1.025,558.0,6.82,miércoles,2022-03-30 18:45:00,623.0
19,CAUCA,19418,LÓPEZ DE MICAY,19418019,ZARAGOZA (LOPEZ DE MICAY - CAUCA),2022,3,8.651,3.554,55.3,lunes,2022-03-28 19:00:00,619.0
19,CAUCA,19809,TIMBIQUÍ,19809003,COTEJE (TIMBIQUÍ - CAUCA),2022,3,6.306,4.681,31.96,sábado,2022-03-05 19:30:00,737.0
19,CAUCA,19809,TIMBIQUÍ,19809026,LOS BRAZOS (TIMBIQUÍ - CAUCA),2022,3,8.298,1.653,44.64,lunes,2022-03-21 18:45:00,711.0
19,CAUCA,19809,TIMBIQUÍ,19809023,PUERTO SAIJA (TIMBIQUÍ - CAUCA),2022,3,26.934,13.283,168.08,lunes,2022-03-14 19:00:00,617.0
19,CAUCA,19809,TIMBIQUÍ,19809008,SANTA MARÍA (TIMBIQUÍ - CAUCA),2022,3,12.465,5.224,71.36,miércoles,2022-03-30 19:00:00,79.0
19,CAUCA,19809,TIMBIQUÍ,19809009,SANTA ROSA DE SAIJA (TIMBIQUÍ - CAUCA),2022,3,4.009,2.215,25.37,miércoles,2022-03-23 19:15:00,624.0
27,CHOCÓ,27006,ACANDÍ,27006000,ACANDÍ (ACANDÍ - CHOCÓ),2022,3,559.371,199.62,1128.34,miércoles,2022-03-23 14:00:00,2137.0
27,CHOCÓ,27006,ACANDÍ,27006007,SAN FRANCISCO (ACANDÍ - CHOCÓ),2022,3,15.462,5.375,73.44,domingo,2022-03-20 19:15:00,97.0
27,CHOCÓ,27025,ALTO BAUDÓ (PIE DE PATO),27025000,CIUDAD BAUDÓ - PIE DE PATO (ALTO BAUDÓ - CHOCÓ),2022,3,49.787,15.418,110.88,jueves,2022-03-18 00:00:00,2359.0
27,CHOCÓ,27075,BAHÍA SOLANO (MUTIS),27075000,CIUDAD MUTIS (BAHÍA SOLANO - CHOCÓ),2022,3,712.773,249.392,1351.24,martes,2022-03-22 19:30:00,2354.0
27,CHOCÓ,27075,BAHÍA SOLANO (MUTIS),27075001,CUPICA (BAHÍA SOLANO - CHOCÓ),2022,3,69.029,24.655,150.15,viernes,2022-03-25 19:15:00,2351.0
27,CHOCÓ,27075,BAHÍA SOLANO (MUTIS),27075002,EL VALLE (BAHÍA SOLANO - CHOCÓ),2022,3,160.287,69.743,334.22,martes,2022-03-22 19:15:00,2353.0
27,CHOCÓ,27077,BAJO BAUDÓ (PIZARRO),27077905,BUENAVISTA (BAJO BAUDÓ (PIZARRO) - CHOCÓ),2022,3,10.77,1.445,38.34,domingo,2022-03-20 17:30:00,1055.0
27,CHOCÓ,27077,BAJO BAUDÓ (PIZARRO),27077011,PILIZA (BAJO BAUDÓ (PIZARRO) - CHOCÓ),2022,3,6.126,5.786,35.2,jueves,2022-03-31 20:30:00,76.0
27,CHOCÓ,27077,BAJO BAUDÓ (PIZARRO),27077000,PIZARRO (BAJO BAUDÓ (PIZARRO) - CHOCÓ),2022,3,226.243,101.762,427.15,jueves,2022-03-17 20:15:00,2353.0
27,CHOCÓ,27099,BOJAYÁ (BELLAVISTA),27099000,BELLAVISTA (BOJAYÁ (BELLAVISTA) - CHOCÓ),2022,3,91.654,27.016,258.46,miércoles,2022-03-23 19:15:00,1521.0
27,CHOCÓ,27099,BOJAYÁ (BELLAVISTA),27099002,LA LOMA DE BOJAYÁ (BOJAYÁ (BELLAVISTA) - CHOCÓ),2022,3,13.182,6.506,64.0,sábado,2022-03-12 21:30:00,859.0
27,CHOCÓ,27250,EL LITORAL DEL SAN JUAN,27250000,SANTA GENOVEVA DE DOCORDÓ (EL LITORAL DEL SAN JUAN - CHOCÓ),2022,3,63.598,35.437,182.42,sábado,2022-03-27 00:45:00,2343.0
27,CHOCÓ,27250,EL LITORAL DEL SAN JUAN,27250914,TOGOROMA PLAYA (EL LITORAL DEL SAN JUAN - CHOCÓ),2022,3,835.0,182.0,8.53,sábado,2022-03-12 18:15:00,455.0
27,CHOCÓ,27372,JURADÓ,27372000,JURADÓ (JURADÓ - CHOCÓ),2022,3,181.279,73.946,336.96,miércoles,2022-03-23 19:15:00,2353.0
27,CHOCÓ,27425,MEDIO ATRATO (BETÉ),27425000,BETÉ (MEDIO ATRATO (BETÉ) - CHOCÓ),2022,3,11.625,7.199,60.0,jueves,2022-03-24 20:15:00,834.0
27,CHOCÓ,27495,NUQUÍ,27495000,NUQUÍ (NUQUÍ - CHOCÓ),2022,3,265.385,105.584,518.14,martes,2022-03-22 19:45:00,24.0
27,CHOCÓ,27495,NUQUÍ,27495011,PUERTO JAGUA (NUQUÍ - CHOCÓ),2022,3,858.0,447.0,4.22,viernes,2022-03-04 19:15:00,857.0
27,CHOCÓ,27001,QUIBDÓ,27001029,TAGACHI (QUIBDÓ - CHOCÓ),2022,3,5.609,2.114,58.49,miércoles,2022-03-30 18:45:00,57.0
27,CHOCÓ,27800,UNGUÍA,27800001,BALBOA (UNGUÍA - CHOCÓ),2022,3,19.752,8.062,77.73,sábado,2022-03-19 19:30:00,1015.0
27,CHOCÓ,27800,UNGUÍA,27800005,TITUMATE (UNGUÍA - CHOCÓ),2022,3,18.508,4.593,96.27,miércoles,2022-03-02 19:00:00,842.0
27,CHOCÓ,27800,UNGUÍA,27800000,UNGUÍA (UNGUÍA - CHOCÓ),2022,3,408.353,141.961,839.52,martes,2022-03-22 20:00:00,2222.0
94,GUAINÍA,94343,BARRANCOMINAS,94343000,BARRANCOMINAS (BARRANCOMINAS - GUAINÍA),2022,3,73.081,22.26,196.04,martes,2022-03-08 18:30:00,1612.0
94,GUAINÍA,94001,INÍRIDA,94001000,INÍRIDA (INÍRIDA - GUAINÍA),2022,3,,677.023,3857.92,martes,2022-03-08 14:30:00,24.0
95,GUAVIARE,95200,MIRAFLORES,95200000,MIRAFLORES (MIRAFLORES - GUAVIARE),2022,3,89.189,31.103,215.16,martes,2022-03-08 19:00:00,1913.0
44,LA GUAJIRA,44847,URIBIA,44847012,NAZARETH (URIBIA - LA GUAJIRA),2022,3,34.967,11.798,161.33,jueves,2022-03-31 20:00:00,1221.0
47,MAGDALENA,47189,CIÉNAGA,47189018,PALMOR (CIÉNAGA - MAGDALENA),2022,3,95.104,31.642,179.14,jueves,2022-03-24 19:15:00,2246.0
50,META,50325,MAPIRIPÁN,50325000,MAPIRIPÁN (MAPIRIPÁN - META),2022,3,167.394,66.247,344.08,martes,2022-03-15 19:15:00,233.0
52,NARIÑO,52250,EL CHARCO,52250023,BAZÁN (EL CHARCO - NARIÑO),2022,3,21.594,13.528,105.6,jueves,2022-03-31 19:00:00,815.0
52,NARIÑO,52250,EL CHARCO,52250003,BOLÍVAR - SAN PEDRO (EL CHARCO - NARIÑO),2022,3,4.174,2.888,22.91,sábado,2022-03-05 19:15:00,715.0
52,NARIÑO,52250,EL CHARCO,52250022,EL CUIL PUEBLO NUEVO (EL CHARCO - NARIÑO),2022,3,4.206,5.873,30.41,viernes,2022-03-11 20:45:00,527.0
52,NARIÑO,52250,EL CHARCO,52250005,LAS MERCEDES (EL CHARCO - NARIÑO),2022,3,1.708,604.0,12.96,martes,2022-03-01 20:00:00,51.0
52,NARIÑO,52250,EL CHARCO,52250007,SAN JOSÉ DEL TAPAJE (EL CHARCO - NARIÑO),2022,3,14.084,3.704,88.0,miércoles,2022-03-09 20:15:00,638.0
52,NARIÑO,52520,FRANCISCO PIZARRO,52520013,SAN PEDRO DEL VINO (FRANCISCO PIZARRO - NARIÑO),2022,3,2.062,1.089,24.9,sábado,2022-03-26 19:00:00,313.0
52,NARIÑO,52390,LA TOLA,52390005,AGUACATAL (LA TOLA - NARIÑO),2022,3,2.315,502.0,13.33,domingo,2022-03-06 19:00:00,81.0
52,NARIÑO,52390,LA TOLA,52390003,LA VIGÍA DE LA MAR (LA TOLA - NARIÑO),2022,3,6.194,2.488,32.2,viernes,2022-03-12 00:15:00,83.0
52,NARIÑO,52390,LA TOLA,52390009,MULATOS (LA TOLA - NARIÑO),2022,3,4.267,1.934,37.31,lunes,2022-03-28 19:00:00,61.0
52,NARIÑO,52390,LA TOLA,52390016,SAN PABLO DEL MAR (LA TOLA - NARIÑO),2022,3,4.059,1.221,29.63,martes,2022-03-29 19:00:00,6.0
52,NARIÑO,52473,MOSQUERA,52473010,EL BAJITO DE ECHANDÍA (MOSQUERA - NARIÑO),2022,3,1.717,238.0,8.93,jueves,2022-03-24 18:30:00,813.0
52,NARIÑO,52490,OLAYA HERRERA,52490913,BOCA DE PRIETA (OLAYA HERRERA - NARIÑO),2022,3,2.107,603.0,19.2,martes,2022-03-15 19:15:00,53.0
52,NARIÑO,52835,SAN ANDRÉS DE TUMACO,52835055,BOCAS DE CURAY (TUMACO - NARIÑO),2022,3,10.001,3.192,57.6,sábado,2022-03-12 19:00:00,734.0
52,NARIÑO,52835,SAN ANDRÉS DE TUMACO,52835217,SAN JUAN DE LA COSTA (SAN ANDRÉS DE TUMACO - NARIÑO),2022,3,21.462,8.021,134.4,miércoles,2022-03-30 19:00:00,656.0
52,NARIÑO,52696,SANTA BÁRBARA (ISCUANDÉ),52696022,SECADERO (SANTA BÁRBARA (ISCUANDÉ) - NARIÑO),2022,3,2.715,1.502,12.86,martes,2022-03-15 18:45:00,9.0
86,PUTUMAYO,86573,PUERTO LEGUÍZAMO,86573009,PIÑUÑA NEGRO (PUERTO LEGUÍZAMO - PUTUMAYO),2022,3,3.709,1.771,25.6,domingo,2022-03-27 20:45:00,62.0
86,PUTUMAYO,86573,PUERTO LEGUÍZAMO,86573000,PUERTO LEGUÍZAMO (PUERTO LEGUÍZAMO - PUTUMAYO),2022,3,,332.945,2056.65,jueves,2022-03-10 14:15:00,235.0
76,VALLE DEL CAUCA,76109,BUENAVENTURA,76109028,PUERTO MERIZALDE (BUENAVENTURA - VALLE DEL CAUCA),2022,3,83.174,27.378,219.12,viernes,2022-03-18 20:00:00,1548.0
76,VALLE DEL CAUCA,76109,BUENAVENTURA,76109032,SAN FRANCISCO NAYA (BUENAVENTURA - VALLE DEL CAUCA),2022,3,6.136,2.677,32.93,viernes,2022-03-04 23:45:00,8.0
97,VAUPÉS,97161,CARURÚ,97161000,CARURÚ (CARURÚ - VAUPÉS),2022,3,22.26,5.712,95.66,miércoles,2022-03-16 18:45:00,117.0
97,VAUPÉS,97001,MITÚ,97001000,MITÚ (MITÚ - VAUPÉS),2022,3,,386.115,2747.88,jueves,2022-03-10 13:00:00,24.0
97,VAUPÉS,97666,TARAIRA,97666000,TARAIRA (TARAIRA - VAUPÉS),2022,3,26.374,8.027,133.14,martes,2022-03-08 19:00:00,843.0
99,VICHADA,99773,CUMARIBO,99773000,CUMARIBO (CUMARIBO - VICHADA),2022,3,341.589,138.667,722.48,miércoles,2022-03-09 14:30:00,2215.0
99,VICHADA,99524,LA PRIMAVERA,99524000,LA PRIMAVERA (LA PRIMAVERA - VICHADA),2022,3,402.405,161.55,741.13,jueves,2022-03-31 18:15:00,2358.0
99,VICHADA,99001,PUERTO CARREÑO,99001002,CASUARITO (PUERTO CARREÑO - VICHADA),2022,3,29.865,11.256,121.62,martes,2022-03-22 19:45:00,1002.0
99,VICHADA,99001,PUERTO CARREÑO,99001000,PUERTO CARREÑO (PUERTO CARREÑO - VICHADA),2022,3,,845.214,4887.52,jueves,2022-03-24 13:45:00,24.0
99,VICHADA,99624,SANTA ROSALÍA,99624000,SANTA ROSALÍA (SANTA ROSALÍA - VICHADA),2022,3,162.505,79.821,368.26,jueves,2022-03-10 19:45:00,1827.0
91,AMAZONAS,91001,LETICIA,91001000,LETICIA (LETICIA - AMAZONAS),2022,3,,,7322.14,viernes,2022-03-18 15:30:00,2357.0
91,AMAZONAS,91001,LETICIA,91001000,LETICIA (LETICIA - AMAZONAS),2022,4,,,7210.66,Miércoles,2022-04-27 15:15:00,24.0
91,AMAZONAS,91540,PUERTO NARIÑO,91540000,PUERTO NARIÑO (PUERTO NARIÑO - AMAZONAS),2022,4,111.006,38.389,240.59,Martes,2022-04-05 18:45:00,239.0
91,AMAZONAS,91798,TARAPACÁ,91798000,TARAPACÁ (TARAPACÁ - AMAZONAS),2022,4,20.7,9.568,82.64,Sábado,2022-04-09 18:30:00,962.0
5,ANTIOQUIA,5873,VIGÍA DEL FUERTE,5873002,VEGÁEZ (VIGÍA DEL FUERTE - ANTIOQUIA),2022,4,1.236,191.0,47.07,Jueves,2022-04-21 09:45:00,14.0
88,ARCHIPIÉLAGO DE SAN ANDRÉS,88564,PROVIDENCIA,88564000,PROVIDENCIA (PROVIDENCIA - ARCHIPIÉLAGO DE SAN ANDRÉS),2022,4,,268.82,1812.35,Miércoles,2022-04-06 20:45:00,24.0
88,ARCHIPIÉLAGO DE SAN ANDRÉS,88001,SAN ANDRÉS,88001000,SAN ANDRÉS (SAN ANDRÉS - ARCHIPIÉLAGO DE SAN ANDRÉS),2022,4,,,30191.03,Miércoles,2022-04-06 15:30:00,24.0
13,BOLÍVAR,13001,CARTAGENA,13001037,ISLA MÚCURA (CARTAGENA - BOLÍVAR),2022,4,6.932,2.677,21.86,Sábado,2022-04-30 01:00:00,1483.0
13,BOLÍVAR,13001,CARTAGENA,13001037,SANTA CRUZ DEL ISLOTE (CARTAGENA - BOLÍVAR),2022,4,13.261,4.326,39.62,Lunes,2022-04-11 22:00:00,143.0
18,CAQUETÁ,18753,SAN VICENTE DEL CAGUÁN,18753002,GUACAMAYAS (SAN VICENTE DEL CAGUÁN - CAQUETÁ),2022,4,14.24,4.925,39.82,Jueves,2022-04-21 19:00:00,1767.0
18,CAQUETÁ,18753,SAN VICENTE DEL CAGUÁN,18753002,GUAYABAL (SAN VICENTE DEL CAGUÁN - CAQUETÁ),2022,4,5.614,2.585,51.63,Lunes,2022-04-11 18:15:00,61.0
18,CAQUETÁ,18150,CARTAGENA DEL CHAIRA,18150001,REMOLINO DEL CAGUÁN (CARTAGENA DEL CHAIRA - CAQUETÁ),2022,4,15.973,7.841,86.55,Sábado,2022-04-30 19:00:00,805.0
18,CAQUETÁ,18150,CARTAGENA DEL CHAIRA,18150001,SANTA FE DEL CAGUÁN (CARTAGENA DEL CHAIRA - CAQUETÁ),2022,4,3.081,1.467,39.96,Sábado,2022-04-23 19:00:00,34.0
85,CASANARE,85430,TRINIDAD,85430001,BOCAS DEL PAUTO (TRINIDAD - CASANARE),2022,4,11.309,6.104,102.21,Martes,2022-04-12 18:45:00,46.0
19,CAUCA,19809,TIMBIQUÍ,19809003,CHACÓN (TIMBIQUÍ - CAUCA),2022,4,4.438,1.424,28.7,Sábado,2022-04-09 19:15:00,685.0
19,CAUCA,19809,TIMBIQUÍ,19809003,COTEJE (TIMBIQUÍ - CAUCA),2022,4,6.659,4.901,32.52,Miércoles,2022-04-27 19:45:00,838.0
19,CAUCA,19418,LÓPEZ (MICAY),19418038,ISLA DE GALLO (LÓPEZ (MICAY) - CAUCA),2022,4,2.704,1.333,23.17,Martes,2022-04-05 19:00:00,498.0
19,CAUCA,19318,GUAPI,19318008,LIMONES (GUAPI - CAUCA),2022,4,8.641,3.982,38.19,Viernes,2022-04-29 18:45:00,985.0
19,CAUCA,19809,TIMBIQUÍ,19809003,LOS BRAZOS (TIMBIQUÍ - CAUCA),2022,4,7.496,1.548,43.85,Domingo,2022-04-03 19:00:00,685.0
19,CAUCA,19809,TIMBIQUÍ,19809003,PUERTO SAIJA (TIMBIQUÍ - CAUCA),2022,4,24.3,12.112,167.38,Sábado,2022-04-02 19:00:00,577.0
19,CAUCA,19418,LÓPEZ (MICAY),19418038,SAN ANTONIO DE CHUARÉ (LÓPEZ (MICAY) - CAUCA),2022,4,7.681,2.611,63.1,Viernes,2022-04-01 19:00:00,528.0
19,CAUCA,19418,LÓPEZ (MICAY),19418038,SAN ISIDRO (LÓPEZ (MICAY) - CAUCA),2022,4,1.046,539.0,7.36,Viernes,2022-04-29 18:45:00,633.0
19,CAUCA,19809,TIMBIQUÍ,19809003,SAN JOSÉ (TIMBIQUÍ - CAUCA),2022,4,8.189,6.136,36.94,Miércoles,2022-04-13 20:45:00,923.0
19,CAUCA,19809,TIMBIQUÍ,19809003,SANTA MARÍA (TIMBIQUÍ - CAUCA),2022,4,12.243,5.103,75.07,Miércoles,2022-04-13 19:15:00,708.0
19,CAUCA,19809,TIMBIQUÍ,19809003,SANTA ROSA DE SAIJA (TIMBIQUÍ - CAUCA),2022,4,4.221,2.369,24.41,Domingo,2022-04-03 19:15:00,695.0
19,CAUCA,19418,LÓPEZ (MICAY),19418038,ZARAGOZA (LÓPEZ (MICAY) - CAUCA),2022,4,5.366,2.023,60.32,Lunes,2022-04-11 18:30:00,467.0
27,CHOCO,27006,ACANDÍ,27006000,ACANDÍ (ACANDÍ - CHOCO),2022,4,552.462,196.436,1073.78,Miércoles,2022-04-06 21:30:00,2215.0
27,CHOCO,27800,UNGUÍA,27800001,BALBOA (UNGUÍA - CHOCO),2022,4,20.278,7.67,84.88,Jueves,2022-04-28 20:00:00,1017.0
27,CHOCO,27099,BOJAYÁ (BELLAVISTA),27099000,BELLAVISTA (BOJAYÁ (BELLAVISTA) - CHOCO),2022,4,53.311,15.15,275.73,Martes,2022-04-05 20:15:00,87.0
27,CHOCO,27425,MEDIO ATRATO (BETÉ),27425000,BETÉ (MEDIO ATRATO (BETÉ) - CHOCO),2022,4,15.763,8.691,60.0,Viernes,2022-04-29 12:00:00,122.0
27,CHOCO,27077,BAJO BAUDÓ (PIZARRO),27077905,BUENAVISTA (BAJO BAUDÓ (PIZARRO) - CHOCO),2022,4,6.77,923.0,38.91,Miércoles,2022-04-13 11:00:00,7.0
27,CHOCO,27025,ALTO BAUDÓ (PIE DE PATO),27025000,CIUDAD BAUDÓ (ALTO BAUDÓ (PIE DE PATO) - CHOCO),2022,4,42.964,14.475,135.52,Jueves,2022-04-07 19:30:00,2173.0
27,CHOCO,27495,NUQUÍ,27495000,COMUNIDAD INDÍGENA DE PANGUÍ - (EL YUCAL) (NUQUÍ - CHOCO),2022,4,7.153,2.012,11.41,Domingo,2022-04-17 16:00:00,2373.0
27,CHOCO,27250,EL LITORAL DEL SAN JUAN,27250000,CUCURRUPÍ (EL LITORAL DEL SAN JUAN - CHOCO),2022,4,3.262,879.0,20.22,Lunes,2022-04-18 18:45:00,665.0
27,CHOCO,27075,BAHÍA SOLANO (MUTIS),27075001,CUPICA (BAHÍA SOLANO (MUTIS) - CHOCO),2022,4,56.886,20.834,160.12,Sábado,2022-04-23 19:30:00,197.0
27,CHOCO,27075,BAHÍA SOLANO (MUTIS),27075001,EL VALLE (BAHÍA SOLANO (MUTIS) - CHOCO),2022,4,159.552,66.952,331.58,Martes,2022-04-12 19:15:00,238.0
27,CHOCO,27372,JURADO,27372000,JURADO (JURADO - CHOCO),2022,4,164.555,70.508,321.92,Martes,2022-04-05 19:45:00,2283.0
27,CHOCO,27099,BOJAYÁ (BELLAVISTA),27099000,LA LOMA DE BOJAYÁ (BOJAYÁ (BELLAVISTA) - CHOCO),2022,4,11.689,6.006,60.8,Viernes,2022-04-08 19:00:00,88.0
27,CHOCO,27075,BAHÍA SOLANO (MUTIS),27075001,MUTIS (BAHÍA SOLANO (MUTIS) - CHOCO),2022,4,688.977,228.068,1326.6,Lunes,2022-04-18 19:45:00,2388.0
27,CHOCO,27099,BOJAYÁ (BELLAVISTA),27099000,NAPIPÍ (BOJAYÁ (BELLAVISTA) - CHOCO),2022,4,2.648,724.0,64.0,Martes,2022-04-26 21:00:00,175.0
27,CHOCO,27495,NUQUÍ,27495000,NUQUÍ (NUQUÍ - CHOCO),2022,4,250.918,100.644,494.91,Martes,2022-04-05 19:15:00,2398.0
27,CHOCO,27077,BAJO BAUDÓ (PIZARRO),27077905,PILIZA (BAJO BAUDÓ (PIZARRO) - CHOCO),2022,4,6.915,5.898,35.2,Miércoles,2022-04-27 20:15:00,855.0
27,CHOCO,27077,BAJO BAUDÓ (PIZARRO),27077905,PIZARRO (BAJO BAUDÓ (PIZARRO) - CHOCO),2022,4,201.81,91.051,444.58,Martes,2022-04-12 19:45:00,2198.0
27,CHOCO,27495,NUQUÍ,27495000,PUERTO JAGUA (NUQUÍ - CHOCO),2022,4,661.0,332.0,4.32,Jueves,2022-04-14 19:15:00,648.0
27,CHOCO,27250,EL LITORAL DEL SAN JUAN,27250000,SANTA GENOVEVA DE DOCORDÓ (EL LITORAL DEL SAN JUAN - CHOCO),2022,4,54.053,29.739,168.7,Viernes,2022-04-08 18:30:00,188.0
27,CHOCO,27001,QUIBDÓ,27001029,TAGACHI (QUIBDÓ - CHOCO),2022,4,4.111,1.485,46.68,Jueves,2022-04-21 19:15:00,365.0
27,CHOCO,27800,UNGUÍA,27800001,TITUMATE (UNGUÍA - CHOCO),2022,4,18.478,4.604,101.82,Domingo,2022-04-24 20:30:00,88.0
27,CHOCO,27250,EL LITORAL DEL SAN JUAN,27250000,TOGOROMA PLAYA (EL LITORAL DEL SAN JUAN - CHOCO),2022,4,770.0,207.0,7.95,Martes,2022-04-19 18:30:00,445.0
27,CHOCO,27800,UNGUÍA,27800001,UNGUÍA (UNGUÍA - CHOCO),2022,4,398.357,134.764,850.08,Viernes,2022-04-29 20:45:00,224.0
94,GUAINÍA,94343,BARRANCO MINAS,94343000,BARRANCO MINAS (BARRANCO MINAS - GUAINÍA),2022,4,75.51,23.554,206.35,Jueves,2022-04-28 18:45:00,1628.0
94,GUAINÍA,94001,INÍRIDA,94001000,INÍRIDA (INÍRIDA - GUAINÍA),2022,4,,646.285,3780.48,Viernes,2022-04-01 15:00:00,24.0
95,GUAVIARE,95200,MIRAFLORES,95200000,MIRAFLORES (MIRAFLORES - GUAVIARE),2022,4,84.458,29.114,205.04,Viernes,2022-04-08 18:30:00,19.0
44,LA GUAJIRA,44847,URIBÍA,44847012,NAZARETH (URIBÍA - LA GUAJIRA),2022,4,41.01,11.121,182.38,Martes,2022-04-19 19:15:00,1238.0
47,MAGDALENA,47189,CIÉNAGA,47189018,PALMOR (CIÉNAGA - MAGDALENA),2022,4,68.569,24.212,171.84,Viernes,2022-04-01 18:45:00,215.0
50,META,50325,MAPIRIPÁN,50325000,MAPIRIPÁN (MAPIRIPÁN - META),2022,4,159.262,63.613,324.72,Viernes,2022-04-01 18:45:00,2363.0
52,NARIÑO,52390,LA TOLA,52390005,AMARALES (LA TOLA - NARIÑO),2022,4,6.815,2.977,39.81,Miércoles,2022-04-27 19:15:00,738.0
52,NARIÑO,52250,EL CHARCO,52250023,BAZÁN (EL CHARCO - NARIÑO),2022,4,13.552,8.401,110.4,Lunes,2022-04-11 20:15:00,527.0
52,NARIÑO,52835,TUMACO,52835055,BOCAS DE CURAY (TUMACO - NARIÑO),2022,4,9.019,2.817,55.2,Sábado,2022-04-23 19:30:00,71.0
52,NARIÑO,52490,OLAYA HERRERA,52490913,BOCAS DE PRIETA (OLAYA HERRERA - NARIÑO),2022,4,1.602,431.0,20.59,Jueves,2022-04-28 19:45:00,43.0
52,NARIÑO,52696,SANTA BÁRBARA (ISCUANDÉ),52696022,LA ENSENADA (SANTA BÁRBARA (ISCUANDÉ) - NARIÑO),2022,4,3.075,4.874,22.78,Miércoles,2022-04-27 19:30:00,555.0
52,NARIÑO,52390,LA TOLA,52390005,LA VIGÍA (LA TOLA - NARIÑO),2022,4,5.881,2.281,31.28,Martes,2022-04-05 12:15:00,837.0
52,NARIÑO,52250,EL CHARCO,52250023,LAS MERCEDES (EL CHARCO - NARIÑO),2022,4,1.72,579.0,12.45,Sábado,2022-04-23 19:15:00,545.0
52,NARIÑO,52390,LA TOLA,52390005,MULATOS (LA TOLA - NARIÑO),2022,4,4.345,2.121,37.18,Martes,2022-04-12 18:15:00,617.0
52,NARIÑO,52250,EL CHARCO,52250023,SAN JOSÉ (EL CHARCO - NARIÑO),2022,4,15.022,3.066,80.0,Sábado,2022-04-30 21:45:00,79.0
52,NARIÑO,52835,TUMACO,52835055,SAN JUAN COSTA (TUMACO - NARIÑO),2022,4,20.778,7.886,140.8,Viernes,2022-04-01 19:15:00,743.0
52,NARIÑO,52390,LA TOLA,52390005,SAN PABLO DE LA MAR (LA TOLA - NARIÑO),2022,4,3.826,1.319,30.53,Domingo,2022-04-03 19:15:00,58.0
52,NARIÑO,52520,FRANCISCO PIZARRO,52520013,SAN PEDRO DEL VINO (FRANCISCO PIZARRO - NARIÑO),2022,4,4.694,2.361,29.41,Sábado,2022-04-09 20:00:00,7.0
52,NARIÑO,52696,SANTA BÁRBARA (ISCUANDÉ),52696022,SECADERO (SANTA BÁRBARA (ISCUANDÉ) - NARIÑO),2022,4,2.591,1.134,11.66,Miércoles,2022-04-13 17:30:00,933.0
86,PUTUMAYO,86573,PUERTO LEGUÍZAMO,86573009,PIÑUÑA NEGRO (PUERTO LEGUÍZAMO - PUTUMAYO),2022,4,4.083,1.814,28.8,Sábado,2022-04-09 17:30:00,663.0
86,PUTUMAYO,86573,PUERTO LEGUÍZAMO,86573009,PUERTO LEGUÍZAMO (PUERTO LEGUÍZAMO - PUTUMAYO),2022,4,946.982,312.723,1999.98,Miércoles,2022-04-27 14:45:00,2395.0
76,VALLE DEL CAUCA,76109,BUENAVENTURA,76109028,PUERTO MERIZALDE (BUENAVENTURA - VALLE DEL CAUCA),2022,4,82.693,27.964,221.76,Viernes,2022-04-29 19:30:00,1628.0
76,VALLE DEL CAUCA,76109,BUENAVENTURA,76109028,SAN FRANCISCO DE NAYA (BUENAVENTURA - VALLE DEL CAUCA),2022,4,5.9,2.559,32.42,Lunes,2022-04-18 11:45:00,793.0
97,VAUPÉS,97161,CARURÚ,97161000,CARURÚ (CARURÚ - VAUPÉS),2022,4,26.106,7.609,98.82,Viernes,2022-04-08 18:15:00,1192.0
97,VAUPÉS,97001,MITÚ,97001000,MITÚ (MITÚ - VAUPÉS),2022,4,,377.527,2722.38,Miércoles,2022-04-27 13:00:00,24.0
97,VAUPÉS,97666,TARAIRA,97666000,TARAIRA (TARAIRA - VAUPÉS),2022,4,31.504,9.934,123.9,Miércoles,2022-04-27 18:45:00,1123.0
99,VICHADA,99001,PUERTO CARREÑO,99001002,CASUARITO (PUERTO CARREÑO - VICHADA),2022,4,24.941,9.541,118.62,Martes,2022-04-19 11:45:00,873.0
99,VICHADA,99773,CUMARIBO,99773000,CUMARIBO (CUMARIBO - VICHADA),2022,4,328.382,139.769,725.12,Viernes,2022-04-01 14:30:00,2393.0
99,VICHADA,99524,LA PRIMAVERA,99524000,LA PRIMAVERA (LA PRIMAVERA - VICHADA),2022,4,365.987,145.437,724.34,Viernes,2022-04-01 18:30:00,239.0
99,VICHADA,99001,PUERTO CARREÑO,99001002,PUERTO CARREÑO (PUERTO CARREÑO - VICHADA),2022,4,,800.671,5051.2,Viernes,2022-04-01 14:30:00,2397.0
99,VICHADA,99624,SANTA ROSALÍA,99624000,SANTA ROSALÍA (SANTA ROSALÍA - VICHADA),2022,4,146.203,73.686,364.7,Viernes,2022-04-01 18:45:00,179.0
91,AMAZONAS,91001,LETICIA,91001000,LETICIA (LETICIA - AMAZONAS),2022,5,,,7146.8,Miércoles,2022-05-11 14:30:00,24.0
91,AMAZONAS,91540,PUERTO NARIÑO,91540000,PUERTO NARIÑO (PUERTO NARIÑO - AMAZONAS),2022,5,110.906,39.659,224.4,Miércoles,2022-05-11 18:30:00,24.0
91,AMAZONAS,91798,TARAPACÁ,91798000,TARAPACÁ (TARAPACÁ - AMAZONAS),2022,5,23.816,10.652,88.13,Lunes,2022-05-09 19:00:00,1043.0
5,ANTIOQUIA,5873,VIGÍA DEL FUERTE,5873002,VEGÁEZ (VIGÍA DEL FUERTE - ANTIOQUIA),2022,5,3.577,478.0,34.21,Domingo,2022-05-01 19:45:00,612.0
88,ARCHIPIÉLAGO DE SAN ANDRÉS,88564,PROVIDENCIA,88564000,PROVIDENCIA (PROVIDENCIA - ARCHIPIÉLAGO DE SAN ANDRÉS),2022,5,,278.914,1888.11,Jueves,2022-05-26 20:45:00,24.0
88,ARCHIPIÉLAGO DE SAN ANDRÉS,88001,SAN ANDRÉS,88001000,SAN ANDRÉS (SAN ANDRÉS - ARCHIPIÉLAGO DE SAN ANDRÉS),2022,5,,,30430.83,Martes,2022-05-10 15:30:00,24.0
13,BOLÍVAR,13001,CARTAGENA,13001037,ISLA MÚCURA (CARTAGENA - BOLÍVAR),2022,5,7.082,2.825,22.34,Martes,2022-05-17 21:45:00,1462.0
13,BOLÍVAR,13001,CARTAGENA,13001037,SANTA CRUZ DEL ISLOTE (CARTAGENA - BOLÍVAR),2022,5,13.696,4.346,38.78,Martes,2022-05-10 21:45:00,1418.0
18,CAQUETÁ,18753,SAN VICENTE DEL CAGUÁN,18753002,GUACAMAYAS (SAN VICENTE DEL CAGUÁN - CAQUETÁ),2022,5,12.55,3.979,41.23,Sábado,2022-05-21 19:30:00,1543.0
18,CAQUETÁ,18753,SAN VICENTE DEL CAGUÁN,18753002,GUAYABAL (SAN VICENTE DEL CAGUÁN - CAQUETÁ),2022,5,6.389,3.05,37.44,Lunes,2022-05-16 18:30:00,712.0
18,CAQUETÁ,18150,CARTAGENA DEL CHAIRA,18150001,REMOLINO DEL CAGUÁN (CARTAGENA DEL CHAIRA - CAQUETÁ),2022,5,17.111,8.453,92.62,Sábado,2022-05-21 18:30:00,802.0
18,CAQUETÁ,18150,CARTAGENA DEL CHAIRA,18150001,SANTA FE DEL CAGUÁN (CARTAGENA DEL CHAIRA - CAQUETÁ),2022,5,3.599,1.804,39.6,Domingo,2022-05-01 18:30:00,382.0
85,CASANARE,85430,TRINIDAD,85430001,BOCAS DEL PAUTO (TRINIDAD - CASANARE),2022,5,13.744,7.767,111.42,Miércoles,2022-05-18 11:15:00,6.0
19,CAUCA,19809,TIMBIQUÍ,19809003,CHACÓN (TIMBIQUÍ - CAUCA),2022,5,4.516,1.432,28.11,Viernes,2022-05-27 20:00:00,652.0
19,CAUCA,19809,TIMBIQUÍ,19809003,COTEJE (TIMBIQUÍ - CAUCA),2022,5,6.577,4.898,32.08,Lunes,2022-05-30 19:15:00,802.0
19,CAUCA,19418,LÓPEZ (MICAY),19418038,ISLA DE GALLO (LÓPEZ (MICAY) - CAUCA),2022,5,2.889,1.383,24.1,Sábado,2022-05-14 18:30:00,515.0
19,CAUCA,19318,GUAPI,19318008,LIMONES (GUAPI - CAUCA),2022,5,8.949,4.217,39.52,Domingo,2022-05-08 13:00:00,98.0
19,CAUCA,19809,TIMBIQUÍ,19809003,LOS BRAZOS (TIMBIQUÍ - CAUCA),2022,5,8.099,1.696,44.4,Martes,2022-05-03 19:15:00,728.0
19,CAUCA,19418,LÓPEZ (MICAY),19418038,NOANAMITO (LÓPEZ (MICAY) - CAUCA),2022,5,6.369,1.818,44.0,Martes,2022-05-31 19:00:00,575.0
19,CAUCA,19809,TIMBIQUÍ,19809003,PUERTO SAIJA (TIMBIQUÍ - CAUCA),2022,5,29.18,14.604,173.18,Domingo,2022-05-29 19:15:00,665.0
19,CAUCA,19418,LÓPEZ (MICAY),19418038,SAN ANTONIO DE CHUARÉ (LÓPEZ (MICAY) - CAUCA),2022,5,10.368,3.716,61.63,Domingo,2022-05-01 18:45:00,648.0
19,CAUCA,19318,GUAPI,19318008,SAN ANTONIO DE GUAJUI (GUAPI - CAUCA),2022,5,11.916,4.987,49.94,Martes,2022-05-31 20:00:00,955.0
19,CAUCA,19418,LÓPEZ (MICAY),19418038,SAN ISIDRO (LÓPEZ (MICAY) - CAUCA),2022,5,1.188,603.0,8.32,Martes,2022-05-03 19:15:00,715.0
19,CAUCA,19809,TIMBIQUÍ,19809003,SANTA MARÍA (TIMBIQUÍ - CAUCA),2022,5,12.262,5.108,71.49,Sábado,2022-05-07 20:00:00,7.0
19,CAUCA,19418,LÓPEZ (MICAY),19418038,ZARAGOZA (LÓPEZ (MICAY) - CAUCA),2022,5,7.305,2.807,52.22,Domingo,2022-05-08 19:15:00,64.0
27,CHOCO,27800,UNGUÍA,27800001,BALBOA (UNGUÍA - CHOCO),2022,5,21.873,8.265,89.37,Domingo,2022-05-01 20:15:00,1025.0
27,CHOCO,27099,BOJAYÁ (BELLAVISTA),27099000,BELLAVISTA (BOJAYÁ (BELLAVISTA) - CHOCO),2022,5,81.611,23.56,261.12,Lunes,2022-05-09 18:45:00,1418.0
27,CHOCO,27425,MEDIO ATRATO (BETÉ),27425000,BETÉ (MEDIO ATRATO (BETÉ) - CHOCO),2022,5,16.854,9.058,64.0,Lunes,2022-05-02 19:00:00,1248.0
27,CHOCO,27025,ALTO BAUDÓ (PIE DE PATO),27025000,CIUDAD BAUDÓ (ALTO BAUDÓ (PIE DE PATO) - CHOCO),2022,5,47.152,15.698,129.01,Jueves,2022-05-19 19:30:00,2323.0
27,CHOCO,27495,NUQUÍ,27495000,COMUNIDAD INDÍGENA DE PANGUÍ - (EL YUCAL) (NUQUÍ - CHOCO),2022,5,5.725,1.723,11.42,Viernes,2022-05-02 19:15:00,2302.0
27,CHOCO,27250,EL LITORAL DEL SAN JUAN,27250000,CUCURRUPÍ (EL LITORAL DEL SAN JUAN - CHOCO),2022,5,3.318,917.0,20.35,Viernes,2022-05-20 17:30:00,627.0
27,CHOCO,27075,BAHÍA SOLANO (MUTIS),27075001,CUPICA (BAHÍA SOLANO (MUTIS) - CHOCO),2022,5,72.895,25.205,167.27,Martes,2022-05-27 18:45:00,2392.0
27,CHOCO,27075,BAHÍA SOLANO (MUTIS),27075001,EL VALLE (BAHÍA SOLANO (MUTIS) - CHOCO),2022,5,164.833,68.266,344.26,Lunes,2022-05-03 20:00:00,2387.0
27,CHOCO,27372,JURADO,27372000,JURADO (JURADO - CHOCO),2022,5,173.706,73.275,324.48,Lunes,2022-05-30 19:15:00,2393.0
27,CHOCO,27099,BOJAYÁ (BELLAVISTA),27099000,LA LOMA DE BOJAYÁ (BOJAYÁ (BELLAVISTA) - CHOCO),2022,5,10.591,5.672,60.8,Miércoles,2022-05-16 19:00:00,82.0
27,CHOCO,27075,BAHÍA SOLANO (MUTIS),27075001,MUTIS (BAHÍA SOLANO (MUTIS) - CHOCO),2022,5,714.719,260.059,1380.28,Lunes,2022-05-25 19:15:00,2388.0
27,CHOCO,27495,NUQUÍ,27495000,NUQUÍ (NUQUÍ - CHOCO),2022,5,257.578,105.758,508.64,Viernes,2022-05-27 19:00:00,236.0
27,CHOCO,27077,BAJO BAUDÓ (PIZARRO),27077905,PILIZA (BAJO BAUDÓ (PIZARRO) - CHOCO),2022,5,6.763,6.146,35.2,Lunes,2022-05-16 19:00:00,782.0
27,CHOCO,27077,BAJO BAUDÓ (PIZARRO),27077905,PIZARRO (BAJO BAUDÓ (PIZARRO) - CHOCO),2022,5,218.269,100.015,469.92,Miércoles,2022-05-11 19:00:00,2223.0
27,CHOCO,27495,NUQUÍ,27495000,PUERTO JAGUA (NUQUÍ - CHOCO),2022,5,847.0,420.0,4.66,Miércoles,2022-05-25 19:30:00,792.0
27,CHOCO,27006,ACANDÍ,27006000,SAN FRANCISCO (ACANDÍ - CHOCO),2022,5,2.59,1.089,31.78,Martes,2022-05-24 20:45:00,358.0
27,CHOCO,27001,QUIBDÓ,27001029,TAGACHI (QUIBDÓ - CHOCO),2022,5,6.141,2.262,54.48,Lunes,2022-05-09 19:30:00,55.0
27,CHOCO,27800,UNGUÍA,27800001,TITUMATE (UNGUÍA - CHOCO),2022,5,17.922,4.439,104.02,Domingo,2022-05-01 19:15:00,817.0
27,CHOCO,27250,EL LITORAL DEL SAN JUAN,27250000,TOGOROMA PLAYA (EL LITORAL DEL SAN JUAN - CHOCO),2022,5,895.0,240.0,7.95,Jueves,2022-05-19 18:30:00,502.0
27,CHOCO,27800,UNGUÍA,27800001,UNGUÍA (UNGUÍA - CHOCO),2022,5,430.371,143.541,902.35,Jueves,2022-05-12 21:15:00,224.0
94,GUAINÍA,94343,BARRANCO MINAS,94343000,BARRANCO MINAS (BARRANCO MINAS - GUAINÍA),2022,5,67.155,18.386,181.57,Martes,2022-05-03 18:45:00,1632.0
94,GUAINÍA,94001,INÍRIDA,94001000,INÍRIDA (INÍRIDA - GUAINÍA),2022,5,,645.033,3836.8,Martes,2022-05-03 14:30:00,24.0
95,GUAVIARE,95200,MIRAFLORES,95200000,MIRAFLORES (MIRAFLORES - GUAVIARE),2022,5,90.318,31.378,206.36,Jueves,2022-05-12 19:15:00,1933.0
44,LA GUAJIRA,44847,URIBÍA,44847012,NAZARETH (URIBÍA - LA GUAJIRA),2022,5,45.811,0.0,189.74,Miércoles,2022-05-18 19:15:00,121.0
47,MAGDALENA,47189,CIÉNAGA,47189018,PALMOR (CIÉNAGA - MAGDALENA),2022,5,76.093,26.666,172.93,Sábado,2022-05-21 20:00:00,2115.0
52,NARIÑO,52390,LA TOLA,52390005,AGUACATAL (LA TOLA - NARIÑO),2022,5,672.0,185.0,11.92,Martes,2022-05-31 19:15:00,238.0
52,NARIÑO,52390,LA TOLA,52390005,AMARALES (LA TOLA - NARIÑO),2022,5,7.231,3.115,43.3,Jueves,2022-05-26 19:00:00,733.0
52,NARIÑO,52250,EL CHARCO,52250023,BAZÁN (EL CHARCO - NARIÑO),2022,5,20.063,7.394,100.8,Martes,2022-05-24 18:45:00,792.0
52,NARIÑO,52835,TUMACO,52835055,BOCAS DE CURAY (TUMACO - NARIÑO),2022,5,7.885,2.5,55.2,Martes,2022-05-31 19:30:00,61.0
52,NARIÑO,52473,MOSQUERA,52473010,EL BAJITO DE ECHANDÍA (MOSQUERA - NARIÑO),2022,5,3.073,671.0,11.98,Jueves,2022-05-26 11:15:00,1082.0
52,NARIÑO,52696,SANTA BÁRBARA (ISCUANDÉ),52696022,LA ENSENADA (SANTA BÁRBARA (ISCUANDÉ) - NARIÑO),2022,5,3.063,4.831,21.95,Jueves,2022-05-26 19:30:00,535.0
52,NARIÑO,52390,LA TOLA,52390005,LA VIGÍA (LA TOLA - NARIÑO),2022,5,6.234,2.416,31.48,Domingo,2022-05-08 12:15:00,85.0
52,NARIÑO,52250,EL CHARCO,52250023,LAS MERCEDES (EL CHARCO - NARIÑO),2022,5,1.836,589.0,12.86,Jueves,2022-05-26 20:45:00,572.0
52,NARIÑO,52390,LA TOLA,52390005,MULATOS (LA TOLA - NARIÑO),2022,5,4.427,2.217,35.97,Lunes,2022-05-16 17:30:00,632.0
52,NARIÑO,52250,EL CHARCO,52250023,SAN JOSÉ (EL CHARCO - NARIÑO),2022,5,14.134,3.676,80.0,Martes,2022-05-17 17:45:00,863.0
52,NARIÑO,52835,TUMACO,52835055,SAN JUAN COSTA (TUMACO - NARIÑO),2022,5,20.64,7.946,121.6,Martes,2022-05-03 18:45:00,787.0
52,NARIÑO,52390,LA TOLA,52390005,SAN PABLO DE LA MAR (LA TOLA - NARIÑO),2022,5,3.961,1.232,28.19,Martes,2022-05-17 18:45:00,602.0
52,NARIÑO,52520,FRANCISCO PIZARRO,52520013,SAN PEDRO DEL VINO (FRANCISCO PIZARRO - NARIÑO),2022,5,4.682,2.405,28.51,Sábado,2022-05-21 20:00:00,683.0
52,NARIÑO,52696,SANTA BÁRBARA (ISCUANDÉ),52696022,SECADERO (SANTA BÁRBARA (ISCUANDÉ) - NARIÑO),2022,5,3.048,1.16,14.28,Jueves,2022-05-26 19:15:00,907.0
86,PUTUMAYO,86573,PUERTO LEGUÍZAMO,86573009,PIÑUÑA NEGRO (PUERTO LEGUÍZAMO - PUTUMAYO),2022,5,3.728,1.627,25.6,Domingo,2022-05-22 19:00:00,625.0
86,PUTUMAYO,86573,PUERTO LEGUÍZAMO,86573009,PUERTO LEGUÍZAMO (PUERTO LEGUÍZAMO - PUTUMAYO),2022,5,982.942,318.175,1951.49,Martes,2022-05-03 15:00:00,2398.0
76,VALLE DEL CAUCA,76109,BUENAVENTURA,76109028,PUERTO MERIZALDE (BUENAVENTURA - VALLE DEL CAUCA),2022,5,81.388,28.005,213.84,Domingo,2022-05-01 20:30:00,1563.0
76,VALLE DEL CAUCA,76109,BUENAVENTURA,76109028,SAN FRANCISCO DE NAYA (BUENAVENTURA - VALLE DEL CAUCA),2022,5,6.098,2.552,33.63,Viernes,2022-05-27 11:45:00,8.0
97,VAUPÉS,97161,CARURÚ,97161000,CARURÚ (CARURÚ - VAUPÉS),2022,5,28.056,8.46,96.54,Miércoles,2022-05-11 18:00:00,1245.0
97,VAUPÉS,97001,MITÚ,97001000,MITÚ (MITÚ - VAUPÉS),2022,5,,391.911,2795.89,Miércoles,2022-05-04 12:00:00,24.0
97,VAUPÉS,97666,TARAIRA,97666000,TARAIRA (TARAIRA - VAUPÉS),2022,5,33.234,9.974,126.46,Miércoles,2022-05-11 18:30:00,1122.0
99,VICHADA,99001,PUERTO CARREÑO,99001002,CASUARITO (PUERTO CARREÑO - VICHADA),2022,5,24.622,9.578,120.38,Miércoles,2022-05-04 12:30:00,86.0
99,VICHADA,99773,CUMARIBO,99773000,CUMARIBO (CUMARIBO - VICHADA),2022,5,324.08,137.209,700.48,Martes,2022-05-03 15:00:00,2393.0
99,VICHADA,99524,LA PRIMAVERA,99524000,LA PRIMAVERA (LA PRIMAVERA - VICHADA),2022,5,353.229,137.702,711.51,Miércoles,2022-05-04 18:30:00,2397.0
99,VICHADA,99001,PUERTO CARREÑO,99001002,PUERTO CARREÑO (PUERTO CARREÑO - VICHADA),2022,5,,827.054,4837.36,Miércoles,2022-05-04 14:15:00,2397.0
99,VICHADA,99624,SANTA ROSALÍA,99624000,SANTA ROSALÍA (SANTA ROSALÍA - VICHADA),2022,5,144.726,73.964,363.5,Miércoles,2022-05-04 18:30:00,184.0
91,AMAZONAS,91001,LETICIA,91001000,LETICIA (LETICIA - AMAZONAS),2022,6,,,7233.6,Jueves,2022-06-23 14:30:00,24.0
91,AMAZONAS,91540,PUERTO NARIÑO,91540000,PUERTO NARIÑO (PUERTO NARIÑO - AMAZONAS),2022,6,104.812,36.619,224.2,Jueves,2022-06-30 18:45:00,2395.0
91,AMAZONAS,91798,TARAPACÁ,91798000,TARAPACÁ (TARAPACÁ - AMAZONAS),2022,6,22.16,10.472,89.0,Martes,2022-06-21 14:45:00,1043.0
5,ANTIOQUIA,5873,VIGÍA DEL FUERTE,5873002,VEGÁEZ (VIGÍA DEL FUERTE - ANTIOQUIA),2022,6,4.622,545.0,41.6,Martes,2022-06-21 17:15:00,645.0
88,ARCHIPIÉLAGO DE SAN ANDRÉS,88564,PROVIDENCIA,88564000,PROVIDENCIA (PROVIDENCIA - ARCHIPIÉLAGO DE SAN ANDRÉS),2022,6,,261.734,1983.3,Miércoles,2022-06-29 21:15:00,24.0
88,ARCHIPIÉLAGO DE SAN ANDRÉS,88001,SAN ANDRÉS,88001000,SAN ANDRÉS (SAN ANDRÉS - ARCHIPIÉLAGO DE SAN ANDRÉS),2022,6,,,29697.1,Miércoles,2022-06-08 15:30:00,24.0
13,BOLÍVAR,13001,CARTAGENA,13001037,ISLA FUERTE (CARTAGENA - BOLÍVAR),2022,6,52.039,24.778,179.3,Jueves,2022-06-23 23:00:00,1268.0
13,BOLÍVAR,13001,CARTAGENA,13001037,ISLA MÚCURA (CARTAGENA - BOLÍVAR),2022,6,6.662,2.473,23.7,Jueves,2022-06-23 22:00:00,1398.0
13,BOLÍVAR,13001,CARTAGENA,13001037,SANTA CRUZ DEL ISLOTE (CARTAGENA - BOLÍVAR),2022,6,12.585,3.947,38.4,Miércoles,2022-06-29 21:30:00,1373.0
18,CAQUETÁ,18753,SAN VICENTE DEL CAGUÁN,18753002,GUACAMAYAS (SAN VICENTE DEL CAGUÁN - CAQUETÁ),2022,6,13.567,4.441,41.8,Lunes,2022-06-27 19:30:00,1815.0
18,CAQUETÁ,18753,SAN VICENTE DEL CAGUÁN,18753002,GUAYABAL (SAN VICENTE DEL CAGUÁN - CAQUETÁ),2022,6,5.878,2.779,37.9,Domingo,2022-06-05 10:30:00,663.0
18,CAQUETÁ,18150,CARTAGENA DEL CHAIRA,18150001,REMOLINO DEL CAGUÁN (CARTAGENA DEL CHAIRA - CAQUETÁ),2022,6,16.113,8.181,87.8,Viernes,2022-06-03 18:45:00,807.0
18,CAQUETÁ,18150,CARTAGENA DEL CHAIRA,18150001,SANTA FE DEL CAGUÁN (CARTAGENA DEL CHAIRA - CAQUETÁ),2022,6,3.731,1.864,41.6,Jueves,2022-06-09 18:45:00,427.0
85,CASANARE,85430,TRINIDAD,85430001,BOCAS DEL PAUTO (TRINIDAD - CASANARE),2022,6,13.194,7.595,94.2,Martes,2022-06-28 18:30:00,62.0
19,CAUCA,19809,TIMBIQUÍ,19809003,CHACÓN (TIMBIQUÍ - CAUCA),2022,6,4.233,1.293,27.9,Jueves,2022-06-09 19:15:00,64.0
19,CAUCA,19809,TIMBIQUÍ,19809003,COMUNIDAD DE CHETE (TIMBIQUÍ - CAUCA),2022,6,2.433,916.0,26.1,Sábado,2022-06-11 19:00:00,387.0
19,CAUCA,19809,TIMBIQUÍ,19809003,COTEJE (TIMBIQUÍ - CAUCA),2022,6,6.034,4.499,31.7,Martes,2022-06-07 19:30:00,77.0
19,CAUCA,19418,LÓPEZ (MICAY),19418038,ISLA DE GALLO (LÓPEZ (MICAY) - CAUCA),2022,6,3.459,1.632,21.9,Viernes,2022-06-10 18:15:00,678.0
19,CAUCA,19318,GUAPI,19318008,LIMONES (GUAPI - CAUCA),2022,6,7.833,3.788,35.0,Miércoles,2022-06-01 19:30:00,982.0
19,CAUCA,19809,TIMBIQUÍ,19809003,LOS BRAZOS (TIMBIQUÍ - CAUCA),2022,6,7.685,1.58,41.0,Miércoles,2022-06-01 18:00:00,743.0
19,CAUCA,19418,LÓPEZ (MICAY),19418038,NOANAMITO (LÓPEZ (MICAY) - CAUCA),2022,6,6.867,2.021,44.0,Miércoles,2022-06-01 18:30:00,662.0
19,CAUCA,19809,TIMBIQUÍ,19809003,PUERTO SAIJA (TIMBIQUÍ - CAUCA),2022,6,27.313,13.763,169.1,Miércoles,2022-06-08 19:30:00,645.0
19,CAUCA,19418,LÓPEZ (MICAY),19418038,SAN ANTONIO DE CHUARÉ (LÓPEZ (MICAY) - CAUCA),2022,6,8.248,2.683,59.7,Jueves,2022-06-09 19:00:00,78.0
19,CAUCA,19318,GUAPI,19318008,SAN ANTONIO DE GUAJUI (GUAPI - CAUCA),2022,6,11.513,5.52,49.0,Miércoles,2022-06-08 19:45:00,955.0
19,CAUCA,19809,TIMBIQUÍ,19809003,SANTA MARÍA (TIMBIQUÍ - CAUCA),2022,6,12.224,5.201,70.1,Miércoles,2022-06-08 18:45:00,738.0
19,CAUCA,19809,TIMBIQUÍ,19809003,SANTA ROSA DE SAIJA (TIMBIQUÍ - CAUCA),2022,6,3.959,2.173,25.0,Sábado,2022-06-04 19:30:00,673.0
19,CAUCA,19418,LÓPEZ (MICAY),19418038,ZARAGOZA (LÓPEZ (MICAY) - CAUCA),2022,6,4.981,1.88,47.4,Sábado,2022-06-11 18:45:00,438.0
27,CHOCO,27800,UNGUÍA,27800001,BALBOA (UNGUÍA - CHOCO),2022,6,19.962,8.206,90.9,Viernes,2022-06-10 20:30:00,1003.0
27,CHOCO,27099,BOJAYÁ (BELLAVISTA),27099000,BELLAVISTA (BOJAYÁ (BELLAVISTA) - CHOCO),2022,6,94.094,27.441,226.9,Viernes,2022-06-03 19:45:00,177.0
27,CHOCO,27425,MEDIO ATRATO (BETÉ),27425000,BETÉ (MEDIO ATRATO (BETÉ) - CHOCO),2022,6,14.249,7.518,56.0,Miércoles,2022-06-22 19:30:00,1203.0
27,CHOCO,27025,ALTO BAUDÓ (PIE DE PATO),27025000,CIUDAD BAUDÓ (ALTO BAUDÓ (PIE DE PATO) - CHOCO),2022,6,43.555,14.905,108.3,Sábado,2022-06-04 11:45:00,24.0
27,CHOCO,27495,NUQUÍ,27495000,COMUNIDAD INDÍGENA DE PANGUÍ - (EL YUCAL) (NUQUÍ - CHOCO),2022,6,7.868,1.762,11.4,Jueves,2022-06-02 18:15:00,238.0
27,CHOCO,27250,EL LITORAL DEL SAN JUAN,27250000,CUCURRUPÍ (EL LITORAL DEL SAN JUAN - CHOCO),2022,6,3.078,946.0,20.1,Miércoles,2022-06-08 19:00:00,623.0
27,CHOCO,27075,BAHÍA SOLANO (MUTIS),27075001,CUPICA (BAHÍA SOLANO (MUTIS) - CHOCO),2022,6,66.925,23.714,150.0,Viernes,2022-06-03 19:30:00,2368.0
27,CHOCO,27075,BAHÍA SOLANO (MUTIS),27075001,EL VALLE (BAHÍA SOLANO (MUTIS) - CHOCO),2022,6,154.438,63.802,326.3,Miércoles,2022-06-29 19:30:00,2385.0
27,CHOCO,27372,JURADO,27372000,JURADO (JURADO - CHOCO),2022,6,156.651,68.498,286.6,Miércoles,2022-06-15 19:30:00,2387.0
27,CHOCO,27099,BOJAYÁ (BELLAVISTA),27099000,LA LOMA DE BOJAYÁ (BOJAYÁ (BELLAVISTA) - CHOCO),2022,6,10.777,5.754,57.6,Lunes,2022-06-06 19:15:00,88.0
27,CHOCO,27099,BOJAYÁ (BELLAVISTA),27099000,NAPIPÍ (BOJAYÁ (BELLAVISTA) - CHOCO),2022,6,8.914,2.289,60.8,Sábado,2022-06-04 18:45:00,6.0
27,CHOCO,27495,NUQUÍ,27495000,NUQUÍ (NUQUÍ - CHOCO),2022,6,242.342,95.501,484.0,Sábado,2022-06-04 20:00:00,2393.0
27,CHOCO,27077,BAJO BAUDÓ (PIZARRO),27077905,PILIZA (BAJO BAUDÓ (PIZARRO) - CHOCO),2022,6,5.76,4.579,35.2,Martes,2022-06-07 18:30:00,675.0
27,CHOCO,27077,BAJO BAUDÓ (PIZARRO),27077905,PIZARRO (BAJO BAUDÓ (PIZARRO) - CHOCO),2022,6,207.574,94.136,492.6,Miércoles,2022-06-08 19:00:00,2277.0
27,CHOCO,27495,NUQUÍ,27495000,PUERTO JAGUA (NUQUÍ - CHOCO),2022,6,742.0,379.0,4.8,Jueves,2022-06-30 19:15:00,668.0
27,CHOCO,27001,QUIBDÓ,27001029,TAGACHI (QUIBDÓ - CHOCO),2022,6,5.703,2.049,50.4,Sábado,2022-06-25 12:30:00,527.0
27,CHOCO,27800,UNGUÍA,27800001,TITUMATE (UNGUÍA - CHOCO),2022,6,16.907,4.374,89.8,Viernes,2022-06-17 19:00:00,885.0
27,CHOCO,27250,EL LITORAL DEL SAN JUAN,27250000,TOGOROMA PLAYA (EL LITORAL DEL SAN JUAN - CHOCO),2022,6,984.0,235.0,7.5,Miércoles,2022-06-01 19:15:00,558.0
27,CHOCO,27800,UNGUÍA,27800001,UNGUÍA (UNGUÍA - CHOCO),2022,6,391.559,133.588,867.5,Viernes,2022-06-03 20:30:00,2235.0
94,GUAINÍA,94343,BARRANCO MINAS,94343000,BARRANCO MINAS (BARRANCO MINAS - GUAINÍA),2022,6,63.193,17.154,187.6,Miércoles,2022-06-29 18:30:00,1633.0
94,GUAINÍA,94001,INÍRIDA,94001000,INÍRIDA (INÍRIDA - GUAINÍA),2022,6,,595.336,3563.1,Jueves,2022-06-09 15:00:00,24.0
95,GUAVIARE,95200,MIRAFLORES,95200000,MIRAFLORES (MIRAFLORES - GUAVIARE),2022,6,83.248,29.949,208.1,Jueves,2022-06-02 19:00:00,1922.0
44,LA GUAJIRA,44847,URIBÍA,44847012,NAZARETH (URIBÍA - LA GUAJIRA),2022,6,44.11,11.665,190.1,Lunes,2022-06-13 20:00:00,1183.0
47,MAGDALENA,47189,CIÉNAGA,47189018,PALMOR (CIÉNAGA - MAGDALENA),2022,6,84.901,28.344,173.2,Domingo,2022-06-26 08:00:00,2205.0
52,NARIÑO,52390,LA TOLA,52390005,AGUACATAL (LA TOLA - NARIÑO),2022,6,2.158,610.0,12.2,Sábado,2022-06-11 16:45:00,787.0
52,NARIÑO,52250,EL CHARCO,52250023,BAZÁN (EL CHARCO - NARIÑO),2022,6,18.8,6.784,96.0,Viernes,2022-06-03 18:45:00,8.0
52,NARIÑO,52835,TUMACO,52835055,BOCAS DE CURAY (TUMACO - NARIÑO),2022,6,7.273,2.379,57.6,Viernes,2022-06-03 19:15:00,588.0
52,NARIÑO,52490,OLAYA HERRERA,52490913,BOCAS DE PRIETA (OLAYA HERRERA - NARIÑO),2022,6,2.819,657.0,19.1,Martes,2022-06-07 18:00:00,657.0
52,NARIÑO,52473,MOSQUERA,52473010,EL BAJITO DE ECHANDÍA (MOSQUERA - NARIÑO),2022,6,2.602,600.0,12.3,Viernes,2022-06-17 18:15:00,838.0
52,NARIÑO,52696,SANTA BÁRBARA (ISCUANDÉ),52696022,LA ENSENADA (SANTA BÁRBARA (ISCUANDÉ) - NARIÑO),2022,6,1.875,3.026,22.4,Miércoles,2022-06-08 19:00:00,358.0
52,NARIÑO,52390,LA TOLA,52390005,LA VIGÍA (LA TOLA - NARIÑO),2022,6,6.007,2.323,31.7,Jueves,2022-06-30 12:15:00,85.0
52,NARIÑO,52390,LA TOLA,52390005,MULATOS (LA TOLA - NARIÑO),2022,6,3.981,2.012,35.5,Viernes,2022-06-03 18:30:00,598.0
52,NARIÑO,52250,EL CHARCO,52250023,SAN JOSÉ (EL CHARCO - NARIÑO),2022,6,10.776,3.662,56.0,Miércoles,2022-06-01 19:00:00,792.0
52,NARIÑO,52835,TUMACO,52835055,SAN JUAN COSTA (TUMACO - NARIÑO),2022,6,23.053,9.22,115.2,Lunes,2022-06-20 19:15:00,897.0
52,NARIÑO,52390,LA TOLA,52390005,SAN PABLO DE LA MAR (LA TOLA - NARIÑO),2022,6,1.966,491.0,23.7,Jueves,2022-06-02 19:00:00,398.0
52,NARIÑO,52520,FRANCISCO PIZARRO,52520013,SAN PEDRO DEL VINO (FRANCISCO PIZARRO - NARIÑO),2022,6,4.341,2.312,29.9,Jueves,2022-06-16 18:00:00,675.0
52,NARIÑO,52696,SANTA BÁRBARA (ISCUANDÉ),52696022,SECADERO (SANTA BÁRBARA (ISCUANDÉ) - NARIÑO),2022,6,3.022,1.516,14.8,Sábado,2022-06-04 12:45:00,902.0
86,PUTUMAYO,86573,PUERTO LEGUÍZAMO,86573009,PIÑUÑA NEGRO (PUERTO LEGUÍZAMO - PUTUMAYO),2022,6,3.814,1.751,25.6,Viernes,2022-06-03 19:00:00,647.0
86,PUTUMAYO,86573,PUERTO LEGUÍZAMO,86573009,PUERTO LEGUÍZAMO (PUERTO LEGUÍZAMO - PUTUMAYO),2022,6,925.729,297.857,1939.3,Viernes,2022-06-10 14:45:00,2387.0
76,VALLE DEL CAUCA,76109,BUENAVENTURA,76109028,PUERTO MERIZALDE (BUENAVENTURA - VALLE DEL CAUCA),2022,6,81.787,27.791,208.4,Jueves,2022-06-23 19:45:00,1652.0
76,VALLE DEL CAUCA,76109,BUENAVENTURA,76109028,SAN FRANCISCO DE NAYA (BUENAVENTURA - VALLE DEL CAUCA),2022,6,6.358,2.623,31.5,Sábado,2022-06-18 11:45:00,842.0
97,VAUPÉS,97161,CARURÚ,97161000,CARURÚ (CARURÚ - VAUPÉS),2022,6,26.887,7.778,94.4,Viernes,2022-06-17 18:45:00,1222.0
97,VAUPÉS,97001,MITÚ,97001000,MITÚ (MITÚ - VAUPÉS),2022,6,,363.471,2645.3,Lunes,2022-06-06 12:00:00,24.0
27,CHOCÓ,27372,JURADO,27372901,SANTA TERESITA,2025,12,348.0,31.0,96392.0,lunes,2025-12-01 18:15:00,341.0
97,VAUPÉS,97666,TARAIRA,97666000,TARAIRA (TARAIRA - VAUPÉS),2022,6,31.514,9.744,128.3,Miércoles,2022-06-15 19:00:00,111.0
99,VICHADA,99001,PUERTO CARREÑO,99001002,CASUARITO (PUERTO CARREÑO - VICHADA),2022,6,22.785,9.026,114.6,Miércoles,2022-06-22 19:00:00,86.0
99,VICHADA,99773,CUMARIBO,99773000,CUMARIBO (CUMARIBO - VICHADA),2022,6,297.085,127.405,626.6,Martes,2022-06-07 13:45:00,239.0
99,VICHADA,99524,LA PRIMAVERA,99524000,LA PRIMAVERA (LA PRIMAVERA - VICHADA),2022,6,317.589,125.767,632.2,Martes,2022-06-21 18:45:00,2397.0
99,VICHADA,99001,PUERTO CARREÑO,99001002,PUERTO CARREÑO (PUERTO CARREÑO - VICHADA),2022,6,,773.785,4629.7,Viernes,2022-06-10 14:15:00,2397.0
99,VICHADA,99624,SANTA ROSALÍA,99624000,SANTA ROSALÍA (SANTA ROSALÍA - VICHADA),2022,6,134.535,68.879,334.0,Miércoles,2022-06-22 18:30:00,1845.0
91,AMAZONAS,91001,LETICIA,91001000,LETICIA (LETICIA - AMAZONAS),2022,7,,,7059.86,Viernes,2022-07-01 15:15:00,24.0
91,AMAZONAS,91540,PUERTO NARIÑO,91540000,PUERTO NARIÑO (PUERTO NARIÑO - AMAZONAS),2022,7,113.898,40.782,233.73,Martes,2022-07-12 19:15:00,2397.0
91,AMAZONAS,91798,TARAPACA,91798000,TARAPACA (TARAPACA - AMAZONAS),2022,7,24.254,10.571,90.29,Martes,2022-07-12 14:00:00,1045.0
5,ANTIOQUIA,5873,VIGIA DEL FUERTE,5873002,VEGAEZ (VIGIA DEL FUERTE - ANTIOQUIA),2022,7,3.567,393.0,35.81,Lunes,2022-07-11 21:00:00,495.0
88,ARCHIPIELAGO DE SAN ANDRES,88564,PROVIDENCIA,88564000,PROVIDENCIA (PROVIDENCIA - ARCHIPIELAGO DE SAN ANDRES),2022,7,,292.504,2145.96,Lunes,2022-07-18 21:15:00,24.0
88,ARCHIPIELAGO DE SAN ANDRES,88001,SAN ANDRES,88001000,SAN ANDRES (SAN ANDRES - ARCHIPIELAGO DE SAN ANDRES),2022,7,,,30617.96,Miercoles,2022-07-13 15:30:00,24.0
13,BOLIVAR,13001,CARTAGENA,13001037,ISLA FUERTE (CARTAGENA - BOLIVAR),2022,7,55.92,26.452,200.2,Domingo,2022-07-03 22:45:00,1287.0
13,BOLIVAR,13001,CARTAGENA,13001037,ISLA MUCURA (CARTAGENA - BOLIVAR),2022,7,7.101,2.763,22.85,Sabado,2022-07-09 23:00:00,1475.0
13,BOLIVAR,13001,CARTAGENA,13001037,SANTA CRUZ DEL ISLOTE (CARTAGENA - BOLIVAR),2022,7,14.09,4.483,40.42,Domingo,2022-07-17 21:00:00,1435.0
18,CAQUETA,18753,SAN VICENTE DEL CAGUAN,18753002,GUACAMAYAS (SAN VICENTE DEL CAGUAN - CAQUETA),2022,7,14.478,4.626,42.05,Sabado,2022-07-16 19:15:00,178.0
18,CAQUETA,18753,SAN VICENTE DEL CAGUAN,18753002,GUAYABAL (SAN VICENTE DEL CAGUAN - CAQUETA),2022,7,5.958,2.847,37.82,Miercoles,2022-07-20 19:00:00,645.0
18,CAQUETA,18150,CARTAGENA DEL CHAIRA,18150001,SANTA FE DEL CAGUAN (CARTAGENA DEL CHAIRA - CAQUETA),2022,7,3.177,1.523,37.56,Jueves,2022-07-21 18:45:00,348.0
19,CAUCA,19809,TIMBIQUI,19809003,CHACON (TIMBIQUI - CAUCA),2022,7,4.097,1.243,27.62,Sabado,2022-07-09 19:30:00,613.0
19,CAUCA,19809,TIMBIQUI,19809003,COMUNIDAD DE CHETE (TIMBIQUI - CAUCA),2022,7,4.185,1.626,25.98,Viernes,2022-07-08 19:00:00,658.0
19,CAUCA,19809,TIMBIQUI,19809003,COTEJE (TIMBIQUI - CAUCA),2022,7,6.266,4.628,32.48,Martes,2022-07-26 19:00:00,765.0
19,CAUCA,19418,LOPEZ (MICAY),19418038,ISLA DE GALLO (LOPEZ (MICAY) - CAUCA),2022,7,3.549,1.533,24.32,Viernes,2022-07-15 19:15:00,647.0
19,CAUCA,19318,GUAPI,19318008,LIMONES (GUAPI - CAUCA),2022,7,7.463,3.624,32.2,Sabado,2022-07-23 14:30:00,983.0
19,CAUCA,19418,LOPEZ (MICAY),19418038,NOANAMITO (LOPEZ (MICAY) - CAUCA),2022,7,8.32,2.333,60.0,Sabado,2022-07-30 19:45:00,677.0
19,CAUCA,19809,TIMBIQUI,19809003,PUERTO SAIJA (TIMBIQUI - CAUCA),2022,7,26.533,13.203,173.36,Domingo,2022-07-24 19:15:00,61.0
19,CAUCA,19418,LOPEZ (MICAY),19418038,SAN ANTONIO DE CHUARE (LOPEZ (MICAY) - CAUCA),2022,7,4.477,1.497,39.36,Lunes,2022-07-25 18:45:00,463.0
19,CAUCA,19318,GUAPI,19318008,SAN ANTONIO DE GUAJUI (GUAPI - CAUCA),2022,7,12.538,6.31,52.76,Viernes,2022-07-29 19:00:00,952.0
19,CAUCA,19809,TIMBIQUI,19809003,SANTA ROSA DE SAIJA (TIMBIQUI - CAUCA),2022,7,4.067,2.128,25.18,Lunes,2022-07-18 19:45:00,642.0
19,CAUCA,19418,LOPEZ (MICAY),19418038,ZARAGOZA (LOPEZ (MICAY) - CAUCA),2022,7,4.252,1.688,48.93,Miercoles,2022-07-27 19:15:00,365.0
27,CHOCO,27006,ACANDI,27006000,ACANDI (ACANDI - CHOCO),2022,7,624.831,213.978,1257.17,Viernes,2022-07-15 20:30:00,2222.0
27,CHOCO,27800,UNGUIA,27800001,BALBOA (UNGUIA - CHOCO),2022,7,20.362,8.399,89.79,Jueves,2022-07-14 19:45:00,953.0
27,CHOCO,27099,BOJAYA (BELLAVISTA),27099000,BELLAVISTA (BOJAYA (BELLAVISTA) - CHOCO),2022,7,89.481,25.068,269.92,Lunes,2022-07-18 19:30:00,1497.0
27,CHOCO,27425,MEDIO ATRATO (BETE),27425000,BETE (MEDIO ATRATO (BETE) - CHOCO),2022,7,13.724,6.899,60.0,Martes,2022-07-19 11:15:00,1043.0
27,CHOCO,27006,ACANDI,27006000,CAPURGANA (ACANDI - CHOCO),2022,7,383.322,139.472,919.6,Domingo,2022-07-03 21:00:00,1957.0
27,CHOCO,27025,ALTO BAUDO (PIE DE PATO),27025000,CIUDAD BAUDO (ALTO BAUDO (PIE DE PATO) - CHOCO),2022,7,46.705,16.143,108.59,Sabado,2022-07-30 12:00:00,2393.0
27,CHOCO,27075,BAHIA SOLANO (MUTIS),27075001,MUTIS (BAHIA SOLANO (MUTIS) - CHOCO),2022,7,702.58,240.725,1290.08,Martes,2022-07-19 19:45:00,2388.0
27,CHOCO,27495,NUQUI,27495000,COMUNIDAD INDIGENA DE PANGUI - (EL YUCAL) (NUQUI - CHOCO),2022,7,8.029,1.78,11.42,Martes,2022-07-12 16:00:00,2363.0
27,CHOCO,27250,EL LITORAL DEL SAN JUAN,27250000,CUCURRUPI (EL LITORAL DEL SAN JUAN - CHOCO),2022,7,3.281,954.0,19.84,Martes,2022-07-05 19:00:00,638.0
27,CHOCO,27075,BAHIA SOLANO (MUTIS),27075001,CUPICA (BAHIA SOLANO (MUTIS) - CHOCO),2022,7,67.995,22.508,151.14,Martes,2022-07-26 19:45:00,2372.0
27,CHOCO,27075,BAHIA SOLANO (MUTIS),27075001,EL VALLE (BAHIA SOLANO (MUTIS) - CHOCO),2022,7,169.468,69.821,341.35,Martes,2022-07-26 19:15:00,2373.0
27,CHOCO,27372,JURADO,27372000,JURADO (JURADO - CHOCO),2022,7,169.335,71.404,306.24,Lunes,2022-07-18 20:30:00,24.0
27,CHOCO,27099,BOJAYA (BELLAVISTA),27099000,LA LOMA DE BOJAYA (BOJAYA (BELLAVISTA) - CHOCO),2022,7,11.046,5.654,64.0,Domingo,2022-07-24 19:15:00,832.0
27,CHOCO,27099,BOJAYA (BELLAVISTA),27099000,NAPIPI (BOJAYA (BELLAVISTA) - CHOCO),2022,7,8.156,2.109,60.8,Viernes,2022-07-08 19:30:00,52.0
27,CHOCO,27495,NUQUI,27495000,NUQUI (NUQUI - CHOCO),2022,7,258.369,102.886,493.86,Martes,2022-07-19 20:00:00,2387.0
27,CHOCO,27077,BAJO BAUDO (PIZARRO),27077905,PIZARRO (BAJO BAUDO (PIZARRO) - CHOCO),2022,7,219.353,98.313,437.71,Miercoles,2022-07-20 13:00:00,2302.0
27,CHOCO,27001,QUIBDO,27001029,TAGACHI (QUIBDO - CHOCO),2022,7,5.007,1.754,50.23,Viernes,2022-07-29 20:15:00,43.0
27,CHOCO,27800,UNGUIA,27800001,TITUMATE (UNGUIA - CHOCO),2022,7,17.576,4.257,98.21,Sabado,2022-07-30 21:00:00,825.0
27,CHOCO,27250,EL LITORAL DEL SAN JUAN,27250000,TOGOROMA PLAYA (EL LITORAL DEL SAN JUAN - CHOCO),2022,7,1.015,275.0,7.39,Viernes,2022-07-08 18:30:00,582.0
27,CHOCO,27800,UNGUIA,27800001,UNGUIA (UNGUIA - CHOCO),2022,7,411.524,141.477,901.3,Jueves,2022-07-07 20:30:00,217.0
94,GUAINIA,94343,BARRANCO MINAS,94343000,BARRANCO MINAS (BARRANCO MINAS - GUAINIA),2022,7,72.083,20.894,196.04,Martes,2022-07-05 15:00:00,1632.0
94,GUAINIA,94001,INIRIDA,94001000,INIRIDA (INIRIDA - GUAINIA),2022,7,,625.841,3440.8,Lunes,2022-07-11 15:15:00,2387.0
95,GUAVIARE,95200,MIRAFLORES,95200000,MIRAFLORES (MIRAFLORES - GUAVIARE),2022,7,84.015,30.981,205.48,Viernes,2022-07-15 18:30:00,1783.0
44,LA GUAJIRA,44847,URIBIA,44847012,NAZARETH (URIBIA - LA GUAJIRA),2022,7,48.605,13.33,184.78,Lunes,2022-07-25 19:15:00,1345.0
47,MAGDALENA,47189,CIENAGA,47189018,PALMOR (CIENAGA - MAGDALENA),2022,7,75.647,25.92,190.66,Sabado,2022-07-09 12:00:00,2213.0
50,META,50325,MAPIRIPAN,50325000,MAPIRIPAN (MAPIRIPAN - META),2022,7,157.671,60.318,310.64,Miercoles,2022-07-06 19:00:00,2385.0
52,NARIÑO,52390,LA TOLA,52390005,AGUACATAL (LA TOLA - NARIÑO),2022,7,2.06,581.0,11.71,Domingo,2022-07-03 19:15:00,763.0
52,NARIÑO,52390,LA TOLA,52390005,AMARALES (LA TOLA - NARIÑO),2022,7,5.937,2.703,39.42,Viernes,2022-07-15 20:30:00,678.0
52,NARIÑO,52250,EL CHARCO,52250023,BAZAN (EL CHARCO - NARIÑO),2022,7,19.109,6.756,96.0,Sabado,2022-07-09 19:15:00,795.0
52,NARIÑO,52835,TUMACO,52835055,BOCAS DE CURAY (TUMACO - NARIÑO),2022,7,8.458,2.933,55.2,Viernes,2022-07-01 19:15:00,65.0
52,NARIÑO,52490,OLAYA HERRERA,52490913,BOCAS DE PRIETA (OLAYA HERRERA - NARIÑO),2022,7,2.958,694.0,15.65,Lunes,2022-07-25 19:00:00,713.0
52,NARIÑO,52473,MOSQUERA,52473010,EL BAJITO DE ECHANDIA (MOSQUERA - NARIÑO),2022,7,576.0,142.0,12.29,Viernes,2022-07-01 19:00:00,177.0
52,NARIÑO,52696,SANTA BARBARA (ISCUANDE),52696022,LA ENSENADA (SANTA BARBARA (ISCUANDE) - NARIÑO),2022,7,2.219,3.721,23.23,Jueves,2022-07-28 18:45:00,39.0
52,NARIÑO,52390,LA TOLA,52390005,LA VIGIA (LA TOLA - NARIÑO),2022,7,6.349,2.55,35.32,Jueves,2022-07-14 12:15:00,813.0
52,NARIÑO,52390,LA TOLA,52390005,MULATOS (LA TOLA - NARIÑO),2022,7,4.646,2.139,42.14,Martes,2022-07-19 19:30:00,647.0
52,NARIÑO,52250,EL CHARCO,52250023,SAN JOSE (EL CHARCO - NARIÑO),2022,7,11.038,3.99,56.0,Viernes,2022-07-01 19:15:00,782.0
52,NARIÑO,52835,TUMACO,52835055,SAN JUAN COSTA (TUMACO - NARIÑO),2022,7,23.136,8.733,107.71,Viernes,2022-07-22 11:45:00,868.0
52,NARIÑO,52390,LA TOLA,52390005,SAN PABLO DE LA MAR (LA TOLA - NARIÑO),2022,7,2.832,946.0,19.62,Viernes,2022-07-01 19:30:00,6.0
52,NARIÑO,52520,FRANCISCO PIZARRO,52520013,SAN PEDRO DEL VINO (FRANCISCO PIZARRO - NARIÑO),2022,7,4.398,2.351,27.71,Miercoles,2022-07-06 19:30:00,682.0
52,NARIÑO,52696,SANTA BARBARA (ISCUANDE),52696022,SECADERO (SANTA BARBARA (ISCUANDE) - NARIÑO),2022,7,3.261,1.548,13.63,Sabado,2022-07-30 19:15:00,99.0
86,PUTUMAYO,86573,PUERTO LEGUIZAMO,86573009,PIÑUÑA NEGRO (PUERTO LEGUIZAMO - PUTUMAYO),2022,7,3.826,1.887,28.8,Sabado,2022-07-02 19:45:00,64.0
86,PUTUMAYO,86573,PUERTO LEGUIZAMO,86573009,PUERTO LEGUIZAMO (PUERTO LEGUIZAMO - PUTUMAYO),2022,7,885.482,293.656,1822.13,Viernes,2022-07-29 14:45:00,2373.0
76,VALLE DEL CAUCA,76109,BUENAVENTURA,76109028,PUERTO MERIZALDE (BUENAVENTURA - VALLE DEL CAUCA),2022,7,83.836,28.867,205.92,Viernes,2022-07-01 19:45:00,1648.0
76,VALLE DEL CAUCA,76109,BUENAVENTURA,76109028,SAN FRANCISCO DE NAYA (BUENAVENTURA - VALLE DEL CAUCA),2022,7,6.24,2.664,30.34,Martes,2022-07-12 10:00:00,817.0
97,VAUPES,97161,CARURU,97161000,CARURU (CARURU - VAUPES),2022,7,25.763,7.6,94.07,Sabado,2022-07-16 18:45:00,1198.0
97,VAUPES,97001,MITU,97001000,MITU (MITU - VAUPES),2022,7,,383.418,2596.16,Miercoles,2022-07-06 12:00:00,24.0
99,VICHADA,99001,PUERTO CARREÑO,99001002,CASUARITO (PUERTO CARREÑO - VICHADA),2022,7,23.136,8.733,107.71,Viernes,2022-07-22 11:45:00,868.0
99,VICHADA,99773,CUMARIBO,99773000,CUMARIBO (CUMARIBO - VICHADA),2022,7,314.94,134.006,660.0,Martes,2022-07-26 10:00:00,2398.0
99,VICHADA,99524,LA PRIMAVERA,99524000,LA PRIMAVERA (LA PRIMAVERA - VICHADA),2022,7,351.229,138.52,675.14,Martes,2022-07-26 19:15:00,2397.0
99,VICHADA,99001,PUERTO CARREÑO,99001002,PUERTO CARREÑO (PUERTO CARREÑO - VICHADA),2022,7,,826.91,4268.88,Jueves,2022-07-14 13:30:00,2398.0
99,VICHADA,99624,SANTA ROSALIA,99624000,SANTA ROSALIA (SANTA ROSALIA - VICHADA),2022,7,138.632,69.948,329.76,Viernes,2022-07-22 20:45:00,18.0
91,AMAZONAS,91001,LETICIA,91001000,LETICIA (LETICIA - AMAZONAS),2022,8,,,7313.36,jueves,2022-08-25 15:15:00,24.0
91,AMAZONAS,91540,PUERTO NARIÑO,91540000,PUERTO NARIÑO (PUERTO NARIÑO - AMAZONAS),2022,8,115.084,41.59,239.71,miércoles,2022-08-17 18:45:00,24.0
91,AMAZONAS,91798,TARAPACÁ,91798000,TARAPACÁ (TARAPACÁ (ANM) - AMAZONAS),2022,8,25.048,10.88,91.79,lunes,2022-08-08 14:30:00,103.0
5,ANTIOQUIA,5873,VIGÍA DEL FUERTE,5873002,VEGÁEZ (VIGÍA DEL FUERTE - ANTIOQUIA),2022,8,4.157,577.0,41.79,sábado,2022-08-13 20:45:00,547.0
88,"ARCHIPIÉLAGO DE SAN ANDRÉS, PROVIDENCIA Y SANTA CATALINA",88564,PROVIDENCIA,88564000,PROVIDENCIA (PROVIDENCIA - ARCHIPIÉLAGO DE SAN ANDRÉS y PROVIDENCIA),2022,8,,289.037,2072.72,miércoles,2022-08-24 19:45:00,24.0
91,AMAZONAS,91540,PUERTO NARIÑO,91540000,PUERTO NARIÑO,2026,1,138.343,41.816,2624.0,jueves,2026-01-15 15:00:00,2.393
88,"ARCHIPIÉLAGO DE SAN ANDRÉS, PROVIDENCIA Y SANTA CATALINA",88001,SAN ANDRÉS,88001000,SAN ANDRÉS (SAN ANDRÉS - ARCHIPIÉLAGO DE SAN ANDRÉS y PROVIDENCIA),2022,8,,,31489.68,jueves,2022-08-18 15:30:00,24.0
13,BOLÍVAR,13001,CARTAGENA DE INDIAS,13001007,ISLA FUERTE (CARTAGENA DE INDIAS - BOLÍVAR),2022,8,53.258,25.989,187.07,viernes,2022-08-12 21:30:00,1202.0
13,BOLÍVAR,13001,CARTAGENA DE INDIAS,13001037,ISLA MÚCURA (CARTAGENA DE INDIAS - BOLÍVAR),2022,8,7.049,2.796,23.94,domingo,2022-08-14 23:00:00,1461.0
13,BOLÍVAR,13001,CARTAGENA DE INDIAS,13001017,SANTA CRUZ DEL ISLOTE (CARTAGENA DE INDIAS - BOLÍVAR),2022,8,12.587,4.121,40.42,sábado,2022-08-20 22:15:00,1281.0
18,CAQUETÁ,18753,SAN VICENTE DEL CAGUÁN,18753002,GUACAMAYAS (SAN VICENTE DEL CAGUÁN - CAQUETÁ),2022,8,2.52,956.0,40.42,martes,2022-08-02 14:45:00,352.0
18,CAQUETÁ,18753,SAN VICENTE DEL CAGUÁN,18753015,GUAYABAL (SAN VICENTE DEL CAGUÁN - CAQUETÁ),2022,8,5.938,2.825,40.02,sábado,2022-08-27 12:30:00,62.0
19,CAUCA,19809,TIMBIQUÍ,19809014,CHACÓN (TIMBIQUÍ - CAUCA),2022,8,3.933,1.223,27.76,miércoles,2022-08-10 19:15:00,58.0
19,CAUCA,19809,TIMBIQUÍ,19809010,COMUNIDAD DE CHETE (TIMBIQUÍ - CAUCA),2022,8,4.164,1.612,25.86,domingo,2022-08-21 19:30:00,627.0
19,CAUCA,19809,TIMBIQUÍ,19809003,COTEJE (TIMBIQUÍ - CAUCA),2022,8,6.096,4.624,32.32,martes,2022-08-30 19:30:00,757.0
19,CAUCA,19418,LÓPEZ DE MICAY,19418038,ISLA DE GALLO (LÓPEZ DE MICAY - CAUCA),2022,8,2.371,1.134,22.88,lunes,2022-08-08 19:00:00,42.0
19,CAUCA,19318,GUAPI,19318008,LIMONES (GUAPI - CAUCA),2022,8,8.342,4.122,35.2,sábado,2022-08-13 13:45:00,991.0
19,CAUCA,19809,TIMBIQUÍ,19809026,LOS BRAZOS (TIMBIQUÍ - CAUCA),2022,8,7.845,1.684,42.53,jueves,2022-08-04 20:00:00,726.0
19,CAUCA,19418,LÓPEZ DE MICAY,19418009,NOANAMITO (LÓPEZ DE MICAY - CAUCA),2022,8,6.04,1.516,60.0,lunes,2022-08-01 20:00:00,418.0
19,CAUCA,19809,TIMBIQUÍ,19809023,PUERTO SAIJA (TIMBIQUÍ - CAUCA),2022,8,25.892,8.761,165.62,jueves,2022-08-04 19:45:00,615.0
19,CAUCA,19418,LÓPEZ DE MICAY,19418012,SAN ANTONIO DE CHUARÉ (LÓPEZ DE MICAY - CAUCA),2022,8,4.54,1.588,42.69,jueves,2022-08-18 18:45:00,427.0
19,CAUCA,19318,GUAPI,19318013,SAN ANTONIO DE GUAJUI (GUAPI - CAUCA),2022,8,8.285,3.879,55.42,martes,2022-08-30 20:00:00,59.0
19,CAUCA,19418,LÓPEZ DE MICAY,19418015,SAN ISIDRO (LÓPEZ DE MICAY - CAUCA),2022,8,1.13,684.0,8.06,sábado,2022-08-20 19:15:00,606.0
19,CAUCA,19809,TIMBIQUÍ,19809009,SANTA ROSA DE SAIJA (TIMBIQUÍ - CAUCA),2022,8,3.966,2.112,27.1,sábado,2022-08-20 19:30:00,623.0
27,CHOCO,27006,ACANDÍ,27006000,ACANDÍ (ACANDÍ - CHOCO),2022,8,577.208,204.438,1158.26,martes,2022-08-09 22:15:00,219.0
27,CHOCO,27800,UNGUÍA,27800001,BALBOA (UNGUÍA - CHOCO),2022,8,23.63,9.759,87.46,sábado,2022-08-06 21:15:00,1116.0
27,CHOCO,27099,BOJAYÁ,27099000,BELLAVISTA (BOJAYÁ - CHOCO),2022,8,103.597,30.028,239.04,lunes,2022-08-29 19:45:00,1761.0
27,CHOCO,27425,MEDIO ATRATO,27425000,BETÉ (MEDIO ATRATO - CHOCO),2022,8,10.496,5.591,60.0,viernes,2022-08-05 11:30:00,878.0
27,CHOCO,27077,BAJO BAUDÓ,27077905,BUENAVISTA (BAJO BAUDÓ - CHOCO),2022,8,293.0,31.0,32.77,martes,2022-08-16 19:45:00,35.0
27,CHOCO,27025,ALTO BAUDÓ,27025000,CIUDAD BAUDÓ - PIE DE PATO (ALTO BAUDÓ - CHOCO),2022,8,47.341,15.989,114.05,miércoles,2022-08-31 12:00:00,2393.0
27,CHOCO,27495,NUQUÍ,27495912,COMUNIDAD INDÍGENA DE PANGUÍ - (EL YUCAL) (NUQUÍ - CHOCO),2022,8,6.875,1.664,11.38,lunes,2022-08-15 07:15:00,2354.0
27,CHOCO,27250,EL LITORAL DEL SAN JUAN,27250002,CUCURRUPÍ (EL LITORAL DEL SAN JUAN - CHOCO),2022,8,3.083,910.0,19.97,martes,2022-08-30 18:15:00,601.0
27,CHOCO,27075,BAHÍA SOLANO,27075001,CUPICA (BAHÍA SOLANO - CHOCO),2022,8,72.057,23.451,160.62,lunes,2022-08-01 19:15:00,2377.0
27,CHOCO,27075,BAHÍA SOLANO,27075002,EL VALLE (BAHÍA SOLANO - CHOCO),2022,8,164.591,68.613,355.61,lunes,2022-08-29 19:15:00,2343.0
27,CHOCO,27372,JURADO,27372000,JURADO (JURADO - CHOCO),2022,8,174.846,72.121,320.0,martes,2022-08-16 19:15:00,2398.0
27,CHOCO,27099,BOJAYÁ,27099002,LA LOMA DE BOJAYÁ (BOJAYÁ - CHOCO),2022,8,11.88,6.166,64.0,sábado,2022-08-06 18:00:00,894.0
27,CHOCO,27099,BOJAYÁ,27099005,NAPIPÍ (BOJAYÁ - CHOCO),2022,8,9.976,2.595,60.8,lunes,2022-08-01 20:30:00,634.0
27,CHOCO,27495,NUQUÍ,27495000,NUQUÍ (NUQUÍ - CHOCO),2022,8,262.239,102.089,492.8,sábado,2022-08-13 19:45:00,24.0
27,CHOCO,27077,BAJO BAUDÓ,27077000,PIZARRO (BAJO BAUDÓ - CHOCO),2022,8,209.953,96.819,459.89,viernes,2022-08-12 20:00:00,217.0
27,CHOCO,27250,EL LITORAL DEL SAN JUAN,27250000,SANTA GENOVEVA DE DOCORDÓ (EL LITORAL DEL SAN JUAN - CHOCO),2022,8,75.908,42.612,188.63,viernes,2022-08-05 13:15:00,2396.0
27,CHOCO,27001,QUIBDÓ,27001029,TAGACHI (QUIBDÓ - CHOCO),2022,8,5.989,2.016,55.44,sábado,2022-08-20 19:45:00,466.0
27,CHOCO,27800,UNGUÍA,27800005,TITUMATE (UNGUÍA - CHOCO),2022,8,17.509,4.35,98.21,viernes,2022-08-19 19:30:00,838.0
27,CHOCO,27250,EL LITORAL DEL SAN JUAN,27250914,TOGOROMA PLAYA (EL LITORAL DEL SAN JUAN - CHOCO),2022,8,985.0,285.0,6.82,viernes,2022-08-26 19:00:00,62.0
27,CHOCO,27800,UNGUÍA,27800000,UNGUÍA (UNGUÍA - CHOCO),2022,8,420.806,143.998,912.91,lunes,2022-08-08 20:45:00,2223.0
94,GUAINÍA,94343,BARRANCOMINAS,94343000,BARRANCOMINAS (BARRANCO MINAS - GUAINÍA),2022,8,67.301,18.709,182.4,jueves,2022-08-04 18:30:00,1618.0
94,GUAINÍA,94001,INÍRIDA,94001000,INÍRIDA (INÍRIDA - GUAINÍA),2022,8,,635.655,3784.0,jueves,2022-08-18 14:30:00,24.0
95,GUAVIARE,95200,MIRAFLORES,95200000,MIRAFLORES (MIRAFLORES - GUAVIARE),2022,8,83.464,29.022,209.0,jueves,2022-08-18 18:30:00,1787.0
44,LA GUAJIRA,44847,URIBÍA,44847012,NAZARETH (URIBÍA - LA GUAJIRA),2022,8,50.594,13.731,191.02,martes,2022-08-16 19:15:00,1267.0
47,MAGDALENA,47189,CIÉNAGA,47189018,PALMOR (CIÉNAGA - MAGDALENA),2022,8,85.923,29.603,177.41,martes,2022-08-09 19:15:00,2184.0
50,META,50325,MAPIRIPÁN,50325000,MAPIRIPÁN (MAPIRIPÁN - META),2022,8,162.689,62.6,334.84,martes,2022-08-16 18:45:00,238.0
52,NARIÑO,52390,LA TOLA,52390005,AGUACATAL (LA TOLA - NARIÑO),2022,8,2.063,541.0,12.35,viernes,2022-08-19 18:00:00,753.0
52,NARIÑO,52250,EL CHARCO,52250016,ALTERÓN (URIBE URIBE) (EL CHARCO - NARIÑO),2022,8,1.139,199.0,11.78,viernes,2022-08-19 18:30:00,461.0
52,NARIÑO,52390,LA TOLA,52390013,AMARALES (LA TOLA - NARIÑO),2022,8,5.81,2.533,40.74,sábado,2022-08-20 17:15:00,659.0
52,NARIÑO,52250,EL CHARCO,52250023,BAZÁN (EL CHARCO - NARIÑO),2022,8,19.456,6.452,96.0,sábado,2022-08-06 19:00:00,785.0
52,NARIÑO,52835,SAN ANDRÉS DE TUMACO,52835055,BOCAS DE CURAY (SAN ANDRÉS DE TUMACO - NARIÑO),2022,8,8.792,3.189,60.0,sábado,2022-08-13 17:15:00,665.0
52,NARIÑO,52490,OLAYA HERRERA,52490913,BOCAS DE PRIETA (OLAYA HERRERA - NARIÑO),2022,8,2.649,593.0,16.66,lunes,2022-08-01 19:15:00,621.0
52,NARIÑO,52250,EL CHARCO,52250003,BOLÍVAR - SAN PEDRO (EL CHARCO - NARIÑO),2022,8,4.67,2.713,26.21,viernes,2022-08-26 19:00:00,706.0
52,NARIÑO,52250,EL CHARCO,52250022,EL CUIL PUEBLO NUEVO (EL CHARCO - NARIÑO),2022,8,5.833,4.602,30.41,viernes,2022-08-19 19:45:00,715.0
52,NARIÑO,52696,SANTA BÁRBARA,52696014,LA ENSENADA (SANTA BÁRBARA - NARIÑO),2022,8,3.008,5.041,24.48,sábado,2022-08-27 18:45:00,519.0
52,NARIÑO,52390,LA TOLA,52390003,LA VIGÍA DE LA MAR (LA TOLA - NARIÑO),2022,8,5.966,2.38,33.92,lunes,2022-08-01 19:15:00,809.0
52,NARIÑO,52390,LA TOLA,52390009,MULATOS (LA TOLA - NARIÑO),2022,8,4.222,1.964,37.76,martes,2022-08-23 18:15:00,614.0
52,NARIÑO,52250,EL CHARCO,52250007,SAN JOSÉ DEL TAPAJE (EL CHARCO - NARIÑO),2022,8,10.774,3.562,56.0,lunes,2022-08-01 20:30:00,761.0
52,NARIÑO,52835,SAN ANDRÉS DE TUMACO,52835217,SAN JUAN DE LA COSTA (SAN ANDRÉS DE TUMACO - NARIÑO),2022,8,23.043,8.852,128.0,lunes,2022-08-29 18:45:00,836.0
52,NARIÑO,52390,LA TOLA,52390016,SAN PABLO DEL MAR (LA TOLA - NARIÑO),2022,8,2.702,794.0,21.76,domingo,2022-08-21 19:00:00,534.0
52,NARIÑO,52520,FRANCISCO PIZARRO,52520013,SAN PEDRO DEL VINO ( FRANCISCO PIZARRO - NARIÑO),2022,8,3.581,1.95,27.23,miércoles,2022-08-17 19:45:00,553.0
52,NARIÑO,52696,SANTA BÁRBARA,52696022,SECADERO (SANTA BÁRBARA - NARIÑO),2022,8,3.181,1.535,14.62,jueves,2022-08-11 19:15:00,902.0
86,PUTUMAYO,86573,PUERTO LEGUÍZAMO,86573009,PINUNA NEGRO (PUERTO LEGUÍZAMO - PUTUMAYO),2022,8,3.714,1.911,25.6,viernes,2022-08-05 20:00:00,649.0
86,PUTUMAYO,86573,PUERTO LEGUÍZAMO,86573000,PUERTO LEGUÍZAMO (PUERTO LEGUÍZAMO - PUTUMAYO),2022,8,923.337,300.521,1971.9,jueves,2022-08-18 14:45:00,2373.0
76,VALLE DEL CAUCA,76109,BUENAVENTURA,76109028,PUERTO MERIZALDE (BUENAVENTURA - VALLE DEL CAUCA),2022,8,81.735,27.646,228.62,lunes,2022-08-22 19:15:00,156.0
76,VALLE DEL CAUCA,76109,BUENAVENTURA,76109032,SAN FRANCISCO NAYA (BUENAVENTURA - VALLE DEL CAUCA),2022,8,6.406,2.559,33.7,sábado,2022-08-13 12:00:00,798.0
97,VAUPÉS,97161,CARURÚ,97161000,CARURÚ (CARURÚ - VAUPÉS),2022,8,27.642,9.275,95.22,jueves,2022-08-25 19:30:00,1235.0
97,VAUPÉS,97001,MITÚ,97001000,MITÚ (MITÚ - VAUPÉS),2022,8,,380.121,2796.38,jueves,2022-08-18 11:45:00,2396.0
97,VAUPÉS,97666,TARAIRA,97666000,TARAIRA (TARAIRA - VAUPÉS),2022,8,33.542,10.236,127.86,jueves,2022-08-04 18:30:00,1122.0
99,VICHADA,99001,PUERTO CARREÑO,99001002,CASUARITO (PUERTO CARREÑO - VICHADA),2022,8,32.77,12.451,102.43,miércoles,2022-08-24 19:00:00,1348.0
99,VICHADA,99773,CUMARIBO,99773000,CUMARIBO (CUMARIBO - VICHADA),2022,8,321.179,134.778,672.32,jueves,2022-08-04 14:30:00,2396.0
99,VICHADA,99524,LA PRIMAVERA,99524000,LA PRIMAVERA (LA PRIMAVERA - VICHADA),2022,8,346.396,134.926,669.3,lunes,2022-08-08 18:45:00,2392.0
99,VICHADA,99001,PUERTO CARREÑO,99001000,PUERTO CARREÑO (PUERTO CARREÑO - VICHADA),2022,8,,783.843,4643.76,lunes,2022-08-08 13:30:00,24.0
99,VICHADA,99624,SANTA ROSALÍA,99624000,SANTA ROSALÍA (SANTA ROSALÍA - VICHADA),2022,8,142.054,70.011,361.01,lunes,2022-08-08 18:45:00,1806.0
5,ANTIOQUIA,5873,VIGÍA DEL FUERTE,5873002,VEGAEZ (VIGÍA DEL FUERTE - ANTIOQUIA),2022,9,4.104,614.0,42.72,sábado,2022-09-10 01:30:00,611.0
13,BOLÍVAR,13001,CARTAGENA DE INDIAS,13001007,ISLA FUERTE (CARTAGENA DE INDIAS - BOLÍVAR),2022,9,51.451,28.127,196.05,sábado,2022-09-03 21:30:00,1209.0
13,BOLÍVAR,13001,CARTAGENA DE INDIAS,13001017,SANTA CRUZ DEL ISLOTE (CARTAGENA DE INDIAS - BOLÍVAR),2022,9,12.343,4.024,38.98,miércoles,2022-09-28 21:45:00,1309.0
13,BOLÍVAR,13001,CARTAGENA DE INDIAS,13001037,ISLA MUCURA (CARTAGENA DE INDIAS - BOLÍVAR),2022,9,6.108,2.476,22.14,lunes,2022-09-05 21:45:00,1322.0
18,CAQUETÁ,18150,CARTAGENA DEL CHAIRA,18150001,REMOLINO DEL CAGUAN (CARTAGENA DEL CHAIRA - CAQUETÁ),2022,9,17.723,6.926,94.11,viernes,2022-09-30 19:15:00,788.0
18,CAQUETÁ,18150,CARTAGENA DEL CHAIRA,18150002,SANTA FE DEL CAGUAN (CARTAGENA DEL CHAIRA - CAQUETÁ),2022,9,2.805,1.452,41.88,viernes,2022-09-30 19:15:00,302.0
18,CAQUETÁ,18753,SAN VICENTE DEL CAGUÁN,18753002,GUACAMAYAS (SAN VICENTE DEL CAGUÁN - CAQUETÁ),2022,9,7.493,3.268,37.8,viernes,2022-09-23 19:00:00,1034.0
18,CAQUETÁ,18753,SAN VICENTE DEL CAGUÁN,18753009,PUERTO BETANIA (SAN VICENTE DEL CAGUÁN - CAQUETÁ),2022,9,4.061,1.641,47.36,jueves,2022-09-01 19:15:00,438.0
18,CAQUETÁ,18753,SAN VICENTE DEL CAGUÁN,18753015,GUAYABAL (SAN VICENTE DEL CAGUÁN - CAQUETÁ),2022,9,5.697,2.822,41.86,domingo,2022-09-18 13:00:00,603.0
19,CAUCA,19318,GUAPI,19318008,LIMONES (GUAPI - CAUCA),2022,9,4.939,2.278,43.62,viernes,2022-09-23 19:15:00,542.0
19,CAUCA,19318,GUAPI,19318013,SAN ANTONIO DE GUAJUI (GUAPI - CAUCA),2022,9,3.796,1.746,56.98,sábado,2022-09-17 20:00:00,286.0
19,CAUCA,19418,LÓPEZ DE MICAY,19418009,NOANAMITO (LÓPEZ DE MICAY - CAUCA),2022,9,7.939,2.169,56.0,viernes,2022-09-02 18:30:00,653.0
19,CAUCA,19418,LÓPEZ DE MICAY,19418011,DOS QUEBRADAS RÍO NAYA (LÓPEZ DE MICAY - CAUCA),2022,9,0.0,0.0,0.0,jueves,2022-09-01 00:00:00,0.0
19,CAUCA,19418,LÓPEZ DE MICAY,19418012,SAN ANTONIO DE CHUARE (LÓPEZ DE MICAY - CAUCA),2022,9,2.283,709.0,42.75,miércoles,2022-09-21 19:30:00,217.0
19,CAUCA,19418,LÓPEZ DE MICAY,19418015,SAN ISIDRO (LÓPEZ DE MICAY - CAUCA),2022,9,978.0,541.0,8.06,lunes,2022-09-26 18:30:00,507.0
19,CAUCA,19418,LÓPEZ DE MICAY,19418038,ISLA DE GALLO (LÓPEZ DE MICAY - CAUCA),2022,9,2.546,1.244,24.54,martes,2022-09-27 20:00:00,457.0
19,CAUCA,19809,TIMBIQUÍ,19809003,COTEJE (TIMBIQUÍ - CAUCA),2022,9,6.482,4.7,34.0,miércoles,2022-09-28 18:30:00,815.0
19,CAUCA,19809,TIMBIQUÍ,19809009,SANTA ROSA DE SAIJA (TIMBIQUÍ - CAUCA),2022,9,5.128,2.588,24.34,domingo,2022-09-25 19:30:00,888.0
19,CAUCA,19809,TIMBIQUÍ,19809010,COMUNIDAD DE CHETE (TIMBIQUÍ - CAUCA),2022,9,2.769,994.0,38.24,viernes,2022-09-09 19:00:00,422.0
19,CAUCA,19809,TIMBIQUÍ,19809023,PUERTO SAIJA (TIMBIQUÍ - CAUCA),2022,9,28.143,9.247,168.96,miércoles,2022-09-21 19:00:00,676.0
19,CAUCA,19809,TIMBIQUÍ,19809026,LOS BRAZOS (TIMBIQUÍ - CAUCA),2022,9,7.533,1.61,40.97,miércoles,2022-09-28 19:00:00,726.0
27,CHOCÓ,27001,QUIBDÓ,27001029,TAGACHI (QUIBDÓ - CHOCÓ),2022,9,6.504,2.235,53.66,lunes,2022-09-05 20:00:00,558.0
27,CHOCÓ,27006,ACANDI,27006000,ACANDI (ACANDI - CHOCÓ),2022,9,610.093,201.328,1112.85,viernes,2022-09-09 21:00:00,2398.0
27,CHOCÓ,27006,ACANDI,27006007,SAN FRANCISCO (ACANDI - CHOCÓ),2022,9,7.005,2.613,33.65,jueves,2022-09-29 19:00:00,944.0
27,CHOCÓ,27025,ALTO BAUDO,27025000,CIUDAD BAUDO - PIE DE PATO (ALTO BAUDO - CHOCÓ),2022,9,46.118,15.251,116.69,martes,2022-09-27 12:15:00,2366.0
27,CHOCÓ,27075,BAHIA SOLANO,27075000,CIUDAD MUTIS (BAHIA SOLANO - CHOCÓ),2022,9,692.109,230.526,1305.92,lunes,2022-09-05 20:00:00,2388.0
27,CHOCÓ,27075,BAHIA SOLANO,27075001,CUPICA (BAHIA SOLANO - CHOCÓ),2022,9,66.373,21.946,155.63,jueves,2022-09-01 19:30:00,2365.0
27,CHOCÓ,27075,BAHIA SOLANO,27075002,EL VALLE (BAHIA SOLANO - CHOCÓ),2022,9,172.116,68.111,359.3,martes,2022-09-27 18:45:00,2388.0
27,CHOCÓ,27077,BAJO BAUDO,27077000,PIZARRO (BAJO BAUDO - CHOCÓ),2022,9,194.34,87.701,469.92,sábado,2022-09-24 19:00:00,2034.0
27,CHOCÓ,27077,BAJO BAUDO,27077905,BUENAVISTA (BAJO BAUDO - CHOCÓ),2022,9,3.931,633.0,34.82,viernes,2022-09-30 19:15:00,439.0
27,CHOCÓ,27099,BOJAYÁ,27099000,BELLAVISTA (BOJAYÁ - CHOCÓ),2022,9,98.68,29.068,249.0,sábado,2022-09-10 18:30:00,1707.0
27,CHOCÓ,27099,BOJAYÁ,27099002,LA LOMA DE BOJAYA (BOJAYÁ - CHOCÓ),2022,9,11.835,6.154,60.8,domingo,2022-09-04 19:00:00,873.0
27,CHOCÓ,27099,BOJAYÁ,27099005,NAPIPI (BOJAYÁ - CHOCÓ),2022,9,10.326,2.781,57.6,jueves,2022-09-01 20:30:00,708.0
27,CHOCÓ,27250,EL LITORAL DEL SAN JUAN,27250000,SANTA GENOVEVA DE DOCORDO (EL LITORAL DEL SAN JUAN - CHOCÓ),2022,9,60.628,32.072,200.11,viernes,2022-09-23 18:45:00,187.0
27,CHOCÓ,27250,EL LITORAL DEL SAN JUAN,27250002,CUCURRUPI (EL LITORAL DEL SAN JUAN - CHOCÓ),2022,9,2.336,709.0,19.58,lunes,2022-09-05 18:45:00,491.0
27,CHOCÓ,27372,JURADO,27372000,JURADO (JURADO - CHOCÓ),2022,9,164.785,68.864,308.0,jueves,2022-09-22 19:30:00,2384.0
27,CHOCÓ,27425,MEDIO ATRATO,27425000,BETE (MEDIO ATRATO - CHOCÓ),2022,9,13.046,7.874,60.0,lunes,2022-09-05 20:15:00,107.0
27,CHOCÓ,27425,MEDIO ATRATO,27425008,SAN ROQUE (MEDIO ATRATO - CHOCÓ),2022,9,0.0,0.0,0.0,jueves,2022-09-01 00:00:00,0.0
27,CHOCÓ,27495,NUQUÍ,27495000,NUQUI (NUQUÍ - CHOCÓ),2022,9,252.712,101.575,499.84,viernes,2022-09-09 18:45:00,2397.0
27,CHOCÓ,27495,NUQUÍ,27495912,COMUNIDAD INDIGENA DE PANGUI - (EL YUCAL) (NUQUÍ - CHOCÓ),2022,9,7.593,1.617,11.36,jueves,2022-09-29 17:45:00,2371.0
27,CHOCÓ,27800,UNGUIA,27800000,UNGUIA (UNGUIA - CHOCÓ),2022,9,413.172,140.063,882.29,sábado,2022-09-03 19:00:00,2241.0
27,CHOCÓ,27800,UNGUIA,27800001,BALBOA (UNGUIA - CHOCÓ),2022,9,22.055,9.105,87.46,jueves,2022-09-15 21:00:00,1091.0
27,CHOCÓ,27800,UNGUIA,27800005,TITUMATE (UNGUIA - CHOCÓ),2022,9,17.231,4.331,95.92,domingo,2022-09-11 18:45:00,861.0
47,MAGDALENA,47189,CIÉNAGA,47189018,PALMOR (CIÉNAGA - MAGDALENA),2022,9,78.591,26.86,170.11,lunes,2022-09-12 18:30:00,2193.0
50,META,50325,MAPIRIPAN,50325000,MAPIRIPAN (MAPIRIPAN - META),2022,9,171.57,65.025,360.36,miércoles,2022-09-28 18:15:00,2382.0
52,NARIÑO,52250,EL CHARCO,52250003,BOLIVAR - SAN PEDRO (EL CHARCO - NARIÑO),2022,9,3.462,2.148,28.0,viernes,2022-09-23 19:00:00,538.0
52,NARIÑO,52250,EL CHARCO,52250007,SAN JOSE DEL TAPAJE (EL CHARCO - NARIÑO),2022,9,7.768,2.128,56.0,jueves,2022-09-08 18:30:00,598.0
52,NARIÑO,52250,EL CHARCO,52250023,BAZAN (EL CHARCO - NARIÑO),2022,9,14.251,4.656,100.8,miércoles,2022-09-14 19:45:00,617.0
52,NARIÑO,52390,LA TOLA,52390003,LA VIGIA DE LA MAR (LA TOLA - NARIÑO),2022,9,5.595,2.31,32.36,martes,2022-09-06 19:15:00,791.0
52,NARIÑO,52390,LA TOLA,52390005,AGUACATAL (LA TOLA - NARIÑO),2022,9,1.888,444.0,11.28,jueves,2022-09-01 16:30:00,741.0
52,NARIÑO,52390,LA TOLA,52390009,MULATOS (LA TOLA - NARIÑO),2022,9,3.989,1.901,36.99,lunes,2022-09-05 18:45:00,601.0
52,NARIÑO,52390,LA TOLA,52390013,AMARALES (LA TOLA - NARIÑO),2022,9,5.477,2.348,40.13,martes,2022-09-27 19:45:00,622.0
52,NARIÑO,52390,LA TOLA,52390016,SAN PABLO DEL MAR (LA TOLA - NARIÑO),2022,9,2.795,711.0,20.83,domingo,2022-09-11 18:45:00,602.0
52,NARIÑO,52490,OLAYA HERRERA,52490913,BOCAS DE PRIETA (OLAYA HERRERA - NARIÑO),2022,9,2.481,587.0,16.75,viernes,2022-09-30 19:30:00,604.0
52,NARIÑO,52520,FRANCISCO PIZARRO,52520013,SAN PEDRO DEL VINO (FRANCISCO PIZARRO - NARIÑO),2022,9,4.039,2.283,27.01,martes,2022-09-20 19:15:00,655.0
52,NARIÑO,52696,SANTA BÁRBARA,52696014,LA ENSENADA (SANTA BÁRBARA - NARIÑO),2022,9,3.039,5.271,23.2,domingo,2022-09-04 19:45:00,554.0
52,NARIÑO,52696,SANTA BÁRBARA,52696022,SECADERO (SANTA BÁRBARA - NARIÑO),2022,9,3.17,1.61,13.8,miércoles,2022-09-07 19:45:00,952.0
52,NARIÑO,52835,SAN ANDRÉS DE TUMACO,52835055,BOCAS DE CURAY (SAN ANDRÉS DE TUMACO - NARIÑO),2022,9,8.352,3.162,57.6,lunes,2022-09-12 18:45:00,649.0
52,NARIÑO,52835,SAN ANDRÉS DE TUMACO,52835217,SAN JUAN DE LA COSTA (SAN ANDRÉS DE TUMACO - NARIÑO),2022,9,13.323,5.034,128.0,martes,2022-09-06 18:45:00,489.0
76,VALLE DEL CAUCA,76109,BUENAVENTURA,76109028,PUERTO MERIZALDE (BUENAVENTURA - VALLE DEL CAUCA),2022,9,77.078,26.858,217.54,viernes,2022-09-23 20:15:00,1605.0
76,VALLE DEL CAUCA,76109,BUENAVENTURA,76109032,SAN FRANCISCO NAYA (BUENAVENTURA - VALLE DEL CAUCA),2022,9,7.207,2.917,33.41,jueves,2022-09-15 11:15:00,922.0
86,PUTUMAYO,86573,PUERTO LEGUIZAMO,86573000,PUERTO LEGUIZAMO (PUERTO LEGUIZAMO - PUTUMAYO),2022,9,959.94,304.085,2135.14,viernes,2022-09-23 15:30:00,2343.0
86,PUTUMAYO,86573,PUERTO LEGUIZAMO,86573009,PIÑUÑA NEGRO (PUERTO LEGUIZAMO - PUTUMAYO),2022,9,3.708,2.091,25.6,viernes,2022-09-02 20:00:00,633.0
88,ARCHIPIÉLAGO DE SAN ANDRÉS y PROVIDENCIA,88001,SAN ANDRES,88001000,SAN ANDRES (SAN ANDRES - ARCHIPIÉLAGO DE SAN ANDRÉS y PROVIDENCIA),2022,9,,,31821.09,viernes,2022-09-09 15:30:00,24.0
88,ARCHIPIÉLAGO DE SAN ANDRÉS y PROVIDENCIA,88564,PROVIDENCIA,88564000,PROVIDENCIA (PROVIDENCIA - ARCHIPIÉLAGO DE SAN ANDRÉS y PROVIDENCIA),2022,9,,286.044,2037.47,viernes,2022-09-09 20:30:00,24.0
91,AMAZONAS,91001,LETICIA,91001000,LETICIA (LETICIA - AMAZONAS),2022,9,,,8470.67,jueves,2022-09-29 14:45:00,24.0
91,AMAZONAS,91540,PUERTO NARIÑO,91540000,PUERTO NARIÑO (PUERTO NARIÑO - AMAZONAS),2022,9,119.999,42.831,255.38,miércoles,2022-09-28 18:30:00,24.0
91,AMAZONAS,91798,TARAPACA (ANM),91798000,TARAPACA (TARAPACA (ANM) - AMAZONAS),2022,9,25.029,11.173,97.27,miércoles,2022-09-21 18:00:00,1031.0
94,GUAINÍA,94001,INÍRIDA,94001000,INIRIDA (INÍRIDA - GUAINÍA),2022,9,,642.36,3879.92,viernes,2022-09-23 15:15:00,24.0
94,GUAINÍA,94343,BARRANCO MINAS,94343000,BARRANCO MINAS (BARRANCO MINAS - GUAINÍA),2022,9,67.445,19.688,186.56,jueves,2022-09-15 18:00:00,1641.0
95,GUAVIARE,95200,MIRAFLORES,95200000,MIRAFLORES (MIRAFLORES - GUAVIARE),2022,9,85.441,29.843,221.32,jueves,2022-09-29 19:30:00,1788.0
97,VAUPÉS,97001,MITÚ,97001000,MITU (MITÚ - VAUPÉS),2022,9,,376.546,2868.76,lunes,2022-09-19 12:00:00,24.0
97,VAUPÉS,97161,CARURU,97161000,CARURU (CARURU - VAUPÉS),2022,9,27.026,8.615,95.13,jueves,2022-09-29 15:00:00,1215.0
97,VAUPÉS,97666,TARAIRA,97666000,TARAIRA (TARAIRA - VAUPÉS),2022,9,33.335,9.96,130.06,martes,2022-09-27 18:15:00,1118.0
99,VICHADA,99001,PUERTO CARREÑO,99001000,PUERTO CARREÑO (PUERTO CARREÑO - VICHADA),2022,9,,782.876,4789.84,jueves,2022-09-15 14:30:00,2395.0
99,VICHADA,99001,PUERTO CARREÑO,99001002,CASUARITO (PUERTO CARREÑO - VICHADA),2022,9,33.44,12.74,105.78,viernes,2022-09-02 11:45:00,1371.0
99,VICHADA,99524,LA PRIMAVERA,99524000,LA PRIMAVERA (LA PRIMAVERA - VICHADA),2022,9,356.275,135.354,714.78,martes,2022-09-20 18:15:00,2383.0
99,VICHADA,99624,SANTA ROSALIA,99624000,SANTA ROSALIA (SANTA ROSALIA - VICHADA),2022,9,145.211,70.159,351.41,viernes,2022-09-02 18:45:00,1838.0
99,VICHADA,99773,CUMARIBO,99773000,CUMARIBO (CUMARIBO - VICHADA),2022,9,320.979,131.025,701.8,viernes,2022-09-23 14:30:00,2392.0
91,AMAZONAS,91001,LETICIA,91001000,LETICIA (LETICIA - AMAZONAS),2022,10,,,7978.8,jueves,2022-10-06 14:45:00,24.0
91,AMAZONAS,91540,PUERTO NARIÑO,91540000,PUERTO NARIÑO (PUERTO NARIÑO - AMAZONAS),2022,10,123.286,44.64,249.22,jueves,2022-10-06 18:45:00,24.0
91,AMAZONAS,91798,TARAPACÁ (ANM),91798000,TARAPACÁ (TARAPACÁ (ANM) - AMAZONAS),2022,10,26.806,12.051,98.11,viernes,2022-10-07 19:00:00,1016.0
5,ANTIOQUIA,5873,VIGÍA DEL FUERTE,5873002,VEGÁEZ (VIGÍA DEL FUERTE - ANTIOQUIA),2022,10,4.933,700.0,32.1,miércoles,2022-10-12 20:45:00,646.0
88,"ARCHIPIÉLAGO DE SAN ANDRÉS, PROVIDENCIA Y SANTA CATALINA",88564,PROVIDENCIA,88564000,PROVIDENCIA (PROVIDENCIA - ARCHIPIÉLAGO DE SAN ANDRÉS Y PROVIDENCIA),2022,10,,270.573,1977.64,jueves,2022-10-06 21:00:00,2329.0
88,"ARCHIPIÉLAGO DE SAN ANDRÉS, PROVIDENCIA Y SANTA CATALINA",88001,SAN ANDRÉS,88001000,SAN ANDRÉS (SAN ANDRÉS - ARCHIPIÉLAGO DE SAN ANDRÉS Y PROVIDENCIA),2022,10,,,30738.96,miércoles,2022-10-19 15:30:00,2347.0
13,BOLÍVAR,13001,CARTAGENA DE INDIAS,13001007,ISLA FUERTE (CARTAGENA DE INDIAS - BOLÍVAR),2022,10,50.233,28.933,201.7,sábado,2022-10-15 23:30:00,1032.0
13,BOLÍVAR,13001,CARTAGENA DE INDIAS,13001037,ISLA MÚCURA (CARTAGENA DE INDIAS - BOLÍVAR),2022,10,6.568,2.603,22.21,martes,2022-10-04 21:30:00,1339.0
13,BOLÍVAR,13001,CARTAGENA DE INDIAS,13001017,SANTA CRUZ DEL ISLOTE (CARTAGENA DE INDIAS - BOLÍVAR),2022,10,13.617,4.41,38.37,miércoles,2022-10-26 22:15:00,1357.0
18,CAQUETÁ,18150,CARTAGENA DEL CHAIRÁ,18150001,REMOLINO DEL CAGUÁN (CARTAGENA DEL CHAIRA - CAQUETÁ),2022,10,19.814,7.489,96.52,sábado,2022-10-29 18:45:00,827.0
18,CAQUETÁ,18150,CARTAGENA DEL CHAIRÁ,18150002,SANTA FE DEL CAGUÁN (CARTAGENA DEL CHAIRA - CAQUETÁ),2022,10,5.247,2.767,41.4,viernes,2022-10-28 18:30:00,544.0
18,CAQUETÁ,18753,SAN VICENTE DEL CAGUÁN,18753002,GUACAMAYAS (SAN VICENTE DEL CAGUÁN - CAQUETÁ),2022,10,14.139,6.202,41.66,lunes,2022-10-24 18:30:00,1834.0
18,CAQUETÁ,18753,SAN VICENTE DEL CAGUÁN,18753015,GUAYABAL (SAN VICENTE DEL CAGUÁN - CAQUETÁ),2022,10,5.433,2.646,43.98,domingo,2022-10-23 13:00:00,521.0
18,CAQUETÁ,18753,SAN VICENTE DEL CAGUÁN,18753009,PUERTO BETANIA (SAN VICENTE DEL CAGUÁN - CAQUETÁ),2022,10,5.895,2.457,48.28,sábado,2022-10-22 19:15:00,551.0
19,CAUCA,19318,GUAPI,19318008,LIMONES (GUAPI - CAUCA),2022,10,7.362,3.457,39.85,sábado,2022-10-29 19:30:00,752.0
19,CAUCA,19318,GUAPI,19318013,SAN ANTONIO DE GUAJUÍ (GUAPI - CAUCA),2022,10,10.254,5.126,54.93,jueves,2022-10-06 19:15:00,746.0
19,CAUCA,19418,LÓPEZ DE MICAY,19418011,DOS QUEBRADAS RÍO NAYA (LÓPEZ DE MICAY - CAUCA),2022,10,3.481,1.252,28.48,lunes,2022-10-24 19:00:00,523.0
19,CAUCA,19418,LÓPEZ DE MICAY,19418038,ISLA DE GALLO (LÓPEZ DE MICAY - CAUCA),2022,10,2.978,1.499,25.22,viernes,2022-10-28 18:45:00,459.0
19,CAUCA,19418,LÓPEZ DE MICAY,19418009,NOANAMITO (LÓPEZ DE MICAY - CAUCA),2022,10,5.732,1.553,52.0,miércoles,2022-10-19 19:30:00,426.0
19,CAUCA,19418,LÓPEZ DE MICAY,19418012,SAN ANTONIO DE CHUARÉ (LÓPEZ DE MICAY - CAUCA),2022,10,4.673,1.395,44.29,domingo,2022-10-30 19:15:00,408.0
19,CAUCA,19809,TIMBIQUÍ,19809010,COMUNIDAD DE CHETE (TIMBIQUÍ - CAUCA),2022,10,3.407,1.172,27.42,miércoles,2022-10-05 19:00:00,501.0
19,CAUCA,19809,TIMBIQUÍ,19809003,COTEJE (TIMBIQUÍ - CAUCA),2022,10,5.947,4.157,33.0,lunes,2022-10-17 19:15:00,655.0
19,CAUCA,19809,TIMBIQUÍ,19809026,LOS BRAZOS (TIMBIQUÍ - CAUCA),2022,10,7.537,1.691,40.9,lunes,2022-10-03 19:45:00,703.0
19,CAUCA,19809,TIMBIQUÍ,19809023,PUERTO SAIJA (TIMBIQUÍ - CAUCA),2022,10,28.512,9.307,173.71,viernes,2022-10-28 19:00:00,619.0
19,CAUCA,19809,TIMBIQUÍ,19809009,SANTA ROSA DE SAIJA (TIMBIQUÍ - CAUCA),2022,10,3.762,1.849,24.6,domingo,2022-10-23 19:30:00,604.0
27,CHOCÓ,27006,ACANDÍ,27006000,ACANDÍ (ACANDÍ - CHOCÓ),2022,10,649.446,217.317,1164.77,viernes,2022-10-21 21:00:00,2357.0
27,CHOCÓ,27025,ALTO BAUDÓ (PIE DE PATO),27025000,CIUDAD BAUDÓ - PIE DE PATO (ALTO BAUDÓ - CHOCÓ),2022,10,46.775,15.075,125.14,domingo,2022-10-30 11:30:00,2254.0
27,CHOCÓ,27075,BAHÍA SOLANO (MUTIS),27075000,CIUDAD MUTIS (BAHÍA SOLANO - CHOCÓ),2022,10,675.668,222.852,1284.36,lunes,2022-10-03 19:15:00,2359.0
27,CHOCÓ,27075,BAHÍA SOLANO (MUTIS),27075001,CUPICA (BAHÍA SOLANO - CHOCÓ),2022,10,69.466,24.35,161.79,domingo,2022-10-23 18:45:00,225.0
27,CHOCÓ,27075,BAHÍA SOLANO (MUTIS),27075002,EL VALLE (BAHÍA SOLANO - CHOCÓ),2022,10,165.508,66.301,349.8,miércoles,2022-10-05 19:15:00,2338.0
99,VICHADA,99001,PUERTO CARREÑO,99001002,CASUARITO (PUERTO CARREÑO - VICHADA),2022,10,34.895,12.891,103.66,viernes,2022-10-07 12:00:00,14.0
27,CHOCÓ,27077,BAJO BAUDÓ (PIZARRO),27077905,BUENAVISTA (BAJO BAUDÓ (PIZARRO) - CHOCÓ),2022,10,2.613,404.0,36.1,miércoles,2022-10-12 19:00:00,241.0
27,CHOCÓ,27077,BAJO BAUDÓ (PIZARRO),27077000,PIZARRO (BAJO BAUDÓ (PIZARRO) - CHOCÓ),2022,10,207.008,90.84,419.23,lunes,2022-10-03 19:30:00,2155.0
27,CHOCÓ,27099,BOJAYÁ (BELLAVISTA),27099000,BELLAVISTA (BOJAYÁ (BELLAVISTA) - CHOCÓ),2022,10,91.129,26.424,255.14,domingo,2022-10-09 19:15:00,1532.0
27,CHOCÓ,27099,BOJAYÁ (BELLAVISTA),27099002,LA LOMA DE BOJAYÁ (BOJAYÁ (BELLAVISTA) - CHOCÓ),2022,10,12.842,6.503,64.0,martes,2022-10-11 18:45:00,902.0
27,CHOCÓ,27250,EL LITORAL DEL SAN JUAN,27250000,SANTA GENOVEVA DE DOCORDÓ (EL LITORAL DEL SAN JUAN - CHOCÓ),2022,10,63.376,35.681,200.51,miércoles,2022-10-19 19:00:00,1933.0
27,CHOCÓ,27372,JURADÓ,27372000,JURADÓ (JURADÓ - CHOCÓ),2022,10,162.553,67.613,299.68,lunes,2022-10-03 20:00:00,2358.0
27,CHOCÓ,27425,MEDIO ATRATO (BETÉ),27425000,BETÉ (MEDIO ATRATO (BETÉ) - CHOCÓ),2022,10,14.108,8.475,56.0,martes,2022-10-04 10:15:00,1056.0
27,CHOCÓ,27425,MEDIO ATRATO (BETÉ),27425008,SAN ROQUE (MEDIO ATRATO (BETÉ) - CHOCÓ),2022,10,1.083,326.0,17.38,viernes,2022-10-28 19:45:00,231.0
27,CHOCÓ,27495,NUQUÍ,27495912,COMUNIDAD INDÍGENA DE PANGUÍ - EL YUCAL (NUQUÍ - CHOCÓ),2022,10,7.515,1.688,11.48,martes,2022-10-11 09:30:00,2322.0
27,CHOCÓ,27495,NUQUÍ,27495000,NUQUÍ (NUQUÍ - CHOCÓ),2022,10,258.077,101.846,494.21,martes,2022-10-11 19:45:00,2359.0
27,CHOCÓ,27001,QUIBDÓ,27001029,TAGACHI (QUIBDÓ - CHOCÓ),2022,10,8.544,3.187,52.27,lunes,2022-10-03 19:15:00,749.0
27,CHOCÓ,27800,UNGUÍA,27800001,BALBOA (UNGUÍA - CHOCÓ),2022,10,23.041,9.095,84.55,domingo,2022-10-02 19:00:00,1105.0
27,CHOCÓ,27800,UNGUÍA,27800005,TITUMATE (UNGUÍA - CHOCÓ),2022,10,17.32,4.233,93.46,domingo,2022-10-02 20:15:00,845.0
27,CHOCÓ,27800,UNGUÍA,27800000,UNGUÍA (UNGUÍA - CHOCÓ),2022,10,426.068,145.151,865.92,lunes,2022-10-03 20:00:00,2233.0
94,GUAINÍA,94343,BARRANCOMINAS,94343000,BARRANCOMINAS (BARRANCOMINAS - GUAINÍA),2022,10,68.201,19.442,190.22,miércoles,2022-10-26 18:00:00,1608.0
94,GUAINÍA,94001,INÍRIDA,94001000,INÍRIDA (INÍRIDA - GUAINÍA),2022,10,,674.93,3911.6,martes,2022-10-04 17:45:00,24.0
95,GUAVIARE,95200,MIRAFLORES,95200000,MIRAFLORES (MIRAFLORES - GUAVIARE),2022,10,86.323,30.917,209.0,lunes,2022-10-24 18:15:00,1752.0
47,MAGDALENA,47189,CIÉNAGA,47189018,PALMOR (CIÉNAGA - MAGDALENA),2022,10,95.14,33.917,196.1,domingo,2022-10-30 19:15:00,2301.0
50,META,50325,MAPIRIPÁN,50325000,MAPIRIPÁN (MAPIRIPÁN - META),2022,10,175.63,66.378,347.6,viernes,2022-10-21 18:00:00,2357.0
52,NARIÑO,52250,EL CHARCO,52250023,BAZÁN (EL CHARCO - NARIÑO),2022,10,19.728,6.308,91.2,viernes,2022-10-07 18:45:00,82.0
52,NARIÑO,52250,EL CHARCO,52250003,BOLÍVAR - SAN PEDRO (EL CHARCO - NARIÑO),2022,10,4.507,2.641,27.04,jueves,2022-10-06 19:00:00,648.0
52,NARIÑO,52250,EL CHARCO,52250007,SAN JOSÉ DEL TAPAJE (EL CHARCO - NARIÑO),2022,10,11.32,4.112,64.0,viernes,2022-10-07 19:30:00,806.0
52,NARIÑO,52520,FRANCISCO PIZARRO,52520013,SAN PEDRO DEL VINO (FRANCISCO PIZARRO - NARIÑO),2022,10,4.265,2.442,28.06,sábado,2022-10-01 19:00:00,637.0
52,NARIÑO,52390,LA TOLA,52390005,AGUACATAL (LA TOLA - NARIÑO),2022,10,1.838,440.0,17.33,jueves,2022-10-13 18:15:00,639.0
52,NARIÑO,52390,LA TOLA,52390013,AMÁRALES (LA TOLA - NARIÑO),2022,10,6.572,2.63,40.13,lunes,2022-10-31 18:45:00,706.0
52,NARIÑO,52390,LA TOLA,52390003,LA VIGÍA DE LA MAR (LA TOLA - NARIÑO),2022,10,6.082,2.104,34.16,lunes,2022-10-31 12:15:00,82.0
52,NARIÑO,52390,LA TOLA,52390009,MULATOS (LA TOLA - NARIÑO),2022,10,4.161,2.023,38.05,martes,2022-10-11 18:15:00,606.0
91,AMAZONAS,91798,TARAPACA (ANM),91798000,TARAPACA,2025,12,29.923,12.093,1072516.0,lunes,2025-12-08 14:00:00,1.033
52,NARIÑO,52490,OLAYA HERRERA,52490913,BOCA DE PRIETA (OLAYA HERRERA - NARIÑO),2022,10,2.865,750.0,16.37,martes,2022-10-11 18:00:00,635.0
52,NARIÑO,52835,SAN ANDRÉS DE TUMACO,52835055,BOCAS DE CURAY (TUMACO - NARIÑO),2022,10,8.436,3.67,64.8,viernes,2022-10-21 17:30:00,609.0
52,NARIÑO,52835,SAN ANDRÉS DE TUMACO,52835217,SAN JUAN DE LA COSTA (SAN ANDRÉS DE TUMACO - NARIÑO),2022,10,22.32,8.79,124.8,sábado,2022-10-15 18:45:00,805.0
52,NARIÑO,52696,SANTA BÁRBARA (ISCUANDÉ),52696014,LA ENSENADA (SANTA BÁRBARA (ISCUANDÉ) - NARIÑO),2022,10,2.971,5.272,22.56,miércoles,2022-10-26 18:45:00,52.0
52,NARIÑO,52696,SANTA BÁRBARA (ISCUANDÉ),52696022,SECADERO (SANTA BÁRBARA (ISCUANDÉ) - NARIÑO),2022,10,3.294,1.551,14.86,martes,2022-10-04 18:15:00,913.0
86,PUTUMAYO,86573,PUERTO LEGUÍZAMO,86573009,PIÑUÑA NEGRO (PUERTO LEGUÍZAMO - PUTUMAYO),2022,10,4.362,2.553,25.6,sábado,2022-10-01 18:15:00,649.0
86,PUTUMAYO,86573,PUERTO LEGUÍZAMO,86573000,PUERTO LEGUÍZAMO (PUERTO LEGUÍZAMO - PUTUMAYO),2022,10,,332.419,3229.16,miércoles,2022-10-05 00:00:00,2328.0
76,VALLE DEL CAUCA,76109,BUENAVENTURA,76109028,PUERTO MERIZALDE (BUENAVENTURA - VALLE DEL CAUCA),2022,10,82.571,28.772,221.23,miércoles,2022-10-05 19:00:00,1752.0
76,VALLE DEL CAUCA,76109,BUENAVENTURA,76109032,SAN FRANCISCO NAYA (BUENAVENTURA - VALLE DEL CAUCA),2022,10,7.604,3.094,33.7,sábado,2022-10-29 11:15:00,915.0
97,VAUPÉS,97161,CARURÚ,97161000,CARURÚ (CARURÚ - VAUPÉS),2022,10,12.134,3.288,96.36,viernes,2022-10-07 18:00:00,54.0
97,VAUPÉS,97001,MITÚ,97001000,MITÚ (MITÚ - VAUPÉS),2022,10,,372.514,2952.42,jueves,2022-10-27 11:45:00,2358.0
97,VAUPÉS,97666,TARAIRA,97666000,TARAIRA (TARAIRA - VAUPÉS),2022,10,25.569,7.358,137.28,jueves,2022-10-13 17:45:00,751.0
99,VICHADA,99773,CUMARIBO,99773000,CUMARIBO (CUMARIBO - VICHADA),2022,10,330.513,135.27,679.36,miércoles,2022-10-26 14:45:00,2348.0
99,VICHADA,99524,LA PRIMAVERA,99524000,LA PRIMAVERA (LA PRIMAVERA - VICHADA),2022,10,361.115,135.363,679.66,miércoles,2022-10-26 14:30:00,2351.0
99,VICHADA,99001,PUERTO CARREÑO,99001000,PUERTO CARREÑO (PUERTO CARREÑO - VICHADA),2022,10,,823.386,4800.4,viernes,2022-10-28 13:30:00,2347.0
99,VICHADA,99624,SANTA ROSALÍA,99624000,SANTA ROSALÍA (SANTA ROSALÍA - VICHADA),2022,10,123.998,58.385,368.06,miércoles,2022-10-05 18:15:00,1536.0
91,AMAZONAS,91001,LETICIA,91001000,LETICIA (LETICIA - AMAZONAS),2022,11,,,7963.75,jueves,2022-11-10 15:30:00,2356.0
91,AMAZONAS,91540,PUERTO NARIÑO,91540000,PUERTO NARIÑO (PUERTO NARIÑO - AMAZONAS),2022,11,115.494,41.16,242.53,martes,2022-11-08 18:45:00,24.0
91,AMAZONAS,91798,TARAPACÁ (ANM),91798000,TARAPACÁ (TARAPACÁ (ANM) - AMAZONAS),2022,11,26.19,11.839,98.6,miércoles,2022-11-30 18:30:00,1015.0
88,"ARCHIPIÉLAGO DE SAN ANDRÉS, PROVIDENCIA Y SANTA CATALINA",88564,PROVIDENCIA,88564000,PROVIDENCIA (PROVIDENCIA - ARCHIPIÉLAGO DE SAN ANDRÉS Y PROVIDENCIA),2022,11,,258.81,1934.59,viernes,2022-11-04 19:15:00,24.0
88,"ARCHIPIÉLAGO DE SAN ANDRÉS, PROVIDENCIA Y SANTA CATALINA",88001,SAN ANDRÉS,88001000,SAN ANDRÉS (SAN ANDRÉS - ARCHIPIÉLAGO DE SAN ANDRÉS Y PROVIDENCIA),2022,11,,,29013.03,jueves,2022-11-24 15:15:00,24.0
13,BOLÍVAR,13001,CARTAGENA DE INDIAS,13001007,ISLA FUERTE (CARTAGENA DE INDIAS - BOLÍVAR),2022,11,31.378,18.198,199.04,martes,2022-11-15 22:15:00,63.0
13,BOLÍVAR,13001,CARTAGENA DE INDIAS,13001037,ISLA MÚCURA (CARTAGENA DE INDIAS - BOLÍVAR),2022,11,5.837,2.35,20.26,sábado,2022-11-26 22:30:00,1223.0
13,BOLÍVAR,13001,CARTAGENA DE INDIAS,13001017,SANTA CRUZ DEL ISLOTE (CARTAGENA DE INDIAS - BOLÍVAR),2022,11,11.866,3.793,40.16,miércoles,2022-11-02 22:15:00,1238.0
18,CAQUETÁ,18150,CARTAGENA DEL CHAIRÁ,18150001,REMOLINO DEL CAGUÁN (CARTAGENA DEL CHAIRA - CAQUETÁ),2022,11,17.684,6.476,99.93,sábado,2022-11-12 19:15:00,743.0
18,CAQUETÁ,18753,SAN VICENTE DEL CAGUÁN,18753002,GUACAMAYAS (SAN VICENTE DEL CAGUÁN - CAQUETÁ),2022,11,13.782,5.98,41.69,viernes,2022-11-18 19:30:00,1803.0
18,CAQUETÁ,18753,SAN VICENTE DEL CAGUÁN,18753015,GUAYABAL (SAN VICENTE DEL CAGUÁN - CAQUETÁ),2022,11,5.64,2.729,42.72,sábado,2022-11-26 12:15:00,546.0
18,CAQUETÁ,18753,SAN VICENTE DEL CAGUÁN,18753009,PUERTO BETANIA (SAN VICENTE DEL CAGUÁN - CAQUETÁ),2022,11,5.847,2.36,48.0,sábado,2022-11-05 18:45:00,539.0
19,CAUCA,19318,GUAPI,19318008,LIMONES (GUAPI - CAUCA),2022,11,8.02,3.832,38.63,martes,2022-11-29 20:00:00,859.0
19,CAUCA,19318,GUAPI,19318013,SAN ANTONIO DE GUAJUÍ (GUAPI - CAUCA),2022,11,10.155,5.023,54.71,jueves,2022-11-24 19:30:00,746.0
19,CAUCA,19418,LÓPEZ DE MICAY,19418038,ISLA DE GALLO (LÓPEZ DE MICAY - CAUCA),2022,11,3.197,1.501,27.04,jueves,2022-11-24 19:00:00,55.0
19,CAUCA,19418,LÓPEZ DE MICAY,19418009,NOANAMITO (LÓPEZ DE MICAY - CAUCA),2022,11,3.286,847.0,60.0,sábado,2022-11-26 18:30:00,249.0
19,CAUCA,19418,LÓPEZ DE MICAY,19418012,SAN ANTONIO DE CHUARÉ (LÓPEZ DE MICAY - CAUCA),2022,11,4.252,1.196,44.64,martes,2022-11-01 18:45:00,353.0
19,CAUCA,19809,TIMBIQUÍ,19809014,CHACÓN (TIMBIQUÍ - CAUCA),2022,11,4.483,1.304,27.18,sábado,2022-11-05 19:00:00,7.0
19,CAUCA,19809,TIMBIQUÍ,19809003,COTEJE (TIMBIQUÍ - CAUCA),2022,11,5.969,4.122,32.8,martes,2022-11-22 19:15:00,702.0
19,CAUCA,19809,TIMBIQUÍ,19809026,LOS BRAZOS (TIMBIQUÍ - CAUCA),2022,11,8.223,1.835,38.16,jueves,2022-11-03 19:15:00,837.0
19,CAUCA,19809,TIMBIQUÍ,19809023,PUERTO SAIJA (TIMBIQUÍ - CAUCA),2022,11,34.981,11.388,179.52,lunes,2022-11-14 20:00:00,813.0
19,CAUCA,19809,TIMBIQUÍ,19809009,SANTA ROSA DE SAIJA (TIMBIQUÍ - CAUCA),2022,11,3.772,1.905,24.12,lunes,2022-11-07 19:00:00,621.0
27,CHOCÓ,27006,ACANDÍ,27006000,ACANDÍ (ACANDÍ - CHOCÓ),2022,11,639.819,212.408,1180.61,miércoles,2022-11-02 21:00:00,24.0
27,CHOCÓ,27006,ACANDÍ,27006007,SAN FRANCISCO (ACANDÍ - CHOCÓ),2022,11,23.596,8.448,110.78,sábado,2022-11-19 20:00:00,916.0
27,CHOCÓ,27025,ALTO BAUDÓ (PIE DE PATO),27025000,CIUDAD BAUDÓ - PIE DE PATO (ALTO BAUDÓ - CHOCÓ),2022,11,45.268,14.913,115.54,jueves,2022-11-10 19:00:00,2247.0
27,CHOCÓ,27075,BAHÍA SOLANO (MUTIS),27075000,CIUDAD MUTIS (BAHÍA SOLANO - CHOCÓ),2022,11,641.619,216.495,1247.4,martes,2022-11-01 20:00:00,2348.0
27,CHOCÓ,27075,BAHÍA SOLANO (MUTIS),27075002,EL VALLE (BAHÍA SOLANO - CHOCÓ),2022,11,159.353,62.307,333.17,martes,2022-11-08 18:45:00,24.0
27,CHOCÓ,27077,BAJO BAUDÓ (PIZARRO),27077905,BUENAVISTA (BAJO BAUDÓ (PIZARRO) - CHOCÓ),2022,11,3.056,450.0,35.1,miércoles,2022-11-23 20:00:00,315.0
27,CHOCÓ,27077,BAJO BAUDÓ (PIZARRO),27077000,PIZARRO (BAJO BAUDÓ (PIZARRO) - CHOCÓ),2022,11,195.572,82.637,401.28,domingo,2022-11-06 19:00:00,22.0
27,CHOCÓ,27099,BOJAYÁ (BELLAVISTA),27099000,BELLAVISTA (BOJAYÁ (BELLAVISTA) - CHOCÓ),2022,11,95.417,27.421,237.21,viernes,2022-11-25 19:30:00,1716.0
27,CHOCÓ,27099,BOJAYÁ (BELLAVISTA),27099002,LA LOMA DE BOJAYÁ (BOJAYÁ (BELLAVISTA) - CHOCÓ),2022,11,11.797,5.709,67.2,miércoles,2022-11-30 19:30:00,814.0
27,CHOCÓ,27250,EL LITORAL DEL SAN JUAN,27250002,CUCURRUPÍ (EL LITORAL DEL SAN JUAN - CHOCÓ),2022,11,2.503,770.0,18.14,martes,2022-11-01 18:15:00,543.0
27,CHOCÓ,27250,EL LITORAL DEL SAN JUAN,27250000,SANTA GENOVEVA DE DOCORDÓ (EL LITORAL DEL SAN JUAN - CHOCÓ),2022,11,67.96,41.872,180.05,sábado,2022-11-19 19:15:00,2331.0
27,CHOCÓ,27372,JURADÓ,27372000,JURADÓ (JURADÓ - CHOCÓ),2022,11,156.552,66.334,294.72,miércoles,2022-11-02 19:15:00,2359.0
27,CHOCÓ,27425,MEDIO ATRATO (BETÉ),27425000,BETÉ (MEDIO ATRATO (BETÉ) - CHOCÓ),2022,11,15.11,9.014,60.0,miércoles,2022-11-09 10:30:00,1216.0
27,CHOCÓ,27425,MEDIO ATRATO (BETÉ),27425008,SAN ROQUE (MEDIO ATRATO (BETÉ) - CHOCÓ),2022,11,2.721,788.0,16.99,sábado,2022-11-05 09:15:00,618.0
27,CHOCÓ,27495,NUQUÍ,27495912,COMUNIDAD INDÍGENA DE PANGUÍ - EL YUCAL (NUQUÍ - CHOCÓ),2022,11,7.166,1.62,11.55,lunes,2022-11-07 15:00:00,2252.0
27,CHOCÓ,27495,NUQUÍ,27495000,NUQUÍ (NUQUÍ - CHOCÓ),2022,11,249.447,93.895,480.48,viernes,2022-11-04 19:30:00,2352.0
27,CHOCÓ,27495,NUQUÍ,27495011,PUERTO JAGUA (NUQUÍ - CHOCÓ),2022,11,843.0,482.0,5.59,sábado,2022-11-26 19:45:00,633.0
27,CHOCÓ,27001,QUIBDÓ,27001029,TAGACHI (QUIBDÓ - CHOCÓ),2022,11,7.921,2.993,44.14,jueves,2022-11-10 13:30:00,742.0
27,CHOCÓ,27800,UNGUÍA,27800001,BALBOA (UNGUÍA - CHOCÓ),2022,11,22.297,8.801,84.97,miércoles,2022-11-02 20:00:00,1105.0
27,CHOCÓ,27800,UNGUÍA,27800005,TITUMATE (UNGUÍA - CHOCÓ),2022,11,15.835,3.779,96.01,sábado,2022-11-19 20:30:00,754.0
27,CHOCÓ,27800,UNGUÍA,27800000,UNGUÍA (UNGUÍA - CHOCÓ),2022,11,400.317,137.619,870.14,miércoles,2022-11-02 19:15:00,2217.0
94,GUAINÍA,94343,BARRANCOMINAS,94343000,BARRANCOMINAS (BARRANCOMINAS - GUAINÍA),2022,11,67.848,19.052,192.55,martes,2022-11-22 18:00:00,1622.0
95,GUAVIARE,95200,MIRAFLORES,95200000,MIRAFLORES (MIRAFLORES - GUAVIARE),2022,11,85.289,28.73,217.8,sábado,2022-11-12 18:15:00,1808.0
47,MAGDALENA,47189,CIÉNAGA,47189018,PALMOR (CIÉNAGA - MAGDALENA),2022,11,99.439,36.892,210.24,domingo,2022-11-13 12:00:00,2204.0
50,META,50325,MAPIRIPÁN,50325000,MAPIRIPÁN (MAPIRIPÁN - META),2022,11,163.449,61.673,346.28,miércoles,2022-11-09 18:15:00,2345.0
52,NARIÑO,52250,EL CHARCO,52250023,BAZÁN (EL CHARCO - NARIÑO),2022,11,19.399,6.1,96.0,jueves,2022-11-03 18:30:00,811.0
52,NARIÑO,52250,EL CHARCO,52250003,BOLÍVAR - SAN PEDRO (EL CHARCO - NARIÑO),2022,11,3.586,2.069,26.69,sábado,2022-11-05 20:15:00,541.0
52,NARIÑO,52250,EL CHARCO,52250007,SAN JOSÉ DEL TAPAJE (EL CHARCO - NARIÑO),2022,11,11.05,4.098,64.0,martes,2022-11-15 19:00:00,802.0
52,NARIÑO,52520,FRANCISCO PIZARRO,52520013,SAN PEDRO DEL VINO (FRANCISCO PIZARRO - NARIÑO),2022,11,4.393,2.484,26.75,viernes,2022-11-18 18:00:00,718.0
52,NARIÑO,52390,LA TOLA,52390005,AGUACATAL (LA TOLA - NARIÑO),2022,11,2.048,547.0,10.42,sábado,2022-11-05 16:30:00,826.0
52,NARIÑO,52390,LA TOLA,52390013,AMÁRALES (LA TOLA - NARIÑO),2022,11,6.386,2.073,43.36,sábado,2022-11-12 19:00:00,654.0
52,NARIÑO,52390,LA TOLA,52390009,MULATOS (LA TOLA - NARIÑO),2022,11,5.44,3.007,33.06,jueves,2022-11-24 18:15:00,81.0
52,NARIÑO,52490,OLAYA HERRERA,52490913,BOCA DE PRIETA (OLAYA HERRERA - NARIÑO),2022,11,3.155,820.0,15.89,viernes,2022-11-04 19:00:00,749.0
52,NARIÑO,52835,SAN ANDRÉS DE TUMACO,52835055,BOCAS DE CURAY (TUMACO - NARIÑO),2022,11,8.434,3.259,57.6,domingo,2022-11-06 11:30:00,64.0
52,NARIÑO,52696,SANTA BÁRBARA (ISCUANDÉ),52696014,LA ENSENADA (SANTA BÁRBARA (ISCUANDÉ) - NARIÑO),2022,11,2.727,4.79,21.98,miércoles,2022-11-02 18:45:00,504.0
52,NARIÑO,52696,SANTA BÁRBARA (ISCUANDÉ),52696022,SECADERO (SANTA BÁRBARA (ISCUANDÉ) - NARIÑO),2022,11,3.089,1.438,14.14,miércoles,2022-11-23 18:15:00,903.0
86,PUTUMAYO,86573,PUERTO LEGUÍZAMO,86573009,PIÑUÑA NEGRO (PUERTO LEGUÍZAMO - PUTUMAYO),2022,11,3.797,2.238,25.6,martes,2022-11-01 18:15:00,639.0
86,PUTUMAYO,86573,PUERTO LEGUÍZAMO,86573000,PUERTO LEGUÍZAMO (PUERTO LEGUÍZAMO - PUTUMAYO),2022,11,976.748,311.584,2152.13,martes,2022-11-01 14:30:00,2338.0
76,VALLE DEL CAUCA,76109,BUENAVENTURA,76109028,PUERTO MERIZALDE (BUENAVENTURA - VALLE DEL CAUCA),2022,11,84.534,27.94,202.4,miércoles,2022-11-02 19:45:00,1911.0
76,VALLE DEL CAUCA,76109,BUENAVENTURA,76109032,SAN FRANCISCO NAYA (BUENAVENTURA - VALLE DEL CAUCA),2022,11,7.734,3.112,31.74,viernes,2022-11-11 11:30:00,1011.0
97,VAUPÉS,97161,CARURÚ,97161000,CARURÚ (CARURÚ - VAUPÉS),2022,11,22.488,4.715,83.42,miércoles,2022-11-09 17:45:00,1212.0
91,AMAZONAS,91798,TARAPACA (ANM),91798000,TARAPACA,2026,1,29.302,11.801,1069192.0,jueves,2026-01-22 16:45:00,1.029
97,VAUPÉS,97001,MITÚ,97001000,MITÚ (MITÚ - VAUPÉS),2022,11,,366.476,2844.06,viernes,2022-11-11 11:45:00,24.0
97,VAUPÉS,97666,TARAIRA,97666000,TARAIRA (TARAIRA - VAUPÉS),2022,11,34.41,9.596,133.41,miércoles,2022-11-09 12:30:00,1109.0
99,VICHADA,99773,CUMARIBO,99773000,CUMARIBO (CUMARIBO - VICHADA),2022,11,325.519,132.592,718.08,martes,2022-11-22 11:30:00,2354.0
99,VICHADA,99524,LA PRIMAVERA,99524000,LA PRIMAVERA (LA PRIMAVERA - VICHADA),2022,11,352.603,130.567,687.19,martes,2022-11-15 19:00:00,2353.0
99,VICHADA,99001,PUERTO CARREÑO,99001002,CASUARITO (PUERTO CARREÑO - VICHADA),2022,11,34.325,13.019,106.48,lunes,2022-11-07 18:45:00,1433.0
99,VICHADA,99001,PUERTO CARREÑO,99001000,PUERTO CARREÑO (PUERTO CARREÑO - VICHADA),2022,11,,765.349,4606.8,martes,2022-11-15 13:45:00,2357.0
99,VICHADA,99624,SANTA ROSALÍA,99624000,SANTA ROSALÍA (SANTA ROSALÍA - VICHADA),2022,11,142.339,69.013,345.02,martes,2022-11-15 19:45:00,1817.0
91,AMAZONAS,91001,LETICIA,91001000,LETICIA (LETICIA - AMAZONAS),2022,12,,,7985.82,jueves,2022-12-01 14:30:00,24.0
91,AMAZONAS,91540,PUERTO NARIÑO,91540000,PUERTO NARIÑO (PUERTO NARIÑO - AMAZONAS),2022,12,116.663,40.82,238.48,jueves,2022-12-01 18:45:00,24.0
91,AMAZONAS,91798,TARAPACÁ (ANM),91798000,TARAPACÁ (TARAPACÁ (ANM) - AMAZONAS),2022,12,27.447,12.457,101.1,viernes,2022-12-02 20:00:00,1019.0
88,"ARCHIPIÉLAGO DE SAN ANDRÉS, PROVIDENCIA Y SANTA CATALINA",88564,PROVIDENCIA,88564000,PROVIDENCIA (PROVIDENCIA - ARCHIPIÉLAGO DE SAN ANDRÉS Y PROVIDENCIA),2022,12,,254.554,1825.72,viernes,2022-12-16 19:00:00,24.0
88,"ARCHIPIÉLAGO DE SAN ANDRÉS, PROVIDENCIA Y SANTA CATALINA",88001,SAN ANDRÉS,88001000,SAN ANDRÉS (SAN ANDRÉS - ARCHIPIÉLAGO DE SAN ANDRÉS Y PROVIDENCIA),2022,12,,,29164.14,viernes,2022-12-16 15:30:00,2359.0
13,BOLÍVAR,13001,CARTAGENA DE INDIAS,13001007,ISLA FUERTE (CARTAGENA DE INDIAS - BOLÍVAR),2022,12,25.914,14.554,225.48,viernes,2022-12-30 23:00:00,447.0
13,BOLÍVAR,13001,CARTAGENA DE INDIAS,13001037,ISLA MÚCURA (CARTAGENA DE INDIAS - BOLÍVAR),2022,12,6.661,2.591,20.19,jueves,2022-12-15 23:45:00,1424.0
13,BOLÍVAR,13001,CARTAGENA DE INDIAS,13001017,SANTA CRUZ DEL ISLOTE (CARTAGENA DE INDIAS - BOLÍVAR),2022,12,14.296,4.585,39.04,miércoles,2022-12-28 20:30:00,1507.0
18,CAQUETÁ,18150,CARTAGENA DEL CHAIRÁ,18150001,REMOLINO DEL CAGUÁN (CARTAGENA DEL CHAIRA - CAQUETÁ),2022,12,19.761,7.581,102.18,sábado,2022-12-31 18:30:00,834.0
18,CAQUETÁ,18150,CARTAGENA DEL CHAIRÁ,18150002,SANTA FE DEL CAGUÁN (CARTAGENA DEL CHAIRA - CAQUETÁ),2022,12,3.691,1.846,39.6,sábado,2022-12-31 19:30:00,341.0
18,CAQUETÁ,18753,SAN VICENTE DEL CAGUÁN,18753002,GUACAMAYAS (SAN VICENTE DEL CAGUÁN - CAQUETÁ),2022,12,15.367,6.613,47.62,martes,2022-12-13 19:00:00,1843.0
18,CAQUETÁ,18753,SAN VICENTE DEL CAGUÁN,18753015,GUAYABAL (SAN VICENTE DEL CAGUÁN - CAQUETÁ),2022,12,6.074,3.017,43.17,sábado,2022-12-03 18:15:00,552.0
18,CAQUETÁ,18753,SAN VICENTE DEL CAGUÁN,18753009,PUERTO BETANIA (SAN VICENTE DEL CAGUÁN - CAQUETÁ),2022,12,6.69,2.72,52.32,sábado,2022-12-31 19:15:00,615.0
19,CAUCA,19318,GUAPI,19318008,LIMONES (GUAPI - CAUCA),2022,12,9.289,4.384,43.95,sábado,2022-12-03 13:00:00,942.0
19,CAUCA,19318,GUAPI,19318013,SAN ANTONIO DE GUAJUÍ (GUAPI - CAUCA),2022,12,11.961,6.086,56.48,sábado,2022-12-03 19:15:00,9.0
19,CAUCA,19418,LÓPEZ DE MICAY,19418038,ISLA DE GALLO (LÓPEZ DE MICAY - CAUCA),2022,12,3.661,1.735,27.62,sábado,2022-12-31 19:15:00,548.0
19,CAUCA,19418,LÓPEZ DE MICAY,19418012,SAN ANTONIO DE CHUARÉ (LÓPEZ DE MICAY - CAUCA),2022,12,6.002,1.839,44.29,lunes,2022-12-19 19:00:00,533.0
19,CAUCA,19809,TIMBIQUÍ,19809014,CHACÓN (TIMBIQUÍ - CAUCA),2022,12,5.295,1.597,26.51,jueves,2022-12-15 18:45:00,836.0
19,CAUCA,19809,TIMBIQUÍ,19809003,COTEJE (TIMBIQUÍ - CAUCA),2022,12,6.358,4.518,31.56,domingo,2022-12-11 18:45:00,745.0
19,CAUCA,19809,TIMBIQUÍ,19809026,LOS BRAZOS (TIMBIQUÍ - CAUCA),2022,12,8.548,2.037,34.82,martes,2022-12-20 19:45:00,922.0
19,CAUCA,19809,TIMBIQUÍ,19809023,PUERTO SAIJA (TIMBIQUÍ - CAUCA),2022,12,37.954,12.813,169.49,viernes,2022-12-23 19:00:00,947.0
19,CAUCA,19809,TIMBIQUÍ,19809009,SANTA ROSA DE SAIJA (TIMBIQUÍ - CAUCA),2022,12,4.407,2.236,22.58,miércoles,2022-12-07 18:15:00,806.0
27,CHOCÓ,27006,ACANDÍ,27006000,ACANDÍ (ACANDÍ - CHOCÓ),2022,12,654.345,215.32,1215.1,sábado,2022-12-07 18:15:00,2359.0
27,CHOCÓ,27006,ACANDÍ,27006007,SAN FRANCISCO (ACANDÍ - CHOCÓ),2022,12,26.493,9.465,122.83,viernes,2022-12-30 19:45:00,926.0
27,CHOCÓ,27025,ALTO BAUDÓ (PIE DE PATO),27025000,CIUDAD BAUDÓ - PIE DE PATO (ALTO BAUDÓ - CHOCÓ),2022,12,46.897,16.086,112.02,viernes,2022-12-30 12:00:00,2358.0
27,CHOCÓ,27075,BAHÍA SOLANO (MUTIS),27075002,EL VALLE (BAHÍA SOLANO - CHOCÓ),2022,12,168.547,65.188,368.02,sábado,2022-12-31 19:45:00,2344.0
27,CHOCÓ,27077,BAJO BAUDÓ (PIZARRO),27077000,PIZARRO (BAJO BAUDÓ (PIZARRO) - CHOCÓ),2022,12,211.414,92.665,411.31,viernes,2022-12-09 19:00:00,2237.0
27,CHOCÓ,27099,BOJAYÁ (BELLAVISTA),27099000,BELLAVISTA (BOJAYÁ (BELLAVISTA) - CHOCÓ),2022,12,97.377,28.24,232.4,viernes,2022-12-02 19:15:00,171.0
27,CHOCÓ,27099,BOJAYÁ (BELLAVISTA),27099005,NAPIPÍ (BOJAYÁ (BELLAVISTA) - CHOCÓ),2022,12,12.728,6.41,64.0,viernes,2022-12-23 19:30:00,805.0
27,CHOCÓ,27250,EL LITORAL DEL SAN JUAN,27250002,CUCURRUPÍ (EL LITORAL DEL SAN JUAN - CHOCÓ),2022,12,2.676,855.0,16.99,miércoles,2022-12-28 18:45:00,605.0
27,CHOCÓ,27250,EL LITORAL DEL SAN JUAN,27250000,SANTA GENOVEVA DE DOCORDÓ (EL LITORAL DEL SAN JUAN - CHOCÓ),2022,12,69.04,43.45,169.88,miércoles,2022-12-14 11:45:00,2345.0
27,CHOCÓ,27372,JURADÓ,27372000,JURADÓ (JURADÓ - CHOCÓ),2022,12,177.894,72.7,326.56,sábado,2022-12-31 19:15:00,2359.0
5,ANTIOQUIA,5873,VIGÍA DEL FUERTE,5873013,LOMA MURRI,2025,12,6.057,2.856,31562.0,lunes,2025-12-07 19:00:00,831.0
27,CHOCÓ,27425,MEDIO ATRATO (BETÉ),27425000,BETÉ (MEDIO ATRATO (BETÉ) - CHOCÓ),2022,12,15.513,9.438,56.0,lunes,2022-12-05 11:45:00,1241.0
27,CHOCÓ,27495,NUQUÍ,27495912,COMUNIDAD INDÍGENA DE PANGUÍ - EL YUCAL (NUQUÍ - CHOCÓ),2022,12,6.816,1.776,11.66,sábado,2022-12-31 19:15:00,2307.0
27,CHOCÓ,27495,NUQUÍ,27495011,PUERTO JAGUA (NUQUÍ - CHOCÓ),2022,12,1.072,645.0,6.48,sábado,2022-12-24 20:00:00,648.0
27,CHOCÓ,27001,QUIBDÓ,27001029,TAGACHI (QUIBDÓ - CHOCÓ),2022,12,8.427,3.24,42.94,sábado,2022-12-03 13:15:00,816.0
27,CHOCÓ,27800,UNGUÍA,27800001,BALBOA (UNGUÍA - CHOCÓ),2022,12,22.438,8.79,83.8,sábado,2022-12-24 19:00:00,1108.0
27,CHOCÓ,27800,UNGUÍA,27800005,TITUMATE (UNGUÍA - CHOCÓ),2022,12,17.321,4.162,96.98,viernes,2022-12-09 20:00:00,813.0
27,CHOCÓ,27800,UNGUÍA,27800000,UNGUÍA (UNGUÍA - CHOCÓ),2022,12,412.442,143.382,868.03,sábado,2022-12-31 19:15:00,2219.0
94,GUAINÍA,94343,BARRANCOMINAS,94343000,BARRANCOMINAS (BARRANCOMINAS - GUAINÍA),2022,12,70.067,21.323,192.38,lunes,2022-12-05 18:15:00,1622.0
95,GUAVIARE,95200,MIRAFLORES,95200000,MIRAFLORES (MIRAFLORES - GUAVIARE),2022,12,84.461,29.297,203.72,jueves,2022-12-01 18:30:00,1809.0
47,MAGDALENA,47189,CIÉNAGA,47189018,PALMOR (CIÉNAGA - MAGDALENA),2022,12,100.803,39.278,203.33,sábado,2022-12-10 19:15:00,2156.0
50,META,50325,MAPIRIPÁN,50325000,MAPIRIPÁN (MAPIRIPÁN - META),2022,12,173.749,67.839,346.72,viernes,2022-12-09 18:30:00,24.0
52,NARIÑO,52250,EL CHARCO,52250023,BAZÁN (EL CHARCO - NARIÑO),2022,12,22.496,7.248,100.8,viernes,2022-12-30 17:45:00,914.0
52,NARIÑO,52250,EL CHARCO,52250003,BOLÍVAR - SAN PEDRO (EL CHARCO - NARIÑO),2022,12,3.807,2.044,25.28,sábado,2022-12-03 19:00:00,613.0
52,NARIÑO,52250,EL CHARCO,52250007,SAN JOSÉ DEL TAPAJE (EL CHARCO - NARIÑO),2022,12,12.292,4.518,56.0,jueves,2022-12-01 18:30:00,902.0
52,NARIÑO,52390,LA TOLA,52390013,AMÁRALES (LA TOLA - NARIÑO),2022,12,7.097,2.383,43.55,miércoles,2022-12-21 19:30:00,75.0
52,NARIÑO,52390,LA TOLA,52390009,MULATOS (LA TOLA - NARIÑO),2022,12,5.965,3.426,38.78,viernes,2022-12-16 18:30:00,822.0
52,NARIÑO,52490,OLAYA HERRERA,52490913,BOCA DE PRIETA (OLAYA HERRERA - NARIÑO),2022,12,2.544,699.0,17.09,lunes,2022-12-26 19:00:00,541.0
52,NARIÑO,52835,SAN ANDRÉS DE TUMACO,52835055,BOCAS DE CURAY (TUMACO - NARIÑO),2022,12,9.164,3.464,57.6,domingo,2022-12-18 11:00:00,659.0
52,NARIÑO,52696,SANTA BÁRBARA (ISCUANDÉ),52696014,LA ENSENADA (SANTA BÁRBARA (ISCUANDÉ) - NARIÑO),2022,12,3.126,5.509,22.18,martes,2022-12-06 20:30:00,548.0
52,NARIÑO,52696,SANTA BÁRBARA (ISCUANDÉ),52696022,SECADERO (SANTA BÁRBARA (ISCUANDÉ) - NARIÑO),2022,12,2.985,1.264,14.06,viernes,2022-12-02 18:30:00,919.0
86,PUTUMAYO,86573,PUERTO LEGUÍZAMO,86573009,PIÑUÑA NEGRO (PUERTO LEGUÍZAMO - PUTUMAYO),2022,12,3.972,2.245,35.2,sábado,2022-12-03 17:15:00,62.0
86,PUTUMAYO,86573,PUERTO LEGUÍZAMO,86573000,PUERTO LEGUÍZAMO (PUERTO LEGUÍZAMO - PUTUMAYO),2022,12,927.588,312.165,2034.47,miércoles,2022-12-07 15:00:00,2307.0
76,VALLE DEL CAUCA,76109,BUENAVENTURA,76109028,PUERTO MERIZALDE (BUENAVENTURA - VALLE DEL CAUCA),2022,12,96.101,32.457,184.1,viernes,2022-12-23 20:15:00,2328.0
76,VALLE DEL CAUCA,76109,BUENAVENTURA,76109032,SAN FRANCISCO NAYA (BUENAVENTURA - VALLE DEL CAUCA),2022,12,7.108,2.917,34.75,sábado,2022-12-24 12:00:00,849.0
97,VAUPÉS,97001,MITÚ,97001000,MITÚ (MITÚ - VAUPÉS),2022,12,,408.967,2877.24,miércoles,2022-12-14 12:00:00,2355.0
97,VAUPÉS,97666,TARAIRA,97666000,TARAIRA (TARAIRA - VAUPÉS),2022,12,30.847,8.849,126.1,lunes,2022-12-05 18:15:00,1006.0
99,VICHADA,99524,LA PRIMAVERA,99524000,LA PRIMAVERA (LA PRIMAVERA - VICHADA),2022,12,364.012,139.356,679.07,miércoles,2022-12-28 19:15:00,2359.0
99,VICHADA,99001,PUERTO CARREÑO,99001002,CASUARITO (PUERTO CARREÑO - VICHADA),2022,12,34.739,13.313,95.74,jueves,2022-12-15 18:15:00,1425.0
99,VICHADA,99001,PUERTO CARREÑO,99001000,PUERTO CARREÑO (PUERTO CARREÑO - VICHADA),2022,12,,834.238,4367.44,miércoles,2022-12-14 14:30:00,2358.0
99,VICHADA,99624,SANTA ROSALÍA,99624000,SANTA ROSALÍA (SANTA ROSALÍA - VICHADA),2022,12,148.727,72.473,343.15,miércoles,2022-12-14 20:15:00,1804.0
91,AMAZONAS,91001,LETICIA,91001000,LETICIA (LETICIA - AMAZONAS),2023,1,,,7132.96,viernes,2023-01-27 14:45:00,24.0
91,AMAZONAS,91540,PUERTO NARIÑO,91540000,PUERTO NARIÑO (PUERTO NARIÑO - AMAZONAS),2023,1,112.349,39.609,228.98,martes,2023-01-24 19:30:00,2359.0
91,AMAZONAS,91798,TARAPACÁ (ANM),91798000,TARAPACÁ (TARAPACÁ (ANM) - AMAZONAS),2023,1,26.553,11.97,96.94,martes,2023-01-03 14:45:00,1019.0
5,ANTIOQUIA,5873,VIGÍA DEL FUERTE,5873002,VEGÁEZ (VIGÍA DEL FUERTE - ANTIOQUIA),2023,1,5.368,870.0,41.22,lunes,2023-01-16 20:00:00,636.0
88,"ARCHIPIÉLAGO DE SAN ANDRÉS, PROVIDENCIA Y SANTA CATALINA",88564,PROVIDENCIA,88564000,PROVIDENCIA (PROVIDENCIA - ARCHIPIÉLAGO DE SAN ANDRÉS Y PROVIDENCIA),2023,1,,237.865,1778.95,lunes,2023-01-30 21:45:00,235.0
88,"ARCHIPIÉLAGO DE SAN ANDRÉS, PROVIDENCIA Y SANTA CATALINA",88001,SAN ANDRÉS,88001000,SAN ANDRÉS (SAN ANDRÉS - ARCHIPIÉLAGO DE SAN ANDRÉS Y PROVIDENCIA),2023,1,,,28229.7,lunes,2023-01-02 15:45:00,24.0
13,BOLÍVAR,13001,CARTAGENA DE INDIAS,13001007,ISLA FUERTE (CARTAGENA DE INDIAS - BOLÍVAR),2023,1,37.775,22.357,230.05,miércoles,2023-01-04 22:30:00,649.0
13,BOLÍVAR,13001,CARTAGENA DE INDIAS,13001037,ISLA MÚCURA (CARTAGENA DE INDIAS - BOLÍVAR),2023,1,6.927,2.64,20.83,domingo,2023-01-08 00:00:00,15.0
13,BOLÍVAR,13001,CARTAGENA DE INDIAS,13001017,SANTA CRUZ DEL ISLOTE (CARTAGENA DE INDIAS - BOLÍVAR),2023,1,7.041,2.223,38.98,martes,2023-01-10 20:30:00,756.0
18,CAQUETÁ,18150,CARTAGENA DEL CHAIRÁ,18150001,REMOLINO DEL CAGUÁN (CARTAGENA DEL CHAIRA - CAQUETÁ),2023,1,16.274,6.186,99.35,lunes,2023-01-30 19:00:00,702.0
18,CAQUETÁ,18150,CARTAGENA DEL CHAIRÁ,18150002,SANTA FE DEL CAGUÁN (CARTAGENA DEL CHAIRA - CAQUETÁ),2023,1,3.572,1.792,39.08,martes,2023-01-24 18:45:00,352.0
18,CAQUETÁ,18753,SAN VICENTE DEL CAGUÁN,18753002,GUACAMAYAS (SAN VICENTE DEL CAGUÁN - CAQUETÁ),2023,1,15.622,6.107,41.35,sábado,2023-01-28 19:15:00,1856.0
18,CAQUETÁ,18753,SAN VICENTE DEL CAGUÁN,18753015,GUAYABAL (SAN VICENTE DEL CAGUÁN - CAQUETÁ),2023,1,5.548,2.721,43.18,sábado,2023-01-07 19:00:00,529.0
18,CAQUETÁ,18753,SAN VICENTE DEL CAGUÁN,18753009,PUERTO BETANIA (SAN VICENTE DEL CAGUÁN - CAQUETÁ),2023,1,6.443,2.704,51.44,viernes,2023-01-06 19:30:00,627.0
19,CAUCA,19318,GUAPI,19318008,LIMONES (GUAPI - CAUCA),2023,1,8.296,3.957,46.45,jueves,2023-01-26 17:30:00,902.0
19,CAUCA,19318,GUAPI,19318013,SAN ANTONIO DE GUAJUÍ (GUAPI - CAUCA),2023,1,8.15,4.116,57.37,viernes,2023-01-20 20:00:00,607.0
19,CAUCA,19418,LÓPEZ DE MICAY,19418011,DOS QUEBRADAS RÍO NAYA (LÓPEZ DE MICAY - CAUCA),2023,1,0.0,0.0,0.0,domingo,2023-01-01 00:00:00,0.0
19,CAUCA,19418,LÓPEZ DE MICAY,19418038,ISLA DE GALLO (LÓPEZ DE MICAY - CAUCA),2023,1,3.283,1.589,28.35,sábado,2023-01-14 19:45:00,451.0
19,CAUCA,19418,LÓPEZ DE MICAY,19418012,SAN ANTONIO DE CHUARÉ (LÓPEZ DE MICAY - CAUCA),2023,1,5.158,1.565,44.9,miércoles,2023-01-25 19:30:00,441.0
19,CAUCA,19809,TIMBIQUÍ,19809014,CHACÓN (TIMBIQUÍ - CAUCA),2023,1,4.119,1.176,26.45,sábado,2023-01-21 18:45:00,624.0
19,CAUCA,19809,TIMBIQUÍ,19809003,COTEJE (TIMBIQUÍ - CAUCA),2023,1,5.774,4.084,31.48,martes,2023-01-31 19:45:00,71.0
19,CAUCA,19809,TIMBIQUÍ,19809026,LOS BRAZOS (TIMBIQUÍ - CAUCA),2023,1,8.959,3.905,40.08,viernes,2023-01-06 18:45:00,907.0
19,CAUCA,19809,TIMBIQUÍ,19809023,PUERTO SAIJA (TIMBIQUÍ - CAUCA),2023,1,24.263,8.129,163.33,domingo,2023-01-22 19:30:00,545.0
19,CAUCA,19809,TIMBIQUÍ,19809009,SANTA ROSA DE SAIJA (TIMBIQUÍ - CAUCA),2023,1,3.474,1.741,20.69,martes,2023-01-31 19:15:00,648.0
27,CHOCÓ,27006,ACANDÍ,27006000,ACANDÍ (ACANDÍ - CHOCÓ),2023,1,631.527,201.731,1257.87,sábado,2023-01-28 20:30:00,2324.0
27,CHOCÓ,27006,ACANDÍ,27006007,SAN FRANCISCO (ACANDÍ - CHOCÓ),2023,1,27.055,9.744,136.94,sábado,2023-01-07 20:00:00,919.0
27,CHOCÓ,27025,ALTO BAUDÓ (PIE DE PATO),27025000,CIUDAD BAUDÓ - PIE DE PATO (ALTO BAUDÓ - CHOCÓ),2023,1,44.275,15.316,139.04,jueves,2023-01-26 19:15:00,2123.0
27,CHOCÓ,27075,BAHÍA SOLANO (MUTIS),27075002,EL VALLE (BAHÍA SOLANO - CHOCÓ),2023,1,167.506,64.436,358.78,jueves,2023-01-05 19:15:00,2318.0
27,CHOCÓ,27077,BAJO BAUDÓ (PIZARRO),27077029,FIRME DE USARGA (BAJO BAUDÓ (PIZARRO) - CHOCÓ),2023,1,980.0,286.0,7.65,jueves,2023-01-12 18:45:00,53.0
27,CHOCÓ,27077,BAJO BAUDÓ (PIZARRO),27077026,GUINEAL (BAJO BAUDÓ (PIZARRO) - CHOCÓ),2023,1,6.212,2.935,37.89,miércoles,2023-01-25 20:00:00,744.0
27,CHOCÓ,27077,BAJO BAUDÓ (PIZARRO),27077011,PILIZA (BAJO BAUDÓ (PIZARRO) - CHOCÓ),2023,1,4.514,2.299,41.6,viernes,2023-01-06 18:15:00,543.0
27,CHOCÓ,27077,BAJO BAUDÓ (PIZARRO),27077000,PIZARRO (BAJO BAUDÓ (PIZARRO) - CHOCÓ),2023,1,217.404,95.152,435.07,viernes,2023-01-06 18:45:00,231.0
27,CHOCÓ,27077,BAJO BAUDÓ (PIZARRO),27077016,SIVIRU (BAJO BAUDÓ - CHOCÓ),2023,1,7.301,2.902,40.14,sábado,2023-01-07 19:15:00,834.0
27,CHOCÓ,27077,BAJO BAUDÓ (PIZARRO),27077916,TERRON (BAJO BAUDÓ - CHOCÓ),2023,1,2.41,1.042,25.65,sábado,2023-01-14 19:15:00,401.0
27,CHOCÓ,27077,BAJO BAUDÓ (PIZARRO),27077019,VIRUDO,2023,1,5.04,2.511,53.93,martes,2023-01-10 12:15:00,634.0
27,CHOCÓ,27099,BOJAYÁ (BELLAVISTA),27099000,BELLAVISTA (BOJAYÁ (BELLAVISTA) - CHOCÓ),2023,1,89.09,26.099,244.35,sábado,2023-01-28 19:45:00,1515.0
27,CHOCÓ,27099,BOJAYÁ (BELLAVISTA),27099005,NAPIPÍ (BOJAYÁ (BELLAVISTA) - CHOCÓ),2023,1,12.867,6.506,67.2,domingo,2023-01-29 19:30:00,74.0
27,CHOCÓ,27099,BOJAYÁ (BELLAVISTA),27099030,PIEDRA CANDELA (BOJAYÁ - CHOCÓ),2023,1,7.605,3.438,32.95,viernes,2023-01-27 19:30:00,925.0
27,CHOCÓ,27250,EL LITORAL DEL SAN JUAN,27250002,CUCURRUPÍ (EL LITORAL DEL SAN JUAN - CHOCÓ),2023,1,2.467,841.0,17.79,lunes,2023-01-09 18:45:00,542.0
27,CHOCÓ,27250,EL LITORAL DEL SAN JUAN,27250000,SANTA GENOVEVA DE DOCORDÓ (EL LITORAL DEL SAN JUAN - CHOCÓ),2023,1,59.896,35.133,180.97,miércoles,2023-01-18 08:00:00,1908.0
27,CHOCÓ,27361,ISTMINA,27361021,PANAMACITO,2023,1,1.792,267.0,10.19,martes,2023-01-24 19:30:00,619.0
27,CHOCÓ,27372,JURADÓ,27372000,JURADÓ (JURADÓ - CHOCÓ),2023,1,166.004,69.35,302.56,lunes,2023-01-30 19:00:00,2345.0
27,CHOCÓ,27425,MEDIO ATRATO (BETÉ),27425000,BETÉ (MEDIO ATRATO (BETÉ) - CHOCÓ),2023,1,15.239,9.097,56.0,miércoles,2023-01-18 12:15:00,1215.0
27,CHOCÓ,27425,MEDIO ATRATO (BETÉ),27425008,SAN ROQUE (MEDIO ATRATO (BETÉ) - CHOCÓ),2023,1,1.0,0.0,2.54,domingo,2023-01-29 10:30:00,0.0
27,CHOCÓ,27450,MEDIO SAN JUAN,27450903,LA LERMA,2023,1,1.043,201.0,6.39,domingo,2023-01-08 17:45:00,655.0
27,CHOCÓ,27450,MEDIO SAN JUAN,27450016,MACEDONIA (MEDIO SAN JUAN - CHOCÓ),2023,1,0.0,0.0,0.0,domingo,2023-01-01 00:00:00,0.0
27,CHOCÓ,27495,NUQUÍ,27495912,COMUNIDAD INDÍGENA DE PANGUÍ - EL YUCAL (NUQUÍ - CHOCÓ),2023,1,6.151,1.683,11.38,lunes,2023-01-02 14:00:00,2102.0
27,CHOCÓ,27495,NUQUÍ,27495003,JURUBIRA (NUQUÍ - CHOCÓ),2023,1,18.367,7.963,63.02,martes,2023-01-24 21:30:00,1317.0
27,CHOCÓ,27001,QUIBDÓ,27001029,TAGACHI (QUIBDÓ - CHOCÓ),2023,1,8.85,3.337,45.6,miércoles,2023-01-25 13:30:00,815.0
27,CHOCÓ,27615,RIOSUCIO,27615912,MARCIAL (RIOSUCIO - CHOCÓ),2023,1,60.0,31.0,5.07,domingo,2023-01-01 08:00:00,25.0
27,CHOCÓ,27615,RIOSUCIO,27615930,PEÑAS BLANCAS (RIOSUCIO - CHOCÓ),2023,1,0.0,0.0,0.0,domingo,2023-01-01 00:00:00,0.0
27,CHOCÓ,27800,UNGUÍA,27800001,BALBOA (UNGUÍA - CHOCÓ),2023,1,21.446,8.32,82.81,sábado,2023-01-07 20:15:00,1107.0
27,CHOCÓ,27800,UNGUÍA,27800005,TITUMATE (UNGUÍA - CHOCÓ),2023,1,16.014,3.835,89.14,viernes,2023-01-06 20:00:00,826.0
27,CHOCÓ,27800,UNGUÍA,27800000,UNGUÍA (UNGUÍA - CHOCÓ),2023,1,402.169,139.811,796.22,martes,2023-01-31 20:30:00,2221.0
94,GUAINÍA,94343,BARRANCOMINAS,94343000,BARRANCOMINAS (BARRANCOMINAS - GUAINÍA),2023,1,61.606,18.107,172.1,lunes,2023-01-30 13:45:00,1614.0
95,GUAVIARE,95200,MIRAFLORES,95200000,MIRAFLORES (MIRAFLORES - GUAVIARE),2023,1,76.527,25.343,182.16,jueves,2023-01-26 18:45:00,1807.0
44,LA GUAJIRA,44847,URIBIA,44847012,NAZARETH (URIBIA - LA GUAJIRA),2023,1,58.763,11.066,293.71,lunes,2023-01-23 19:00:00,945.0
47,MAGDALENA,47189,CIÉNAGA,47189018,PALMOR (CIÉNAGA - MAGDALENA),2023,1,97.367,36.737,184.06,martes,2023-01-17 18:30:00,232.0
50,META,50325,MAPIRIPÁN,50325000,MAPIRIPÁN (MAPIRIPÁN - META),2023,1,162.306,63.555,316.8,lunes,2023-01-16 18:45:00,2351.0
52,NARIÑO,52250,EL CHARCO,52250023,BAZÁN (EL CHARCO - NARIÑO),2023,1,13.097,5.01,105.6,miércoles,2023-01-04 19:00:00,533.0
52,NARIÑO,52250,EL CHARCO,52250003,BOLÍVAR - SAN PEDRO (EL CHARCO - NARIÑO),2023,1,2.668,1.451,25.25,lunes,2023-01-16 19:45:00,424.0
52,NARIÑO,52250,EL CHARCO,52250007,SAN JOSÉ DEL TAPAJE (EL CHARCO - NARIÑO),2023,1,9.462,3.292,56.0,lunes,2023-01-09 17:00:00,654.0
52,NARIÑO,52520,FRANCISCO PIZARRO,52520013,SAN PEDRO DEL VINO (FRANCISCO PIZARRO - NARIÑO),2023,1,1.0,1.0,4.29,martes,2023-01-31 13:00:00,0.0
52,NARIÑO,52390,LA TOLA,52390005,AGUACATAL (LA TOLA - NARIÑO),2023,1,2.163,511.0,9.92,jueves,2023-01-19 18:30:00,825.0
52,NARIÑO,52390,LA TOLA,52390013,AMÁRALES (LA TOLA - NARIÑO),2023,1,5.747,1.82,42.62,martes,2023-01-17 18:45:00,639.0
52,NARIÑO,52390,LA TOLA,52390009,MULATOS (LA TOLA - NARIÑO),2023,1,5.525,3.197,34.4,miércoles,2023-01-25 19:15:00,749.0
52,NARIÑO,52427,MAGÜÍ,52427901,ALTO ESTERO (MAGÜÍ - NARIÑO),2023,1,1.231,389.0,13.48,sábado,2023-01-14 19:15:00,321.0
52,NARIÑO,52427,MAGÜÍ,52427015,BRISAS DE HAMBURGO (MAGÜÍ - NARIÑO),2023,1,335.0,107.0,19.16,lunes,2023-01-30 20:00:00,4.0
52,NARIÑO,52427,MAGÜÍ,52427910,EL ROSARIO,2023,1,68.0,19.0,9.78,domingo,2023-01-01 00:00:00,15.0
52,NARIÑO,52427,MAGÜÍ,52427005,GUILPI,2023,1,560.0,293.0,9.44,jueves,2023-01-12 19:00:00,214.0
52,NARIÑO,52427,MAGÜÍ,52427013,LA LOMA (MAGÜÍ - NARIÑO),2023,1,214.0,77.0,7.37,jueves,2023-01-05 19:45:00,104.0
52,NARIÑO,52490,OLAYA HERRERA,52490913,BOCA DE PRIETA (OLAYA HERRERA - NARIÑO),2023,1,2.697,750.0,16.34,jueves,2023-01-26 19:15:00,615.0
52,NARIÑO,52835,SAN ANDRÉS DE TUMACO,52835055,BOCAS DE CURAY (TUMACO - NARIÑO),2023,1,4.078,1.55,57.6,sábado,2023-01-07 19:00:00,311.0
52,NARIÑO,52696,SANTA BÁRBARA (ISCUANDÉ),52696014,LA ENSENADA (SANTA BÁRBARA (ISCUANDÉ) - NARIÑO),2023,1,3.243,5.88,22.08,martes,2023-01-24 19:00:00,603.0
52,NARIÑO,52696,SANTA BÁRBARA (ISCUANDÉ),52696022,SECADERO (SANTA BÁRBARA (ISCUANDÉ) - NARIÑO),2023,1,3.516,1.23,17.4,domingo,2023-01-22 20:15:00,917.0
86,PUTUMAYO,86573,PUERTO LEGUÍZAMO,86573009,PIÑUÑA NEGRO (PUERTO LEGUÍZAMO - PUTUMAYO),2023,1,3.6,1.998,25.6,sábado,2023-01-14 17:15:00,631.0
86,PUTUMAYO,86573,PUERTO LEGUÍZAMO,86573000,PUERTO LEGUÍZAMO (PUERTO LEGUÍZAMO - PUTUMAYO),2023,1,918.204,315.113,1861.38,viernes,2023-01-27 15:00:00,2321.0
76,VALLE DEL CAUCA,76109,BUENAVENTURA,76109105,PITAL (BUENAVENTURA - VALLE DEL CAUCA),2023,1,2.285,338.0,16.08,domingo,2023-01-08 17:30:00,541.0
76,VALLE DEL CAUCA,76109,BUENAVENTURA,76109028,PUERTO MERIZALDE (BUENAVENTURA - VALLE DEL CAUCA),2023,1,95.242,32.691,191.31,sábado,2023-01-28 20:15:00,2323.0
76,VALLE DEL CAUCA,76109,BUENAVENTURA,76109081,PUNTA BONITA,2023,1,5.717,5.674,24.12,domingo,2023-01-29 20:15:00,1001.0
76,VALLE DEL CAUCA,76109,BUENAVENTURA,76109030,PUNTA SOLDADO (BUENAVENTURA - VALLE DEL CAUCA),2023,1,3.171,1.093,24.15,jueves,2023-01-12 20:00:00,72.0
76,VALLE DEL CAUCA,76109,BUENAVENTURA,76109032,SAN FRANCISCO NAYA (BUENAVENTURA - VALLE DEL CAUCA),2023,1,6.512,2.72,33.73,miércoles,2023-01-18 11:45:00,8.0
97,VAUPÉS,97161,CARURÚ,97161000,CARURÚ (CARURÚ - VAUPÉS),2023,1,7.517,2.252,77.0,martes,2023-01-03 18:45:00,415.0
97,VAUPÉS,97001,MITÚ,97001000,MITÚ (MITÚ - VAUPÉS),2023,1,,390.376,2720.12,viernes,2023-01-27 12:00:00,2349.0
97,VAUPÉS,97666,TARAIRA,97666000,TARAIRA (TARAIRA - VAUPÉS),2023,1,30.27,10.067,114.75,sábado,2023-01-14 18:45:00,1118.0
99,VICHADA,99524,LA PRIMAVERA,99524000,LA PRIMAVERA (LA PRIMAVERA - VICHADA),2023,1,356.138,140.426,671.15,viernes,2023-01-20 18:45:00,24.0
99,VICHADA,99001,PUERTO CARREÑO,99001002,CASUARITO (PUERTO CARREÑO - VICHADA),2023,1,34.85,13.41,97.33,jueves,2023-01-19 19:00:00,1415.0
99,VICHADA,99001,PUERTO CARREÑO,99001000,PUERTO CARREÑO (PUERTO CARREÑO - VICHADA),2023,1,,797.366,4348.96,lunes,2023-01-16 14:30:00,2359.0
99,VICHADA,99624,SANTA ROSALÍA,99624000,SANTA ROSALÍA (SANTA ROSALÍA - VICHADA),2023,1,143.364,71.818,327.07,lunes,2023-01-30 19:45:00,1804.0
91,AMAZONAS,91001,LETICIA,91001000,LETICIA (LETICIA - AMAZONAS),2023,2,,960.122,7103.01,martes,2023-02-14 15:45:00,24.0
91,AMAZONAS,91540,PUERTO NARIÑO,91540000,PUERTO NARIÑO (PUERTO NARIÑO - AMAZONAS),2023,2,104.321,36.516,222.64,sábado,2023-02-18 19:30:00,24.0
91,AMAZONAS,91798,TARAPACÁ (ANM),91798000,TARAPACÁ (TARAPACÁ (ANM) - AMAZONAS),2023,2,24.754,11.145,101.1,sábado,2023-02-11 18:30:00,1017.0
5,ANTIOQUIA,5873,VIGÍA DEL FUERTE,5873002,VEGÁEZ (VIGÍA DEL FUERTE - ANTIOQUIA),2023,2,4.704,821.0,50.4,lunes,2023-02-13 14:30:00,63.0
88,"ARCHIPIÉLAGO DE SAN ANDRÉS, PROVIDENCIA Y SANTA CATALINA",88564,PROVIDENCIA,88564000,PROVIDENCIA (PROVIDENCIA - ARCHIPIÉLAGO DE SAN ANDRÉS Y PROVIDENCIA),2023,2,987.913,214.623,1774.96,lunes,2023-02-27 21:30:00,24.0
88,"ARCHIPIÉLAGO DE SAN ANDRÉS, PROVIDENCIA Y SANTA CATALINA",88001,SAN ANDRÉS,88001000,SAN ANDRÉS (SAN ANDRÉS - ARCHIPIÉLAGO DE SAN ANDRÉS Y PROVIDENCIA),2023,2,,,27871.84,viernes,2023-02-10 15:45:00,24.0
13,BOLÍVAR,13001,CARTAGENA DE INDIAS,13001007,ISLA FUERTE (CARTAGENA DE INDIAS - BOLÍVAR),2023,2,46.35,28.186,182.16,viernes,2023-02-17 22:30:00,102.0
13,BOLÍVAR,13001,CARTAGENA DE INDIAS,13001037,ISLA MÚCURA (CARTAGENA DE INDIAS - BOLÍVAR),2023,2,5.151,2.024,18.37,viernes,2023-02-10 21:30:00,1313.0
13,BOLÍVAR,13001,CARTAGENA DE INDIAS,13001017,SANTA CRUZ DEL ISLOTE (CARTAGENA DE INDIAS - BOLÍVAR),2023,2,7.764,2.349,32.45,jueves,2023-02-16 19:45:00,1103.0
18,CAQUETÁ,18150,CARTAGENA DEL CHAIRÁ,18150001,REMOLINO DEL CAGUÁN (CARTAGENA DEL CHAIRA - CAQUETÁ),2023,2,18.931,7.358,96.27,sábado,2023-02-04 19:15:00,905.0
18,CAQUETÁ,18150,CARTAGENA DEL CHAIRÁ,18150002,SANTA FE DEL CAGUÁN (CARTAGENA DEL CHAIRA - CAQUETÁ),2023,2,3.129,1.511,40.52,sábado,2023-02-04 19:00:00,331.0
18,CAQUETÁ,18753,SAN VICENTE DEL CAGUÁN,18753002,GUACAMAYAS (SAN VICENTE DEL CAGUÁN - CAQUETÁ),2023,2,14.153,5.633,46.15,domingo,2023-02-12 19:00:00,1741.0
18,CAQUETÁ,18753,SAN VICENTE DEL CAGUÁN,18753015,GUAYABAL (SAN VICENTE DEL CAGUÁN - CAQUETÁ),2023,2,4.482,2.181,44.54,domingo,2023-02-12 12:45:00,441.0
50,META,50325,MAPIRIPÁN,50325000,MAPIRIPÁN (MAPIRIPÁN - META),2023,2,163.943,62.426,346.72,lunes,2023-02-13 18:45:00,2358.0
18,CAQUETÁ,18753,SAN VICENTE DEL CAGUÁN,18753009,PUERTO BETANIA (SAN VICENTE DEL CAGUÁN - CAQUETÁ),2023,2,5.518,2.299,49.08,miércoles,2023-02-15 19:45:00,545.0
19,CAUCA,19318,GUAPI,19318008,LIMONES (GUAPI - CAUCA),2023,2,7.523,3.597,40.18,domingo,2023-02-26 20:00:00,856.0
19,CAUCA,19318,GUAPI,19318013,SAN ANTONIO DE GUAJUÍ (GUAPI - CAUCA),2023,2,11.032,5.802,54.26,miércoles,2023-02-01 18:30:00,905.0
19,CAUCA,19418,LÓPEZ DE MICAY,19418011,DOS QUEBRADAS RÍO NAYA (LÓPEZ DE MICAY - CAUCA),2023,2,881.0,292.0,23.62,jueves,2023-02-23 19:30:00,145.0
19,CAUCA,19418,LÓPEZ DE MICAY,19418038,ISLA DE GALLO (LÓPEZ DE MICAY - CAUCA),2023,2,2.894,1.428,28.26,sábado,2023-02-04 19:00:00,442.0
19,CAUCA,19418,LÓPEZ DE MICAY,19418012,SAN ANTONIO DE CHUARÉ (LÓPEZ DE MICAY - CAUCA),2023,2,5.821,1.768,44.61,sábado,2023-02-11 19:00:00,554.0
0,CAUCA,19809,TIMBIQUÍ,19809014,CHACÓN (TIMBIQUÍ - CAUCA),2023,2,3.457,909.0,25.76,lunes,2023-02-06 19:00:00,557.0
19,CAUCA,19809,TIMBIQUÍ,19809003,COTEJE (TIMBIQUÍ - CAUCA),2023,2,5.534,3.828,32.28,domingo,2023-02-12 19:30:00,712.0
19,CAUCA,19809,TIMBIQUÍ,19809026,LOS BRAZOS (TIMBIQUÍ - CAUCA),2023,2,8.111,3.623,43.51,domingo,2023-02-26 19:30:00,84.0
19,CAUCA,19809,TIMBIQUÍ,19809023,PUERTO SAIJA (TIMBIQUÍ - CAUCA),2023,2,0.0,0.0,0.0,miércoles,2023-02-01 00:00:00,0.0
19,CAUCA,19809,TIMBIQUÍ,19809009,SANTA ROSA DE SAIJA (TIMBIQUÍ - CAUCA),2023,2,3.11,1.44,22.63,sábado,2023-02-25 19:45:00,553.0
27,CHOCÓ,27006,ACANDÍ,27006000,ACANDÍ (ACANDÍ - CHOCÓ),2023,2,606.674,194.174,1196.62,jueves,2023-02-23 21:30:00,2235.0
27,CHOCÓ,27006,ACANDÍ,27006007,SAN FRANCISCO (ACANDÍ - CHOCÓ),2023,2,15.26,5.67,111.02,sábado,2023-02-04 19:00:00,6.0
27,CHOCÓ,27025,ALTO BAUDÓ (PIE DE PATO),27025000,CIUDAD BAUDÓ - PIE DE PATO (ALTO BAUDÓ - CHOCÓ),2023,2,48.164,15.826,140.1,martes,2023-07-02 19:00:00,2319.0
27,CHOCÓ,27075,BAHÍA SOLANO (MUTIS),27075002,EL VALLE (BAHÍA SOLANO - CHOCÓ),2023,2,148.952,57.647,363.0,jueves,2023-02-09 19:15:00,2258.0
27,CHOCÓ,27077,BAJO BAUDÓ (PIZARRO),27077029,FIRME DE USARGA (BAJO BAUDÓ (PIZARRO) - CHOCÓ),2023,2,986.0,279.0,8.02,jueves,2023-02-02 20:00:00,623.0
27,CHOCÓ,27077,BAJO BAUDÓ (PIZARRO),27077026,GUINEAL (BAJO BAUDÓ (PIZARRO) - CHOCÓ),2023,2,5.614,2.507,38.16,sábado,2023-02-04 19:30:00,758.0
27,CHOCÓ,27077,BAJO BAUDÓ (PIZARRO),27077011,PILIZA (BAJO BAUDÓ (PIZARRO) - CHOCÓ),2023,2,3.654,2.233,32.0,miércoles,2023-02-01 19:15:00,531.0
27,CHOCÓ,27077,BAJO BAUDÓ (PIZARRO),27077000,PIZARRO (BAJO BAUDÓ (PIZARRO) - CHOCÓ),2023,2,185.116,79.7,512.69,martes,2023-02-28 20:15:00,2113.0
27,CHOCÓ,27077,BAJO BAUDÓ (PIZARRO),27077016,SIVIRU (BAJO BAUDÓ - CHOCÓ),2023,2,6.539,2.563,39.68,domingo,2023-02-15 19:15:00,827.0
27,CHOCÓ,27077,BAJO BAUDÓ (PIZARRO),27077916,TERRON (BAJO BAUDÓ - CHOCÓ),2023,2,4.302,2.008,63.36,sábado,2023-02-18 19:00:00,8.0
27,CHOCÓ,27099,BOJAYÁ (BELLAVISTA),27099000,BELLAVISTA (BOJAYÁ (BELLAVISTA) - CHOCÓ),2023,2,88.854,26.915,254.81,lunes,2023-02-20 19:15:00,1615.0
27,CHOCÓ,27099,BOJAYÁ (BELLAVISTA),27099005,NAPIPÍ (BOJAYÁ (BELLAVISTA) - CHOCÓ),2023,2,11.318,5.612,67.2,sábado,2023-02-11 19:15:00,731.0
27,CHOCÓ,27099,BOJAYÁ (BELLAVISTA),27099030,PIEDRA CANDELA (BOJAYÁ - CHOCÓ),2023,2,7.573,3.32,35.19,viernes,2023-02-03 17:45:00,957.0
27,CHOCÓ,27250,EL LITORAL DEL SAN JUAN,27250002,CUCURRUPÍ (EL LITORAL DEL SAN JUAN - CHOCÓ),2023,2,2.032,663.0,17.86,lunes,2023-02-13 18:30:00,507.0
27,CHOCÓ,27250,EL LITORAL DEL SAN JUAN,27250000,SANTA GENOVEVA DE DOCORDÓ (EL LITORAL DEL SAN JUAN - CHOCÓ),2023,2,65.461,37.421,207.64,martes,2023-02-28 13:00:00,203.0
27,CHOCÓ,27372,JURADÓ,27372000,JURADÓ (JURADÓ - CHOCÓ),2023,2,158.692,65.712,322.4,jueves,2023-02-09 19:45:00,2343.0
27,CHOCÓ,27425,MEDIO ATRATO (BETÉ),27425000,BETÉ (MEDIO ATRATO (BETÉ) - CHOCÓ),2023,2,16.021,8.377,64.0,jueves,2023-02-02 19:15:00,1237.0
27,CHOCÓ,27425,MEDIO ATRATO (BETÉ),27425008,SAN ROQUE (MEDIO ATRATO (BETÉ) - CHOCÓ),2023,2,477.0,198.0,15.29,sábado,2023-02-25 19:15:00,123.0
27,CHOCÓ,27450,MEDIO SAN JUAN,27450016,MACEDONIA (MEDIO SAN JUAN - CHOCÓ),2023,2,0.0,0.0,0.0,miércoles,2023-02-01 00:00:00,0.0
27,CHOCÓ,27495,NUQUÍ,27495912,COMUNIDAD INDÍGENA DE PANGUÍ - EL YUCAL (NUQUÍ - CHOCÓ),2023,2,626.0,338.0,7.01,viernes,2023-02-10 09:15:00,524.0
27,CHOCÓ,27495,NUQUÍ,27495003,JURUBIRA (NUQUÍ - CHOCÓ),2023,2,15.883,7.758,61.15,miércoles,2023-02-01 19:15:00,123.0
27,CHOCÓ,27001,QUIBDÓ,27001029,TAGACHI (QUIBDÓ - CHOCÓ),2023,2,8.98,3.268,50.76,domingo,2023-02-26 14:00:00,834.0
27,CHOCÓ,27615,RIOSUCIO,27615912,MARCIAL (RIOSUCIO - CHOCÓ),2023,2,0.0,0.0,0.0,miércoles,2023-02-01 00:00:00,0.0
27,CHOCÓ,27615,RIOSUCIO,27615930,PEÑAS BLANCAS (RIOSUCIO - CHOCÓ),2023,2,20.0,7.0,1.59,domingo,2023-02-26 20:00:00,0.0
27,CHOCÓ,27800,UNGUÍA,27800001,BALBOA (UNGUÍA - CHOCÓ),2023,2,20.033,8.171,78.98,jueves,2023-02-23 19:45:00,1103.0
27,CHOCÓ,27800,UNGUÍA,27800005,TITUMATE (UNGUÍA - CHOCÓ),2023,2,15.726,3.837,91.96,viernes,2023-02-24 20:45:00,904.0
27,CHOCÓ,27800,UNGUÍA,27800000,UNGUÍA (UNGUÍA - CHOCÓ),2023,2,383.819,136.573,821.57,jueves,2023-02-09 21:15:00,2218.0
94,GUAINÍA,94343,BARRANCOMINAS,94343000,BARRANCOMINAS (BARRANCOMINAS - GUAINÍA),2023,2,59.8,16.912,187.39,miércoles,2023-02-15 19:00:00,1604.0
95,GUAVIARE,95200,MIRAFLORES,95200000,MIRAFLORES (MIRAFLORES - GUAVIARE),2023,2,75.587,24.768,201.96,viernes,2023-02-03 19:00:00,1745.0
44,LA GUAJIRA,44847,URIBIA,44847012,NAZARETH (URIBIA - LA GUAJIRA),2023,2,59.448,11.174,300.29,martes,2023-02-28 18:45:00,1029.0
47,MAGDALENA,47189,CIÉNAGA,47189018,PALMOR (CIÉNAGA - MAGDALENA),2023,2,90.744,33.211,203.14,domingo,2023-02-12 18:45:00,2326.0
52,NARIÑO,52250,EL CHARCO,52250023,BAZÁN (EL CHARCO - NARIÑO),2023,2,20.734,7.517,91.2,viernes,2023-02-10 19:30:00,936.0
52,NARIÑO,52250,EL CHARCO,52250003,BOLÍVAR - SAN PEDRO (EL CHARCO - NARIÑO),2023,2,3.442,2.679,23.71,viernes,2023-02-10 19:45:00,634.0
52,NARIÑO,52250,EL CHARCO,52250007,SAN JOSÉ DEL TAPAJE (EL CHARCO - NARIÑO),2023,2,10.59,3.974,56.0,miércoles,2023-02-01 19:00:00,857.0
52,NARIÑO,52520,FRANCISCO PIZARRO,52520013,SAN PEDRO DEL VINO (FRANCISCO PIZARRO - NARIÑO),2023,2,1.004,617.0,24.8,domingo,2023-02-26 12:15:00,159.0
52,NARIÑO,52390,LA TOLA,52390005,AGUACATAL (LA TOLA - NARIÑO),2023,2,2.089,675.0,11.87,martes,2023-02-21 15:45:00,855.0
52,NARIÑO,52390,LA TOLA,52390013,AMÁRALES (LA TOLA - NARIÑO),2023,2,5.973,2.187,42.66,jueves,2023-02-23 19:45:00,721.0
52,NARIÑO,52390,LA TOLA,52390009,MULATOS (LA TOLA - NARIÑO),2023,2,4.165,2.33,37.76,viernes,2023-02-10 18:45:00,636.0
52,NARIÑO,52427,MAGÜÍ,52427901,ALTO ESTERO (MAGÜÍ - NARIÑO),2023,2,660.0,191.0,13.33,miércoles,2023-02-01 19:30:00,201.0
52,NARIÑO,52427,MAGÜÍ,52427015,BRISAS DE HAMBURGO (MAGÜÍ - NARIÑO),2023,2,1.992,660.0,21.69,martes,2023-02-28 20:00:00,423.0
52,NARIÑO,52427,MAGÜÍ,52427913,LA ISLA (MAGÜÍ - NARIÑO),2023,2,129.0,62.0,6.55,sábado,2023-02-25 20:45:00,78.0
52,NARIÑO,52427,MAGÜÍ,52427013,LA LOMA (MAGÜÍ - NARIÑO),2023,2,575.0,170.0,7.04,martes,2023-02-21 19:15:00,328.0
52,NARIÑO,52427,MAGÜÍ,52427915,LAS LAJAS (MAGÜÍ - NARIÑO),2023,2,2.569,774.0,18.31,sábado,2023-02-17 19:30:00,615.0
52,NARIÑO,52490,OLAYA HERRERA,52490913,BOCA DE PRIETA (OLAYA HERRERA - NARIÑO),2023,2,2.493,688.0,18.62,martes,2023-02-28 19:30:00,617.0
52,NARIÑO,52835,SAN ANDRÉS DE TUMACO,52835055,BOCAS DE CURAY (TUMACO - NARIÑO),2023,2,8.34,3.293,55.2,domingo,2023-02-26 11:30:00,711.0
52,NARIÑO,52696,SANTA BÁRBARA (ISCUANDÉ),52696014,LA ENSENADA (SANTA BÁRBARA (ISCUANDÉ) - NARIÑO),2023,2,2.68,4.713,22.34,lunes,2023-02-27 19:30:00,528.0
52,NARIÑO,52696,SANTA BÁRBARA (ISCUANDÉ),52696022,SECADERO (SANTA BÁRBARA (ISCUANDÉ) - NARIÑO),2023,2,2.707,1.26,13.85,martes,2023-02-21 18:00:00,837.0
86,PUTUMAYO,86573,PUERTO LEGUÍZAMO,86573009,PIÑUÑA NEGRO (PUERTO LEGUÍZAMO - PUTUMAYO),2023,2,2.705,1.54,25.6,sábado,2023-02-04 18:00:00,523.0
86,PUTUMAYO,86573,PUERTO LEGUÍZAMO,86573000,PUERTO LEGUÍZAMO (PUERTO LEGUÍZAMO - PUTUMAYO),2023,2,713.026,246.235,1941.81,lunes,2023-02-27 15:45:00,2229.0
76,VALLE DEL CAUCA,76109,BUENAVENTURA,76109069,PAPAYAL 1 (BUENAVENTURA - VALLE DEL CAUCA),2023,2,9.126,354.0,45.81,viernes,2023-02-24 19:45:00,902.0
76,VALLE DEL CAUCA,76109,BUENAVENTURA,76109105,PITAL (BUENAVENTURA - VALLE DEL CAUCA),2023,2,4.004,684.0,16.36,domingo,2023-02-26 13:15:00,11.0
76,VALLE DEL CAUCA,76109,BUENAVENTURA,76109028,PUERTO MERIZALDE (BUENAVENTURA - VALLE DEL CAUCA),2023,2,95.317,32.134,212.61,jueves,2023-02-23 19:45:00,2306.0
76,VALLE DEL CAUCA,76109,BUENAVENTURA,76109030,PUNTA SOLDADO (BUENAVENTURA - VALLE DEL CAUCA),2023,2,3.594,1.357,23.1,miércoles,2023-02-22 19:45:00,955.0
76,VALLE DEL CAUCA,76109,BUENAVENTURA,76109032,SAN FRANCISCO NAYA (BUENAVENTURA - VALLE DEL CAUCA),2023,2,5.003,2.109,33.89,sábado,2023-02-18 11:45:00,648.0
97,VAUPÉS,97161,CARURÚ,97161000,CARURÚ (CARURÚ - VAUPÉS),2023,2,19.177,7.797,93.54,sábado,2023-02-25 18:45:00,926.0
97,VAUPÉS,97001,MITÚ,97001000,MITÚ (MITÚ - VAUPÉS),2023,2,,353.503,2811.97,viernes,2023-02-03 12:00:00,24.0
97,VAUPÉS,97666,TARAIRA,97666000,TARAIRA (TARAIRA - VAUPÉS),2023,2,27.764,8.917,116.25,martes,2023-02-28 19:30:00,1105.0
99,VICHADA,99773,CUMARIBO,99773000,CUMARIBO (CUMARIBO - VICHADA),2023,2,317.052,129.232,679.8,viernes,2023-02-10 15:00:00,2358.0
99,VICHADA,99524,LA PRIMAVERA,99524000,LA PRIMAVERA (LA PRIMAVERA - VICHADA),2023,2,341.866,138.649,703.82,lunes,2023-02-27 15:30:00,24.0
99,VICHADA,99001,PUERTO CARREÑO,99001002,CASUARITO (PUERTO CARREÑO - VICHADA),2023,2,33.007,12.054,109.65,lunes,2023-02-27 13:45:00,1403.0
99,VICHADA,99001,PUERTO CARREÑO,99001000,PUERTO CARREÑO (PUERTO CARREÑO - VICHADA),2023,2,,753.201,4727.36,martes,2023-02-28 13:15:00,24.0
99,VICHADA,99624,SANTA ROSALÍA,99624000,SANTA ROSALÍA (SANTA ROSALÍA - VICHADA),2023,2,96.58,47.0,369.7,martes,2023-02-14 20:45:00,1747.0
91,AMAZONAS,91001,LETICIA,91001000,LETICIA (LETICIA - AMAZONAS),2023,3,,,7734.83,martes,2023-03-21 15:15:00,24.0
91,AMAZONAS,91540,PUERTO NARIÑO,91540000,PUERTO NARIÑO (PUERTO NARIÑO - AMAZONAS),2023,3,118.535,41.866,238.83,miércoles,2023-03-08 19:15:00,24.0
91,AMAZONAS,91798,TARAPACÁ (ANM),91798000,TARAPACÁ (TARAPACÁ (ANM) - AMAZONAS),2023,3,27.972,12.997,105.42,jueves,2023-03-02 19:00:00,1015.0
5,ANTIOQUIA,5873,VIGÍA DEL FUERTE,5873002,VEGÁEZ (VIGÍA DEL FUERTE - ANTIOQUIA),2023,3,5.317,1.026,41.15,lunes,2023-03-27 19:30:00,635.0
88,"ARCHIPIÉLAGO DE SAN ANDRÉS, PROVIDENCIA Y SANTA CATALINA",88564,PROVIDENCIA,88564000,PROVIDENCIA (PROVIDENCIA - ARCHIPIÉLAGO DE SAN ANDRÉS Y PROVIDENCIA),2023,3,,246.072,1873.93,lunes,2023-03-13 21:45:00,24.0
13,BOLÍVAR,13001,CARTAGENA DE INDIAS,13001007,ISLA FUERTE (CARTAGENA DE INDIAS - BOLÍVAR),2023,3,62.498,37.175,190.64,domingo,2023-03-19 22:30:00,1334.0
13,BOLÍVAR,13001,CARTAGENA DE INDIAS,13001037,ISLA MÚCURA (CARTAGENA DE INDIAS - BOLÍVAR),2023,3,6.068,2.414,18.75,jueves,2023-03-16 00:45:00,1415.0
13,BOLÍVAR,13001,CARTAGENA DE INDIAS,13001017,SANTA CRUZ DEL ISLOTE (CARTAGENA DE INDIAS - BOLÍVAR),2023,3,5.81,1.96,17.76,domingo,2023-03-05 20:30:00,1345.0
18,CAQUETÁ,18150,CARTAGENA DEL CHAIRÁ,18150001,REMOLINO DEL CAGUÁN (CARTAGENA DEL CHAIRA - CAQUETÁ),2023,3,18.036,6.919,92.7,jueves,2023-03-23 19:30:00,803.0
18,CAQUETÁ,18753,SAN VICENTE DEL CAGUÁN,18753002,GUACAMAYAS (SAN VICENTE DEL CAGUÁN - CAQUETÁ),2023,3,14.812,5.782,40.46,viernes,2023-03-24 19:00:00,1719.0
18,CAQUETÁ,18753,SAN VICENTE DEL CAGUÁN,18753009,PUERTO BETANIA (SAN VICENTE DEL CAGUÁN - CAQUETÁ),2023,3,5.372,2.251,47.4,sábado,2023-03-25 20:15:00,521.0
19,CAUCA,19318,GUAPI,19318008,LIMONES (GUAPI - CAUCA),2023,3,8.947,4.328,45.84,martes,2023-03-21 16:45:00,922.0
19,CAUCA,19318,GUAPI,19318013,SAN ANTONIO DE GUAJUÍ (GUAPI - CAUCA),2023,3,11.443,5.932,56.76,martes,2023-03-28 18:45:00,829.0
19,CAUCA,19418,LÓPEZ DE MICAY,19418011,DOS QUEBRADAS RÍO NAYA (LÓPEZ DE MICAY - CAUCA),2023,3,4.883,1.67,28.29,sábado,2023-03-11 20:30:00,727.0
19,CAUCA,19418,LÓPEZ DE MICAY,19418038,ISLA DE GALLO (LÓPEZ DE MICAY - CAUCA),2023,3,4.114,2.027,29.82,viernes,2023-03-31 19:30:00,601.0
19,CAUCA,19418,LÓPEZ DE MICAY,19418012,SAN ANTONIO DE CHUARÉ (LÓPEZ DE MICAY - CAUCA),2023,3,6.528,2.003,42.4,jueves,2023-03-23 19:45:00,615.0
19,CAUCA,19809,TIMBIQUÍ,19809014,CHACÓN (TIMBIQUÍ - CAUCA),2023,3,4.172,1.189,26.34,jueves,2023-03-23 19:15:00,623.0
19,CAUCA,19809,TIMBIQUÍ,19809003,COTEJE (TIMBIQUÍ - CAUCA),2023,3,6.017,4.289,30.8,jueves,2023-03-02 19:00:00,719.0
19,CAUCA,19809,TIMBIQUÍ,19809026,LOS BRAZOS (TIMBIQUÍ - CAUCA),2023,3,3.391,1.561,41.33,viernes,2023-03-10 19:30:00,319.0
19,CAUCA,19809,TIMBIQUÍ,19809023,PUERTO SAIJA (TIMBIQUÍ - CAUCA),2023,3,5.212,1.884,177.41,jueves,2023-03-30 20:30:00,125.0
19,CAUCA,19809,TIMBIQUÍ,19809009,SANTA ROSA DE SAIJA (TIMBIQUÍ - CAUCA),2023,3,3.811,1.892,21.96,domingo,2023-03-26 19:00:00,624.0
27,CHOCÓ,27006,ACANDÍ,27006000,ACANDÍ (ACANDÍ - CHOCÓ),2023,3,707.587,224.618,1220.74,miércoles,2023-03-22 21:00:00,2339.0
27,CHOCÓ,27006,ACANDÍ,27006007,SAN FRANCISCO (ACANDÍ - CHOCÓ),2023,3,23.175,8.659,128.26,domingo,2023-03-19 19:15:00,846.0
27,CHOCÓ,27025,ALTO BAUDÓ (PIE DE PATO),27025000,CIUDAD BAUDÓ - PIE DE PATO (ALTO BAUDÓ - CHOCÓ),2023,3,52.024,16.65,119.15,sábado,2023-03-04 12:00:00,2355.0
27,CHOCÓ,27075,BAHÍA SOLANO (MUTIS),27075002,EL VALLE (BAHÍA SOLANO - CHOCÓ),2023,3,170.57,66.573,348.48,lunes,2023-03-20 19:15:00,2345.0
27,CHOCÓ,27077,BAJO BAUDÓ (PIZARRO),27077029,FIRME DE USARGA (BAJO BAUDÓ (PIZARRO) - CHOCÓ),2023,3,1.039,333.0,8.02,viernes,2023-03-31 22:45:00,615.0
27,CHOCÓ,27077,BAJO BAUDÓ (PIZARRO),27077026,GUINEAL (BAJO BAUDÓ (PIZARRO) - CHOCÓ),2023,3,5.926,2.553,30.5,domingo,2023-03-12 12:15:00,826.0
27,CHOCÓ,27077,BAJO BAUDÓ (PIZARRO),27077011,PILIZA (BAJO BAUDÓ (PIZARRO) - CHOCÓ),2023,3,4.166,1.935,32.0,domingo,2023-03-05 19:00:00,534.0
27,CHOCÓ,27077,BAJO BAUDÓ (PIZARRO),27077000,PIZARRO (BAJO BAUDÓ (PIZARRO) - CHOCÓ),2023,3,213.596,95.092,478.37,miércoles,2023-03-01 19:30:00,2218.0
27,CHOCÓ,27077,BAJO BAUDÓ (PIZARRO),27077016,SIVIRU (BAJO BAUDÓ - CHOCÓ),2023,3,7.066,2.655,43.56,viernes,2023-03-17 18:15:00,755.0
27,CHOCÓ,27077,BAJO BAUDÓ (PIZARRO),27077916,TERRON (BAJO BAUDÓ - CHOCÓ),2023,3,2.345,1.137,32.74,sábado,2023-03-04 15:15:00,348.0
27,CHOCÓ,27099,BOJAYÁ (BELLAVISTA),27099000,BELLAVISTA (BOJAYÁ (BELLAVISTA) - CHOCÓ),2023,3,99.574,31.581,249.5,miércoles,2023-03-01 12:45:00,1643.0
27,CHOCÓ,27099,BOJAYÁ (BELLAVISTA),27099005,NAPIPÍ (BOJAYÁ (BELLAVISTA) - CHOCÓ),2023,3,12.634,6.282,67.2,miércoles,2023-03-01 19:30:00,75.0
27,CHOCÓ,27099,BOJAYÁ (BELLAVISTA),27099030,PIEDRA CANDELA (BOJAYÁ - CHOCÓ),2023,3,7.454,3.341,42.49,domingo,2023-03-26 23:15:00,917.0
27,CHOCÓ,27250,EL LITORAL DEL SAN JUAN,27250002,CUCURRUPÍ (EL LITORAL DEL SAN JUAN - CHOCÓ),2023,3,2.161,715.0,17.47,martes,2023-03-07 18:45:00,456.0
27,CHOCÓ,27250,EL LITORAL DEL SAN JUAN,27250000,SANTA GENOVEVA DE DOCORDÓ (EL LITORAL DEL SAN JUAN - CHOCÓ),2023,3,85.802,45.692,224.66,sábado,2023-03-18 09:15:00,1708.0
27,CHOCÓ,27372,JURADÓ,27372000,JURADÓ (JURADÓ - CHOCÓ),2023,3,178.818,72.656,323.36,martes,2023-03-28 19:15:00,2354.0
27,CHOCÓ,27425,MEDIO ATRATO (BETÉ),27425000,BETÉ (MEDIO ATRATO (BETÉ) - CHOCÓ),2023,3,8.896,4.537,68.0,martes,2023-03-14 19:30:00,758.0
27,CHOCÓ,27450,MEDIO SAN JUAN,27450016,MACEDONIA (MEDIO SAN JUAN - CHOCÓ),2023,3,0.0,0.0,0.0,miércoles,2023-03-01 00:00:00,0.0
27,CHOCÓ,27495,NUQUÍ,27495912,COMUNIDAD INDÍGENA DE PANGUÍ - EL YUCAL (NUQUÍ - CHOCÓ),2023,3,2.891,697.0,11.41,viernes,2023-03-10 10:45:00,915.0
27,CHOCÓ,27001,QUIBDÓ,27001029,TAGACHI (QUIBDÓ - CHOCÓ),2023,3,9.585,3.426,53.86,martes,2023-03-07 13:30:00,812.0
27,CHOCÓ,27615,RIOSUCIO,27615912,MARCIAL (RIOSUCIO - CHOCÓ),2023,3,190.0,111.0,4.49,lunes,2023-03-13 15:15:00,134.0
27,CHOCÓ,27615,RIOSUCIO,27615930,PEÑAS BLANCAS (RIOSUCIO - CHOCÓ),2023,3,19.0,7.0,1.79,viernes,2023-03-31 20:15:00,0.0
27,CHOCÓ,27800,UNGUÍA,27800001,BALBOA (UNGUÍA - CHOCÓ),2023,3,21.678,8.654,80.81,domingo,2023-03-19 18:45:00,1103.0
27,CHOCÓ,27800,UNGUÍA,27800005,TITUMATE (UNGUÍA - CHOCÓ),2023,3,16.786,4.111,94.34,domingo,2023-03-26 20:45:00,83.0
27,CHOCÓ,27800,UNGUÍA,27800000,UNGUÍA (UNGUÍA - CHOCÓ),2023,3,417.786,149.595,834.77,jueves,2023-03-02 20:00:00,2213.0
94,GUAINÍA,94343,BARRANCOMINAS,94343000,BARRANCOMINAS (BARRANCOMINAS - GUAINÍA),2023,3,68.624,18.304,184.9,jueves,2023-03-23 18:15:00,1613.0
95,GUAVIARE,95200,MIRAFLORES,95200000,MIRAFLORES (MIRAFLORES - GUAVIARE),2023,3,84.855,29.197,202.84,martes,2023-03-14 19:15:00,1812.0
44,LA GUAJIRA,44847,URIBIA,44847012,NAZARETH (URIBIA - LA GUAJIRA),2023,3,61.337,11.434,331.78,jueves,2023-03-23 19:30:00,1008.0
47,MAGDALENA,47189,CIÉNAGA,47189018,PALMOR (CIÉNAGA - MAGDALENA),2023,3,96.521,33.853,193.02,sábado,2023-03-04 18:45:00,2329.0
50,META,50325,MAPIRIPÁN,50325000,MAPIRIPÁN (MAPIRIPÁN - META),2023,3,179.782,69.028,349.8,miércoles,2023-03-08 18:30:00,2355.0
52,NARIÑO,52250,EL CHARCO,52250023,BAZÁN (EL CHARCO - NARIÑO),2023,3,23.633,9.05,105.6,martes,2023-03-14 19:15:00,907.0
52,NARIÑO,52250,EL CHARCO,52250003,BOLÍVAR - SAN PEDRO (EL CHARCO - NARIÑO),2023,3,3.945,2.49,29.12,viernes,2023-03-31 17:15:00,622.0
52,NARIÑO,52250,EL CHARCO,52250007,SAN JOSÉ DEL TAPAJE (EL CHARCO - NARIÑO),2023,3,12.684,4.642,64.0,lunes,2023-03-06 19:30:00,946.0
52,NARIÑO,52520,FRANCISCO PIZARRO,52520013,SAN PEDRO DEL VINO (FRANCISCO PIZARRO - NARIÑO),2023,3,0.0,0.0,3.0,jueves,2023-03-09 19:30:00,0.0
52,NARIÑO,52390,LA TOLA,52390005,AGUACATAL (LA TOLA - NARIÑO),2023,3,2.213,733.0,10.86,viernes,2023-03-10 15:15:00,845.0
52,NARIÑO,52390,LA TOLA,52390013,AMÁRALES (LA TOLA - NARIÑO),2023,3,7.359,2.969,44.86,viernes,2023-03-17 19:45:00,724.0
52,NARIÑO,52390,LA TOLA,52390009,MULATOS (LA TOLA - NARIÑO),2023,3,5.455,3.019,38.05,jueves,2023-03-23 18:45:00,735.0
52,NARIÑO,52427,MAGÜÍ,52427901,ALTO ESTERO (MAGÜÍ - NARIÑO),2023,3,496.0,167.0,23.83,sábado,2023-03-04 20:30:00,122.0
52,NARIÑO,52427,MAGÜÍ,52427913,LA ISLA (MAGÜÍ - NARIÑO),2023,3,963.0,479.0,11.05,sábado,2023-03-18 22:45:00,515.0
52,NARIÑO,52427,MAGÜÍ,52427013,LA LOMA (MAGÜÍ - NARIÑO),2023,3,775.0,351.0,15.46,lunes,2023-03-20 18:45:00,333.0
52,NARIÑO,52427,MAGÜÍ,52427915,LAS LAJAS (MAGÜÍ - NARIÑO),2023,3,2.767,868.0,24.29,jueves,2023-03-02 22:15:00,709.0
52,NARIÑO,52490,OLAYA HERRERA,52490913,BOCA DE PRIETA (OLAYA HERRERA - NARIÑO),2023,3,2.378,639.0,15.84,jueves,2023-03-09 19:15:00,537.0
52,NARIÑO,52835,SAN ANDRÉS DE TUMACO,52835055,BOCAS DE CURAY (TUMACO - NARIÑO),2023,3,7.546,2.97,57.6,sábado,2023-03-25 19:15:00,553.0
52,NARIÑO,52696,SANTA BÁRBARA (ISCUANDÉ),52696014,LA ENSENADA (SANTA BÁRBARA (ISCUANDÉ) - NARIÑO),2023,3,3.237,5.629,22.05,domingo,2023-03-05 18:30:00,549.0
52,NARIÑO,52696,SANTA BÁRBARA (ISCUANDÉ),52696022,SECADERO (SANTA BÁRBARA (ISCUANDÉ) - NARIÑO),2023,3,3.097,1.46,14.98,jueves,2023-03-23 19:15:00,909.0
86,PUTUMAYO,86573,PUERTO LEGUÍZAMO,86573009,PIÑUÑA NEGRO (PUERTO LEGUÍZAMO - PUTUMAYO),2023,3,3.091,1.766,25.6,sábado,2023-03-11 18:00:00,528.0
86,PUTUMAYO,86573,PUERTO LEGUÍZAMO,86573000,PUERTO LEGUÍZAMO (PUERTO LEGUÍZAMO - PUTUMAYO),2023,3,947.979,302.017,1945.33,jueves,2023-03-23 15:00:00,2325.0
76,VALLE DEL CAUCA,76109,BUENAVENTURA,76109069,PAPAYAL 1 (BUENAVENTURA - VALLE DEL CAUCA),2023,3,11.427,350.0,61.82,lunes,2023-03-13 22:15:00,1007.0
76,VALLE DEL CAUCA,76109,BUENAVENTURA,76109105,PITAL (BUENAVENTURA - VALLE DEL CAUCA),2023,3,2.959,497.0,17.16,domingo,2023-03-14 20:15:00,705.0
76,VALLE DEL CAUCA,76109,BUENAVENTURA,76109028,PUERTO MERIZALDE (BUENAVENTURA - VALLE DEL CAUCA),2023,3,106.362,36.271,206.45,martes,2023-03-21 19:30:00,2347.0
76,VALLE DEL CAUCA,76109,BUENAVENTURA,76109030,PUNTA SOLDADO (BUENAVENTURA - VALLE DEL CAUCA),2023,3,4.979,2.103,24.9,lunes,2023-03-13 19:30:00,1201.0
76,VALLE DEL CAUCA,76109,BUENAVENTURA,76109032,SAN FRANCISCO NAYA (BUENAVENTURA - VALLE DEL CAUCA),2023,3,6.599,2.84,32.22,martes,2023-03-21 19:30:00,805.0
97,VAUPÉS,97161,CARURÚ,97161000,CARURÚ (CARURÚ - VAUPÉS),2023,3,26.624,10.338,89.06,miércoles,2023-03-15 19:00:00,121.0
97,VAUPÉS,97001,MITÚ,97001000,MITÚ (MITÚ - VAUPÉS),2023,3,,399.178,2924.56,viernes,2023-03-24 13:00:00,2359.0
97,VAUPÉS,97666,TARAIRA,97666000,TARAIRA (TARAIRA - VAUPÉS),2023,3,33.885,10.226,134.82,jueves,2023-03-23 12:30:00,1103.0
99,VICHADA,99773,CUMARIBO,99773000,CUMARIBO (CUMARIBO - VICHADA),2023,3,347.049,139.018,668.36,viernes,2023-03-24 14:30:00,2352.0
99,VICHADA,99524,LA PRIMAVERA,99524000,LA PRIMAVERA (LA PRIMAVERA - VICHADA),2023,3,407.79,162.183,760.04,viernes,2023-03-17 18:30:00,24.0
99,VICHADA,99001,PUERTO CARREÑO,99001000,PUERTO CARREÑO (PUERTO CARREÑO - VICHADA),2023,3,,848.32,5011.6,jueves,2023-03-23 14:30:00,2358.0
91,AMAZONAS,91001,LETICIA,91001000,LETICIA (LETICIA - AMAZONAS),2023,4,,,7680.68,miércoles,2023-04-19 14:30:00,24.0
91,AMAZONAS,91540,PUERTO NARIÑO,91540000,PUERTO NARIÑO (PUERTO NARIÑO - AMAZONAS),2023,4,115.634,41.17,234.61,martes,2023-04-18 20:00:00,24.0
91,AMAZONAS,91798,TARAPACÁ (ANM),91798000,TARAPACÁ (TARAPACÁ (ANM) - AMAZONAS),2023,4,27.679,12.805,116.73,viernes,2023-04-14 14:30:00,1015.0
5,ANTIOQUIA,5873,VIGÍA DEL FUERTE,5873002,VEGÁEZ (VIGÍA DEL FUERTE - ANTIOQUIA),2023,4,4.117,807.0,52.7,sábado,2023-04-22 19:00:00,508.0
88,"ARCHIPIÉLAGO DE SAN ANDRÉS, PROVIDENCIA Y SANTA CATALINA",88564,PROVIDENCIA,88564000,PROVIDENCIA (PROVIDENCIA - ARCHIPIÉLAGO DE SAN ANDRÉS Y PROVIDENCIA),2023,4,,251.263,1954.0,martes,2023-04-18 22:00:00,24.0
95,GUAVIARE,95200,MIRAFLORES,95200000,MIRAFLORES (MIRAFLORES - GUAVIARE),2023,4,80.666,29.742,199.32,martes,2023-04-18 18:15:00,1801.0
88,"ARCHIPIÉLAGO DE SAN ANDRÉS, PROVIDENCIA Y SANTA CATALINA",88001,SAN ANDRÉS,88001000,SAN ANDRÉS (SAN ANDRÉS - ARCHIPIÉLAGO DE SAN ANDRÉS Y PROVIDENCIA),2023,4,,,29088.7,viernes,2023-04-28 15:45:00,24.0
13,BOLÍVAR,13001,CARTAGENA DE INDIAS,13001007,ISLA FUERTE (CARTAGENA DE INDIAS - BOLÍVAR),2023,4,65.449,38.614,220.49,jueves,2023-04-06 23:45:00,1339.0
13,BOLÍVAR,13001,CARTAGENA DE INDIAS,13001037,ISLA MÚCURA (CARTAGENA DE INDIAS - BOLÍVAR),2023,4,4.954,1.982,19.71,viernes,2023-04-07 23:15:00,112.0
13,BOLÍVAR,13001,CARTAGENA DE INDIAS,13001017,SANTA CRUZ DEL ISLOTE (CARTAGENA DE INDIAS - BOLÍVAR),2023,4,6.741,2.627,20.13,lunes,2023-04-24 22:00:00,1358.0
18,CAQUETÁ,18150,CARTAGENA DEL CHAIRÁ,18150001,REMOLINO DEL CAGUÁN (CARTAGENA DEL CHAIRA - CAQUETÁ),2023,4,18.351,6.956,101.76,sábado,2023-04-15 19:15:00,816.0
18,CAQUETÁ,18753,SAN VICENTE DEL CAGUÁN,18753002,GUACAMAYAS (SAN VICENTE DEL CAGUÁN - CAQUETÁ),2023,4,13.734,5.352,39.96,martes,2023-04-11 19:00:00,1803.0
18,CAQUETÁ,18753,SAN VICENTE DEL CAGUÁN,18753009,PUERTO BETANIA (SAN VICENTE DEL CAGUÁN - CAQUETÁ),2023,4,5.177,2.164,45.0,sábado,2023-04-15 19:30:00,546.0
19,CAUCA,19318,GUAPI,19318008,LIMONES (GUAPI - CAUCA),2023,4,6.828,3.179,45.34,viernes,2023-04-21 18:00:00,718.0
19,CAUCA,19318,GUAPI,19318013,SAN ANTONIO DE GUAJUÍ (GUAPI - CAUCA),2023,4,7.455,3.647,60.03,viernes,2023-04-28 19:30:00,518.0
19,CAUCA,19418,LÓPEZ DE MICAY,19418011,DOS QUEBRADAS RÍO NAYA (LÓPEZ DE MICAY - CAUCA),2023,4,4.506,1.661,27.39,domingo,2023-04-30 19:00:00,713.0
19,CAUCA,19418,LÓPEZ DE MICAY,19418038,ISLA DE GALLO (LÓPEZ DE MICAY - CAUCA),2023,4,4.223,2.097,31.14,sábado,2023-04-29 19:30:00,612.0
19,CAUCA,19418,LÓPEZ DE MICAY,19418012,SAN ANTONIO DE CHUARÉ (LÓPEZ DE MICAY - CAUCA),2023,4,6.039,1.778,44.99,jueves,2023-04-20 19:00:00,544.0
19,CAUCA,19809,TIMBIQUÍ,19809014,CHACÓN (TIMBIQUÍ - CAUCA),2023,4,3.8,1.154,26.48,miércoles,2023-04-05 19:45:00,559.0
19,CAUCA,19809,TIMBIQUÍ,19809003,COTEJE (TIMBIQUÍ - CAUCA),2023,4,6.705,4.514,32.88,sábado,2023-04-15 19:15:00,82.0
19,CAUCA,19809,TIMBIQUÍ,19809026,LOS BRAZOS (TIMBIQUÍ - CAUCA),2023,4,6.201,2.619,40.51,lunes,2023-04-10 19:45:00,634.0
19,CAUCA,19809,TIMBIQUÍ,19809023,PUERTO SAIJA (TIMBIQUÍ - CAUCA),2023,4,34.862,12.076,170.37,sábado,2023-04-29 19:30:00,826.0
19,CAUCA,19809,TIMBIQUÍ,19809009,SANTA ROSA DE SAIJA (TIMBIQUÍ - CAUCA),2023,4,3.907,2.038,22.58,domingo,2023-04-23 19:45:00,648.0
27,CHOCÓ,27006,ACANDÍ,27006000,ACANDÍ (ACANDÍ - CHOCÓ),2023,4,629.767,202.276,1475.76,miércoles,2023-04-26 21:00:00,2027.0
27,CHOCÓ,27006,ACANDÍ,27006007,SAN FRANCISCO (ACANDÍ - CHOCÓ),2023,4,25.371,9.244,136.8,jueves,2023-04-06 19:30:00,901.0
27,CHOCÓ,27025,ALTO BAUDÓ (PIE DE PATO),27025000,CIUDAD BAUDÓ - PIE DE PATO (ALTO BAUDÓ - CHOCÓ),2023,4,50.835,15.895,118.89,sábado,2023-04-22 12:00:00,2359.0
27,CHOCÓ,27075,BAHÍA SOLANO (MUTIS),27075002,EL VALLE (BAHÍA SOLANO - CHOCÓ),2023,4,175.291,65.889,380.69,sábado,2023-04-08 19:00:00,234.0
27,CHOCÓ,27077,BAJO BAUDÓ (PIZARRO),27077029,FIRME DE USARGA (BAJO BAUDÓ (PIZARRO) - CHOCÓ),2023,4,597.0,206.0,6.42,miércoles,2023-04-05 11:15:00,352.0
27,CHOCÓ,27077,BAJO BAUDÓ (PIZARRO),27077026,GUINEAL (BAJO BAUDÓ (PIZARRO) - CHOCÓ),2023,4,2.833,1.288,28.04,domingo,2023-04-16 11:30:00,31.0
27,CHOCÓ,27077,BAJO BAUDÓ (PIZARRO),27077011,PILIZA (BAJO BAUDÓ (PIZARRO) - CHOCÓ),2023,4,2.756,1.837,38.4,sábado,2023-04-15 19:30:00,349.0
27,CHOCÓ,27077,BAJO BAUDÓ (PIZARRO),27077000,PIZARRO (BAJO BAUDÓ (PIZARRO) - CHOCÓ),2023,4,221.687,97.807,446.16,lunes,2023-04-03 19:00:00,2324.0
27,CHOCÓ,27077,BAJO BAUDÓ (PIZARRO),27077916,TERRON (BAJO BAUDÓ - CHOCÓ),2023,4,3.95,1.876,28.21,miércoles,2023-04-26 13:15:00,628.0
27,CHOCÓ,27099,BOJAYÁ (BELLAVISTA),27099000,BELLAVISTA (BOJAYÁ (BELLAVISTA) - CHOCÓ),2023,4,100.105,31.137,251.99,lunes,2023-04-24 19:00:00,1653.0
27,CHOCÓ,27099,BOJAYÁ (BELLAVISTA),27099030,PIEDRA CANDELA (BOJAYÁ - CHOCÓ),2023,4,7.295,3.267,33.46,miércoles,2023-04-19 17:00:00,923.0
27,CHOCÓ,27250,EL LITORAL DEL SAN JUAN,27250000,SANTA GENOVEVA DE DOCORDÓ (EL LITORAL DEL SAN JUAN - CHOCÓ),2023,4,85.347,47.372,233.64,martes,2023-04-25 12:30:00,1741.0
27,CHOCÓ,27372,JURADÓ,27372000,JURADÓ (JURADÓ - CHOCÓ),2023,4,178.615,69.357,370.72,viernes,2023-04-21 19:00:00,2329.0
27,CHOCÓ,27425,MEDIO ATRATO (BETÉ),27425000,BETÉ (MEDIO ATRATO (BETÉ) - CHOCÓ),2023,4,9.745,4.156,56.0,miércoles,2023-04-26 11:45:00,928.0
27,CHOCÓ,27450,MEDIO SAN JUAN,27450016,MACEDONIA (MEDIO SAN JUAN - CHOCÓ),2023,4,0.0,0.0,0.0,sábado,2023-04-01 00:00:00,0.0
27,CHOCÓ,27495,NUQUÍ,27495912,COMUNIDAD INDÍGENA DE PANGUÍ - EL YUCAL (NUQUÍ - CHOCÓ),2023,4,2.362,932.0,11.4,domingo,2023-04-02 08:30:00,1216.0
27,CHOCÓ,27001,QUIBDÓ,27001029,TAGACHI (QUIBDÓ - CHOCÓ),2023,4,6.755,2.435,48.46,domingo,2023-04-23 20:15:00,62.0
27,CHOCÓ,27615,RIOSUCIO,27615912,MARCIAL (RIOSUCIO - CHOCÓ),2023,4,122.0,69.0,5.58,jueves,2023-04-06 20:45:00,51.0
27,CHOCÓ,27615,RIOSUCIO,27615930,PEÑAS BLANCAS (RIOSUCIO - CHOCÓ),2023,4,114.0,46.0,2.04,martes,2023-04-04 19:15:00,9.0
27,CHOCÓ,27800,UNGUÍA,27800001,BALBOA (UNGUÍA - CHOCÓ),2023,4,22.569,8.978,84.63,sábado,2023-04-22 19:15:00,1137.0
27,CHOCÓ,27800,UNGUÍA,27800005,TITUMATE (UNGUÍA - CHOCÓ),2023,4,16.564,4.076,96.8,viernes,2023-04-28 21:30:00,841.0
27,CHOCÓ,27800,UNGUÍA,27800000,UNGUÍA (UNGUÍA - CHOCÓ),2023,4,416.394,147.36,860.11,domingo,2023-04-02 19:15:00,2212.0
94,GUAINÍA,94343,BARRANCOMINAS,94343000,BARRANCOMINAS (BARRANCOMINAS - GUAINÍA),2023,4,51.123,12.598,178.58,jueves,2023-04-13 18:15:00,1556.0
44,LA GUAJIRA,44847,URIBIA,44847012,NAZARETH (URIBIA - LA GUAJIRA),2023,4,58.39,10.988,341.28,miércoles,2023-04-19 18:45:00,1213.0
47,MAGDALENA,47189,CIÉNAGA,47189018,PALMOR (CIÉNAGA - MAGDALENA),2023,4,92.907,32.959,187.26,martes,2023-04-25 18:45:00,2247.0
50,META,50325,MAPIRIPÁN,50325000,MAPIRIPÁN (MAPIRIPÁN - META),2023,4,162.955,61.12,345.4,miércoles,2023-04-19 18:30:00,2356.0
52,NARIÑO,52250,EL CHARCO,52250023,BAZÁN (EL CHARCO - NARIÑO),2023,4,18.414,7.06,115.2,sábado,2023-04-08 18:30:00,656.0
52,NARIÑO,52250,EL CHARCO,52250003,BOLÍVAR - SAN PEDRO (EL CHARCO - NARIÑO),2023,4,3.37,2.751,29.34,martes,2023-04-04 18:15:00,453.0
52,NARIÑO,52250,EL CHARCO,52250007,SAN JOSÉ DEL TAPAJE (EL CHARCO - NARIÑO),2023,4,9.928,3.132,56.0,martes,2023-04-04 18:00:00,736.0
52,NARIÑO,52520,FRANCISCO PIZARRO,52520013,SAN PEDRO DEL VINO (FRANCISCO PIZARRO - NARIÑO),2023,4,3.385,2.17,24.8,viernes,2023-04-21 19:45:00,6.0
52,NARIÑO,52390,LA TOLA,52390013,AMÁRALES (LA TOLA - NARIÑO),2023,4,6.624,2.615,44.93,martes,2023-04-18 19:30:00,701.0
52,NARIÑO,52390,LA TOLA,52390009,MULATOS (LA TOLA - NARIÑO),2023,4,5.26,2.804,39.01,lunes,2023-04-17 18:45:00,703.0
52,NARIÑO,52427,MAGÜÍ,52427901,ALTO ESTERO (MAGÜÍ - NARIÑO),2023,4,618.0,176.0,12.35,jueves,2023-04-13 19:45:00,153.0
52,NARIÑO,52427,MAGÜÍ,52427013,LA LOMA (MAGÜÍ - NARIÑO),2023,4,791.0,404.0,8.11,jueves,2023-04-20 18:30:00,402.0
52,NARIÑO,52490,OLAYA HERRERA,52490913,BOCA DE PRIETA (OLAYA HERRERA - NARIÑO),2023,4,2.82,744.0,16.94,martes,2023-04-04 18:15:00,656.0
52,NARIÑO,52835,SAN ANDRÉS DE TUMACO,52835055,BOCAS DE CURAY (TUMACO - NARIÑO),2023,4,5.522,2.177,55.2,sábado,2023-04-01 19:00:00,43.0
52,NARIÑO,52696,SANTA BÁRBARA (ISCUANDÉ),52696014,LA ENSENADA (SANTA BÁRBARA (ISCUANDÉ) - NARIÑO),2023,4,3.299,5.747,25.44,miércoles,2023-04-05 19:15:00,554.0
52,NARIÑO,52696,SANTA BÁRBARA (ISCUANDÉ),52696022,SECADERO (SANTA BÁRBARA (ISCUANDÉ) - NARIÑO),2023,4,2.694,1.758,15.24,martes,2023-04-25 19:00:00,845.0
86,PUTUMAYO,86573,PUERTO LEGUÍZAMO,86573009,PIÑUÑA NEGRO (PUERTO LEGUÍZAMO - PUTUMAYO),2023,4,3.164,1.859,25.6,sábado,2023-04-22 18:45:00,556.0
86,PUTUMAYO,86573,PUERTO LEGUÍZAMO,86573000,PUERTO LEGUÍZAMO (PUERTO LEGUÍZAMO - PUTUMAYO),2023,4,696.773,247.54,1741.17,lunes,2023-04-03 15:15:00,2325.0
76,VALLE DEL CAUCA,76109,BUENAVENTURA,76109069,PAPAYAL 1 (BUENAVENTURA - VALLE DEL CAUCA),2023,4,9.219,246.0,43.49,lunes,2023-04-10 19:15:00,829.0
76,VALLE DEL CAUCA,76109,BUENAVENTURA,76109105,PITAL (BUENAVENTURA - VALLE DEL CAUCA),2023,4,1.205,147.0,12.25,sábado,2023-04-01 18:00:00,4.0
76,VALLE DEL CAUCA,76109,BUENAVENTURA,76109028,PUERTO MERIZALDE (BUENAVENTURA - VALLE DEL CAUCA),2023,4,99.985,35.264,212.26,sábado,2023-04-15 19:30:00,2216.0
76,VALLE DEL CAUCA,76109,BUENAVENTURA,76109030,PUNTA SOLDADO (BUENAVENTURA - VALLE DEL CAUCA),2023,4,4.269,1.61,25.42,jueves,2023-04-06 20:00:00,9.0
76,VALLE DEL CAUCA,76109,BUENAVENTURA,76109032,SAN FRANCISCO NAYA (BUENAVENTURA - VALLE DEL CAUCA),2023,4,6.41,2.725,35.2,miércoles,2023-04-05 11:45:00,806.0
97,VAUPÉS,97161,CARURÚ,97161000,CARURÚ (CARURÚ - VAUPÉS),2023,4,16.139,6.413,92.66,sábado,2023-04-15 13:00:00,753.0
97,VAUPÉS,97001,MITÚ,97001000,MITÚ (MITÚ - VAUPÉS),2023,4,,371.098,2946.82,viernes,2023-04-14 12:15:00,2353.0
97,VAUPÉS,97666,TARAIRA,97666000,TARAIRA (TARAIRA - VAUPÉS),2023,4,32.641,10.279,131.03,miércoles,2023-04-19 18:45:00,1103.0
99,VICHADA,99773,CUMARIBO,99773000,CUMARIBO (CUMARIBO - VICHADA),2023,4,314.033,126.9,686.84,jueves,2023-04-13 14:30:00,2349.0
99,VICHADA,99524,LA PRIMAVERA,99524000,LA PRIMAVERA (LA PRIMAVERA - VICHADA),2023,4,261.782,104.332,697.82,jueves,2023-04-13 18:30:00,2334.0
99,VICHADA,99001,PUERTO CARREÑO,99001000,PUERTO CARREÑO (PUERTO CARREÑO - VICHADA),2023,4,,810.15,5179.68,miércoles,2023-04-19 14:15:00,2359.0
91,AMAZONAS,91001,LETICIA,91001000,LETICIA (LETICIA - AMAZONAS),2023,5,,,7567.36,viernes,2023-05-19 14:45:00,2357.0
91,AMAZONAS,91540,PUERTO NARIÑO,91540000,PUERTO NARIÑO (PUERTO NARIÑO - AMAZONAS),2023,5,123.168,42.058,248.51,jueves,2023-05-18 18:30:00,24.0
91,AMAZONAS,91798,TARAPACÁ (ANM),91798000,TARAPACÁ (TARAPACÁ (ANM) - AMAZONAS),2023,5,28.273,12.82,104.76,miércoles,2023-05-03 19:00:00,1015.0
5,ANTIOQUIA,5873,VIGÍA DEL FUERTE,5873002,VEGÁEZ (VIGÍA DEL FUERTE - ANTIOQUIA),2023,5,4.558,847.0,63.07,martes,2023-05-16 18:30:00,432.0
88,"ARCHIPIÉLAGO DE SAN ANDRÉS, PROVIDENCIA Y SANTA CATALINA",88564,PROVIDENCIA,88564000,PROVIDENCIA (PROVIDENCIA - ARCHIPIÉLAGO DE SAN ANDRÉS Y PROVIDENCIA),2023,5,,282.553,2168.79,martes,2023-05-30 22:15:00,24.0
88,"ARCHIPIÉLAGO DE SAN ANDRÉS, PROVIDENCIA Y SANTA CATALINA",88001,SAN ANDRÉS,88001000,SAN ANDRÉS (SAN ANDRÉS - ARCHIPIÉLAGO DE SAN ANDRÉS Y PROVIDENCIA),2023,5,,,30719.49,jueves,2023-05-04 15:45:00,2359.0
13,BOLÍVAR,13001,CARTAGENA DE INDIAS,13001007,ISLA FUERTE (CARTAGENA DE INDIAS - BOLÍVAR),2023,5,55.498,33.985,217.5,sábado,2023-05-20 22:15:00,1135.0
13,BOLÍVAR,13001,CARTAGENA DE INDIAS,13001037,ISLA MÚCURA (CARTAGENA DE INDIAS - BOLÍVAR),2023,5,5.344,2.244,23.36,miércoles,2023-05-03 04:30:00,1214.0
13,BOLÍVAR,13001,CARTAGENA DE INDIAS,13001017,SANTA CRUZ DEL ISLOTE (CARTAGENA DE INDIAS - BOLÍVAR),2023,5,5.241,1.619,18.37,martes,2023-05-30 20:00:00,1151.0
18,CAQUETÁ,18150,CARTAGENA DEL CHAIRÁ,18150001,REMOLINO DEL CAGUÁN (CARTAGENA DEL CHAIRA - CAQUETÁ),2023,5,16.93,6.578,93.2,domingo,2023-05-28 19:30:00,746.0
18,CAQUETÁ,18753,SAN VICENTE DEL CAGUÁN,18753002,GUACAMAYAS (SAN VICENTE DEL CAGUÁN - CAQUETÁ),2023,5,9.101,3.425,38.21,viernes,2023-05-19 19:00:00,1142.0
18,CAQUETÁ,18753,SAN VICENTE DEL CAGUÁN,18753009,PUERTO BETANIA (SAN VICENTE DEL CAGUÁN - CAQUETÁ),2023,5,975.0,407.0,36.24,lunes,2023-05-01 19:30:00,111.0
19,CAUCA,19318,GUAPI,19318008,LIMONES (GUAPI - CAUCA),2023,5,8.453,4.047,44.18,sábado,2023-05-06 18:00:00,903.0
19,CAUCA,19318,GUAPI,19318013,SAN ANTONIO DE GUAJUÍ (GUAPI - CAUCA),2023,5,11.356,5.947,57.75,martes,2023-05-02 19:15:00,811.0
19,CAUCA,19418,LÓPEZ DE MICAY,19418011,DOS QUEBRADAS RÍO NAYA (LÓPEZ DE MICAY - CAUCA),2023,5,4.252,1.602,27.65,miércoles,2023-05-10 19:00:00,623.0
19,CAUCA,19418,LÓPEZ DE MICAY,19418038,ISLA DE GALLO (LÓPEZ DE MICAY - CAUCA),2023,5,3.856,1.876,29.98,domingo,2023-05-07 19:15:00,517.0
19,CAUCA,19418,LÓPEZ DE MICAY,19418012,SAN ANTONIO DE CHUARÉ (LÓPEZ DE MICAY - CAUCA),2023,5,5.358,1.642,43.68,viernes,2023-05-05 18:30:00,5.0
19,CAUCA,19809,TIMBIQUÍ,19809014,CHACÓN (TIMBIQUÍ - CAUCA),2023,5,4.087,1.602,28.91,viernes,2023-05-05 19:15:00,62.0
19,CAUCA,19809,TIMBIQUÍ,19809003,COTEJE (TIMBIQUÍ - CAUCA),2023,5,6.309,4.28,31.36,miércoles,2023-05-03 19:15:00,747.0
19,CAUCA,19809,TIMBIQUÍ,19809026,LOS BRAZOS (TIMBIQUÍ - CAUCA),2023,5,1.934,787.0,38.62,martes,2023-05-02 19:45:00,155.0
19,CAUCA,19809,TIMBIQUÍ,19809023,PUERTO SAIJA (TIMBIQUÍ - CAUCA),2023,5,37.451,12.559,176.7,sábado,2023-05-06 19:00:00,813.0
19,CAUCA,19809,TIMBIQUÍ,19809009,SANTA ROSA DE SAIJA (TIMBIQUÍ - CAUCA),2023,5,3.843,1.858,22.32,martes,2023-05-09 18:30:00,622.0
27,CHOCÓ,27006,ACANDÍ,27006000,ACANDÍ (ACANDÍ - CHOCÓ),2023,5,619.206,193.736,1546.16,sábado,2023-05-06 19:00:00,1818.0
27,CHOCÓ,27025,ALTO BAUDÓ (PIE DE PATO),27025000,CIUDAD BAUDÓ - PIE DE PATO (ALTO BAUDÓ - CHOCÓ),2023,5,51.067,16.842,126.72,sábado,2023-05-06 12:15:00,2348.0
27,CHOCÓ,27075,BAHÍA SOLANO (MUTIS),27075002,EL VALLE (BAHÍA SOLANO - CHOCÓ),2023,5,175.887,68.496,387.55,sábado,2023-05-06 19:30:00,2252.0
27,CHOCÓ,27077,BAJO BAUDÓ (PIZARRO),27077029,FIRME DE USARGA (BAJO BAUDÓ (PIZARRO) - CHOCÓ),2023,5,656.0,200.0,6.4,martes,2023-05-16 18:45:00,414.0
27,CHOCÓ,27077,BAJO BAUDÓ (PIZARRO),27077026,GUINEAL (BAJO BAUDÓ (PIZARRO) - CHOCÓ),2023,5,0.0,0.0,0.0,lunes,2023-05-01 00:00:00,0.0
27,CHOCÓ,27077,BAJO BAUDÓ (PIZARRO),27077011,PILIZA (BAJO BAUDÓ (PIZARRO) - CHOCÓ),2023,5,4.214,1.112,28.8,miércoles,2023-05-03 19:00:00,6.0
27,CHOCÓ,27077,BAJO BAUDÓ (PIZARRO),27077000,PIZARRO (BAJO BAUDÓ (PIZARRO) - CHOCÓ),2023,5,243.435,104.285,464.11,jueves,2023-05-18 19:30:00,2323.0
27,CHOCÓ,27077,BAJO BAUDÓ (PIZARRO),27077916,TERRON (BAJO BAUDÓ - CHOCÓ),2023,5,5.11,2.362,29.83,sábado,2023-05-13 12:45:00,82.0
27,CHOCÓ,27099,BOJAYÁ (BELLAVISTA),27099000,BELLAVISTA (BOJAYÁ (BELLAVISTA) - CHOCÓ),2023,5,107.314,33.982,251.16,miércoles,2023-05-31 19:15:00,1709.0
27,CHOCÓ,27099,BOJAYÁ (BELLAVISTA),27099030,PIEDRA CANDELA (BOJAYÁ - CHOCÓ),2023,5,7.719,3.338,34.36,jueves,2023-05-04 18:30:00,93.0
27,CHOCÓ,27250,EL LITORAL DEL SAN JUAN,27250000,SANTA GENOVEVA DE DOCORDÓ (EL LITORAL DEL SAN JUAN - CHOCÓ),2023,5,105.526,57.86,228.89,domingo,2023-05-07 12:45:00,2024.0
27,CHOCÓ,27372,JURADÓ,27372000,JURADÓ (JURADÓ - CHOCÓ),2023,5,194.481,73.416,343.04,viernes,2023-05-12 19:45:00,2355.0
27,CHOCÓ,27425,MEDIO ATRATO (BETÉ),27425000,BETÉ (MEDIO ATRATO (BETÉ) - CHOCÓ),2023,5,15.078,8.968,60.0,viernes,2023-05-26 10:45:00,1209.0
27,CHOCÓ,27450,MEDIO SAN JUAN,27450016,MACEDONIA (MEDIO SAN JUAN - CHOCÓ),2023,5,161.0,2.0,2.87,sábado,2023-05-27 17:15:00,203.0
27,CHOCÓ,27495,NUQUÍ,27495912,COMUNIDAD INDÍGENA DE PANGUÍ - EL YUCAL (NUQUÍ - CHOCÓ),2023,5,5.605,1.605,11.42,miércoles,2023-05-10 14:45:00,183.0
27,CHOCÓ,27001,QUIBDÓ,27001029,TAGACHI (QUIBDÓ - CHOCÓ),2023,5,8.589,3.146,44.16,sábado,2023-05-06 13:00:00,806.0
27,CHOCÓ,27800,UNGUÍA,27800001,BALBOA (UNGUÍA - CHOCÓ),2023,5,24.459,9.396,87.05,sábado,2023-05-13 20:00:00,1201.0
27,CHOCÓ,27800,UNGUÍA,27800005,TITUMATE (UNGUÍA - CHOCÓ),2023,5,16.549,3.974,96.18,sábado,2023-05-06 21:45:00,749.0
27,CHOCÓ,27800,UNGUÍA,27800000,UNGUÍA (UNGUÍA - CHOCÓ),2023,5,432.888,148.786,913.97,martes,2023-05-09 21:00:00,2201.0
94,GUAINÍA,94343,BARRANCOMINAS,94343000,BARRANCOMINAS (BARRANCOMINAS - GUAINÍA),2023,5,67.713,17.17,181.08,lunes,2023-05-08 18:45:00,1603.0
95,GUAVIARE,95200,MIRAFLORES,95200000,MIRAFLORES (MIRAFLORES - GUAVIARE),2023,5,84.74,28.08,201.52,lunes,2023-05-08 18:45:00,1813.0
44,LA GUAJIRA,44847,URIBIA,44847012,NAZARETH (URIBIA - LA GUAJIRA),2023,5,62.934,12.169,341.57,martes,2023-05-02 19:00:00,1132.0
47,MAGDALENA,47189,CIÉNAGA,47189018,PALMOR (CIÉNAGA - MAGDALENA),2023,5,96.268,35.096,189.57,sábado,2023-05-27 11:15:00,2228.0
50,META,50325,MAPIRIPÁN,50325000,MAPIRIPÁN (MAPIRIPÁN - META),2023,5,176.312,63.644,349.8,martes,2023-05-30 19:00:00,2352.0
52,NARIÑO,52520,FRANCISCO PIZARRO,52520013,SAN PEDRO DEL VINO (FRANCISCO PIZARRO - NARIÑO),2023,5,4.389,2.806,23.94,martes,2023-05-30 19:45:00,727.0
52,NARIÑO,52390,LA TOLA,52390013,AMÁRALES (LA TOLA - NARIÑO),2023,5,7.264,2.496,45.25,miércoles,2023-05-17 19:15:00,733.0
52,NARIÑO,52390,LA TOLA,52390009,MULATOS (LA TOLA - NARIÑO),2023,5,5.574,3.02,34.56,miércoles,2023-05-03 19:00:00,739.0
52,NARIÑO,52427,MAGÜÍ,52427901,ALTO ESTERO (MAGÜÍ - NARIÑO),2023,5,563.0,177.0,11.15,jueves,2023-05-25 19:15:00,155.0
52,NARIÑO,52427,MAGÜÍ,52427013,LA LOMA (MAGÜÍ - NARIÑO),2023,5,529.0,323.0,7.27,miércoles,2023-05-31 18:30:00,255.0
52,NARIÑO,52490,OLAYA HERRERA,52490913,BOCA DE PRIETA (OLAYA HERRERA - NARIÑO),2023,5,2.795,782.0,15.67,martes,2023-05-02 19:00:00,652.0
52,NARIÑO,52835,SAN ANDRÉS DE TUMACO,52835055,BOCAS DE CURAY (TUMACO - NARIÑO),2023,5,9.047,3.5,52.8,miércoles,2023-05-03 18:30:00,719.0
52,NARIÑO,52696,SANTA BÁRBARA (ISCUANDÉ),52696014,LA ENSENADA (SANTA BÁRBARA (ISCUANDÉ) - NARIÑO),2023,5,3.299,5.844,24.06,miércoles,2023-05-03 20:15:00,548.0
52,NARIÑO,52696,SANTA BÁRBARA (ISCUANDÉ),52696022,SECADERO (SANTA BÁRBARA (ISCUANDÉ) - NARIÑO),2023,5,3.046,2.109,14.78,martes,2023-05-30 19:00:00,827.0
86,PUTUMAYO,86573,PUERTO LEGUÍZAMO,86573009,PIÑUÑA NEGRO (PUERTO LEGUÍZAMO - PUTUMAYO),2023,5,3.369,1.846,22.4,lunes,2023-05-01 20:15:00,607.0
86,PUTUMAYO,86573,PUERTO LEGUÍZAMO,86573000,PUERTO LEGUÍZAMO (PUERTO LEGUÍZAMO - PUTUMAYO),2023,5,672.755,244.92,1292.63,martes,2023-05-02 18:45:00,2317.0
76,VALLE DEL CAUCA,76109,BUENAVENTURA,76109069,PAPAYAL 1 (BUENAVENTURA - VALLE DEL CAUCA),2023,5,11.148,483.0,44.7,sábado,2023-05-27 19:30:00,10.0
76,VALLE DEL CAUCA,76109,BUENAVENTURA,76109105,PITAL (BUENAVENTURA - VALLE DEL CAUCA),2023,5,2.628,354.0,11.49,viernes,2023-05-26 16:15:00,831.0
76,VALLE DEL CAUCA,76109,BUENAVENTURA,76109028,PUERTO MERIZALDE (BUENAVENTURA - VALLE DEL CAUCA),2023,5,100.004,36.029,218.94,lunes,2023-05-08 19:15:00,213.0
76,VALLE DEL CAUCA,76109,BUENAVENTURA,76109032,SAN FRANCISCO NAYA (BUENAVENTURA - VALLE DEL CAUCA),2023,5,6.52,2.793,32.29,sábado,2023-05-13 11:45:00,807.0
97,VAUPÉS,97161,CARURÚ,97161000,CARURÚ (CARURÚ - VAUPÉS),2023,5,25.644,10.473,84.04,domingo,2023-05-28 18:45:00,1218.0
97,VAUPÉS,97001,MITÚ,97001000,MITÚ (MITÚ - VAUPÉS),2023,5,,391.07,2867.42,miércoles,2023-05-31 12:45:00,24.0
97,VAUPÉS,97666,TARAIRA,97666000,TARAIRA (TARAIRA - VAUPÉS),2023,5,34.853,11.203,127.95,miércoles,2023-05-24 19:00:00,111.0
99,VICHADA,99773,CUMARIBO,99773000,CUMARIBO (CUMARIBO - VICHADA),2023,5,329.337,131.132,777.48,miércoles,2023-05-17 09:00:00,2347.0
99,VICHADA,99001,PUERTO CARREÑO,99001000,PUERTO CARREÑO (PUERTO CARREÑO - VICHADA),2023,5,,814.269,5154.16,lunes,2023-05-08 14:30:00,2352.0
52,NARIÑO,52250,EL CHARCO,52250023,BAZÁN (EL CHARCO - NARIÑO),2023,5,17.484,6.656,110.4,miércoles,2023-05-03 19:30:00,627.0
52,NARIÑO,52250,EL CHARCO,52250007,SAN JOSÉ DEL TAPAJE (EL CHARCO - NARIÑO),2023,5,12.742,4.454,56.0,martes,2023-05-02 18:00:00,924.0
91,AMAZONAS,91001,LETICIA,91001000,LETICIA (LETICIA - AMAZONAS),2023,6,,970.871,7389.99,jueves,2023-06-22 15:00:00,2358.0
91,AMAZONAS,91540,PUERTO NARIÑO,91540000,PUERTO NARIÑO (PUERTO NARIÑO - AMAZONAS),2023,6,112.131,39.279,235.84,jueves,2023-06-22 18:45:00,2344.0
91,AMAZONAS,91798,TARAPACÁ (ANM),91798000,TARAPACÁ (TARAPACÁ (ANM) - AMAZONAS),2023,6,25.586,11.773,101.1,viernes,2023-06-30 14:00:00,1014.0
5,ANTIOQUIA,5873,VIGÍA DEL FUERTE,5873002,VEGÁEZ (VIGÍA DEL FUERTE - ANTIOQUIA),2023,6,4.562,657.0,43.9,jueves,2023-06-15 16:45:00,615.0
88,"ARCHIPIÉLAGO DE SAN ANDRÉS, PROVIDENCIA Y SANTA CATALINA",88564,PROVIDENCIA,88564000,PROVIDENCIA (PROVIDENCIA - ARCHIPIÉLAGO DE SAN ANDRÉS Y PROVIDENCIA),2023,6,,273.678,2265.75,domingo,2023-06-11 22:15:00,2358.0
88,"ARCHIPIÉLAGO DE SAN ANDRÉS, PROVIDENCIA Y SANTA CATALINA",88001,SAN ANDRÉS,88001000,SAN ANDRÉS (SAN ANDRÉS - ARCHIPIÉLAGO DE SAN ANDRÉS Y PROVIDENCIA),2023,6,,,32086.02,lunes,2023-06-05 15:30:00,24.0
13,BOLÍVAR,13001,CARTAGENA DE INDIAS,13001007,ISLA FUERTE (CARTAGENA DE INDIAS - BOLÍVAR),2023,6,59.453,34.659,224.06,domingo,2023-06-18 20:45:00,113.0
13,BOLÍVAR,13001,CARTAGENA DE INDIAS,13001037,ISLA MÚCURA (CARTAGENA DE INDIAS - BOLÍVAR),2023,6,6.722,2.757,21.7,viernes,2023-06-23 23:00:00,1408.0
13,BOLÍVAR,13001,CARTAGENA DE INDIAS,13001017,SANTA CRUZ DEL ISLOTE (CARTAGENA DE INDIAS - BOLÍVAR),2023,6,3.644,1.139,18.56,jueves,2023-06-29 20:45:00,805.0
18,CAQUETÁ,18150,CARTAGENA DEL CHAIRÁ,18150001,REMOLINO DEL CAGUÁN (CARTAGENA DEL CHAIRA - CAQUETÁ),2023,6,13.008,5.838,91.2,sábado,2023-06-10 19:15:00,63.0
18,CAQUETÁ,18753,SAN VICENTE DEL CAGUÁN,18753002,GUACAMAYAS (SAN VICENTE DEL CAGUÁN - CAQUETÁ),2023,6,6.08,2.469,36.86,viernes,2023-06-30 19:30:00,1001.0
18,CAQUETÁ,18753,SAN VICENTE DEL CAGUÁN,18753009,PUERTO BETANIA (SAN VICENTE DEL CAGUÁN - CAQUETÁ),2023,6,1.092,467.0,31.4,sábado,2023-06-03 19:00:00,141.0
19,CAUCA,19318,GUAPI,19318008,LIMONES (GUAPI - CAUCA),2023,6,8.458,4.019,43.73,jueves,2023-06-08 19:45:00,908.0
19,CAUCA,19318,GUAPI,19318013,SAN ANTONIO DE GUAJUÍ (GUAPI - CAUCA),2023,6,11.92,6.346,57.86,jueves,2023-06-15 19:00:00,905.0
19,CAUCA,19418,LÓPEZ DE MICAY,19418011,DOS QUEBRADAS RÍO NAYA (LÓPEZ DE MICAY - CAUCA),2023,6,3.618,1.334,31.23,lunes,2023-06-26 19:15:00,532.0
19,CAUCA,19418,LÓPEZ DE MICAY,19418012,SAN ANTONIO DE CHUARÉ (LÓPEZ DE MICAY - CAUCA),2023,6,4.977,1.481,46.94,sábado,2023-06-03 19:00:00,431.0
19,CAUCA,19809,TIMBIQUÍ,19809014,CHACÓN (TIMBIQUÍ - CAUCA),2023,6,3.383,968.0,26.05,viernes,2023-06-09 18:30:00,608.0
19,CAUCA,19809,TIMBIQUÍ,19809003,COTEJE (TIMBIQUÍ - CAUCA),2023,6,6.007,4.124,30.08,miércoles,2023-06-14 19:00:00,75.0
19,CAUCA,19809,TIMBIQUÍ,19809026,LOS BRAZOS (TIMBIQUÍ - CAUCA),2023,6,3.586,1.625,38.16,domingo,2023-06-25 18:45:00,349.0
19,CAUCA,19809,TIMBIQUÍ,19809023,PUERTO SAIJA (TIMBIQUÍ - CAUCA),2023,6,35.079,12.066,174.06,jueves,2023-06-15 18:45:00,805.0
19,CAUCA,19809,TIMBIQUÍ,19809009,SANTA ROSA DE SAIJA (TIMBIQUÍ - CAUCA),2023,6,3.223,1.356,22.46,jueves,2023-06-01 20:15:00,611.0
27,CHOCÓ,27006,ACANDÍ,27006000,ACANDÍ (ACANDÍ - CHOCÓ),2023,6,650.643,199.516,1465.2,sábado,2023-06-03 22:00:00,1927.0
27,CHOCÓ,27025,ALTO BAUDÓ (PIE DE PATO),27025000,CIUDAD BAUDÓ - PIE DE PATO (ALTO BAUDÓ - CHOCÓ),2023,6,48.391,16.09,119.86,jueves,2023-06-01 12:00:00,2358.0
27,CHOCÓ,27075,BAHÍA SOLANO (MUTIS),27075000,CIUDAD MUTIS (BAHÍA SOLANO - CHOCÓ),2023,6,708.46,247.384,1316.92,miércoles,2023-06-07 11:30:00,2351.0
27,CHOCÓ,27075,BAHÍA SOLANO (MUTIS),27075001,CUPICA (BAHÍA SOLANO - CHOCÓ),2023,6,50.99,17.052,127.03,miércoles,2023-06-07 19:30:00,2122.0
27,CHOCÓ,27075,BAHÍA SOLANO (MUTIS),27075002,EL VALLE (BAHÍA SOLANO - CHOCÓ),2023,6,172.661,63.485,379.37,domingo,2023-06-11 19:15:00,231.0
27,CHOCÓ,27077,BAJO BAUDÓ (PIZARRO),27077029,FIRME DE USARGA (BAJO BAUDÓ (PIZARRO) - CHOCÓ),2023,6,777.0,408.0,6.89,domingo,2023-06-25 19:00:00,456.0
27,CHOCÓ,27077,BAJO BAUDÓ (PIZARRO),27077026,GUINEAL (BAJO BAUDÓ (PIZARRO) - CHOCÓ),2023,6,4.025,1.952,30.58,viernes,2023-06-23 12:30:00,616.0
27,CHOCÓ,27077,BAJO BAUDÓ (PIZARRO),27077011,PILIZA (BAJO BAUDÓ (PIZARRO) - CHOCÓ),2023,6,2.946,818.0,28.8,sábado,2023-06-03 19:30:00,424.0
27,CHOCÓ,27077,BAJO BAUDÓ (PIZARRO),27077000,PIZARRO (BAJO BAUDÓ (PIZARRO) - CHOCÓ),2023,6,232.561,100.032,454.61,lunes,2023-06-05 19:15:00,2252.0
27,CHOCÓ,27077,BAJO BAUDÓ (PIZARRO),27077916,TERRON (BAJO BAUDÓ - CHOCÓ),2023,6,2.437,1.231,25.27,jueves,2023-06-29 12:30:00,419.0
27,CHOCÓ,27099,BOJAYÁ (BELLAVISTA),27099000,BELLAVISTA (BOJAYÁ (BELLAVISTA) - CHOCÓ),2023,6,100.603,32.072,240.87,miércoles,2023-06-07 19:45:00,1743.0
27,CHOCÓ,27099,BOJAYÁ (BELLAVISTA),27099030,PIEDRA CANDELA (BOJAYÁ - CHOCÓ),2023,6,7.665,3.468,34.55,miércoles,2023-06-21 17:15:00,958.0
27,CHOCÓ,27250,EL LITORAL DEL SAN JUAN,27250000,SANTA GENOVEVA DE DOCORDÓ (EL LITORAL DEL SAN JUAN - CHOCÓ),2023,6,98.353,55.0,223.21,sábado,2023-06-24 11:00:00,201.0
27,CHOCÓ,27372,JURADÓ,27372000,JURADÓ (JURAÓ - CHOCÓ),2023,6,177.241,67.301,334.72,martes,2023-06-20 19:45:00,2343.0
27,CHOCÓ,27425,MEDIO ATRATO (BETÉ),27425000,BETÉ (MEDIO ATRATO (BETÉ) - CHOCÓ),2023,6,15.563,14.736,60.0,jueves,2023-06-01 12:15:00,1154.0
27,CHOCÓ,27495,NUQUÍ,27495912,COMUNIDAD INDÍGENA DE PANGUÍ - EL YUCAL (NUQUÍ - CHOCÓ),2023,6,5.498,1.65,11.35,jueves,2023-06-15 13:15:00,2035.0
27,CHOCÓ,27001,QUIBDÓ,27001029,TAGACHI (QUIBDÓ - CHOCÓ),2023,6,7.829,2.983,42.72,domingo,2023-06-25 14:00:00,801.0
27,CHOCÓ,27800,UNGUÍA,27800001,BALBOA (UNGUÍA - CHOCÓ),2023,6,24.801,9.439,85.97,domingo,2023-06-11 20:00:00,1203.0
27,CHOCÓ,27800,UNGUÍA,27800005,TITUMATE (UNGUÍA - CHOCÓ),2023,6,14.213,4.597,91.52,viernes,2023-06-30 20:15:00,741.0
27,CHOCÓ,27800,UNGUÍA,27800000,UNGUÍA (UNGUÍA - CHOCÓ),2023,6,444.905,148.542,932.45,sábado,2023-06-03 20:30:00,2216.0
94,GUAINÍA,94343,BARRANCOMINAS,94343000,BARRANCOMINAS (BARRANCOMINAS - GUAINÍA),2023,6,63.075,15.679,196.87,miércoles,2023-06-28 18:30:00,1614.0
95,GUAVIARE,95200,MIRAFLORES,95200000,MIRAFLORES (MIRAFLORES - GUAVIARE),2023,6,81.02,28.953,204.16,sábado,2023-06-03 18:45:00,1815.0
44,LA GUAJIRA,44847,URIBIA,44847012,NAZARETH (URIBIA - LA GUAJIRA),2023,6,53.431,10.543,332.3,jueves,2023-06-01 19:45:00,1011.0
47,MAGDALENA,47189,CIÉNAGA,47189018,PALMOR (CIÉNAGA - MAGDALENA),2023,6,89.264,31.694,173.18,sábado,2023-06-03 19:30:00,2244.0
50,META,50325,MAPIRIPÁN,50325000,MAPIRIPÁN (MAPIRIPÁN - META),2023,6,160.25,59.014,329.12,sábado,2023-06-03 19:15:00,2257.0
52,NARIÑO,52250,EL CHARCO,52250023,BAZÁN (EL CHARCO - NARIÑO),2023,6,23.44,9.203,105.6,lunes,2023-06-05 19:00:00,921.0
52,NARIÑO,52250,EL CHARCO,52250007,SAN JOSÉ DEL TAPAJE (EL CHARCO - NARIÑO),2023,6,11.088,3.21,88.0,viernes,2023-06-23 19:30:00,713.0
52,NARIÑO,52520,FRANCISCO PIZARRO,52520013,SAN PEDRO DEL VINO (FRANCISCO PIZARRO - NARIÑO),2023,6,4.164,2.375,27.97,miércoles,2023-06-21 19:45:00,648.0
52,NARIÑO,52390,LA TOLA,52390013,AMÁRALES (LA TOLA - NARIÑO),2023,6,5.709,1.967,47.78,miércoles,2023-06-14 19:30:00,54.0
52,NARIÑO,52390,LA TOLA,52390009,MULATOS (LA TOLA - NARIÑO),2023,6,5.23,2.805,37.25,viernes,2023-06-09 18:30:00,725.0
52,NARIÑO,52427,MAGÜÍ,52427901,ALTO ESTERO (MAGÜÍ - NARIÑO),2023,6,534.0,168.0,11.04,viernes,2023-06-02 19:15:00,157.0
52,NARIÑO,52427,MAGÜÍ,52427013,LA LOMA (MAGÜÍ - NARIÑO),2023,6,308.0,218.0,6.89,martes,2023-06-13 18:15:00,146.0
52,NARIÑO,52490,OLAYA HERRERA,52490913,BOCA DE PRIETA (OLAYA HERRERA - NARIÑO),2023,6,2.371,656.0,15.53,jueves,2023-06-22 20:00:00,601.0
52,NARIÑO,52835,SAN ANDRÉS DE TUMACO,52835055,BOCAS DE CURAY (TUMACO - NARIÑO),2023,6,8.423,3.007,55.2,viernes,2023-06-02 19:00:00,705.0
52,NARIÑO,52696,SANTA BÁRBARA (ISCUANDÉ),52696014,LA ENSENADA (SANTA BÁRBARA (ISCUANDÉ) - NARIÑO),2023,6,3.33,6.13,21.92,jueves,2023-06-29 19:45:00,617.0
52,NARIÑO,52696,SANTA BÁRBARA (ISCUANDÉ),52696022,SECADERO (SANTA BÁRBARA (ISCUANDÉ) - NARIÑO),2023,6,3.218,2.215,14.59,lunes,2023-06-05 18:45:00,917.0
86,PUTUMAYO,86573,PUERTO LEGUÍZAMO,86573009,PIÑUÑA NEGRO (PUERTO LEGUÍZAMO - PUTUMAYO),2023,6,2.614,1.39,22.4,sábado,2023-06-03 16:45:00,533.0
86,PUTUMAYO,86573,PUERTO LEGUÍZAMO,86573000,PUERTO LEGUÍZAMO (PUERTO LEGUÍZAMO - PUTUMAYO),2023,6,637.269,233.584,1296.59,martes,2023-06-13 18:45:00,2313.0
76,VALLE DEL CAUCA,76109,BUENAVENTURA,76109069,PAPAYAL 1 (BUENAVENTURA - VALLE DEL CAUCA),2023,6,9.619,679.0,44.12,sábado,2023-06-03 18:30:00,845.0
76,VALLE DEL CAUCA,76109,BUENAVENTURA,76109028,PUERTO MERIZALDE (BUENAVENTURA - VALLE DEL CAUCA),2023,6,99.946,36.02,226.51,miércoles,2023-06-21 19:45:00,215.0
76,VALLE DEL CAUCA,76109,BUENAVENTURA,76109032,SAN FRANCISCO NAYA (BUENAVENTURA - VALLE DEL CAUCA),2023,6,6.449,2.709,32.16,jueves,2023-06-08 11:45:00,818.0
97,VAUPÉS,97161,CARURÚ,97161000,CARURÚ (CARURÚ - VAUPÉS),2023,6,23.364,9.927,84.92,viernes,2023-06-09 18:30:00,1209.0
97,VAUPÉS,97001,MITÚ,97001000,MITÚ (MITÚ - VAUPÉS),2023,6,,361.584,2882.4,martes,2023-06-13 12:00:00,24.0
97,VAUPÉS,97666,TARAIRA,97666000,TARAIRA (TARAIRA - VAUPÉS),2023,6,31.932,10.264,132.97,miércoles,2023-06-28 12:30:00,1051.0
99,VICHADA,99773,CUMARIBO,99773000,CUMARIBO (CUMARIBO - VICHADA),2023,6,308.892,124.088,660.0,viernes,2023-06-09 14:45:00,24.0
99,VICHADA,99001,PUERTO CARREÑO,99001000,PUERTO CARREÑO (PUERTO CARREÑO - VICHADA),2023,6,,758.457,4871.68,jueves,2023-06-01 14:15:00,2351.0
91,AMAZONAS,91001,LETICIA,91001000,LETICIA (LETICIA - AMAZONAS),2023,7,,,7880.98,jueves,2023-07-27 15:00:00,24.0
91,AMAZONAS,91798,TARAPACA (ANM),91798000,TARAPACA (TARAPACA (ANM) - AMAZONAS),2023,7,27.746,12.859,112.41,miércoles,2023-07-12 19:00:00,102.0
5,ANTIOQUIA,5873,VIGÍA DEL FUERTE,5873002,VEGAEZ (VIGÍA DEL FUERTE - ANTIOQUIA),2023,7,4.947,471.0,32.06,jueves,2023-07-20 19:30:00,639.0
88,ARCHIPIÉLAGO DE SAN ANDRÉS y PROVIDENCIA,88564,PROVIDENCIA,88564000,PROVIDENCIA (PROVIDENCIA - ARCHIPIÉLAGO DE SAN ANDRÉS y PROVIDENCIA ),2023,7,,282.664,2200.52,miércoles,2023-07-12 22:00:00,2358.0
88,ARCHIPIÉLAGO DE SAN ANDRÉS y PROVIDENCIA,88001,SAN ANDRÉS,88001000,SAN ANDRÉS (SAN ANDRÉS - ARCHIPIÉLAGO DE SAN ANDRÉS y PROVIDENCIA ),2023,7,,,31728.93,viernes,2023-07-21 15:30:00,24.0
13,BOLÍVAR,13001,CARTAGENA DE INDIAS,13001007,ISLA FUERTE (CARTAGENA DE INDIAS - BOLÍVAR),2023,7,35.668,20.472,237.53,sábado,2023-07-01 20:00:00,703.0
13,BOLÍVAR,13001,CARTAGENA DE INDIAS,13001037,ISLA MUCURA (CARTAGENA DE INDIAS - BOLÍVAR),2023,7,7.284,2.921,23.14,miércoles,2023-07-05 22:30:00,1344.0
13,BOLÍVAR,13001,CARTAGENA DE INDIAS,13001017,SANTA CRUZ DEL ISLOTE (CARTAGENA DE INDIAS - BOLÍVAR),2023,7,5.536,1.715,18.53,martes,2023-07-11 21:15:00,1139.0
18,CAQUETÁ,18150,CARTAGENA DEL CHAIRA,18150001,REMOLINO DEL CAGUAN (CARTAGENA DEL CHAIRA - CAQUETÁ),2023,7,19.378,8.83,89.37,sábado,2023-07-29 19:00:00,902.0
18,CAQUETÁ,18753,SAN VICENTE DEL CAGUÁN,18753002,GUACAMAYAS (SAN VICENTE DEL CAGUÁN - CAQUETÁ),2023,7,12.425,4.632,33.12,sábado,2023-07-22 19:00:00,1805.0
18,CAQUETÁ,18753,SAN VICENTE DEL CAGUÁN,18753009,PUERTO BETANIA (SAN VICENTE DEL CAGUÁN - CAQUETÁ),2023,7,4.384,1.842,33.6,viernes,2023-07-07 19:30:00,6.0
19,CAUCA,19318,GUAPI,19318008,LIMONES (GUAPI - CAUCA),2023,7,8.512,4.005,45.89,miércoles,2023-07-05 18:15:00,848.0
19,CAUCA,19418,LÓPEZ DE MICAY,19418012,SAN ANTONIO DE CHUARE (LÓPEZ DE MICAY - CAUCA),2023,7,5.872,1.823,46.69,sábado,2023-07-01 19:00:00,52.0
19,CAUCA,19809,TIMBIQUÍ,19809014,CHACON (TIMBIQUÍ - CAUCA),2023,7,3.544,1.015,27.98,domingo,2023-07-30 19:45:00,556.0
19,CAUCA,19809,TIMBIQUÍ,19809003,COTEJE (TIMBIQUÍ - CAUCA),2023,7,5.691,3.826,30.72,lunes,2023-07-24 19:30:00,705.0
19,CAUCA,19809,TIMBIQUÍ,19809023,PUERTO SAIJA (TIMBIQUÍ - CAUCA),2023,7,29.833,10.248,182.16,miércoles,2023-07-19 19:30:00,62.0
19,CAUCA,19809,TIMBIQUÍ,19809009,SANTA ROSA DE SAIJA (TIMBIQUÍ - CAUCA),2023,7,3.236,1.284,20.11,domingo,2023-07-23 19:30:00,558.0
27,CHOCÓ,27006,ACANDÍ,27006000,ACANDÍ (ACANDÍ - CHOCÓ),2023,7,675.713,203.724,1694.88,viernes,2023-07-07 20:45:00,18.0
27,CHOCÓ,27025,ALTO BAUDO,27025000,CIUDAD BAUDO - PIE DE PATO (ALTO BAUDO - CHOCÓ),2023,7,53.237,17.732,127.07,jueves,2023-07-20 11:45:00,2344.0
27,CHOCÓ,27075,BAHÍA SOLANO,27075000,CIUDAD MUTIS (BAHÍA SOLANO - CHOCÓ),2023,7,613.079,235.459,1290.52,miércoles,2023-07-26 11:45:00,2351.0
27,CHOCÓ,27075,BAHÍA SOLANO,27075001,CUPICA (BAHÍA SOLANO - CHOCÓ),2023,7,55.273,18.455,123.54,miércoles,2023-07-19 20:15:00,2354.0
27,CHOCÓ,27075,BAHÍA SOLANO,27075002,EL VALLE (BAHÍA SOLANO - CHOCÓ),2023,7,192.736,71.761,384.12,viernes,2023-07-21 19:30:00,2333.0
27,CHOCÓ,27077,BAJO BAUDÓ,27077029,FIRME DE USARGA (BAJO BAUDÓ - CHOCÓ),2023,7,755.0,836.0,7.12,lunes,2023-07-31 19:00:00,431.0
27,CHOCÓ,27077,BAJO BAUDÓ,27077026,GUINEAL (BAJO BAUDÓ - CHOCÓ),2023,7,5.747,2.493,31.75,martes,2023-07-18 19:00:00,825.0
27,CHOCÓ,27077,BAJO BAUDÓ,27077000,PIZARRO (BAJO BAUDÓ - CHOCÓ),2023,7,245.3,98.778,606.67,martes,2023-07-18 19:45:00,2213.0
27,CHOCÓ,27077,BAJO BAUDÓ,27077916,TERRON (BAJO BAUDÓ - CHOCÓ),2023,7,4.613,2.208,24.56,miércoles,2023-07-19 12:45:00,801.0
27,CHOCÓ,27099,BOJAYÁ,27099000,BELLAVISTA (BOJAYÁ - CHOCÓ),2023,7,101.093,31.203,250.33,sábado,2023-07-08 20:15:00,1645.0
27,CHOCÓ,27099,BOJAYÁ,27099030,PIEDRA CANDELA (BOJAYÁ - CHOCÓ),2023,7,7.434,3.293,34.82,sábado,2023-07-29 15:30:00,946.0
27,CHOCÓ,27250,EL LITORAL DEL SAN JUAN,27250000,SANTA GENOVEVA DE DOCORDO (EL LITORAL DEL SAN JUAN - CHOCÓ),2023,7,103.973,56.702,246.31,jueves,2023-07-20 12:45:00,2028.0
27,CHOCÓ,27372,JURADO,27372000,JURADO (JURADO - CHOCÓ),2023,7,184.813,68.165,362.88,jueves,2023-07-20 19:30:00,23.0
27,CHOCÓ,27425,MEDIO ATRATO,27425000,BETE (MEDIO ATRATO - CHOCÓ),2023,7,10.645,8.936,56.0,jueves,2023-07-06 11:30:00,823.0
27,CHOCÓ,27800,UNGUÍA,27800001,BALBOA (UNGUÍA - CHOCÓ),2023,7,26.211,9.835,95.11,domingo,2023-07-30 20:30:00,1152.0
27,CHOCÓ,27800,UNGUÍA,27800005,TITUMATE (UNGUÍA - CHOCÓ),2023,7,15.421,7.302,88.35,sábado,2023-07-29 19:45:00,73.0
27,CHOCÓ,27800,UNGUÍA,27800000,UNGUÍA (UNGUÍA - CHOCÓ),2023,7,459.939,155.189,944.06,lunes,2023-07-10 20:00:00,2207.0
94,GUAINÍA,94343,BARRANCO MINAS,94343000,BARRANCO MINAS (BARRANCO MINAS - GUAINÍA),2023,7,60.935,14.074,173.59,miércoles,2023-07-05 18:30:00,1551.0
95,GUAVIARE,95200,MIRAFLORES,95200000,MIRAFLORES (MIRAFLORES - GUAVIARE),2023,7,83.462,27.375,195.8,jueves,2023-07-06 18:45:00,1816.0
44,LA GUAJIRA,44847,URIBIA,44847012,NAZARETH (URIBIA - LA GUAJIRA),2023,7,58.349,11.007,347.33,miércoles,2023-07-12 18:45:00,935.0
47,MAGDALENA,47189,CIÉNAGA,47189018,PALMOR (CIÉNAGA - MAGDALENA),2023,7,98.207,35.278,183.3,viernes,2023-07-14 19:00:00,2251.0
50,META,50325,MAPIRIPAN,50325000,MAPIRIPAN (MAPIRIPAN - META),2023,7,166.023,60.755,344.08,miércoles,2023-07-26 18:45:00,2351.0
52,NARIÑO,52250,EL CHARCO,52250023,BAZAN (EL CHARCO - NARIÑO),2023,7,17.741,6.878,110.4,martes,2023-07-18 19:15:00,635.0
52,NARIÑO,52250,EL CHARCO,52250007,SAN JOSE DEL TAPAJE (EL CHARCO - NARIÑO),2023,7,12.99,3.724,80.0,sábado,2023-07-01 18:45:00,832.0
52,NARIÑO,52520,FRANCISCO PIZARRO,52520013,SAN PEDRO DEL VINO (FRANCISCO PIZARRO - NARIÑO),2023,7,4.071,2.175,23.68,martes,2023-07-25 18:30:00,646.0
52,NARIÑO,52390,LA TOLA,52390013,AMARALES (LA TOLA - NARIÑO),2023,7,7.193,2.262,46.02,martes,2023-07-18 20:00:00,717.0
52,NARIÑO,52427,MAGÜI,52427901,ALTO ESTERO (MAGÜI - NARIÑO),2023,7,421.0,132.0,11.32,domingo,2023-07-30 19:15:00,127.0
52,NARIÑO,52427,MAGÜI,52427013,LA LOMA (MAGÜI - NARIÑO),2023,7,339.0,235.0,7.45,domingo,2023-07-30 19:30:00,152.0
52,NARIÑO,52490,OLAYA HERRERA,52490913,BOCA DE PRIETA (OLAYA HERRERA - NARIÑO),2023,7,2.347,657.0,15.86,miércoles,2023-07-26 20:00:00,532.0
52,NARIÑO,52835,SAN ANDRÉS DE TUMACO,52835055,BOCAS DE CURAY (SAN ANDRÉS DE TUMACO - NARIÑO),2023,7,8.814,3.287,52.8,domingo,2023-07-23 12:00:00,727.0
52,NARIÑO,52696,SANTA BÁRBARA,52696014,LA ENSENADA (SANTA BÁRBARA - NARIÑO),2023,7,3.485,6.323,21.86,jueves,2023-07-20 19:30:00,611.0
52,NARIÑO,52696,SANTA BÁRBARA,52696022,SECADERO (SANTA BÁRBARA - NARIÑO),2023,7,2.602,1.828,13.08,domingo,2023-07-23 19:45:00,753.0
86,PUTUMAYO,86573,PUERTO LEGUIZAMO,86573000,PUERTO LEGUIZAMO (PUERTO LEGUIZAMO - PUTUMAYO),2023,7,671.713,244.357,1266.76,miércoles,2023-07-26 19:00:00,2322.0
76,VALLE DEL CAUCA,76109,BUENAVENTURA,76109069,PAPAYAL 1 (BUENAVENTURA - VALLE DEL CAUCA),2023,7,8.31,580.0,41.81,viernes,2023-07-28 18:45:00,736.0
76,VALLE DEL CAUCA,76109,BUENAVENTURA,76109028,PUERTO MERIZALDE (BUENAVENTURA - VALLE DEL CAUCA),2023,7,88.095,32.072,245.52,jueves,2023-07-06 15:30:00,1857.0
76,VALLE DEL CAUCA,76109,BUENAVENTURA,76109032,SAN FRANCISCO NAYA (BUENAVENTURA - VALLE DEL CAUCA),2023,7,6.483,2.842,31.74,sábado,2023-07-01 11:45:00,804.0
97,VAUPÉS,97161,CARURÚ,97161000,CARURÚ (CARURÚ - VAUPÉS),2023,7,25.299,10.383,86.77,miércoles,2023-07-19 19:00:00,1217.0
97,VAUPÉS,97001,MITÚ,97001000,MITÚ (MITÚ - VAUPÉS),2023,7,,373.817,2898.11,miércoles,2023-07-05 11:45:00,2358.0
97,VAUPÉS,97666,TARAIRA,97666000,TARAIRA (TARAIRA - VAUPÉS),2023,7,33.997,10.861,131.82,miércoles,2023-07-26 12:30:00,1114.0
99,VICHADA,99773,CUMARIBO,99773000,CUMARIBO (CUMARIBO - VICHADA),2023,7,317.822,129.634,650.32,jueves,2023-07-13 14:15:00,2358.0
99,VICHADA,99001,PUERTO CARREÑO,99001000,PUERTO CARREÑO (PUERTO CARREÑO - VICHADA),2023,7,,762.278,4454.56,jueves,2023-07-06 14:15:00,2358.0
52,NARIÑO,52390,LA TOLA,52390009,MULATOS (LA TOLA - NARIÑO),2023,7,5.866,189.0,33.92,viernes,2023-07-14 20:30:00,809.0
91,AMAZONAS,91798,TARAPACÁ (ANM),91798000,TARAPACÁ (TARAPACÁ (ANM) - AMAZONAS),2023,8,30.314,13.613,120.39,sábado,2023-08-26 14:15:00,1015.0
5,ANTIOQUIA,5873,VIGÍA DEL FUERTE,5873002,VEGÁEZ (VIGÍA DEL FUERTE - ANTIOQUIA),2023,8,5.313,735.0,54.62,sábado,2023-08-12 19:00:00,559.0
91,AMAZONAS,91001,LETICIA,91001000,LETICIA (LETICIA - AMAZONAS),2023,8,,,8340.9,martes,2023-08-22 14:45:00,24.0
88,"ARCHIPIÉLAGO DE SAN ANDRÉS, PROVIDENCIA Y SANTA CATALINA",88564,PROVIDENCIA,88564000,PROVIDENCIA (PROVIDENCIA - ARCHIPIÉLAGO DE SAN ANDRÉS Y PROVIDENCIA),2023,8,,269.878,2225.12,jueves,2023-08-31 14:30:00,24.0
88,"ARCHIPIÉLAGO DE SAN ANDRÉS, PROVIDENCIA Y SANTA CATALINA",88001,SAN ANDRÉS,88001000,SAN ANDRÉS (SAN ANDRÉS - ARCHIPIÉLAGO DE SAN ANDRÉS Y PROVIDENCIA),2023,8,,,33162.97,miércoles,2023-08-30 15:30:00,24.0
13,BOLÍVAR,13001,CARTAGENA DE INDIAS,13001007,ISLA FUERTE (CARTAGENA DE INDIAS - BOLÍVAR),2023,8,59.332,34.624,239.69,sábado,2023-08-05 22:15:00,12.0
13,BOLÍVAR,13001,CARTAGENA DE INDIAS,13001037,ISLA MÚCURA (CARTAGENA DE INDIAS - BOLÍVAR),2023,8,7.212,2.912,23.84,sábado,2023-08-19 23:30:00,1347.0
13,BOLÍVAR,13001,CARTAGENA DE INDIAS,13001017,SANTA CRUZ DEL ISLOTE (CARTAGENA DE INDIAS - BOLÍVAR),2023,8,5.284,1.708,18.43,jueves,2023-08-10 20:30:00,1135.0
18,CAQUETÁ,18150,CARTAGENA DEL CHAIRÁ,18150001,REMOLINO DEL CAGUÁN (CARTAGENA DEL CHAIRA - CAQUETÁ),2023,8,19.409,8.63,103.84,sábado,2023-08-26 19:00:00,825.0
18,CAQUETÁ,18753,SAN VICENTE DEL CAGUÁN,18753002,GUACAMAYAS (SAN VICENTE DEL CAGUÁN - CAQUETÁ),2023,8,13.259,5.056,36.82,miércoles,2023-08-09 19:15:00,1708.0
18,CAQUETÁ,18753,SAN VICENTE DEL CAGUÁN,18753009,PUERTO BETANIA (SAN VICENTE DEL CAGUÁN - CAQUETÁ),2023,8,4.927,2.037,37.4,miércoles,2023-08-16 20:15:00,61.0
19,CAUCA,19318,GUAPI,19318008,LIMONES (GUAPI - CAUCA),2023,8,8.101,3.921,50.33,domingo,2023-08-20 19:00:00,824.0
19,CAUCA,19318,GUAPI,19318013,SAN ANTONIO DE GUAJUÍ (GUAPI - CAUCA),2023,8,11.007,6.047,57.81,miércoles,2023-08-02 19:30:00,806.0
19,CAUCA,19418,LÓPEZ DE MICAY,19418033,BOCA GRANDE (LÓPEZ (MICAY) - CAUCA),2023,8,4.015,732.0,34.8,martes,2023-08-15 19:00:00,5.0
19,CAUCA,19418,LÓPEZ DE MICAY,19418038,ISLA DE GALLO (LÓPEZ DE MICAY - CAUCA),2023,8,4.899,2.448,28.29,sábado,2023-08-05 20:15:00,724.0
19,CAUCA,19418,LÓPEZ DE MICAY,19418009,NOANAMITO (LÓPEZ DE MICAY - CAUCA),2023,8,7.844,2.996,36.0,domingo,2023-08-06 19:30:00,957.0
19,CAUCA,19418,LÓPEZ DE MICAY,19418011,DOS QUEBRADAS RÍO NAYA (LÓPEZ DE MICAY - CAUCA),2023,8,2.404,986.0,27.46,miércoles,2023-08-30 19:30:00,337.0
19,CAUCA,19418,LÓPEZ DE MICAY,19418012,SAN ANTONIO DE CHUARÉ (LÓPEZ DE MICAY - CAUCA),2023,8,4.772,1.371,47.46,sábado,2023-08-05 19:15:00,401.0
19,CAUCA,19418,LÓPEZ DE MICAY,19418015,SAN ISIDRO (LÓPEZ DE MICAY - CAUCA),2023,8,1.063,581.0,7.42,domingo,2023-08-06 19:45:00,558.0
19,CAUCA,19809,TIMBIQUÍ,19809014,CHACÓN (TIMBIQUÍ - CAUCA),2023,8,3.707,1.081,24.48,miércoles,2023-08-09 19:00:00,618.0
19,CAUCA,19809,TIMBIQUÍ,19809003,COTEJE (TIMBIQUÍ - CAUCA),2023,8,6.201,4.364,29.92,jueves,2023-08-10 19:15:00,756.0
19,CAUCA,19809,TIMBIQUÍ,19809023,PUERTO SAIJA (TIMBIQUÍ - CAUCA),2023,8,38.598,13.508,176.7,miércoles,2023-08-30 19:45:00,855.0
19,CAUCA,19809,TIMBIQUÍ,19809009,SANTA ROSA DE SAIJA (TIMBIQUÍ - CAUCA),2023,8,3.266,1.302,20.06,lunes,2023-08-28 19:30:00,609.0
27,CHOCÓ,27006,ACANDÍ,27006000,ACANDÍ (ACANDÍ - CHOCÓ),2023,8,624.583,193.963,1486.32,viernes,2023-08-04 22:00:00,2009.0
27,CHOCÓ,27025,ALTO BAUDÓ (PIE DE PATO),27025000,CIUDAD BAUDÓ - PIE DE PATO (ALTO BAUDÓ - CHOCÓ),2023,8,53.179,17.886,122.94,miércoles,2023-08-30 11:45:00,2354.0
27,CHOCÓ,27075,BAHÍA SOLANO (MUTIS),27075000,CIUDAD MUTIS (BAHÍA SOLANO - CHOCÓ),2023,8,122.195,50.665,1295.8,miércoles,2023-08-02 12:15:00,2306.0
27,CHOCÓ,27075,BAHÍA SOLANO (MUTIS),27075001,CUPICA (BAHÍA SOLANO - CHOCÓ),2023,8,56.339,17.183,124.87,lunes,2023-08-14 20:00:00,2359.0
27,CHOCÓ,27075,BAHÍA SOLANO (MUTIS),27075002,EL VALLE (BAHÍA SOLANO - CHOCÓ),2023,8,190.369,70.576,382.54,miércoles,2023-08-30 19:15:00,2314.0
27,CHOCÓ,27077,BAJO BAUDÓ (PIZARRO),27077029,FIRME DE USARGA (BAJO BAUDÓ (PIZARRO) - CHOCÓ),2023,8,378.0,246.0,6.3,domingo,2023-08-06 19:30:00,231.0
27,CHOCÓ,27077,BAJO BAUDÓ (PIZARRO),27077026,GUINEAL (BAJO BAUDÓ (PIZARRO) - CHOCÓ),2023,8,5.965,5.912,33.24,domingo,2023-08-13 11:45:00,809.0
27,CHOCÓ,27077,BAJO BAUDÓ (PIZARRO),27077000,PIZARRO (BAJO BAUDÓ (PIZARRO) - CHOCÓ),2023,8,251.425,97.889,471.5,miércoles,2023-08-02 19:30:00,231.0
27,CHOCÓ,27077,BAJO BAUDÓ (PIZARRO),27077916,TERRON (BAJO BAUDÓ - CHOCÓ),2023,8,5.211,2.581,26.07,miércoles,2023-08-02 12:45:00,904.0
27,CHOCÓ,27099,BOJAYÁ (BELLAVISTA),27099000,BELLAVISTA (BOJAYÁ (BELLAVISTA) - CHOCÓ),2023,8,101.643,30.691,243.02,viernes,2023-08-04 20:15:00,1645.0
27,CHOCÓ,27099,BOJAYÁ (BELLAVISTA),27099030,PIEDRA CANDELA (BOJAYÁ - CHOCÓ),2023,8,7.787,3.445,35.5,martes,2023-08-29 16:00:00,92.0
27,CHOCÓ,27250,EL LITORAL DEL SAN JUAN,27250000,SANTA GENOVEVA DE DOCORDÓ (EL LITORAL DEL SAN JUAN - CHOCÓ),2023,8,95.572,52.957,235.22,miércoles,2023-08-09 11:45:00,1825.0
27,CHOCÓ,27372,JURADÓ,27372000,JURADÓ (JURAÓ - CHOCÓ),2023,8,200.154,70.965,360.32,miércoles,2023-08-16 19:15:00,2343.0
27,CHOCÓ,27425,MEDIO ATRATO (BETÉ),27425000,BETÉ (MEDIO ATRATO (BETÉ) - CHOCÓ),2023,8,12.708,7.979,56.0,martes,2023-08-29 12:30:00,1043.0
27,CHOCÓ,27495,NUQUÍ,27495011,PUERTO JAGUA (NUQUÍ - CHOCÓ),2023,8,923.0,467.0,6.0,sábado,2023-08-19 19:00:00,709.0
27,CHOCÓ,27495,NUQUÍ,27495003,JURUBIRA (NUQUÍ - CHOCÓ),2023,8,15.945,7.744,57.36,viernes,2023-08-18 19:15:00,1256.0
27,CHOCÓ,27001,QUIBDÓ,27001029,TAGACHI (QUIBDÓ - CHOCÓ),2023,8,0.0,0.0,0.0,martes,2023-08-01 00:00:00,0.0
27,CHOCÓ,27800,UNGUÍA,27800001,BALBOA (UNGUÍA - CHOCÓ),2023,8,26.794,9.912,90.45,sábado,2023-08-05 19:30:00,1208.0
27,CHOCÓ,27800,UNGUÍA,27800005,TITUMATE (UNGUÍA - CHOCÓ),2023,8,16.873,5.751,92.84,viernes,2023-08-25 20:00:00,818.0
27,CHOCÓ,27800,UNGUÍA,27800000,UNGUÍA (UNGUÍA - CHOCÓ),2023,8,468.171,158.614,979.44,miércoles,2023-08-30 21:00:00,2222.0
94,GUAINÍA,94343,BARRANCOMINAS,94343000,BARRANCOMINAS (BARRANCOMINAS - GUAINÍA),2023,8,60.416,16.684,216.83,viernes,2023-08-25 18:30:00,1547.0
94,GUAINÍA,94001,INÍRIDA,94001000,INÍRIDA (INÍRIDA - GUAINÍA),2023,8,,639.007,4129.84,viernes,2023-08-18 14:30:00,24.0
95,GUAVIARE,95200,MIRAFLORES,95200000,MIRAFLORES (MIRAFLORES - GUAVIARE),2023,8,89.27,28.41,211.64,viernes,2023-08-25 13:30:00,1819.0
44,LA GUAJIRA,44847,URIBIA,44847012,NAZARETH (URIBIA - LA GUAJIRA),2023,8,53.865,10.924,344.98,jueves,2023-08-10 19:00:00,935.0
47,MAGDALENA,47189,CIÉNAGA,47189018,PALMOR (CIÉNAGA - MAGDALENA),2023,8,83.964,29.169,179.71,martes,2023-08-15 19:00:00,2303.0
50,META,50325,MAPIRIPÁN,50325000,MAPIRIPÁN (MAPIRIPÁN - META),2023,8,180.492,66.783,345.84,miércoles,2023-08-23 19:00:00,2354.0
52,NARIÑO,52250,EL CHARCO,52250016,ALTERÓN (URIBE URIBE) (EL CHARCO - NARIÑO),2023,8,0.0,0.0,0.0,martes,2023-08-01 00:00:00,0.0
52,NARIÑO,52250,EL CHARCO,52250023,BAZÁN (EL CHARCO - NARIÑO),2023,8,23.057,8.84,110.4,sábado,2023-08-12 19:15:00,831.0
52,NARIÑO,52250,EL CHARCO,52250003,BOLÍVAR - SAN PEDRO (EL CHARCO - NARIÑO),2023,8,3.19,2.658,27.36,martes,2023-08-15 19:30:00,435.0
52,NARIÑO,52250,EL CHARCO,52250022,EL CUIL PUEBLO NUEVO (EL CHARCO - NARIÑO),2023,8,7.076,3.555,29.96,miércoles,2023-08-30 19:15:00,907.0
52,NARIÑO,52250,EL CHARCO,52250005,LAS MERCEDES (EL CHARCO - NARIÑO),2023,8,2.573,1.959,14.24,jueves,2023-08-31 19:45:00,709.0
52,NARIÑO,52250,EL CHARCO,52250007,SAN JOSÉ DEL TAPAJE (EL CHARCO - NARIÑO),2023,8,11.974,3.44,80.0,lunes,2023-08-28 21:00:00,822.0
52,NARIÑO,52520,FRANCISCO PIZARRO,52520013,SAN PEDRO DEL VINO (FRANCISCO PIZARRO - NARIÑO),2023,8,4.234,2.442,25.44,lunes,2023-08-21 19:00:00,645.0
52,NARIÑO,52390,LA TOLA,52390005,AGUACATAL (LA TOLA - NARIÑO),2023,8,3.391,993.0,11.68,sábado,2023-08-19 20:00:00,1233.0
52,NARIÑO,52390,LA TOLA,52390013,AMÁRALES (LA TOLA - NARIÑO),2023,8,9.507,3.351,47.9,viernes,2023-08-18 20:00:00,933.0
52,NARIÑO,52390,LA TOLA,52390003,LA VIGÍA DE LA MAR (LA TOLA - NARIÑO),2023,8,6.544,2.253,35.28,viernes,2023-08-18 11:30:00,843.0
52,NARIÑO,52390,LA TOLA,52390009,MULATOS (LA TOLA - NARIÑO),2023,8,5.257,3.388,34.56,martes,2023-08-08 18:00:00,738.0
52,NARIÑO,52390,LA TOLA,52390016,SAN PABLO DEL MAR (LA TOLA - NARIÑO),2023,8,4.041,1.563,16.45,jueves,2023-08-17 18:45:00,1005.0
52,NARIÑO,52427,MAGÜÍ,52427013,LA LOMA (MAGÜÍ - NARIÑO),2023,8,976.0,607.0,6.97,martes,2023-08-01 19:15:00,541.0
52,NARIÑO,52490,OLAYA HERRERA,52490913,BOCA DE PRIETA (OLAYA HERRERA - NARIÑO),2023,8,2.691,784.0,16.13,viernes,2023-08-04 18:30:00,617.0
52,NARIÑO,52835,SAN ANDRÉS DE TUMACO,52835055,BOCAS DE CURAY (TUMACO - NARIÑO),2023,8,7.895,2.711,52.8,miércoles,2023-08-09 19:15:00,633.0
52,NARIÑO,52835,SAN ANDRÉS DE TUMACO,52835217,SAN JUAN DE LA COSTA (SAN ANDRÉS DE TUMACO - NARIÑO),2023,8,22.285,8.667,118.4,jueves,2023-08-10 19:00:00,845.0
52,NARIÑO,52696,SANTA BÁRBARA (ISCUANDÉ),52696014,LA ENSENADA (SANTA BÁRBARA (ISCUANDÉ) - NARIÑO),2023,8,3.563,6.345,23.01,viernes,2023-08-25 19:15:00,613.0
52,NARIÑO,52696,SANTA BÁRBARA (ISCUANDÉ),52696022,SECADERO (SANTA BÁRBARA (ISCUANDÉ) - NARIÑO),2023,8,2.848,1.87,14.09,martes,2023-08-29 17:45:00,832.0
86,PUTUMAYO,86573,PUERTO LEGUÍZAMO,86573000,PUERTO LEGUÍZAMO (PUERTO LEGUÍZAMO - PUTUMAYO),2023,8,724.411,246.403,1435.54,jueves,2023-08-31 11:30:00,2348.0
76,VALLE DEL CAUCA,76109,BUENAVENTURA,76109069,PAPAYAL 1 (BUENAVENTURA - VALLE DEL CAUCA),2023,8,9.476,811.0,40.46,domingo,2023-08-20 18:45:00,915.0
76,VALLE DEL CAUCA,76109,BUENAVENTURA,76109028,PUERTO MERIZALDE (BUENAVENTURA - VALLE DEL CAUCA),2023,8,97.305,36.072,223.52,lunes,2023-08-21 18:00:00,2047.0
76,VALLE DEL CAUCA,76109,BUENAVENTURA,76109032,SAN FRANCISCO NAYA (BUENAVENTURA - VALLE DEL CAUCA),2023,8,6.704,3.015,32.51,viernes,2023-08-18 12:15:00,81.0
97,VAUPÉS,97161,CARURÚ,97161000,CARURÚ (CARURÚ - VAUPÉS),2023,8,26.153,10.645,98.47,jueves,2023-08-31 18:00:00,1214.0
97,VAUPÉS,97001,MITÚ,97001000,MITÚ (MITÚ - VAUPÉS),2023,8,,390.499,2911.7,miércoles,2023-08-23 11:45:00,235.0
97,VAUPÉS,97666,TARAIRA,97666000,TARAIRA (TARAIRA - VAUPÉS),2023,8,36.864,11.207,134.38,jueves,2023-08-10 12:45:00,1119.0
99,VICHADA,99773,CUMARIBO,99773000,CUMARIBO (CUMARIBO - VICHADA),2023,8,347.125,135.511,710.6,jueves,2023-08-31 15:00:00,2341.0
99,VICHADA,99001,PUERTO CARREÑO,99001000,PUERTO CARREÑO (PUERTO CARREÑO - VICHADA),2023,8,,801.372,4807.44,viernes,2023-08-18 14:30:00,2357.0
91,AMAZONAS,91001,LETICIA,91001000,LETICIA (LETICIA - AMAZONAS),2023,9,,,8592.46,jueves,2023-09-07 15:00:00,24.0
91,AMAZONAS,91798,TARAPACÁ (ANM),91798000,TARAPACÁ (TARAPACÁ (ANM) - AMAZONAS),2023,9,30.097,13.757,126.71,miércoles,2023-09-06 15:15:00,1015.0
5,ANTIOQUIA,5873,VIGÍA DEL FUERTE,5873002,VEGÁEZ (VIGÍA DEL FUERTE - ANTIOQUIA),2023,9,5.685,837.0,56.26,jueves,2023-09-07 21:00:00,618.0
88,"ARCHIPIÉLAGO DE SAN ANDRÉS, PROVIDENCIA Y SANTA CATALINA",88564,PROVIDENCIA,88564000,PROVIDENCIA (PROVIDENCIA - ARCHIPIÉLAGO DE SAN ANDRÉS Y PROVIDENCIA),2023,9,,271.351,2213.59,martes,2023-09-26 14:15:00,24.0
88,"ARCHIPIÉLAGO DE SAN ANDRÉS, PROVIDENCIA Y SANTA CATALINA",88001,SAN ANDRÉS,88001000,SAN ANDRÉS (SAN ANDRÉS - ARCHIPIÉLAGO DE SAN ANDRÉS Y PROVIDENCIA),2023,9,,,33355.95,viernes,2023-09-01 15:30:00,24.0
13,BOLÍVAR,13001,CARTAGENA DE INDIAS,13001007,ISLA FUERTE (CARTAGENA DE INDIAS - BOLÍVAR),2023,9,73.29,40.608,226.64,viernes,2023-09-29 22:15:00,1607.0
13,BOLÍVAR,13001,CARTAGENA DE INDIAS,13001037,ISLA MÚCURA (CARTAGENA DE INDIAS - BOLÍVAR),2023,9,5.539,2.199,22.37,viernes,2023-09-08 22:15:00,1032.0
13,BOLÍVAR,13001,CARTAGENA DE INDIAS,13001017,SANTA CRUZ DEL ISLOTE (CARTAGENA DE INDIAS - BOLÍVAR),2023,9,9.602,3.063,53.73,jueves,2023-09-28 22:00:00,1103.0
18,CAQUETÁ,18150,CARTAGENA DEL CHAIRÁ,18150001,REMOLINO DEL CAGUÁN (CARTAGENA DEL CHAIRA - CAQUETÁ),2023,9,19.377,8.471,101.43,sábado,2023-09-09 19:30:00,815.0
18,CAQUETÁ,18753,SAN VICENTE DEL CAGUÁN,18753002,GUACAMAYAS (SAN VICENTE DEL CAGUÁN - CAQUETÁ),2023,9,7.487,2.719,36.58,martes,2023-09-12 20:15:00,1108.0
18,CAQUETÁ,18753,SAN VICENTE DEL CAGUÁN,18753009,PUERTO BETANIA (SAN VICENTE DEL CAGUÁN - CAQUETÁ),2023,9,4.945,2.037,37.28,miércoles,2023-09-13 18:45:00,621.0
19,CAUCA,19318,GUAPI,19318008,LIMONES (GUAPI - CAUCA),2023,9,8.078,3.861,41.24,viernes,2023-09-01 20:00:00,852.0
19,CAUCA,19318,GUAPI,19318013,SAN ANTONIO DE GUAJUÍ (GUAPI - CAUCA),2023,9,10.067,5.54,57.09,domingo,2023-09-10 19:30:00,747.0
19,CAUCA,19418,LÓPEZ DE MICAY,19418033,BOCA GRANDE (LÓPEZ (MICAY) - CAUCA),2023,9,1.623,302.0,33.84,miércoles,2023-09-13 19:30:00,304.0
19,CAUCA,19418,LÓPEZ DE MICAY,19418038,ISLA DE GALLO (LÓPEZ DE MICAY - CAUCA),2023,9,1.863,950.0,28.42,lunes,2023-09-11 18:00:00,548.0
19,CAUCA,19418,LÓPEZ DE MICAY,19418009,NOANAMITO (LÓPEZ DE MICAY - CAUCA),2023,9,3.588,1.366,36.0,sábado,2023-09-02 19:15:00,602.0
19,CAUCA,19418,LÓPEZ DE MICAY,19418012,SAN ANTONIO DE CHUARÉ (LÓPEZ DE MICAY - CAUCA),2023,9,4.374,1.225,46.85,viernes,2023-09-08 19:15:00,352.0
19,CAUCA,19418,LÓPEZ DE MICAY,19418015,SAN ISIDRO (LÓPEZ DE MICAY - CAUCA),2023,9,464.0,261.0,7.36,jueves,2023-09-30 18:30:00,513.0
19,CAUCA,19809,TIMBIQUÍ,19809014,CHACÓN (TIMBIQUÍ - CAUCA),2023,9,3.824,1.089,24.16,martes,2023-09-05 18:15:00,701.0
19,CAUCA,19809,TIMBIQUÍ,19809003,COTEJE (TIMBIQUÍ - CAUCA),2023,9,6.311,4.448,30.72,martes,2023-09-12 19:15:00,816.0
19,CAUCA,19809,TIMBIQUÍ,19809023,PUERTO SAIJA (TIMBIQUÍ - CAUCA),2023,9,34.702,11.795,188.32,sábado,2023-09-09 20:00:00,738.0
19,CAUCA,19809,TIMBIQUÍ,19809009,SANTA ROSA DE SAIJA (TIMBIQUÍ - CAUCA),2023,9,4.668,1.823,20.21,jueves,2023-09-28 19:15:00,901.0
27,CHOCÓ,27006,ACANDÍ,27006000,ACANDÍ (ACANDÍ - CHOCÓ),2023,9,711.384,218.142,1549.5,miércoles,2023-09-06 21:30:00,1956.0
27,CHOCÓ,27025,ALTO BAUDÓ (PIE DE PATO),27025000,CIUDAD BAUDÓ - PIE DE PATO (ALTO BAUDÓ - CHOCÓ),2023,9,52.092,17.61,123.11,martes,2023-09-19 12:00:00,2336.0
27,CHOCÓ,27075,BAHÍA SOLANO (MUTIS),27075000,CIUDAD MUTIS (BAHÍA SOLANO - CHOCÓ),2023,9,469.697,187.068,1258.84,miércoles,2023-09-06 11:00:00,1836.0
27,CHOCÓ,27075,BAHÍA SOLANO (MUTIS),27075001,CUPICA (BAHÍA SOLANO - CHOCÓ),2023,9,53.501,17.298,133.69,miércoles,2023-09-06 19:30:00,2356.0
27,CHOCÓ,27075,BAHÍA SOLANO (MUTIS),27075002,EL VALLE (BAHÍA SOLANO - CHOCÓ),2023,9,176.881,68.7,374.09,miércoles,2023-09-06 19:15:00,225.0
27,CHOCÓ,27077,BAJO BAUDÓ (PIZARRO),27077029,FIRME DE USARGA (BAJO BAUDÓ (PIZARRO) - CHOCÓ),2023,9,891.0,361.0,5.99,lunes,2023-09-18 20:15:00,624.0
27,CHOCÓ,27077,BAJO BAUDÓ (PIZARRO),27077026,GUINEAL (BAJO BAUDÓ (PIZARRO) - CHOCÓ),2023,9,5.951,3.174,34.25,miércoles,2023-09-27 18:45:00,837.0
27,CHOCÓ,27077,BAJO BAUDÓ (PIZARRO),27077000,PIZARRO (BAJO BAUDÓ (PIZARRO) - CHOCÓ),2023,9,217.962,87.272,483.12,domingo,2023-09-24 19:00:00,2111.0
27,CHOCÓ,27077,BAJO BAUDÓ (PIZARRO),27077916,TERRON (BAJO BAUDÓ - CHOCÓ),2023,9,5.577,2.43,24.46,sábado,2023-09-30 12:15:00,1033.0
27,CHOCÓ,27099,BOJAYÁ (BELLAVISTA),27099000,BELLAVISTA (BOJAYÁ (BELLAVISTA) - CHOCÓ),2023,9,99.956,33.966,242.05,martes,2023-09-19 19:15:00,1702.0
27,CHOCÓ,27099,BOJAYÁ (BELLAVISTA),27099030,PIEDRA CANDELA (BOJAYÁ - CHOCÓ),2023,9,7.157,3.199,37.05,sábado,2023-09-16 14:00:00,917.0
27,CHOCÓ,27372,JURADÓ,27372000,JURADÓ (JURAÓ - CHOCÓ),2023,9,186.721,66.774,355.68,sábado,2023-09-16 19:30:00,2325.0
27,CHOCÓ,27425,MEDIO ATRATO (BETÉ),27425000,BETÉ (MEDIO ATRATO (BETÉ) - CHOCÓ),2023,9,13.876,9.065,56.0,viernes,2023-09-08 12:00:00,1155.0
27,CHOCÓ,27495,NUQUÍ,27495011,PUERTO JAGUA (NUQUÍ - CHOCÓ),2023,9,301.0,142.0,5.57,sábado,2023-09-09 20:15:00,711.0
27,CHOCÓ,27495,NUQUÍ,27495003,JURUBIRA (NUQUÍ - CHOCÓ),2023,9,0.0,0.0,0.0,viernes,2023-09-01 00:00:00,0.0
27,CHOCÓ,27001,QUIBDÓ,27001029,TAGACHI (QUIBDÓ - CHOCÓ),2023,9,609.0,218.0,40.99,viernes,2023-09-29 20:30:00,37.0
27,CHOCÓ,27800,UNGUÍA,27800001,BALBOA (UNGUÍA - CHOCÓ),2023,9,26.277,9.834,88.63,jueves,2023-09-14 21:00:00,1205.0
27,CHOCÓ,27800,UNGUÍA,27800005,TITUMATE (UNGUÍA - CHOCÓ),2023,9,15.488,3.777,93.28,viernes,2023-09-01 20:15:00,746.0
27,CHOCÓ,27800,UNGUÍA,27800000,UNGUÍA (UNGUÍA - CHOCÓ),2023,9,459.409,153.081,1007.95,sábado,2023-09-30 19:45:00,2157.0
94,GUAINÍA,94343,BARRANCOMINAS,94343000,BARRANCOMINAS (BARRANCOMINAS - GUAINÍA),2023,9,69.541,20.238,213.17,viernes,2023-09-01 14:00:00,1558.0
94,GUAINÍA,94001,INÍRIDA,94001000,INÍRIDA (INÍRIDA - GUAINÍA),2023,9,,666.831,4387.68,viernes,2023-09-29 14:45:00,24.0
95,GUAVIARE,95200,MIRAFLORES,95200000,MIRAFLORES (MIRAFLORES - GUAVIARE),2023,9,90.236,31.623,221.32,miércoles,2023-09-06 18:30:00,1823.0
44,LA GUAJIRA,44847,URIBIA,44847012,NAZARETH (URIBIA - LA GUAJIRA),2023,9,46.427,10.572,260.64,miércoles,2023-09-27 18:30:00,922.0
47,MAGDALENA,47189,CIÉNAGA,47189018,PALMOR (CIÉNAGA - MAGDALENA),2023,9,91.551,32.765,179.58,sábado,2023-09-23 18:15:00,2312.0
50,META,50325,MAPIRIPÁN,50325000,MAPIRIPÁN (MAPIRIPÁN - META),2023,9,176.417,67.186,372.24,viernes,2023-09-08 18:45:00,233.0
52,NARIÑO,52250,EL CHARCO,52250023,BAZÁN (EL CHARCO - NARIÑO),2023,9,3.671,1.478,105.6,viernes,2023-09-01 19:45:00,431.0
52,NARIÑO,52250,EL CHARCO,52250003,BOLÍVAR - SAN PEDRO (EL CHARCO - NARIÑO),2023,9,2.463,2.059,28.54,miércoles,2023-09-13 18:45:00,42.0
52,NARIÑO,52250,EL CHARCO,52250022,EL CUIL PUEBLO NUEVO (EL CHARCO - NARIÑO),2023,9,4.847,2.274,30.8,sábado,2023-09-16 18:45:00,731.0
52,NARIÑO,52250,EL CHARCO,52250005,LAS MERCEDES (EL CHARCO - NARIÑO),2023,9,2.047,1.154,16.38,jueves,2023-09-07 19:45:00,553.0
52,NARIÑO,52250,EL CHARCO,52250007,SAN JOSÉ DEL TAPAJE (EL CHARCO - NARIÑO),2023,9,13.058,3.29,56.0,viernes,2023-09-01 16:15:00,926.0
52,NARIÑO,52520,FRANCISCO PIZARRO,52520013,SAN PEDRO DEL VINO (FRANCISCO PIZARRO - NARIÑO),2023,9,4.796,2.767,25.66,sábado,2023-09-30 19:00:00,804.0
52,NARIÑO,52390,LA TOLA,52390005,AGUACATAL (LA TOLA - NARIÑO),2023,9,2.178,556.0,12.48,viernes,2023-09-22 19:15:00,826.0
52,NARIÑO,52390,LA TOLA,52390013,AMÁRALES (LA TOLA - NARIÑO),2023,9,7.913,2.527,55.62,jueves,2023-09-14 19:15:00,717.0
52,NARIÑO,52390,LA TOLA,52390003,LA VIGÍA DE LA MAR (LA TOLA - NARIÑO),2023,9,7.456,2.618,39.12,jueves,2023-09-21 11:30:00,1028.0
52,NARIÑO,52390,LA TOLA,52390009,MULATOS (LA TOLA - NARIÑO),2023,9,4.873,3.594,30.72,domingo,2023-09-10 19:45:00,746.0
52,NARIÑO,52427,MAGÜÍ,52427013,LA LOMA (MAGÜÍ - NARIÑO),2023,9,411.0,259.0,6.26,miércoles,2023-09-06 20:00:00,238.0
52,NARIÑO,52490,OLAYA HERRERA,52490913,BOCA DE PRIETA (OLAYA HERRERA - NARIÑO),2023,9,2.264,645.0,17.16,domingo,2023-09-24 18:45:00,53.0
52,NARIÑO,52621,ROBERTO PAYAN,52621912,TAMAJE (ROBERTO PAYAN - NARIÑO),2023,9,0.0,0.0,0.0,viernes,2023-09-01 00:00:00,0.0
52,NARIÑO,52835,SAN ANDRÉS DE TUMACO,52835055,BOCAS DE CURAY (TUMACO - NARIÑO),2023,9,6.565,2.336,55.2,sábado,2023-09-16 19:15:00,534.0
52,NARIÑO,52835,SAN ANDRÉS DE TUMACO,52835217,SAN JUAN DE LA COSTA (SAN ANDRÉS DE TUMACO - NARIÑO),2023,9,17.106,6.478,118.4,martes,2023-09-05 18:45:00,658.0
52,NARIÑO,52696,SANTA BÁRBARA (ISCUANDÉ),52696014,LA ENSENADA (SANTA BÁRBARA (ISCUANDÉ) - NARIÑO),2023,9,3.536,4.482,22.43,miércoles,2023-09-06 20:00:00,63.0
52,NARIÑO,52696,SANTA BÁRBARA (ISCUANDÉ),52696022,SECADERO (SANTA BÁRBARA (ISCUANDÉ) - NARIÑO),2023,9,2.577,1.678,13.22,lunes,2023-09-18 18:45:00,801.0
86,PUTUMAYO,86573,PUERTO LEGUÍZAMO,86573000,PUERTO LEGUÍZAMO (PUERTO LEGUÍZAMO - PUTUMAYO),2023,9,922.045,282.787,2121.68,miércoles,2023-09-27 14:30:00,2349.0
76,VALLE DEL CAUCA,76109,BUENAVENTURA,76109069,PAPAYAL 1 (BUENAVENTURA - VALLE DEL CAUCA),2023,9,8.682,788.0,38.94,miércoles,2023-09-06 19:30:00,928.0
76,VALLE DEL CAUCA,76109,BUENAVENTURA,76109028,PUERTO MERIZALDE (BUENAVENTURA - VALLE DEL CAUCA),2023,9,102.484,37.62,230.91,sábado,2023-09-02 12:30:00,2315.0
76,VALLE DEL CAUCA,76109,BUENAVENTURA,76109032,SAN FRANCISCO NAYA (BUENAVENTURA - VALLE DEL CAUCA),2023,9,6.728,3.043,32.67,sábado,2023-09-09 11:45:00,818.0
97,VAUPÉS,97161,CARURÚ,97161000,CARURÚ (CARURÚ - VAUPÉS),2023,9,26.394,11.449,96.89,lunes,2023-09-25 14:30:00,113.0
97,VAUPÉS,97001,MITÚ,97001000,MITÚ (MITÚ - VAUPÉS),2023,9,,381.35,3011.0,miércoles,2023-09-06 12:00:00,2359.0
97,VAUPÉS,97666,TARAIRA,97666000,TARAIRA (TARAIRA - VAUPÉS),2023,9,33.31,10.042,147.05,jueves,2023-09-28 12:30:00,1022.0
99,VICHADA,99001,PUERTO CARREÑO,99001000,PUERTO CARREÑO (PUERTO CARREÑO - VICHADA),2023,9,,775.651,5026.56,jueves,2023-09-28 14:15:00,2352.0
19,CAUCA,19418,LÓPEZ DE MICAY,19418012,SAN ANTONIO DE CHUARE (LÓPEZ DE MICAY - CAUCA),2023,10,5.157,1.442,47.52,Viernes,2023-10-13 19:00:00,423.0
19,CAUCA,19418,LÓPEZ DE MICAY,19418015,SAN ISIDRO (LÓPEZ DE MICAY - CAUCA),2023,10,963.0,543.0,7.9,Sábado,2023-10-07 19:15:00,459.0
19,CAUCA,19418,LÓPEZ DE MICAY,19418019,ZARAGOZA (LÓPEZ DE MICAY - CAUCA),2023,10,11.867,4.348,63.71,Martes,2023-10-03 19:30:00,902.0
19,CAUCA,19809,TIMBIQUÍ,19809014,CHACON (TIMBIQUÍ - CAUCA),2023,10,4.173,1.126,24.88,Miércoles,2023-10-11 19:30:00,7.0
19,CAUCA,19809,TIMBIQUÍ,19809010,COMUNIDAD DE CHETE (TIMBIQUÍ - CAUCA),2023,10,4.718,1.837,29.25,Martes,2023-10-31 07:45:00,621.0
19,CAUCA,19809,TIMBIQUÍ,19809003,COTEJE (TIMBIQUÍ - CAUCA),2023,10,6.391,4.618,30.4,Jueves,2023-10-19 18:30:00,813.0
19,CAUCA,19809,TIMBIQUÍ,19809026,LOS BRAZOS (TIMBIQUÍ - CAUCA),2023,10,1.184,509.0,35.09,Domingo,2023-10-15 20:00:00,118.0
19,CAUCA,19809,TIMBIQUÍ,19809023,PUERTO SAIJA (TIMBIQUÍ - CAUCA),2023,10,36.433,12.356,183.04,Sábado,2023-10-14 19:30:00,811.0
19,CAUCA,19809,TIMBIQUÍ,19809007,SAN JOSE (TIMBIQUÍ - CAUCA),2023,10,6.085,4.542,33.43,Sábado,2023-10-14 19:30:00,715.0
19,CAUCA,19809,TIMBIQUÍ,19809009,SANTA ROSA DE SAIJA (TIMBIQUÍ - CAUCA),2023,10,2.538,1.245,24.14,Martes,2023-10-17 19:30:00,423.0
27,CHOCÓ,27006,ACANDÍ,27006000,ACANDÍ (ACANDÍ - CHOCÓ),2023,10,680.242,209.846,1568.16,Martes,2023-10-03 18:00:00,1954.0
27,CHOCÓ,27006,ACANDÍ,27006007,SAN FRANCISCO (ACANDÍ - CHOCÓ),2023,10,16.326,7.518,79.44,Viernes,2023-10-20 20:30:00,901.0
27,CHOCÓ,27025,ALTO BAUDO,27025000,CIUDAD BAUDO - PIE DE PATO (ALTO BAUDO - CHOCÓ),2023,10,52.904,18.617,165.0,Martes,2023-10-03 18:00:00,2331.0
27,CHOCÓ,27075,BAHÍA SOLANO,27075000,CIUDAD MUTIS (BAHÍA SOLANO - CHOCÓ),2023,10,519.925,227.459,1265.0,Viernes,2023-10-06 14:30:00,2212.0
27,CHOCÓ,27075,BAHÍA SOLANO,27075001,CUPICA (BAHÍA SOLANO - CHOCÓ),2023,10,50.118,19.327,117.06,Viernes,2023-10-13 19:00:00,2358.0
27,CHOCÓ,27075,BAHÍA SOLANO,27075002,EL VALLE (BAHÍA SOLANO - CHOCÓ),2023,10,187.874,70.47,366.43,Jueves,2023-10-12 19:15:00,2346.0
27,CHOCÓ,27077,BAJO BAUDÓ,27077008,ORPUA (BAJO BAUDÓ - CHOCÓ),2023,10,1.055,577.0,6.88,Sábado,2023-10-21 13:15:00,9.0
27,CHOCÓ,27077,BAJO BAUDÓ,27077000,PIZARRO (BAJO BAUDÓ - CHOCÓ),2023,10,194.991,83.607,523.78,Miércoles,2023-10-18 19:45:00,1817.0
27,CHOCÓ,27077,BAJO BAUDÓ,27077016,SIVIRU (BAJO BAUDÓ - CHOCÓ),2023,10,9.2,3.435,42.44,Miércoles,2023-10-18 18:45:00,1015.0
27,CHOCÓ,27077,BAJO BAUDÓ,27077019,VIRUDO (BAJO BAUDÓ - CHOCÓ),2023,10,6.933,3.136,30.74,Jueves,2023-10-26 03:45:00,918.0
27,CHOCÓ,27099,BOJAYÁ,27099005,NAPIPI (BOJAYÁ - CHOCÓ),2023,10,11.342,3.85,64.0,Viernes,2023-10-27 18:00:00,726.0
27,CHOCÓ,27250,EL LITORAL DEL SAN JUAN,27250000,SANTA GENOVEVA DE DOCORDO (EL LITORAL DEL SAN JUAN - CHOCÓ),2023,10,86.493,46.728,221.1,Miércoles,2023-10-18 18:30:00,1702.0
27,CHOCÓ,27372,JURADO,27372000,JURADO (JURADO - CHOCÓ),2023,10,163.692,59.81,432.64,Jueves,2023-10-19 19:00:00,20.0
27,CHOCÓ,27425,MEDIO ATRATO,27425000,BETE (MEDIO ATRATO - CHOCÓ),2023,10,15.509,10.252,52.0,Martes,2023-10-03 19:15:00,1304.0
27,CHOCÓ,27425,MEDIO ATRATO,27425008,SAN ROQUE (MEDIO ATRATO - CHOCÓ),2023,10,428.0,179.0,15.6,Martes,2023-10-31 20:00:00,104.0
27,CHOCÓ,27495,NUQUÍ,27495011,COMUNIDAD DE PUERTO JAGUA (NUQUÍ - CHOCÓ),2023,10,924.0,418.0,5.81,Jueves,2023-10-05 20:45:00,733.0
27,CHOCÓ,27001,QUIBDÓ,27001029,TAGACHI (QUIBDÓ - CHOCÓ),2023,10,6.265,2.407,46.87,Domingo,2023-10-22 19:45:00,558.0
27,CHOCÓ,27800,UNGUÍA,27800001,BALBOA (UNGUÍA - CHOCÓ),2023,10,26.681,9.993,99.77,Sábado,2023-10-14 18:30:00,1201.0
27,CHOCÓ,27800,UNGUÍA,27800005,TITUMATE (UNGUÍA - CHOCÓ),2023,10,16.5,4.101,94.69,Domingo,2023-10-01 20:15:00,806.0
27,CHOCÓ,27800,UNGUÍA,27800000,UNGUÍA (UNGUÍA - CHOCÓ),2023,10,442.694,147.903,1059.17,Jueves,2023-10-05 20:15:00,2035.0
94,GUAINÍA,94343,BARRANCO MINAS,94343000,BARRANCO MINAS (BARRANCO MINAS - GUAINÍA),2023,10,87.969,25.794,229.13,Jueves,2023-10-05 18:15:00,1619.0
94,GUAINÍA,94001,INÍRIDA,94001000,INÍRIDA (INÍRIDA - GUAINÍA),2023,10,,709.953,4495.04,Miércoles,2023-10-04 14:30:00,24.0
95,GUAVIARE,95200,MIRAFLORES,95200000,MIRAFLORES (MIRAFLORES - GUAVIARE),2023,10,96.608,30.631,224.4,Lunes,2023-10-30 18:00:00,1842.0
47,MAGDALENA,47189,CIÉNAGA,47189018,PALMOR (CIÉNAGA - MAGDALENA),2023,10,99.1,40.555,196.42,Martes,2023-10-17 18:30:00,2211.0
50,META,50325,MAPIRIPAN,50325000,MAPIRIPAN (MAPIRIPAN - META),2023,10,190.143,71.194,387.2,Miércoles,2023-10-04 18:15:00,2349.0
52,NARIÑO,52250,EL CHARCO,52250016,ALTERON - URIBE URIBE (EL CHARCO - NARIÑO),2023,10,913.0,553.0,9.12,Domingo,2023-10-22 21:45:00,424.0
52,NARIÑO,52250,EL CHARCO,52250023,BAZAN (EL CHARCO - NARIÑO),2023,10,19.613,7.928,105.6,Jueves,2023-10-05 19:30:00,726.0
52,NARIÑO,52250,EL CHARCO,52250003,BOLIVAR - SAN PEDRO (EL CHARCO - NARIÑO),2023,10,3.797,3.522,26.62,Viernes,2023-10-06 19:45:00,552.0
52,NARIÑO,52250,EL CHARCO,52250022,EL CUIL PUEBLO NUEVO (EL CHARCO - NARIÑO),2023,10,6.344,2.942,30.02,Lunes,2023-10-30 18:00:00,812.0
52,NARIÑO,52250,EL CHARCO,52250005,LAS MERCEDES (EL CHARCO - NARIÑO),2023,10,1.07,485.0,9.79,Jueves,2023-10-26 20:45:00,444.0
52,NARIÑO,52250,EL CHARCO,52250007,SAN JOSE DEL TAPAJE (EL CHARCO - NARIÑO),2023,10,12.74,3.764,64.0,Martes,2023-10-03 18:45:00,845.0
52,NARIÑO,52520,FRANCISCO PIZARRO,52520013,SAN PEDRO DEL VINO (FRANCISCO PIZARRO - NARIÑO),2023,10,7.951,3.326,39.01,Sábado,2023-10-28 20:30:00,924.0
52,NARIÑO,52390,LA TOLA,52390013,AMARALES (LA TOLA - NARIÑO),2023,10,10.913,3.105,49.18,Jueves,2023-10-12 19:45:00,1027.0
52,NARIÑO,52390,LA TOLA,52390003,LA VIGIA DE LA MAR (LA TOLA - NARIÑO),2023,10,6.524,2.264,39.8,Viernes,2023-10-20 11:45:00,833.0
52,NARIÑO,52490,OLAYA HERRERA,52490913,BOCA DE PRIETA (OLAYA HERRERA - NARIÑO),2023,10,2.414,737.0,14.95,Miércoles,2023-10-11 18:45:00,63.0
52,NARIÑO,52835,SAN ANDRÉS DE TUMACO,52835055,BOCAS DE CURAY (SAN ANDRÉS DE TUMACO - NARIÑO),2023,10,6.246,2.24,52.8,Viernes,2023-10-13 19:00:00,503.0
52,NARIÑO,52835,SAN ANDRÉS DE TUMACO,52835217,SAN JUAN DE LA COSTA (SAN ANDRÉS DE TUMACO - NARIÑO),2023,10,20.498,7.896,118.4,Lunes,2023-10-23 19:00:00,807.0
52,NARIÑO,52696,SANTA BÁRBARA,52696014,LA ENSENADA (SANTA BÁRBARA - NARIÑO),2023,10,3.957,4.599,22.14,Jueves,2023-10-19 19:15:00,7.0
52,NARIÑO,52696,SANTA BÁRBARA,52696022,SECADERO (SANTA BÁRBARA - NARIÑO),2023,10,2.696,1.682,13.32,Lunes,2023-10-09 20:30:00,812.0
76,VALLE DEL CAUCA,76109,BUENAVENTURA,76109028,PUERTO MERIZALDE (BUENAVENTURA - VALLE DEL CAUCA),2023,10,94.241,35.266,206.62,Miércoles,2023-10-18 20:30:00,2116.0
76,VALLE DEL CAUCA,76109,BUENAVENTURA,76109032,SAN FRANCISCO NAYA (BUENAVENTURA - VALLE DEL CAUCA),2023,10,6.812,2.883,32.96,Martes,2023-10-03 19:15:00,817.0
97,VAUPÉS,97161,CARURÚ,97161000,CARURÚ (CARURÚ - VAUPÉS),2023,10,29.005,12.318,110.0,Viernes,2023-10-27 19:45:00,1211.0
97,VAUPÉS,97001,MITÚ,97001000,MITÚ (MITÚ - VAUPÉS),2023,10,,425.131,3320.18,Martes,2023-10-31 12:00:00,24.0
97,VAUPÉS,97666,TARAIRA,97666000,TARAIRA (TARAIRA - VAUPÉS),2023,10,39.32,12.123,143.97,Miércoles,2023-10-04 12:45:00,1123.0
99,VICHADA,99001,PUERTO CARREÑO,99001000,PUERTO CARREÑO (PUERTO CARREÑO - VICHADA),2023,10,,827.162,5245.68,Lunes,2023-10-09 14:15:00,2353.0
91,AMAZONAS,91001,LETICIA,91001000,LETICIA (LETICIA - AMAZONAS),2023,10,,,8682.61,Martes,2023-10-03 15:00:00,24.0
91,AMAZONAS,91798,TARAPACA (ANM),91798000,TARAPACA (TARAPACA (ANM) - AMAZONAS),2023,11,27.058,12.193,103.43,Jueves,2023-11-02 14:45:00,101.0
5,ANTIOQUIA,5873,VIGÍA DEL FUERTE,5873013,LOMA MURRI (VIGÍA DEL FUERTE - ANTIOQUIA),2023,11,4.113,1.393,27.83,Lunes,2023-11-27 17:15:00,1933.0
5,ANTIOQUIA,5873,VIGÍA DEL FUERTE,5873002,VEGAEZ (VIGÍA DEL FUERTE - ANTIOQUIA),2023,11,3.347,853.0,69.6,Martes,2023-11-28 21:15:00,335.0
88,ARCHIPIÉLAGO DE SAN ANDRÉS y PROVIDENCIA,88564,PROVIDENCIA,88564000,PROVIDENCIA (PROVIDENCIA - ARCHIPIÉLAGO DE SAN ANDRÉS y PROVIDENCIA ),2023,11,,253.729,2098.58,Viernes,2023-11-10 23:00:00,2359.0
13,BOLÍVAR,13001,CARTAGENA DE INDIAS,13001007,ISLA FUERTE (CARTAGENA DE INDIAS - BOLÍVAR),2023,11,65.704,31.174,242.02,Domingo,2023-11-12 02:00:00,115.0
13,BOLÍVAR,13001,CARTAGENA DE INDIAS,13001037,ISLA MUCURA (CARTAGENA DE INDIAS - BOLÍVAR),2023,11,6.626,2.557,27.46,Martes,2023-11-28 23:00:00,1133.0
13,BOLÍVAR,13001,CARTAGENA DE INDIAS,13001017,SANTA CRUZ DEL ISLOTE (CARTAGENA DE INDIAS - BOLÍVAR),2023,11,448.0,133.0,40.35,Sábado,2023-11-11 22:45:00,31.0
18,CAQUETÁ,18150,CARTAGENA DEL CHAIRA,18150001,REMOLINO DEL CAGUAN (CARTAGENA DEL CHAIRA - CAQUETÁ),2023,11,18.814,7.987,99.18,Sábado,2023-11-11 18:15:00,801.0
18,CAQUETÁ,18150,CARTAGENA DEL CHAIRA,18150002,SANTA FE DEL CAGUAN (CARTAGENA DEL CHAIRA - CAQUETÁ),2023,11,4.326,2.041,41.24,Jueves,2023-11-09 18:15:00,423.0
18,CAQUETÁ,18753,SAN VICENTE DEL CAGUÁN,18753002,GUACAMAYAS (SAN VICENTE DEL CAGUÁN - CAQUETÁ),2023,11,12.538,5.007,36.84,Viernes,2023-11-17 18:30:00,1716.0
18,CAQUETÁ,18753,SAN VICENTE DEL CAGUÁN,18753009,PUERTO BETANIA (SAN VICENTE DEL CAGUÁN - CAQUETÁ),2023,11,0.0,0.0,0.0,Miércoles,2023-11-01 00:00:00,0.0
19,CAUCA,19318,GUAPI,19318008,LIMONES (GUAPI - CAUCA),2023,11,8.474,3.841,63.8,Domingo,2023-11-19 18:00:00,859.0
19,CAUCA,19318,GUAPI,19318013,SAN ANTONIO DE GUAJUI (GUAPI - CAUCA),2023,11,7.662,4.213,52.71,Miércoles,2023-11-08 19:15:00,558.0
19,CAUCA,19418,LÓPEZ DE MICAY,19418038,ISLA DE GALLO (LÓPEZ DE MICAY - CAUCA),2023,11,3.076,1.482,28.19,Lunes,2023-11-13 19:30:00,454.0
19,CAUCA,19418,LÓPEZ DE MICAY,19418009,NOANAMITO (LÓPEZ DE MICAY - CAUCA),2023,11,6.616,2.445,36.0,Domingo,2023-11-19 20:00:00,841.0
19,CAUCA,19418,LÓPEZ DE MICAY,19418011,RIO MAYA - DOS QUEBRADAS (LÓPEZ DE MICAY - CAUCA),2023,11,2.213,801.0,28.03,Sábado,2023-11-11 19:00:00,319.0
19,CAUCA,19418,LÓPEZ DE MICAY,19418012,SAN ANTONIO DE CHUARE (LÓPEZ DE MICAY - CAUCA),2023,11,4.393,1.125,48.48,Miércoles,2023-11-22 19:00:00,41.0
19,CAUCA,19418,LÓPEZ DE MICAY,19418015,SAN ISIDRO (LÓPEZ DE MICAY - CAUCA),2023,11,976.0,561.0,7.52,Jueves,2023-11-02 18:15:00,542.0
19,CAUCA,19418,LÓPEZ DE MICAY,19418019,ZARAGOZA (LÓPEZ DE MICAY - CAUCA),2023,11,10.757,3.84,47.52,Jueves,2023-11-02 10:15:00,91.0
19,CAUCA,19809,TIMBIQUÍ,19809014,CHACON (TIMBIQUÍ - CAUCA),2023,11,3.756,1.053,24.96,Sábado,2023-11-25 19:30:00,622.0
19,CAUCA,19809,TIMBIQUÍ,19809010,COMUNIDAD DE CHETE (TIMBIQUÍ - CAUCA),2023,11,5.17,2.038,29.15,Lunes,2023-11-13 06:45:00,723.0
19,CAUCA,19809,TIMBIQUÍ,19809003,COTEJE (TIMBIQUÍ - CAUCA),2023,11,5.854,4.181,30.36,Martes,2023-11-07 19:45:00,739.0
19,CAUCA,19809,TIMBIQUÍ,19809026,LOS BRAZOS (TIMBIQUÍ - CAUCA),2023,11,5.402,2.5,40.2,Viernes,2023-11-17 18:45:00,555.0
19,CAUCA,19809,TIMBIQUÍ,19809023,PUERTO SAIJA (TIMBIQUÍ - CAUCA),2023,11,34.122,11.594,174.94,Miércoles,2023-11-01 18:15:00,746.0
19,CAUCA,19809,TIMBIQUÍ,19809007,SAN JOSE (TIMBIQUÍ - CAUCA),2023,11,5.485,3.821,35.45,Sábado,2023-11-18 19:45:00,615.0
19,CAUCA,19809,TIMBIQUÍ,19809009,SANTA ROSA DE SAIJA (TIMBIQUÍ - CAUCA),2023,11,2.24,649.0,21.17,Viernes,2023-11-24 19:30:00,425.0
27,CHOCÓ,27006,ACANDÍ,27006000,ACANDÍ (ACANDÍ - CHOCÓ),2023,11,702.876,211.893,1585.76,Jueves,2023-11-09 21:15:00,1913.0
27,CHOCÓ,27006,ACANDÍ,27006007,SAN FRANCISCO (ACANDÍ - CHOCÓ),2023,11,12.717,5.851,77.33,Lunes,2023-11-27 19:00:00,711.0
27,CHOCÓ,27025,ALTO BAUDO,27025000,CIUDAD BAUDO - PIE DE PATO (ALTO BAUDO - CHOCÓ),2023,11,52.084,18.344,119.94,Lunes,2023-11-06 12:15:00,24.0
27,CHOCÓ,27075,BAHÍA SOLANO,27075000,CIUDAD MUTIS (BAHÍA SOLANO - CHOCÓ),2023,11,541.813,224.723,1196.36,Sábado,2023-11-11 17:45:00,2215.0
27,CHOCÓ,27075,BAHÍA SOLANO,27075001,CUPICA (BAHÍA SOLANO - CHOCÓ),2023,11,67.004,22.98,164.11,Martes,2023-11-14 19:15:00,2348.0
27,CHOCÓ,27075,BAHÍA SOLANO,27075002,EL VALLE (BAHÍA SOLANO - CHOCÓ),2023,11,178.852,67.562,349.01,Sábado,2023-11-04 18:45:00,2352.0
27,CHOCÓ,27077,BAJO BAUDÓ,27077008,ORPUA (BAJO BAUDÓ - CHOCÓ),2023,11,1.02,486.0,6.76,Lunes,2023-11-27 18:45:00,824.0
27,CHOCÓ,27077,BAJO BAUDÓ,27077000,PIZARRO (BAJO BAUDÓ - CHOCÓ),2023,11,217.027,91.761,477.31,Viernes,2023-11-10 19:00:00,2129.0
27,CHOCÓ,27077,BAJO BAUDÓ,27077016,SIVIRU (BAJO BAUDÓ - CHOCÓ),2023,11,8.376,3.068,45.26,Jueves,2023-11-09 18:30:00,928.0
27,CHOCÓ,27099,BOJAYÁ,27099005,NAPIPI (BOJAYÁ - CHOCÓ),2023,11,12.335,4.182,60.8,Miércoles,2023-11-01 18:45:00,81.0
27,CHOCÓ,27250,EL LITORAL DEL SAN JUAN,27250000,SANTA GENOVEVA DE DOCORDO (EL LITORAL DEL SAN JUAN - CHOCÓ),2023,11,86.797,46.316,219.12,Viernes,2023-11-03 12:15:00,1752.0
27,CHOCÓ,27372,JURADO,27372000,JURADO (JURADO - CHOCÓ),2023,11,172.225,61.251,351.68,Martes,2023-11-28 18:45:00,2303.0
27,CHOCÓ,27425,MEDIO ATRATO,27425000,BETE (MEDIO ATRATO - CHOCÓ),2023,11,14.381,8.997,52.0,Miércoles,2023-11-01 10:30:00,1216.0
27,CHOCÓ,27425,MEDIO ATRATO,27425008,SAN ROQUE (MEDIO ATRATO - CHOCÓ),2023,11,264.0,110.0,17.52,Jueves,2023-11-02 18:45:00,39.0
27,CHOCÓ,27495,NUQUÍ,27495011,COMUNIDAD DE PUERTO JAGUA (NUQUÍ - CHOCÓ),2023,11,940.0,429.0,6.07,Martes,2023-11-14 18:00:00,755.0
27,CHOCÓ,27001,QUIBDÓ,27001029,TAGACHI (QUIBDÓ - CHOCÓ),2023,11,4.894,1.95,47.45,Domingo,2023-11-26 19:30:00,441.0
27,CHOCÓ,27800,UNGUÍA,27800001,BALBOA (UNGUÍA - CHOCÓ),2023,11,24.207,9.073,95.61,Viernes,2023-11-10 19:30:00,1054.0
27,CHOCÓ,27800,UNGUÍA,27800005,TITUMATE (UNGUÍA - CHOCÓ),2023,11,15.589,3.69,93.02,Sábado,2023-11-04 20:15:00,747.0
27,CHOCÓ,27800,UNGUÍA,27800000,UNGUÍA (UNGUÍA - CHOCÓ),2023,11,433.26,142.208,1162.13,Jueves,2023-11-09 18:30:00,2051.0
94,GUAINÍA,94343,BARRANCO MINAS,94343000,BARRANCO MINAS (BARRANCO MINAS - GUAINÍA),2023,11,82.494,23.342,217.16,Miércoles,2023-11-22 18:15:00,1618.0
94,GUAINÍA,94001,INÍRIDA,94001000,INÍRIDA (INÍRIDA - GUAINÍA),2023,11,,672.727,4440.48,Lunes,2023-11-20 15:00:00,24.0
95,GUAVIARE,95200,MIRAFLORES,95200000,MIRAFLORES (MIRAFLORES - GUAVIARE),2023,11,87.077,27.213,216.92,Sábado,2023-11-18 18:00:00,1755.0
47,MAGDALENA,47189,CIÉNAGA,47189018,PALMOR (CIÉNAGA - MAGDALENA),2023,11,108.3,47.181,212.74,Sábado,2023-11-11 18:15:00,2302.0
50,META,50325,MAPIRIPAN,50325000,MAPIRIPAN (MAPIRIPAN - META),2023,11,187.623,65.602,378.84,Miércoles,2023-11-22 18:00:00,2359.0
52,NARIÑO,52250,EL CHARCO,52250016,ALTERON - URIBE URIBE (EL CHARCO - NARIÑO),2023,11,190.0,116.0,8.76,Miércoles,2023-11-01 18:30:00,58.0
52,NARIÑO,52250,EL CHARCO,52250023,BAZAN (EL CHARCO - NARIÑO),2023,11,11.082,4.658,100.8,Miércoles,2023-11-01 18:30:00,436.0
52,NARIÑO,52250,EL CHARCO,52250003,BOLIVAR - SAN PEDRO (EL CHARCO - NARIÑO),2023,11,1.364,1.346,24.45,Jueves,2023-11-02 19:45:00,33.0
52,NARIÑO,52250,EL CHARCO,52250022,EL CUIL PUEBLO NUEVO (EL CHARCO - NARIÑO),2023,11,5.848,2.6,30.07,Lunes,2023-11-20 19:00:00,741.0
52,NARIÑO,52250,EL CHARCO,52250005,LAS MERCEDES (EL CHARCO - NARIÑO),2023,11,1.312,532.0,9.34,Martes,2023-11-28 19:00:00,608.0
52,NARIÑO,52250,EL CHARCO,52250007,SAN JOSE DEL TAPAJE (EL CHARCO - NARIÑO),2023,11,9.098,2.412,64.0,Miércoles,2023-11-29 18:45:00,639.0
52,NARIÑO,52520,FRANCISCO PIZARRO,52520013,SAN PEDRO DEL VINO (FRANCISCO PIZARRO - NARIÑO),2023,11,8.32,3.54,39.9,Jueves,2023-11-09 16:00:00,1046.0
52,NARIÑO,52390,LA TOLA,52390013,AMARALES (LA TOLA - NARIÑO),2023,11,9.367,2.482,47.9,Miércoles,2023-11-01 19:00:00,913.0
52,NARIÑO,52390,LA TOLA,52390003,LA VIGIA DE LA MAR (LA TOLA - NARIÑO),2023,11,7.62,2.512,40.32,Martes,2023-11-28 11:45:00,1026.0
52,NARIÑO,52390,LA TOLA,52390009,MULATOS (LA TOLA - NARIÑO),2023,11,4.232,3.311,29.82,Jueves,2023-11-02 15:15:00,743.0
52,NARIÑO,52490,OLAYA HERRERA,52490913,BOCA DE PRIETA (OLAYA HERRERA - NARIÑO),2023,11,2.976,777.0,16.75,Domingo,2023-11-26 20:15:00,754.0
52,NARIÑO,52835,SAN ANDRÉS DE TUMACO,52835055,BOCAS DE CURAY (SAN ANDRÉS DE TUMACO - NARIÑO),2023,11,6.741,2.487,57.6,Sábado,2023-11-18 19:00:00,53.0
52,NARIÑO,52835,SAN ANDRÉS DE TUMACO,52835217,SAN JUAN DE LA COSTA (SAN ANDRÉS DE TUMACO - NARIÑO),2023,11,17.238,6.393,121.6,Jueves,2023-11-16 19:15:00,638.0
52,NARIÑO,52696,SANTA BÁRBARA,52696014,LA ENSENADA (SANTA BÁRBARA - NARIÑO),2023,11,3.302,3.764,22.18,Jueves,2023-11-30 19:15:00,553.0
76,VALLE DEL CAUCA,76109,BUENAVENTURA,76109028,PUERTO MERIZALDE (BUENAVENTURA - VALLE DEL CAUCA),2023,11,91.399,35.244,224.05,Miércoles,2023-11-15 19:45:00,2002.0
76,VALLE DEL CAUCA,76109,BUENAVENTURA,76109032,SAN FRANCISCO NAYA (BUENAVENTURA - VALLE DEL CAUCA),2023,11,6.585,2.19,34.62,Sábado,2023-11-11 12:00:00,815.0
97,VAUPÉS,97161,CARURÚ,97161000,CARURÚ (CARURÚ - VAUPÉS),2023,11,25.424,8.828,104.72,Miércoles,2023-11-08 16:30:00,1054.0
97,VAUPÉS,97001,MITÚ,97001000,MITÚ (MITÚ - VAUPÉS),2023,11,,394.293,3174.5,Miércoles,2023-11-01 12:00:00,24.0
97,VAUPÉS,97666,TARAIRA,97666000,TARAIRA (TARAIRA - VAUPÉS),2023,11,34.057,10.156,139.83,Martes,2023-11-14 12:30:00,105.0
99,VICHADA,99001,PUERTO CARREÑO,99001000,PUERTO CARREÑO (PUERTO CARREÑO - VICHADA),2023,11,,667.83,5151.52,Miércoles,2023-11-01 13:45:00,2359.0
91,AMAZONAS,91001,LETICIA,91001000,LETICIA (LETICIA - AMAZONAS),2023,11,,,8286.53,Viernes,2023-11-17 15:15:00,24.0
91,AMAZONAS,91798,TARAPACA (ANM),91798000,TARAPACA (TARAPACA (ANM) - AMAZONAS),2023,12,28.067,12.638,102.43,Miércoles,2023-12-06 19:00:00,1015.0
5,ANTIOQUIA,5873,VIGÍA DEL FUERTE,5873010,LA PLAYA MURRI  (VIGÍA DEL FUERTE - ANTIOQUIA),2023,12,8.082,4.939,24.91,Domingo,2023-12-24 18:30:00,2152.0
5,ANTIOQUIA,5873,VIGÍA DEL FUERTE,5873013,LOMA MURRI (VIGÍA DEL FUERTE - ANTIOQUIA),2023,12,10.159,3.759,34.25,Domingo,2023-12-24 18:30:00,2359.0
88,ARCHIPIÉLAGO DE SAN ANDRÉS y PROVIDENCIA,88564,PROVIDENCIA,88564000,PROVIDENCIA (PROVIDENCIA - ARCHIPIÉLAGO DE SAN ANDRÉS y PROVIDENCIA ),2023,12,,254.578,1918.11,Martes,2023-12-26 23:00:00,24.0
88,ARCHIPIÉLAGO DE SAN ANDRÉS y PROVIDENCIA,88001,SAN ANDRÉS,88001000,SAN ANDRÉS (SAN ANDRÉS - ARCHIPIÉLAGO DE SAN ANDRÉS y PROVIDENCIA ),2023,12,,,31226.65,Miércoles,2023-12-27 15:45:00,24.0
13,BOLÍVAR,13001,CARTAGENA DE INDIAS,13001007,ISLA FUERTE (CARTAGENA DE INDIAS - BOLÍVAR),2023,12,54.967,25.641,269.46,Sábado,2023-12-30 22:30:00,904.0
13,BOLÍVAR,13001,CARTAGENA DE INDIAS,13001037,ISLA MUCURA (CARTAGENA DE INDIAS - BOLÍVAR),2023,12,6.884,2.587,26.21,Sábado,2023-12-02 00:45:00,1032.0
13,BOLÍVAR,13001,CARTAGENA DE INDIAS,13001017,SANTA CRUZ DEL ISLOTE (CARTAGENA DE INDIAS - BOLÍVAR),2023,12,0.0,0.0,0.0,Viernes,2023-12-01 00:00:00,0.0
18,CAQUETÁ,18150,CARTAGENA DEL CHAIRA,18150001,REMOLINO DEL CAGUAN (CARTAGENA DEL CHAIRA - CAQUETÁ),2023,12,15.692,5.805,100.35,Viernes,2023-12-01 21:30:00,646.0
18,CAQUETÁ,18150,CARTAGENA DEL CHAIRA,18150002,SANTA FE DEL CAGUAN (CARTAGENA DEL CHAIRA - CAQUETÁ),2023,12,4.78,2.21,43.16,Domingo,2023-12-31 19:15:00,453.0
18,CAQUETÁ,18753,SAN VICENTE DEL CAGUÁN,18753002,GUACAMAYAS (SAN VICENTE DEL CAGUÁN - CAQUETÁ),2023,12,10.287,4.246,35.38,Domingo,2023-12-24 18:45:00,1402.0
18,CAQUETÁ,18753,SAN VICENTE DEL CAGUÁN,18753009,PUERTO BETANIA (SAN VICENTE DEL CAGUÁN - CAQUETÁ),2023,12,0.0,0.0,0.0,Viernes,2023-12-01 00:00:00,0.0
18,CAQUETÁ,18753,SAN VICENTE DEL CAGUÁN,18753033,VILLA LOBOS (SAN VICENTE DEL CAGUÁN - CAQUETÁ),2023,12,23.077,9.987,73.02,Viernes,2023-12-01 18:15:00,1451.0
19,CAUCA,19318,GUAPI,19318008,LIMONES (GUAPI - CAUCA),2023,12,9.215,4.133,41.52,Domingo,2023-12-24 20:00:00,939.0
19,CAUCA,19318,GUAPI,19318013,SAN ANTONIO DE GUAJUI (GUAPI - CAUCA),2023,12,11.779,6.664,52.49,Martes,2023-12-05 19:30:00,91.0
19,CAUCA,19418,LÓPEZ DE MICAY,19418038,ISLA DE GALLO (LÓPEZ DE MICAY - CAUCA),2023,12,1.893,734.0,26.75,Viernes,2023-12-22 20:15:00,539.0
19,CAUCA,19418,LÓPEZ DE MICAY,19418009,NOANAMITO (LÓPEZ DE MICAY - CAUCA),2023,12,8.189,2.923,32.0,Viernes,2023-12-01 19:00:00,1033.0
19,CAUCA,19418,LÓPEZ DE MICAY,19418011,RIO MAYA - DOS QUEBRADAS (LÓPEZ DE MICAY - CAUCA),2023,12,4.688,1.672,27.01,Martes,2023-12-26 20:00:00,708.0
19,CAUCA,19418,LÓPEZ DE MICAY,19418012,SAN ANTONIO DE CHUARE (LÓPEZ DE MICAY - CAUCA),2023,12,1.074,264.0,42.34,Viernes,2023-12-22 19:30:00,125.0
19,CAUCA,19418,LÓPEZ DE MICAY,19418015,SAN ISIDRO (LÓPEZ DE MICAY - CAUCA),2023,12,336.0,185.0,6.62,Lunes,2023-12-04 18:30:00,211.0
19,CAUCA,19418,LÓPEZ DE MICAY,19418019,ZARAGOZA (LÓPEZ DE MICAY - CAUCA),2023,12,6.482,2.266,60.61,Sábado,2023-12-09 19:00:00,517.0
19,CAUCA,19809,TIMBIQUÍ,19809014,CHACON (TIMBIQUÍ - CAUCA),2023,12,4.33,1.276,25.34,Sábado,2023-12-02 18:45:00,711.0
19,CAUCA,19809,TIMBIQUÍ,19809010,COMUNIDAD DE CHETE (TIMBIQUÍ - CAUCA),2023,12,4.824,1.952,40.51,Sábado,2023-12-30 06:30:00,668.0
19,CAUCA,19809,TIMBIQUÍ,19809003,COTEJE (TIMBIQUÍ - CAUCA),2023,12,6.198,4.496,30.4,Viernes,2023-12-15 20:15:00,811.0
19,CAUCA,19809,TIMBIQUÍ,19809026,LOS BRAZOS (TIMBIQUÍ - CAUCA),2023,12,7.459,3.409,36.91,Sábado,2023-12-16 19:45:00,756.0
19,CAUCA,19809,TIMBIQUÍ,19809023,PUERTO SAIJA (TIMBIQUÍ - CAUCA),2023,12,27.403,9.243,182.86,Domingo,2023-12-24 20:30:00,615.0
19,CAUCA,19809,TIMBIQUÍ,19809007,SAN JOSE (TIMBIQUÍ - CAUCA),2023,12,7.195,4.792,38.54,Viernes,2023-12-15 18:45:00,3854.0
19,CAUCA,19809,TIMBIQUÍ,19809009,SANTA ROSA DE SAIJA (TIMBIQUÍ - CAUCA),2023,12,3.561,1.06,20.3,Sábado,2023-12-02 19:15:00,757.0
27,CHOCÓ,27006,ACANDÍ,27006000,ACANDÍ (ACANDÍ - CHOCÓ),2023,12,763.985,225.386,1559.01,Martes,2023-12-12 21:30:00,1933.0
27,CHOCÓ,27006,ACANDÍ,27006007,SAN FRANCISCO (ACANDÍ - CHOCÓ),2023,12,17.019,7.527,85.78,Domingo,2023-12-31 19:00:00,845.0
27,CHOCÓ,27025,ALTO BAUDO,27025000,CIUDAD BAUDO - PIE DE PATO (ALTO BAUDO - CHOCÓ),2023,12,52.554,19.319,115.63,Miércoles,2023-12-27 12:00:00,2359.0
27,CHOCÓ,27075,BAHÍA SOLANO,27075000,CIUDAD MUTIS (BAHÍA SOLANO - CHOCÓ),2023,12,796.221,251.852,1571.68,Viernes,2023-12-22 10:00:00,2344.0
27,CHOCÓ,27075,BAHÍA SOLANO,27075001,CUPICA (BAHÍA SOLANO - CHOCÓ),2023,12,74.835,25.296,157.63,Martes,2023-12-05 19:15:00,2353.0
27,CHOCÓ,27075,BAHÍA SOLANO,27075002,EL VALLE (BAHÍA SOLANO - CHOCÓ),2023,12,192.179,70.932,362.21,Viernes,2023-12-22 19:15:00,2354.0
27,CHOCÓ,27077,BAJO BAUDÓ,27077008,ORPUA (BAJO BAUDÓ - CHOCÓ),2023,12,1.117,325.0,6.35,Viernes,2023-12-15 18:00:00,902.0
27,CHOCÓ,27077,BAJO BAUDÓ,27077000,PIZARRO (BAJO BAUDÓ - CHOCÓ),2023,12,235.973,100.121,473.09,Domingo,2023-12-10 18:30:00,203.0
27,CHOCÓ,27077,BAJO BAUDÓ,27077016,SIVIRU (BAJO BAUDÓ - CHOCÓ),2023,12,8.992,3.33,42.96,Domingo,2023-12-31 19:30:00,942.0
27,CHOCÓ,27077,BAJO BAUDÓ,27077019,VIRUDO (BAJO BAUDÓ - CHOCÓ),2023,12,7.127,3.144,30.73,Miércoles,2023-12-27 21:00:00,945.0
27,CHOCÓ,27099,BOJAYÁ,27099005,NAPIPI (BOJAYÁ - CHOCÓ),2023,12,11.59,3.853,67.2,Domingo,2023-12-24 13:00:00,734.0
27,CHOCÓ,27250,EL LITORAL DEL SAN JUAN,27250023,PAPAYO (EL LITORAL DEL SAN JUAN - CHOCÓ),2023,12,6.85,2.152,18.29,Sábado,2023-12-02 19:15:00,2223.0
27,CHOCÓ,27250,EL LITORAL DEL SAN JUAN,27250913,SAN BERNARDO BURUJON (EL LITORAL DEL SAN JUAN - CHOCÓ),2023,12,2.722,1.946,11.36,Jueves,2023-12-28 19:15:00,18.0
27,CHOCÓ,27250,EL LITORAL DEL SAN JUAN,27250000,SANTA GENOVEVA DE DOCORDO (EL LITORAL DEL SAN JUAN - CHOCÓ),2023,12,79.851,40.738,212.39,Lunes,2023-12-04 12:30:00,1535.0
27,CHOCÓ,27361,ISTMINA,27361023,POTEDÓ (ISTMINA - CHOCÓ),2023,12,4.772,3.002,12.01,Sábado,2023-12-09 19:15:00,1912.0
27,CHOCÓ,27361,ISTMINA,27361048,UNION CHOCO (ISTMINA - CHOCÓ),2023,12,2.235,838.0,11.1,Miércoles,2023-12-06 13:30:00,1824.0
27,CHOCÓ,27372,JURADO,27372000,JURADO (JURADO - CHOCÓ),2023,12,192.805,64.716,353.92,Martes,2023-12-05 19:30:00,2357.0
27,CHOCÓ,27425,MEDIO ATRATO,27425000,BETE (MEDIO ATRATO - CHOCÓ),2023,12,14.94,8.81,56.0,Martes,2023-12-05 11:45:00,1236.0
27,CHOCÓ,27425,MEDIO ATRATO,27425008,SAN ROQUE (MEDIO ATRATO - CHOCÓ),2023,12,0.0,0.0,0.0,Viernes,2023-12-01 00:00:00,0.0
27,CHOCÓ,27450,MEDIO SAN JUAN,27450019,UNIÓN WAUNAÁN (MEDIO SAN JUAN - CHOCÓ),2023,12,6.284,1.378,18.21,Martes,2023-12-26 19:15:00,2053.0
27,CHOCÓ,27491,NOVITA,27491004,JUNTAS DE TAMANA (NOVITA - CHOCÓ),2023,12,3.855,1.54,10.61,Viernes,2023-12-22 18:45:00,1928.0
27,CHOCÓ,27495,NUQUÍ,27495011,COMUNIDAD DE PUERTO JAGUA (NUQUÍ - CHOCÓ),2023,12,685.0,319.0,5.95,Sábado,2023-12-09 20:45:00,519.0
27,CHOCÓ,27001,QUIBDÓ,27001029,TAGACHI (QUIBDÓ - CHOCÓ),2023,12,6.427,2.574,46.61,Sábado,2023-12-30 19:30:00,554.0
27,CHOCÓ,27615,RIOSUCIO,27615011,SAN JOSE TAMBORAL (RIOSUCIO - CHOCÓ),2023,12,1.293,501.0,4.59,Lunes,2023-12-25 18:45:00,1137.0
27,CHOCÓ,27800,UNGUÍA,27800001,BALBOA (UNGUÍA - CHOCÓ),2023,12,13.889,5.314,83.14,Domingo,2023-12-24 19:45:00,649.0
27,CHOCÓ,27800,UNGUÍA,27800005,TITUMATE (UNGUÍA - CHOCÓ),2023,12,16.144,3.851,85.01,Viernes,2023-12-31 20:00:00,811.0
27,CHOCÓ,27800,UNGUÍA,27800000,UNGUÍA (UNGUÍA - CHOCÓ),2023,12,471.749,154.056,967.82,Miércoles,2023-12-13 19:00:00,2139.0
94,GUAINÍA,94343,BARRANCO MINAS,94343000,BARRANCO MINAS (BARRANCO MINAS - GUAINÍA),2023,12,86.025,24.132,221.15,Jueves,2023-12-07 09:00:00,1645.0
94,GUAINÍA,94001,INÍRIDA,94001000,INÍRIDA (INÍRIDA - GUAINÍA),2023,12,,701.469,4245.12,Jueves,2023-12-21 17:45:00,24.0
94,GUAINÍA,94001,INÍRIDA,94001966,LAGUNA COLORADA ALTA (INÍRIDA - GUAINÍA),2023,12,8.604,226.0,24.38,Lunes,2023-12-04 18:30:00,164.0
95,GUAVIARE,95200,MIRAFLORES,95200000,MIRAFLORES (MIRAFLORES - GUAVIARE),2023,12,89.286,28.79,222.2,Jueves,2023-12-21 18:15:00,1819.0
44,LA GUAJIRA,44847,URIBIA,44847003,CABO DE LA VELA (URIBIA - LA GUAJIRA),2023,12,64.933,3.166,152.15,Miércoles,2023-12-27 20:00:00,225.0
47,MAGDALENA,47189,CIÉNAGA,47189018,PALMOR (CIÉNAGA - MAGDALENA),2023,12,113.035,45.923,207.04,Sábado,2023-12-16 18:30:00,2344.0
50,META,50325,MAPIRIPAN,50325000,MAPIRIPAN (MAPIRIPAN - META),2023,12,189.964,65.139,355.08,Jueves,2023-12-21 18:15:00,2355.0
52,NARIÑO,52250,EL CHARCO,52250016,ALTERON - URIBE URIBE (EL CHARCO - NARIÑO),2023,12,0.0,0.0,0.0,Viernes,2023-12-01 00:00:00,0.0
52,NARIÑO,52250,EL CHARCO,52250023,BAZAN (EL CHARCO - NARIÑO),2023,12,4.888,2.238,91.2,Domingo,2023-12-03 20:15:00,215.0
52,NARIÑO,52250,EL CHARCO,52250003,BOLIVAR - SAN PEDRO (EL CHARCO - NARIÑO),2023,12,522.0,485.0,24.35,Sábado,2023-12-23 21:00:00,57.0
52,NARIÑO,52250,EL CHARCO,52250022,EL CUIL PUEBLO NUEVO (EL CHARCO - NARIÑO),2023,12,7.301,3.195,30.58,Viernes,2023-12-22 15:45:00,907.0
52,NARIÑO,52250,EL CHARCO,52250005,LAS MERCEDES (EL CHARCO - NARIÑO),2023,12,1.397,617.0,9.73,Miércoles,2023-12-20 20:00:00,611.0
52,NARIÑO,52250,EL CHARCO,52250007,SAN JOSE DEL TAPAJE (EL CHARCO - NARIÑO),2023,12,11.398,2.932,64.0,Sábado,2023-12-09 19:00:00,802.0
52,NARIÑO,52390,LA TOLA,52390013,AMARALES (LA TOLA - NARIÑO),2023,12,10.799,2.676,48.99,Domingo,2023-12-24 19:15:00,1004.0
52,NARIÑO,52390,LA TOLA,52390003,LA VIGIA DE LA MAR (LA TOLA - NARIÑO),2023,12,7.303,2.44,38.76,Martes,2023-12-05 11:30:00,92.0
52,NARIÑO,52390,LA TOLA,52390009,MULATOS (LA TOLA - NARIÑO),2023,12,4.458,2.902,28.38,Miércoles,2023-12-20 18:00:00,754.0
52,NARIÑO,52490,OLAYA HERRERA,52490913,BOCA DE PRIETA (OLAYA HERRERA - NARIÑO),2023,12,2.999,902.0,14.59,Miércoles,2023-12-20 18:00:00,74.0
52,NARIÑO,52835,SAN ANDRÉS DE TUMACO,52835055,BOCAS DE CURAY (SAN ANDRÉS DE TUMACO - NARIÑO),2023,12,8.92,3.167,52.8,Sábado,2023-12-16 19:00:00,723.0
52,NARIÑO,52835,SAN ANDRÉS DE TUMACO,52835217,SAN JUAN DE LA COSTA (SAN ANDRÉS DE TUMACO - NARIÑO),2023,12,21.091,8.106,105.6,Martes,2023-12-26 19:15:00,846.0
52,NARIÑO,52696,SANTA BÁRBARA,52696014,LA ENSENADA (SANTA BÁRBARA - NARIÑO),2023,12,3.894,4.487,22.08,Lunes,2023-12-18 17:45:00,65.0
76,VALLE DEL CAUCA,76109,BUENAVENTURA,76109957,HUMANES MAR (BUENAVENTURA - VALLE DEL CAUCA),2023,12,6.089,1.628,28.71,Viernes,2023-12-22 10:45:00,1116.0
76,VALLE DEL CAUCA,76109,BUENAVENTURA,76109028,PUERTO MERIZALDE (BUENAVENTURA - VALLE DEL CAUCA),2023,12,96.818,36.328,213.49,Viernes,2023-12-01 19:30:00,2149.0
76,VALLE DEL CAUCA,76109,BUENAVENTURA,76109032,SAN FRANCISCO NAYA (BUENAVENTURA - VALLE DEL CAUCA),2023,12,6.578,3.292,33.18,Sábado,2023-12-23 12:30:00,809.0
76,VALLE DEL CAUCA,76109,BUENAVENTURA,76109034,SAN ISIDRO - CALIMA (BUENAVENTURA - VALLE DEL CAUCA),2023,12,1.111,343.0,11.18,Domingo,2023-12-31 20:15:00,44.0
97,VAUPÉS,97161,CARURÚ,97161000,CARURÚ (CARURÚ - VAUPÉS),2023,12,22.348,7.08,91.61,Lunes,2023-12-04 18:15:00,1039.0
97,VAUPÉS,97001,MITÚ,97001000,MITÚ (MITÚ - VAUPÉS),2023,12,,373.389,3069.94,Miércoles,2023-12-20 12:00:00,2354.0
97,VAUPÉS,97666,TARAIRA,97666000,TARAIRA (TARAIRA - VAUPÉS),2023,12,34.421,10.138,123.02,Viernes,2023-12-01 13:15:00,112.0
99,VICHADA,99001,PUERTO CARREÑO,99001000,PUERTO CARREÑO (PUERTO CARREÑO - VICHADA),2023,12,,848.376,5111.04,Miércoles,2023-12-20 14:30:00,2357.0
91,AMAZONAS,91001,LETICIA,91001000,LETICIA (LETICIA - AMAZONAS),2023,12,,,8281.79,Miércoles,2023-12-20 15:15:00,24.0
91,AMAZONAS,91001,LETICIA,91001000,LETICIA (LETICIA - AMAZONAS),2024,1,,,7581.08,Miércoles,2024-01-03 14:30:00,24.0
5,ANTIOQUIA,5873,VIGÍA DEL FUERTE,5873010,LA PLAYA MURRI  (VIGÍA DEL FUERTE - ANTIOQUIA),2024,1,5.137,2.908,26.01,Domingo,2024-01-28 18:45:00,853.0
5,ANTIOQUIA,5873,VIGÍA DEL FUERTE,5873013,LOMA MURRI (VIGÍA DEL FUERTE - ANTIOQUIA),2024,1,6.07,2.216,28.56,Domingo,2024-01-28 14:45:00,816.0
88,ARCHIPIÉLAGO DE SAN ANDRÉS y PROVIDENCIA,88564,PROVIDENCIA,88564000,PROVIDENCIA (PROVIDENCIA - ARCHIPIÉLAGO DE SAN ANDRÉS y PROVIDENCIA ),2024,1,,254.221,2028.26,Jueves,2024-01-04 21:30:00,2357.0
88,"ARCHIPIÉLAGO DE SAN ANDRÉS, PROVIDENCIA Y SANTA CATALINA",88001,SAN ANDRÉS,88001000,SAN ANDRÉS (SAN ANDRÉS - ARCHIPIÉLAGO DE SAN ANDRÉS Y PROVIDENCIA),2024,1,,,25627.81,Lunes,2024-01-15 15:45:00,2359.0
13,BOLÍVAR,13001,CARTAGENA DE INDIAS,13001007,ISLA FUERTE (CARTAGENA DE INDIAS - BOLÍVAR),2024,1,57.124,25.836,280.52,Viernes,2024-01-05 19:00:00,944.0
13,BOLÍVAR,13001,CARTAGENA DE INDIAS,13001037,ISLA MUCURA (CARTAGENA DE INDIAS - BOLÍVAR),2024,1,7.245,2.832,23.97,Domingo,2024-01-07 05:30:00,12.0
13,BOLÍVAR,13001,CARTAGENA DE INDIAS,13001017,SANTA CRUZ DEL ISLOTE (CARTAGENA DE INDIAS - BOLÍVAR),2024,1,2.051,740.0,41.06,Lunes,2024-01-29 22:15:00,151.0
18,CAQUETÁ,18150,CARTAGENA DEL CHAIRA,18150001,REMOLINO DEL CAGUAN (CARTAGENA DEL CHAIRA - CAQUETÁ),2024,1,17.412,6.532,96.36,Sábado,2024-01-27 19:45:00,734.0
18,CAQUETÁ,18150,CARTAGENA DEL CHAIRA,18150002,SANTA FE DEL CAGUAN (CARTAGENA DEL CHAIRA - CAQUETÁ),2024,1,4.322,1.966,41.32,Miércoles,2024-01-31 19:15:00,413.0
18,CAQUETÁ,18753,SAN VICENTE DEL CAGUÁN,18753002,GUACAMAYAS (SAN VICENTE DEL CAGUÁN - CAQUETÁ),2024,1,0.0,0.0,0.0,Lunes,2024-01-01 00:00:00,0.0
18,CAQUETÁ,18753,SAN VICENTE DEL CAGUÁN,18753009,PUERTO BETANIA (SAN VICENTE DEL CAGUÁN - CAQUETÁ),2024,1,12.0,5.0,20.92,Martes,2024-01-30 13:30:00,1.0
18,CAQUETÁ,18753,SAN VICENTE DEL CAGUÁN,18753033,VILLA LOBOS (SAN VICENTE DEL CAGUÁN - CAQUETÁ),2024,1,11.458,4.545,69.97,Miércoles,2024-01-17 19:30:00,626.0
19,CAUCA,19318,GUAPI,19318008,LIMONES (GUAPI - CAUCA),2024,1,9.374,4.15,42.73,Lunes,2024-01-15 19:45:00,939.0
19,CAUCA,19318,GUAPI,19318013,SAN ANTONIO DE GUAJUI (GUAPI - CAUCA),2024,1,11.279,6.561,50.77,Viernes,2024-01-26 19:45:00,913.0
19,CAUCA,19418,LÓPEZ DE MICAY,19418033,BOCA GRANDE (LÓPEZ DE MICAY - CAUCA),2024,1,3.845,837.0,28.84,Miércoles,2024-01-03 19:30:00,524.0
19,CAUCA,19418,LÓPEZ DE MICAY,19418038,ISLA DE GALLO (LÓPEZ DE MICAY - CAUCA),2024,1,2.762,1.281,35.14,Viernes,2024-01-26 19:15:00,422.0
19,CAUCA,19418,LÓPEZ DE MICAY,19418009,NOANAMITO (LÓPEZ DE MICAY - CAUCA),2024,1,7.653,2.786,32.0,Sábado,2024-01-13 19:15:00,1023.0
19,CAUCA,19418,LÓPEZ DE MICAY,19418011,RIO MAYA - DOS QUEBRADAS (LÓPEZ DE MICAY - CAUCA),2024,1,4.199,1.449,31.36,Viernes,2024-01-26 19:15:00,61.0
19,CAUCA,19418,LÓPEZ DE MICAY,19418012,SAN ANTONIO DE CHUARE (LÓPEZ DE MICAY - CAUCA),2024,1,2.504,660.0,47.78,Viernes,2024-01-26 18:45:00,233.0
19,CAUCA,19418,LÓPEZ DE MICAY,19418015,SAN ISIDRO (LÓPEZ DE MICAY - CAUCA),2024,1,627.0,364.0,6.91,Miércoles,2024-01-24 19:00:00,354.0
19,CAUCA,19418,LÓPEZ DE MICAY,19418019,ZARAGOZA (LÓPEZ DE MICAY - CAUCA),2024,1,4.771,1.732,44.9,Sábado,2024-01-27 20:00:00,403.0
19,CAUCA,19809,TIMBIQUÍ,19809014,CHACON (TIMBIQUÍ - CAUCA),2024,1,3.302,970.0,24.26,Martes,2024-01-30 20:30:00,532.0
19,CAUCA,19809,TIMBIQUÍ,19809003,COTEJE (TIMBIQUÍ - CAUCA),2024,1,5.626,4.207,27.76,Lunes,2024-01-22 20:45:00,738.0
19,CAUCA,19809,TIMBIQUÍ,19809026,LOS BRAZOS (TIMBIQUÍ - CAUCA),2024,1,6.938,3.231,37.54,Domingo,2024-01-07 19:30:00,717.0
19,CAUCA,19809,TIMBIQUÍ,19809023,PUERTO SAIJA (TIMBIQUÍ - CAUCA),2024,1,21.638,7.454,173.36,Lunes,2024-01-29 20:30:00,504.0
19,CAUCA,19809,TIMBIQUÍ,19809007,SAN JOSE (TIMBIQUÍ - CAUCA),2024,1,6.927,4.754,36.0,Martes,2024-01-09 19:30:00,733.0
19,CAUCA,19809,TIMBIQUÍ,19809009,SANTA ROSA DE SAIJA (TIMBIQUÍ - CAUCA),2024,1,2.661,776.0,18.82,Miércoles,2024-01-31 19:00:00,606.0
27,CHOCÓ,27006,ACANDÍ,27006000,ACANDÍ (ACANDÍ - CHOCÓ),2024,1,648.455,192.27,1592.98,Jueves,2024-01-25 22:00:00,1845.0
27,CHOCÓ,27006,ACANDÍ,27006003,CAPURGANA (ACANDÍ - CHOCÓ),2024,1,0.0,0.0,0.0,Lunes,2024-01-01 00:00:00,0.0
27,CHOCÓ,27006,ACANDÍ,27006007,SAN FRANCISCO (ACANDÍ - CHOCÓ),2024,1,16.63,7.375,94.46,Viernes,2024-01-05 20:15:00,821.0
27,CHOCÓ,27025,ALTO BAUDO,27025000,CIUDAD BAUDO - PIE DE PATO (ALTO BAUDO - CHOCÓ),2024,1,54.62,18.968,123.9,Martes,2024-01-23 12:00:00,2352.0
27,CHOCÓ,27025,ALTO BAUDO,27025034,PLAYITA CATRU (ALTO BAUDO - CHOCÓ),2024,1,684.0,103.0,5.39,Domingo,2024-01-28 18:45:00,504.0
27,CHOCÓ,27075,BAHÍA SOLANO,27075000,CIUDAD MUTIS (BAHÍA SOLANO - CHOCÓ),2024,1,876.676,274.747,1676.4,Martes,2024-01-16 10:30:00,2347.0
27,CHOCÓ,27075,BAHÍA SOLANO,27075001,CUPICA (BAHÍA SOLANO - CHOCÓ),2024,1,74.924,23.948,158.46,Lunes,2024-01-22 12:00:00,2355.0
27,CHOCÓ,27075,BAHÍA SOLANO,27075002,EL VALLE (BAHÍA SOLANO - CHOCÓ),2024,1,199.559,72.523,381.48,Martes,2024-01-16 19:15:00,2331.0
27,CHOCÓ,27077,BAJO BAUDÓ,27077008,ORPUA (BAJO BAUDÓ - CHOCÓ),2024,1,1.148,357.0,7.41,Miércoles,2024-01-24 18:45:00,836.0
27,CHOCÓ,27077,BAJO BAUDÓ,27077000,PIZARRO (BAJO BAUDÓ - CHOCÓ),2024,1,247.062,98.417,486.29,Miércoles,2024-01-31 20:15:00,2229.0
27,CHOCÓ,27077,BAJO BAUDÓ,27077016,SIVIRU (BAJO BAUDÓ - CHOCÓ),2024,1,6.39,2.224,46.36,Sábado,2024-01-13 11:30:00,633.0
27,CHOCÓ,27077,BAJO BAUDÓ,27077019,VIRUDO (BAJO BAUDÓ - CHOCÓ),2024,1,6.2,2.346,30.3,Viernes,2024-01-26 20:00:00,828.0
27,CHOCÓ,27099,BOJAYÁ,27099005,NAPIPI (BOJAYÁ - CHOCÓ),2024,1,12.828,4.209,67.2,Jueves,2024-01-25 20:15:00,808.0
27,CHOCÓ,27250,EL LITORAL DEL SAN JUAN,27250023,PAPAYO (EL LITORAL DEL SAN JUAN - CHOCÓ),2024,1,3.442,1.06,17.72,Miércoles,2024-01-17 19:00:00,72.0
27,CHOCÓ,27250,EL LITORAL DEL SAN JUAN,27250913,SAN BERNARDO BURUJON (EL LITORAL DEL SAN JUAN - CHOCÓ),2024,1,2.547,4.539,10.69,Domingo,2024-01-14 23:15:00,1015.0
27,CHOCÓ,27250,EL LITORAL DEL SAN JUAN,27250000,SANTA GENOVEVA DE DOCORDO (EL LITORAL DEL SAN JUAN - CHOCÓ),2024,1,88.631,43.871,247.37,Domingo,2024-01-28 19:15:00,1543.0
27,CHOCÓ,27361,ISTMINA,27361023,POTEDÓ (ISTMINA - CHOCÓ),2024,1,2.581,1.481,12.43,Domingo,2024-01-28 18:30:00,839.0
27,CHOCÓ,27361,ISTMINA,27361048,UNION CHOCO (ISTMINA - CHOCÓ),2024,1,1.358,519.0,6.35,Domingo,2024-01-07 20:15:00,339.0
27,CHOCÓ,27372,JURADO,27372000,JURADO (JURADO - CHOCÓ),2024,1,184.421,64.789,338.88,Lunes,2024-01-22 16:00:00,2355.0
27,CHOCÓ,27425,MEDIO ATRATO,27425000,BETE (MEDIO ATRATO - CHOCÓ),2024,1,7.22,3.588,60.0,Jueves,2024-01-25 19:45:00,522.0
27,CHOCÓ,27425,MEDIO ATRATO,27425008,SAN ROQUE (MEDIO ATRATO - CHOCÓ),2024,1,0.0,0.0,0.17,Martes,2024-01-23 16:00:00,0.0
27,CHOCÓ,27450,MEDIO SAN JUAN,27450019,UNIÓN WAUNAÁN (MEDIO SAN JUAN - CHOCÓ),2024,1,2.028,431.0,16.86,Lunes,2024-01-29 19:00:00,443.0
27,CHOCÓ,27491,NOVITA,27491004,JUNTAS DE TAMANA (NOVITA - CHOCÓ),2024,1,1.16,411.0,12.18,Sábado,2024-01-13 18:45:00,423.0
27,CHOCÓ,27495,NUQUÍ,27495011,COMUNIDAD DE PUERTO JAGUA (NUQUÍ - CHOCÓ),2024,1,939.0,356.0,5.33,Martes,2024-01-02 19:45:00,715.0
27,CHOCÓ,27001,QUIBDÓ,27001029,TAGACHI (QUIBDÓ - CHOCÓ),2024,1,5.787,2.158,47.66,Miércoles,2024-01-03 19:30:00,504.0
27,CHOCÓ,27615,RIOSUCIO,27615011,SAN JOSE TAMBORAL (RIOSUCIO - CHOCÓ),2024,1,689.0,264.0,3.95,Martes,2024-01-16 19:30:00,439.0
27,CHOCÓ,27800,UNGUÍA,27800001,BALBOA (UNGUÍA - CHOCÓ),2024,1,26.737,10.445,91.78,Sábado,2024-01-27 20:45:00,1218.0
27,CHOCÓ,27800,UNGUÍA,27800005,TITUMATE (UNGUÍA - CHOCÓ),2024,1,17.639,4.068,90.29,Lunes,2024-01-08 20:45:00,836.0
27,CHOCÓ,27800,UNGUÍA,27800000,UNGUÍA (UNGUÍA - CHOCÓ),2024,1,480.145,158.137,956.74,Viernes,2024-01-26 21:30:00,2209.0
94,GUAINÍA,94343,BARRANCO MINAS,94343000,BARRANCO MINAS (BARRANCO MINAS - GUAINÍA),2024,1,84.069,23.303,214.33,Lunes,2024-01-29 13:30:00,1628.0
94,GUAINÍA,94001,INÍRIDA,94001000,INÍRIDA (INÍRIDA - GUAINÍA),2024,1,,717.693,4313.76,Miércoles,2024-01-31 14:45:00,24.0
94,GUAINÍA,94001,INÍRIDA,94001966,LAGUNA COLORADA ALTA (INÍRIDA - GUAINÍA),2024,1,7.973,286.0,26.33,Martes,2024-01-02 18:15:00,1543.0
95,GUAVIARE,95200,MIRAFLORES,95200000,MIRAFLORES (MIRAFLORES - GUAVIARE),2024,1,89.54,27.803,222.64,Sábado,2024-01-27 19:30:00,1806.0
44,LA GUAJIRA,44847,URIBIA,44847003,CABO DE LA VELA (URIBIA - LA GUAJIRA),2024,1,49.224,2.096,179.7,Miércoles,2024-01-03 19:15:00,1252.0
47,MAGDALENA,47189,CIÉNAGA,47189018,PALMOR (CIÉNAGA - MAGDALENA),2024,1,105.706,40.062,191.3,Domingo,2024-01-31 18:30:00,2342.0
50,META,50325,MAPIRIPAN,50325000,MAPIRIPAN (MAPIRIPAN - META),2024,1,187.911,66.356,356.4,Martes,2024-01-07 18:45:00,24.0
52,NARIÑO,52250,EL CHARCO,52250016,ALTERON - URIBE URIBE (EL CHARCO - NARIÑO),2024,1,114.0,61.0,6.0,Domingo,2024-01-23 19:00:00,42.0
52,NARIÑO,52250,EL CHARCO,52250023,BAZAN (EL CHARCO - NARIÑO),2024,1,0.0,0.0,0.0,Lunes,2024-01-28 11:00:00,0.0
52,NARIÑO,52250,EL CHARCO,52250003,BOLIVAR - SAN PEDRO (EL CHARCO - NARIÑO),2024,1,437.0,439.0,24.38,Domingo,2024-01-01 00:00:00,46.0
52,NARIÑO,52250,EL CHARCO,52250022,EL CUIL PUEBLO NUEVO (EL CHARCO - NARIÑO),2024,1,5.422,2.374,30.69,Viernes,2024-01-19 17:45:00,653.0
52,NARIÑO,52250,EL CHARCO,52250005,LAS MERCEDES (EL CHARCO - NARIÑO),2024,1,580.0,193.0,9.25,Martes,2024-01-02 20:15:00,245.0
52,NARIÑO,52250,EL CHARCO,52250007,SAN JOSE DEL TAPAJE (EL CHARCO - NARIÑO),2024,1,10.054,2.43,56.0,Martes,2024-01-02 19:45:00,715.0
52,NARIÑO,52390,LA TOLA,52390013,AMARALES (LA TOLA - NARIÑO),2024,1,10.608,2.754,47.14,Sábado,2024-01-06 20:00:00,1005.0
52,NARIÑO,52390,LA TOLA,52390003,LA VIGIA DE LA MAR (LA TOLA - NARIÑO),2024,1,8.291,2.795,41.68,Miércoles,2024-01-17 11:30:00,1037.0
52,NARIÑO,52390,LA TOLA,52390009,MULATOS (LA TOLA - NARIÑO),2024,1,4.14,2.844,25.47,Lunes,2024-01-29 19:15:00,723.0
52,NARIÑO,52490,OLAYA HERRERA,52490913,BOCA DE PRIETA (OLAYA HERRERA - NARIÑO),2024,1,2.544,748.0,14.54,Miércoles,2024-01-17 18:45:00,631.0
52,NARIÑO,52835,SAN ANDRÉS DE TUMACO,52835055,BOCAS DE CURAY (SAN ANDRÉS DE TUMACO - NARIÑO),2024,1,1.845,538.0,45.6,Miércoles,2024-01-03 18:30:00,14.0
52,NARIÑO,52835,SAN ANDRÉS DE TUMACO,52835217,SAN JUAN DE LA COSTA (SAN ANDRÉS DE TUMACO - NARIÑO),2024,1,12.187,4.369,121.6,Miércoles,2024-01-10 19:00:00,442.0
52,NARIÑO,52696,SANTA BÁRBARA,52696014,LA ENSENADA (SANTA BÁRBARA - NARIÑO),2024,1,3.661,4.293,22.27,Lunes,2024-01-29 19:15:00,64.0
76,VALLE DEL CAUCA,76109,BUENAVENTURA,76109957,HUMANES MAR (BUENAVENTURA - VALLE DEL CAUCA),2024,1,4.912,1.317,27.48,Martes,2024-01-02 10:30:00,8.0
76,VALLE DEL CAUCA,76109,BUENAVENTURA,76109028,PUERTO MERIZALDE (BUENAVENTURA - VALLE DEL CAUCA),2024,1,94.958,33.285,205.57,Miércoles,2024-01-17 19:45:00,2016.0
76,VALLE DEL CAUCA,76109,BUENAVENTURA,76109032,SAN FRANCISCO NAYA (BUENAVENTURA - VALLE DEL CAUCA),2024,1,6.881,3.526,35.71,Miércoles,2024-01-10 11:45:00,814.0
76,VALLE DEL CAUCA,76109,BUENAVENTURA,76109034,SAN ISIDRO - CALIMA (BUENAVENTURA - VALLE DEL CAUCA),2024,1,1.517,438.0,12.01,Viernes,2024-01-26 18:45:00,536.0
97,VAUPÉS,97161,CARURÚ,97161000,CARURÚ (CARURÚ - VAUPÉS),2024,1,22.656,5.947,79.9,Lunes,2024-01-29 19:00:00,1203.0
97,VAUPÉS,97001,MITÚ,97001000,MITÚ (MITÚ - VAUPÉS),2024,1,,400.758,3151.93,Lunes,2024-01-29 12:00:00,24.0
97,VAUPÉS,97666,TARAIRA,97666000,TARAIRA (TARAIRA - VAUPÉS),2024,1,35.739,10.778,120.74,Viernes,2024-01-26 12:15:00,1226.0
99,VICHADA,99001,PUERTO CARREÑO,99001000,PUERTO CARREÑO (PUERTO CARREÑO - VICHADA),2024,1,,853.15,5042.4,Miércoles,2024-01-31 14:45:00,2359.0
91,AMAZONAS,91001,LETICIA,91001000,LETICIA (LETICIA - AMAZONAS),2024,2,,,8507.11,Viernes,2024-02-23 14:45:00,24.0
5,ANTIOQUIA,5873,VIGÍA DEL FUERTE,5873010,LA PLAYA MURRI  (VIGÍA DEL FUERTE - ANTIOQUIA),2024,2,5.127,2.848,25.79,Domingo,2024-02-25 16:15:00,84.0
5,ANTIOQUIA,5873,VIGÍA DEL FUERTE,5873013,LOMA MURRI (VIGÍA DEL FUERTE - ANTIOQUIA),2024,2,5.958,2.113,28.12,Sábado,2024-02-24 20:15:00,839.0
88,ARCHIPIÉLAGO DE SAN ANDRÉS y PROVIDENCIA,88564,PROVIDENCIA,88564000,PROVIDENCIA (PROVIDENCIA - ARCHIPIÉLAGO DE SAN ANDRÉS y PROVIDENCIA ),2024,2,,226.008,1914.55,Domingo,2024-02-18 21:30:00,24.0
13,BOLÍVAR,13001,CARTAGENA DE INDIAS,13001007,ISLA FUERTE (CARTAGENA DE INDIAS - BOLÍVAR),2024,2,63.517,30.203,225.98,Sábado,2024-02-17 22:45:00,1236.0
13,BOLÍVAR,13001,CARTAGENA DE INDIAS,13001037,ISLA MUCURA (CARTAGENA DE INDIAS - BOLÍVAR),2024,2,5.309,2.189,22.37,Lunes,2024-02-19 21:30:00,1051.0
13,BOLÍVAR,13001,CARTAGENA DE INDIAS,13001017,SANTA CRUZ DEL ISLOTE (CARTAGENA DE INDIAS - BOLÍVAR),2024,2,12.401,4.377,45.18,Domingo,2024-02-18 23:00:00,1119.0
18,CAQUETÁ,18150,CARTAGENA DEL CHAIRA,18150001,REMOLINO DEL CAGUAN (CARTAGENA DEL CHAIRA - CAQUETÁ),2024,2,16.666,6.033,95.86,Sábado,2024-02-24 18:45:00,731.0
18,CAQUETÁ,18150,CARTAGENA DEL CHAIRA,18150002,SANTA FE DEL CAGUAN (CARTAGENA DEL CHAIRA - CAQUETÁ),2024,2,3.921,1.769,42.76,Jueves,2024-02-29 19:00:00,353.0
18,CAQUETÁ,18753,SAN VICENTE DEL CAGUÁN,18753002,GUACAMAYAS (SAN VICENTE DEL CAGUÁN - CAQUETÁ),2024,2,6.837,2.806,33.07,Viernes,2024-02-23 19:15:00,1109.0
18,CAQUETÁ,18753,SAN VICENTE DEL CAGUÁN,18753033,VILLA LOBOS (SAN VICENTE DEL CAGUÁN - CAQUETÁ),2024,2,13.116,5.162,86.21,Viernes,2024-02-23 19:00:00,727.0
19,CAUCA,19318,GUAPI,19318008,LIMONES (GUAPI - CAUCA),2024,2,7.942,3.614,41.74,Miércoles,2024-02-28 19:30:00,855.0
19,CAUCA,19318,GUAPI,19318013,SAN ANTONIO DE GUAJUI (GUAPI - CAUCA),2024,2,10.657,6.0,53.98,Jueves,2024-02-22 19:45:00,85.0
19,CAUCA,19418,LÓPEZ DE MICAY,19418033,BOCA GRANDE (LÓPEZ DE MICAY - CAUCA),2024,2,3.509,785.0,28.16,Domingo,2024-02-18 20:30:00,519.0
19,CAUCA,19418,LÓPEZ DE MICAY,19418038,ISLA DE GALLO (LÓPEZ DE MICAY - CAUCA),2024,2,3.386,1.706,27.42,Jueves,2024-02-22 19:15:00,521.0
19,CAUCA,19418,LÓPEZ DE MICAY,19418009,NOANAMITO (LÓPEZ DE MICAY - CAUCA),2024,2,7.3,2.746,32.0,Jueves,2024-02-01 19:30:00,1021.0
19,CAUCA,19418,LÓPEZ DE MICAY,19418011,RIO MAYA - DOS QUEBRADAS (LÓPEZ DE MICAY - CAUCA),2024,2,3.041,1.046,32.77,Viernes,2024-02-16 18:30:00,413.0
19,CAUCA,19418,LÓPEZ DE MICAY,19418012,SAN ANTONIO DE CHUARE (LÓPEZ DE MICAY - CAUCA),2024,2,4.701,1.407,48.8,Sábado,2024-02-03 19:00:00,423.0
19,CAUCA,19418,LÓPEZ DE MICAY,19418015,SAN ISIDRO (LÓPEZ DE MICAY - CAUCA),2024,2,921.0,561.0,7.94,Jueves,2024-02-22 19:30:00,553.0
19,CAUCA,19418,LÓPEZ DE MICAY,19418019,ZARAGOZA (LÓPEZ DE MICAY - CAUCA),2024,2,8.006,2.935,52.26,Jueves,2024-02-29 16:15:00,647.0
19,CAUCA,19809,TIMBIQUÍ,19809014,CHACON (TIMBIQUÍ - CAUCA),2024,2,2.878,662.0,21.41,Jueves,2024-02-01 12:15:00,605.0
19,CAUCA,19809,TIMBIQUÍ,19809023,PUERTO SAIJA (TIMBIQUÍ - CAUCA),2024,2,30.724,10.842,173.89,Domingo,2024-02-04 19:15:00,723.0
19,CAUCA,19809,TIMBIQUÍ,19809009,SANTA ROSA DE SAIJA (TIMBIQUÍ - CAUCA),2024,2,2.339,644.0,20.35,Lunes,2024-02-26 19:45:00,454.0
27,CHOCÓ,27006,ACANDÍ,27006000,ACANDÍ (ACANDÍ - CHOCÓ),2024,2,535.704,161.161,1484.56,Lunes,2024-02-12 21:00:00,1824.0
27,CHOCÓ,27006,ACANDÍ,27006003,CAPURGANA (ACANDÍ - CHOCÓ),2024,2,103.589,32.873,365.64,Domingo,2024-02-18 23:30:00,1453.0
27,CHOCÓ,27025,ALTO BAUDO,27025000,CIUDAD BAUDO - PIE DE PATO (ALTO BAUDO - CHOCÓ),2024,2,53.185,18.273,137.81,Jueves,2024-02-15 11:45:00,2346.0
27,CHOCÓ,27025,ALTO BAUDO,27025034,PLAYITA CATRU (ALTO BAUDO - CHOCÓ),2024,2,506.0,64.0,6.18,Viernes,2024-02-23 18:45:00,349.0
27,CHOCÓ,27075,BAHÍA SOLANO,27075000,CIUDAD MUTIS (BAHÍA SOLANO - CHOCÓ),2024,2,860.924,254.421,1551.0,Jueves,2024-02-01 19:15:00,2358.0
27,CHOCÓ,27075,BAHÍA SOLANO,27075001,CUPICA (BAHÍA SOLANO - CHOCÓ),2024,2,71.851,24.958,164.45,Viernes,2024-02-16 12:15:00,2335.0
27,CHOCÓ,27075,BAHÍA SOLANO,27075002,EL VALLE (BAHÍA SOLANO - CHOCÓ),2024,2,181.104,65.588,369.6,Jueves,2024-02-08 19:30:00,2332.0
27,CHOCÓ,27077,BAJO BAUDÓ,27077008,ORPUA (BAJO BAUDÓ - CHOCÓ),2024,2,581.0,377.0,4.42,Sábado,2024-02-17 18:30:00,704.0
27,CHOCÓ,27077,BAJO BAUDÓ,27077000,PIZARRO (BAJO BAUDÓ - CHOCÓ),2024,2,233.77,92.629,515.33,Jueves,2024-02-01 18:30:00,215.0
27,CHOCÓ,27077,BAJO BAUDÓ,27077016,SIVIRU (BAJO BAUDÓ - CHOCÓ),2024,2,9.232,3.447,48.23,Sábado,2024-02-17 12:00:00,1031.0
27,CHOCÓ,27077,BAJO BAUDÓ,27077019,VIRUDO (BAJO BAUDÓ - CHOCÓ),2024,2,6.239,2.398,30.83,Viernes,2024-02-23 19:30:00,858.0
27,CHOCÓ,27099,BOJAYÁ,27099005,NAPIPI (BOJAYÁ - CHOCÓ),2024,2,11.589,3.838,67.2,Sábado,2024-02-24 19:15:00,743.0
27,CHOCÓ,27250,EL LITORAL DEL SAN JUAN,27250023,PAPAYO (EL LITORAL DEL SAN JUAN - CHOCÓ),2024,2,3.058,959.0,17.47,Martes,2024-02-27 19:30:00,708.0
27,CHOCÓ,27250,EL LITORAL DEL SAN JUAN,27250000,SANTA GENOVEVA DE DOCORDO (EL LITORAL DEL SAN JUAN - CHOCÓ),2024,2,96.044,49.255,239.58,Sábado,2024-02-03 12:00:00,1903.0
27,CHOCÓ,27361,ISTMINA,27361023,POTEDÓ (ISTMINA - CHOCÓ),2024,2,2.195,1.324,12.06,Miércoles,2024-02-21 16:45:00,807.0
27,CHOCÓ,27372,JURADO,27372000,JURADO (JURADO - CHOCÓ),2024,2,177.544,64.736,339.36,Jueves,2024-02-15 19:45:00,2355.0
27,CHOCÓ,27425,MEDIO ATRATO,27425000,BETE (MEDIO ATRATO - CHOCÓ),2024,2,17.365,8.172,64.0,Viernes,2024-02-02 19:15:00,1304.0
27,CHOCÓ,27425,MEDIO ATRATO,27425008,SAN ROQUE (MEDIO ATRATO - CHOCÓ),2024,2,0.0,0.0,0.0,Jueves,2024-02-01 00:00:00,0.0
27,CHOCÓ,27491,NOVITA,27491004,JUNTAS DE TAMANA (NOVITA - CHOCÓ),2024,2,907.0,306.0,11.78,Martes,2024-02-13 19:45:00,327.0
27,CHOCÓ,27495,NUQUÍ,27495011,COMUNIDAD DE PUERTO JAGUA (NUQUÍ - CHOCÓ),2024,2,736.0,272.0,5.28,Lunes,2024-02-05 19:15:00,615.0
27,CHOCÓ,27001,QUIBDÓ,27001029,TAGACHI (QUIBDÓ - CHOCÓ),2024,2,5.697,2.19,52.08,Jueves,2024-02-01 21:15:00,524.0
27,CHOCÓ,27615,RIOSUCIO,27615011,SAN JOSE TAMBORAL (RIOSUCIO - CHOCÓ),2024,2,320.0,109.0,4.57,Sábado,2024-02-17 19:30:00,307.0
27,CHOCÓ,27800,UNGUÍA,27800001,BALBOA (UNGUÍA - CHOCÓ),2024,2,25.185,9.795,93.36,Domingo,2024-02-11 20:30:00,1212.0
27,CHOCÓ,27800,UNGUÍA,27800005,TITUMATE (UNGUÍA - CHOCÓ),2024,2,14.757,3.686,77.97,Jueves,2024-02-01 20:30:00,837.0
27,CHOCÓ,27800,UNGUÍA,27800000,UNGUÍA (UNGUÍA - CHOCÓ),2024,2,429.48,143.086,995.81,Martes,2024-02-06 20:45:00,2133.0
94,GUAINÍA,94343,BARRANCO MINAS,94343000,BARRANCO MINAS (BARRANCO MINAS - GUAINÍA),2024,2,80.678,22.562,253.57,Jueves,2024-02-29 14:15:00,1543.0
94,GUAINÍA,94001,INÍRIDA,94001000,INÍRIDA (INÍRIDA - GUAINÍA),2024,2,,664.43,4628.8,Martes,2024-02-20 14:45:00,24.0
94,GUAINÍA,94001,INÍRIDA,94001966,LAGUNA COLORADA ALTA (INÍRIDA - GUAINÍA),2024,2,8.558,434.0,28.31,Lunes,2024-02-19 18:15:00,1721.0
95,GUAVIARE,95200,MIRAFLORES,95200000,MIRAFLORES (MIRAFLORES - GUAVIARE),2024,2,89.338,27.538,216.92,Sábado,2024-02-24 18:45:00,1834.0
44,LA GUAJIRA,44847,URIBIA,44847003,CABO DE LA VELA (URIBIA - LA GUAJIRA),2024,2,41.955,2.054,150.31,Martes,2024-02-06 18:30:00,131.0
47,MAGDALENA,47189,CIÉNAGA,47189018,PALMOR (CIÉNAGA - MAGDALENA),2024,2,96.593,35.064,190.46,Martes,2024-02-20 18:30:00,2324.0
50,META,50325,MAPIRIPAN,50325000,MAPIRIPAN (MAPIRIPAN - META),2024,2,183.775,62.042,359.92,Miércoles,2024-02-07 18:30:00,2354.0
52,NARIÑO,52250,EL CHARCO,52250016,ALTERON - URIBE URIBE (EL CHARCO - NARIÑO),2024,2,476.0,252.0,8.04,Lunes,2024-02-19 21:00:00,252.0
52,NARIÑO,52250,EL CHARCO,52250023,BAZAN (EL CHARCO - NARIÑO),2024,2,0.0,0.0,0.0,Jueves,2024-02-01 00:00:00,0.0
52,NARIÑO,52250,EL CHARCO,52250003,BOLIVAR - SAN PEDRO (EL CHARCO - NARIÑO),2024,2,395.0,375.0,27.78,Miércoles,2024-02-07 19:45:00,5.0
52,NARIÑO,52250,EL CHARCO,52250022,EL CUIL PUEBLO NUEVO (EL CHARCO - NARIÑO),2024,2,6.022,2.668,31.36,Sábado,2024-02-17 18:45:00,838.0
52,NARIÑO,52250,EL CHARCO,52250005,LAS MERCEDES (EL CHARCO - NARIÑO),2024,2,380.0,224.0,11.62,Jueves,2024-02-22 19:45:00,1162.0
52,NARIÑO,52250,EL CHARCO,52250007,SAN JOSE DEL TAPAJE (EL CHARCO - NARIÑO),2024,2,10.042,2.31,64.0,Sábado,2024-02-17 19:30:00,723.0
52,NARIÑO,52390,LA TOLA,52390013,AMARALES (LA TOLA - NARIÑO),2024,2,8.99,2.384,49.12,Domingo,2024-02-25 11:45:00,856.0
52,NARIÑO,52390,LA TOLA,52390003,LA VIGIA DE LA MAR (LA TOLA - NARIÑO),2024,2,7.904,2.357,45.36,Jueves,2024-02-29 11:30:00,945.0
52,NARIÑO,52390,LA TOLA,52390009,MULATOS (LA TOLA - NARIÑO),2024,2,3.98,2.654,26.5,Jueves,2024-02-29 17:45:00,74.0
52,NARIÑO,52490,OLAYA HERRERA,52490913,BOCA DE PRIETA (OLAYA HERRERA - NARIÑO),2024,2,2.448,718.0,16.61,Domingo,2024-02-11 19:45:00,645.0
52,NARIÑO,52835,SAN ANDRÉS DE TUMACO,52835055,BOCAS DE CURAY (SAN ANDRÉS DE TUMACO - NARIÑO),2024,2,0.0,0.0,0.0,Jueves,2024-02-01 00:00:00,0.0
52,NARIÑO,52835,SAN ANDRÉS DE TUMACO,52835217,SAN JUAN DE LA COSTA (SAN ANDRÉS DE TUMACO - NARIÑO),2024,2,15.934,5.886,118.4,Miércoles,2024-02-21 19:00:00,636.0
52,NARIÑO,52696,SANTA BÁRBARA,52696014,LA ENSENADA (SANTA BÁRBARA - NARIÑO),2024,2,3.113,3.591,21.06,Viernes,2024-02-09 18:30:00,607.0
76,VALLE DEL CAUCA,76109,BUENAVENTURA,76109957,HUMANES MAR (BUENAVENTURA - VALLE DEL CAUCA),2024,2,4.356,1.226,27.57,Domingo,2024-02-25 10:30:00,717.0
76,VALLE DEL CAUCA,76109,BUENAVENTURA,76109028,PUERTO MERIZALDE (BUENAVENTURA - VALLE DEL CAUCA),2024,2,90.741,32.512,261.89,Jueves,2024-02-22 20:00:00,205.0
76,VALLE DEL CAUCA,76109,BUENAVENTURA,76109032,SAN FRANCISCO NAYA (BUENAVENTURA - VALLE DEL CAUCA),2024,2,6.62,3.373,36.54,Miércoles,2024-02-14 11:45:00,813.0
76,VALLE DEL CAUCA,76109,BUENAVENTURA,76109034,SAN ISIDRO - CALIMA (BUENAVENTURA - VALLE DEL CAUCA),2024,2,1.189,385.0,12.7,Domingo,2024-02-04 13:15:00,413.0
97,VAUPÉS,97161,CARURÚ,97161000,CARURÚ (CARURÚ - VAUPÉS),2024,2,19.105,4.708,85.36,Jueves,2024-02-08 18:30:00,1022.0
97,VAUPÉS,97001,MITÚ,97001000,MITÚ (MITÚ - VAUPÉS),2024,2,,381.857,3240.06,Lunes,2024-02-19 13:00:00,2347.0
97,VAUPÉS,97666,TARAIRA,97666000,TARAIRA (TARAIRA - VAUPÉS),2024,2,31.61,9.722,122.32,Viernes,2024-02-23 11:30:00,1147.0
99,VICHADA,99001,PUERTO CARREÑO,99001000,PUERTO CARREÑO (PUERTO CARREÑO - VICHADA),2024,2,,818.783,5364.48,Viernes,2024-02-16 14:00:00,24.0
91,AMAZONAS,91001,LETICIA,91001000,LETICIA (LETICIA - AMAZONAS),2024,3,,,8216.06,Viernes,2024-03-22 14:30:00,24.0
5,ANTIOQUIA,5873,VIGÍA DEL FUERTE,5873010,LA PLAYA MURRI  (VIGÍA DEL FUERTE - ANTIOQUIA),2024,3,6.269,3.543,24.37,Miércoles,2024-03-06 18:45:00,1032.0
5,ANTIOQUIA,5873,VIGÍA DEL FUERTE,5873013,LOMA MURRI (VIGÍA DEL FUERTE - ANTIOQUIA),2024,3,6.558,2.407,28.86,Sábado,2024-03-16 20:00:00,908.0
88,ARCHIPIÉLAGO DE SAN ANDRÉS y PROVIDENCIA,88001,SAN ANDRÉS,88001000,SAN ANDRÉS (SAN ANDRÉS - ARCHIPIÉLAGO DE SAN ANDRÉS y PROVIDENCIA ),2024,3,,,31907.36,Viernes,2024-03-22 15:45:00,24.0
13,BOLÍVAR,13001,CARTAGENA DE INDIAS,13001007,ISLA FUERTE (CARTAGENA DE INDIAS - BOLÍVAR),2024,3,62.153,30.531,259.98,Sábado,2024-03-23 22:30:00,1014.0
13,BOLÍVAR,13001,CARTAGENA DE INDIAS,13001037,ISLA MUCURA (CARTAGENA DE INDIAS - BOLÍVAR),2024,3,6.777,2.624,23.36,Miércoles,2024-03-27 00:45:00,1206.0
13,BOLÍVAR,13001,CARTAGENA DE INDIAS,13001017,SANTA CRUZ DEL ISLOTE (CARTAGENA DE INDIAS - BOLÍVAR),2024,3,14.435,4.758,48.58,Miércoles,2024-03-27 23:00:00,113.0
18,CAQUETÁ,18150,CARTAGENA DEL CHAIRA,18150001,REMOLINO DEL CAGUAN (CARTAGENA DEL CHAIRA - CAQUETÁ),2024,3,20.273,7.357,99.35,Sábado,2024-03-09 19:00:00,811.0
18,CAQUETÁ,18150,CARTAGENA DEL CHAIRA,18150002,SANTA FE DEL CAGUAN (CARTAGENA DEL CHAIRA - CAQUETÁ),2024,3,4.382,2.027,42.64,Viernes,2024-03-08 19:00:00,411.0
18,CAQUETÁ,18753,SAN VICENTE DEL CAGUÁN,18753002,GUACAMAYAS (SAN VICENTE DEL CAGUÁN - CAQUETÁ),2024,3,12.113,5.015,32.14,Sábado,2024-03-23 19:00:00,1753.0
18,CAQUETÁ,18753,SAN VICENTE DEL CAGUÁN,18753033,VILLA LOBOS (SAN VICENTE DEL CAGUÁN - CAQUETÁ),2024,3,12.24,4.716,77.09,Jueves,2024-03-21 19:30:00,638.0
19,CAUCA,19318,GUAPI,19318008,LIMONES (GUAPI - CAUCA),2024,3,10.303,4.638,47.0,Miércoles,2024-03-20 19:30:00,10.0
19,CAUCA,19318,GUAPI,19318013,SAN ANTONIO DE GUAJUI (GUAPI - CAUCA),2024,3,9.341,5.37,51.6,Martes,2024-03-05 18:45:00,714.0
19,CAUCA,19418,LÓPEZ DE MICAY,19418033,BOCA GRANDE (LÓPEZ DE MICAY - CAUCA),2024,3,4.124,894.0,30.72,Lunes,2024-03-11 18:45:00,547.0
19,CAUCA,19418,LÓPEZ DE MICAY,19418038,ISLA DE GALLO (LÓPEZ DE MICAY - CAUCA),2024,3,3.142,1.533,27.2,Miércoles,2024-03-06 18:45:00,536.0
19,CAUCA,19418,LÓPEZ DE MICAY,19418009,NOANAMITO (LÓPEZ DE MICAY - CAUCA),2024,3,6.884,2.653,36.0,Sábado,2024-03-26 19:15:00,854.0
19,CAUCA,19418,LÓPEZ DE MICAY,19418011,RIO MAYA - DOS QUEBRADAS (LÓPEZ DE MICAY - CAUCA),2024,3,4.281,1.619,32.58,Sábado,2024-03-16 19:00:00,542.0
19,CAUCA,19418,LÓPEZ DE MICAY,19418012,SAN ANTONIO DE CHUARE (LÓPEZ DE MICAY - CAUCA),2024,3,2.408,747.0,45.18,Domingo,2024-03-10 19:15:00,214.0
19,CAUCA,19418,LÓPEZ DE MICAY,19418015,SAN ISIDRO (LÓPEZ DE MICAY - CAUCA),2024,3,682.0,391.0,7.33,Sábado,2024-03-02 19:45:00,423.0
19,CAUCA,19418,LÓPEZ DE MICAY,19418019,ZARAGOZA (LÓPEZ DE MICAY - CAUCA),2024,3,8.894,3.065,68.16,Sábado,2024-03-23 19:00:00,614.0
19,CAUCA,19809,TIMBIQUÍ,19809014,CHACON (TIMBIQUÍ - CAUCA),2024,3,3.961,1.071,22.62,Sábado,2024-03-16 20:15:00,727.0
19,CAUCA,19809,TIMBIQUÍ,19809023,PUERTO SAIJA (TIMBIQUÍ - CAUCA),2024,3,32.805,11.419,174.24,Miércoles,2024-03-06 19:15:00,721.0
19,CAUCA,19809,TIMBIQUÍ,19809009,SANTA ROSA DE SAIJA (TIMBIQUÍ - CAUCA),2024,3,2.787,760.0,21.05,Viernes,2024-03-01 19:30:00,529.0
27,CHOCÓ,27006,ACANDÍ,27006000,ACANDÍ (ACANDÍ - CHOCÓ),2024,3,585.65,176.397,1516.06,Lunes,2024-03-18 21:15:00,1901.0
27,CHOCÓ,27006,ACANDÍ,27006003,CAPURGANA (ACANDÍ - CHOCÓ),2024,3,208.532,65.266,808.72,Domingo,2024-03-24 14:45:00,1825.0
27,CHOCÓ,27025,ALTO BAUDO,27025000,CIUDAD BAUDO - PIE DE PATO (ALTO BAUDO - CHOCÓ),2024,3,54.429,19.362,119.86,Jueves,2024-03-21 12:00:00,2336.0
27,CHOCÓ,27025,ALTO BAUDO,27025034,PLAYITA CATRU (ALTO BAUDO - CHOCÓ),2024,3,678.0,84.0,6.77,Domingo,2024-03-10 18:30:00,505.0
27,CHOCÓ,27075,BAHÍA SOLANO,27075000,CIUDAD MUTIS (BAHÍA SOLANO - CHOCÓ),2024,3,908.362,243.092,1649.12,Domingo,2024-03-03 19:30:00,2358.0
27,CHOCÓ,27075,BAHÍA SOLANO,27075001,CUPICA (BAHÍA SOLANO - CHOCÓ),2024,3,70.384,23.622,155.97,Lunes,2024-03-04 19:45:00,2322.0
27,CHOCÓ,27075,BAHÍA SOLANO,27075002,EL VALLE (BAHÍA SOLANO - CHOCÓ),2024,3,187.867,66.499,369.34,Sábado,2024-03-30 19:15:00,2318.0
27,CHOCÓ,27077,BAJO BAUDÓ,27077008,ORPUA (BAJO BAUDÓ - CHOCÓ),2024,3,617.0,393.0,4.53,Miércoles,2024-03-27 10:30:00,629.0
27,CHOCÓ,27077,BAJO BAUDÓ,27077000,PIZARRO (BAJO BAUDÓ - CHOCÓ),2024,3,187.204,74.625,538.56,Sábado,2024-03-16 19:45:00,163.0
27,CHOCÓ,27077,BAJO BAUDÓ,27077016,SIVIRU (BAJO BAUDÓ - CHOCÓ),2024,3,7.113,2.577,43.84,Sábado,2024-03-09 11:15:00,748.0
27,CHOCÓ,27077,BAJO BAUDÓ,27077019,VIRUDO (BAJO BAUDÓ - CHOCÓ),2024,3,6.579,2.205,32.15,Miércoles,2024-03-06 03:15:00,843.0
27,CHOCÓ,27099,BOJAYÁ,27099005,NAPIPI (BOJAYÁ - CHOCÓ),2024,3,12.73,4.262,64.0,Viernes,2024-03-08 19:00:00,756.0
27,CHOCÓ,27250,EL LITORAL DEL SAN JUAN,27250023,PAPAYO (EL LITORAL DEL SAN JUAN - CHOCÓ),2024,3,3.677,1.134,18.54,Domingo,2024-03-31 19:30:00,729.0
27,CHOCÓ,27250,EL LITORAL DEL SAN JUAN,27250000,SANTA GENOVEVA DE DOCORDO (EL LITORAL DEL SAN JUAN - CHOCÓ),2024,3,74.747,38.069,249.61,Viernes,2024-03-15 19:15:00,1347.0
27,CHOCÓ,27361,ISTMINA,27361023,POTEDÓ (ISTMINA - CHOCÓ),2024,3,2.379,1.459,12.68,Jueves,2024-03-14 16:30:00,817.0
27,CHOCÓ,27372,JURADO,27372000,JURADO (JURADO - CHOCÓ),2024,3,194.447,68.818,339.36,Miércoles,2024-03-13 19:15:00,2359.0
27,CHOCÓ,27425,MEDIO ATRATO,27425000,BETE (MEDIO ATRATO - CHOCÓ),2024,3,20.194,10.126,76.0,Viernes,2024-03-29 15:00:00,144.0
27,CHOCÓ,27425,MEDIO ATRATO,27425008,SAN ROQUE (MEDIO ATRATO - CHOCÓ),2024,3,560.0,224.0,15.07,Jueves,2024-03-14 20:30:00,139.0
27,CHOCÓ,27491,NOVITA,27491004,JUNTAS DE TAMANA (NOVITA - CHOCÓ),2024,3,2.043,721.0,11.82,Lunes,2024-03-18 19:30:00,751.0
27,CHOCÓ,27495,NUQUÍ,27495011,COMUNIDAD DE PUERTO JAGUA (NUQUÍ - CHOCÓ),2024,3,911.0,348.0,4.87,Lunes,2024-03-04 20:00:00,728.0
27,CHOCÓ,27615,RIOSUCIO,27615011,SAN JOSE TAMBORAL (RIOSUCIO - CHOCÓ),2024,3,275.0,88.0,4.99,Sábado,2024-03-02 19:00:00,223.0
27,CHOCÓ,27800,UNGUÍA,27800001,BALBOA (UNGUÍA - CHOCÓ),2024,3,27.561,10.904,95.19,Domingo,2024-03-17 20:15:00,1152.0
27,CHOCÓ,27800,UNGUÍA,27800005,TITUMATE (UNGUÍA - CHOCÓ),2024,3,16.571,4.362,73.39,Jueves,2024-03-28 19:45:00,1013.0
27,CHOCÓ,27800,UNGUÍA,27800000,UNGUÍA (UNGUÍA - CHOCÓ),2024,3,479.149,159.003,969.41,Domingo,2024-03-17 21:00:00,2212.0
94,GUAINÍA,94343,BARRANCO MINAS,94343000,BARRANCO MINAS (BARRANCO MINAS - GUAINÍA),2024,3,93.049,29.052,245.76,Lunes,2024-03-04 18:15:00,1612.0
94,GUAINÍA,94001,INÍRIDA,94001000,INÍRIDA (INÍRIDA - GUAINÍA),2024,3,,695.342,4551.36,Miércoles,2024-03-20 14:30:00,24.0
94,GUAINÍA,94001,INÍRIDA,94001966,LAGUNA COLORADA ALTA (INÍRIDA - GUAINÍA),2024,3,9.66,814.0,28.82,Martes,2024-03-26 17:45:00,1611.0
95,GUAVIARE,95200,MIRAFLORES,95200000,MIRAFLORES (MIRAFLORES - GUAVIARE),2024,3,100.938,31.688,232.76,Lunes,2024-03-11 19:00:00,205.0
44,LA GUAJIRA,44847,URIBIA,44847003,CABO DE LA VELA (URIBIA - LA GUAJIRA),2024,3,44.785,1.62,161.33,Jueves,2024-03-28 19:00:00,1235.0
47,MAGDALENA,47189,CIÉNAGA,47189018,PALMOR (CIÉNAGA - MAGDALENA),2024,3,102.799,37.767,190.46,Sábado,2024-03-09 19:00:00,2307.0
50,META,50325,MAPIRIPAN,50325000,MAPIRIPAN (MAPIRIPAN - META),2024,3,190.341,62.25,368.28,Miércoles,2024-03-20 18:45:00,2358.0
52,NARIÑO,52390,LA TOLA,52390013,AMARALES (LA TOLA - NARIÑO),2024,3,11.637,4.368,54.34,Domingo,2024-03-24 19:30:00,10.0
52,NARIÑO,52390,LA TOLA,52390003,LA VIGIA DE LA MAR (LA TOLA - NARIÑO),2024,3,5.107,1.714,44.76,Viernes,2024-03-01 11:30:00,954.0
52,NARIÑO,52390,LA TOLA,52390009,MULATOS (LA TOLA - NARIÑO),2024,3,4.431,2.873,28.48,Viernes,2024-03-15 17:15:00,743.0
52,NARIÑO,52490,OLAYA HERRERA,52490913,BOCA DE PRIETA (OLAYA HERRERA - NARIÑO),2024,3,2.489,741.0,16.54,Miércoles,2024-03-06 19:30:00,639.0
52,NARIÑO,52835,SAN ANDRÉS DE TUMACO,52835055,BOCAS DE CURAY (SAN ANDRÉS DE TUMACO - NARIÑO),2024,3,0.0,0.0,0.0,Viernes,2024-03-01 00:00:00,0.0
52,NARIÑO,52835,SAN ANDRÉS DE TUMACO,52835217,SAN JUAN DE LA COSTA (SAN ANDRÉS DE TUMACO - NARIÑO),2024,3,16.666,6.257,118.4,Miércoles,2024-03-20 19:15:00,63.0
52,NARIÑO,52696,SANTA BÁRBARA,52696014,LA ENSENADA (SANTA BÁRBARA - NARIÑO),2024,3,3.542,4.018,21.41,Miércoles,2024-03-13 18:45:00,631.0
76,VALLE DEL CAUCA,76109,BUENAVENTURA,76109957,HUMANES MAR (BUENAVENTURA - VALLE DEL CAUCA),2024,3,5.262,1.584,27.42,Domingo,2024-03-17 11:30:00,809.0
76,VALLE DEL CAUCA,76109,BUENAVENTURA,76109028,PUERTO MERIZALDE (BUENAVENTURA - VALLE DEL CAUCA),2024,3,110.155,39.591,231.26,Miércoles,2024-03-13 19:30:00,235.0
5,ANTIOQUIA,5873,VIGÍA DEL FUERTE,5873013,LOMA MURRI,2026,1,8.311,4.395,30066.0,domingo,2026-01-25 18:30:00,1.238
76,VALLE DEL CAUCA,76109,BUENAVENTURA,76109032,SAN FRANCISCO NAYA (BUENAVENTURA - VALLE DEL CAUCA),2024,3,6.369,2.626,35.52,Sábado,2024-03-16 11:45:00,745.0
76,VALLE DEL CAUCA,76109,BUENAVENTURA,76109034,SAN ISIDRO - CALIMA (BUENAVENTURA - VALLE DEL CAUCA),2024,3,1.491,471.0,11.99,Sábado,2024-03-23 18:30:00,5.0
97,VAUPÉS,97001,MITÚ,97001000,MITÚ (MITÚ - VAUPÉS),2024,3,,406.478,3198.41,Viernes,2024-03-22 12:00:00,2359.0
97,VAUPÉS,97666,TARAIRA,97666000,TARAIRA (TARAIRA - VAUPÉS),2024,3,37.011,11.334,129.18,Viernes,2024-03-22 12:15:00,1224.0
99,VICHADA,99001,PUERTO CARREÑO,99001000,PUERTO CARREÑO (PUERTO CARREÑO - VICHADA),2024,3,,889.067,5762.24,Jueves,2024-03-14 21:30:00,24.0
91,AMAZONAS,91001,LETICIA,91001000,LETICIA (LETICIA - AMAZONAS),2024,4,,,8258.75,Lunes,2024-04-22 15:00:00,24.0
88,ARCHIPIÉLAGO DE SAN ANDRÉS y PROVIDENCIA,88001,SAN ANDRÉS,88001000,SAN ANDRÉS (SAN ANDRÉS - ARCHIPIÉLAGO DE SAN ANDRÉS y PROVIDENCIA ),2024,4,,,32457.59,Jueves,2024-04-25 15:45:00,24.0
13,BOLÍVAR,13001,CARTAGENA DE INDIAS,13001007,ISLA FUERTE (CARTAGENA DE INDIAS - BOLÍVAR),2024,4,54.985,26.475,232.88,Miércoles,2024-04-03 21:45:00,926.0
13,BOLÍVAR,13001,CARTAGENA DE INDIAS,13001037,ISLA MUCURA (CARTAGENA DE INDIAS - BOLÍVAR),2024,4,5.57,2.018,22.27,Jueves,2024-04-04 22:00:00,1011.0
18,CAQUETÁ,18150,CARTAGENA DEL CHAIRA,18150001,REMOLINO DEL CAGUAN (CARTAGENA DEL CHAIRA - CAQUETÁ),2024,4,16.589,6.816,101.93,Sábado,2024-04-20 18:45:00,656.0
18,CAQUETÁ,18150,CARTAGENA DEL CHAIRA,18150002,SANTA FE DEL CAGUAN (CARTAGENA DEL CHAIRA - CAQUETÁ),2024,4,4.744,2.244,45.0,Martes,2024-04-16 18:30:00,444.0
18,CAQUETÁ,18753,SAN VICENTE DEL CAGUÁN,18753002,GUACAMAYAS (SAN VICENTE DEL CAGUÁN - CAQUETÁ),2024,4,12.404,5.1,353.0,Domingo,2024-04-14 19:15:00,1833.0
19,CAUCA,19318,GUAPI,19318008,LIMONES (GUAPI - CAUCA),2024,4,8.95,3.888,44.12,Miércoles,2024-04-17 19:15:00,918.0
19,CAUCA,19418,LÓPEZ DE MICAY,19418009,NOANAMITO (LÓPEZ DE MICAY - CAUCA),2024,4,5.821,2.549,40.0,Sábado,2024-04-06 19:45:00,715.0
19,CAUCA,19809,TIMBIQUÍ,19809014,CHACON (TIMBIQUÍ - CAUCA),2024,4,3.175,878.0,22.86,Martes,2024-04-16 19:00:00,545.0
19,CAUCA,19809,TIMBIQUÍ,19809023,PUERTO SAIJA (TIMBIQUÍ - CAUCA),2024,4,29.149,12.477,177.06,Sábado,2024-04-13 19:45:00,638.0
19,CAUCA,19809,TIMBIQUÍ,19809009,SANTA ROSA DE SAIJA (TIMBIQUÍ - CAUCA),2024,4,2.844,760.0,20.45,Miércoles,2024-04-17 19:30:00,544.0
27,CHOCÓ,27006,ACANDÍ,27006000,ACANDÍ (ACANDÍ - CHOCÓ),2024,4,309.159,86.543,777.22,Viernes,2024-04-05 21:45:00,1833.0
27,CHOCÓ,27006,ACANDÍ,27006003,CAPURGANA (ACANDÍ - CHOCÓ),2024,4,235.178,78.695,781.44,Domingo,2024-04-21 22:00:00,2103.0
27,CHOCÓ,27025,ALTO BAUDO,27025000,CIUDAD BAUDO - PIE DE PATO (ALTO BAUDO - CHOCÓ),2024,4,54.397,18.323,130.86,Sábado,2024-04-13 12:15:00,2356.0
27,CHOCÓ,27075,BAHÍA SOLANO,27075000,CIUDAD MUTIS (BAHÍA SOLANO - CHOCÓ),2024,4,846.704,250.344,1610.84,Viernes,2024-04-12 19:15:00,2345.0
27,CHOCÓ,27075,BAHÍA SOLANO,27075001,CUPICA (BAHÍA SOLANO - CHOCÓ),2024,4,69.709,21.76,167.11,Lunes,2024-04-15 19:15:00,2342.0
27,CHOCÓ,27075,BAHÍA SOLANO,27075002,EL VALLE (BAHÍA SOLANO - CHOCÓ),2024,4,182.49,67.08,367.75,Lunes,2024-04-01 19:30:00,2341.0
27,CHOCÓ,27077,BAJO BAUDÓ,27077008,ORPUA (BAJO BAUDÓ - CHOCÓ),2024,4,564.0,344.0,4.56,Domingo,2024-04-28 18:15:00,544.0
27,CHOCÓ,27077,BAJO BAUDÓ,27077016,SIVIRU (BAJO BAUDÓ - CHOCÓ),2024,4,8.25,2.765,42.92,Miércoles,2024-04-10 18:30:00,916.0
27,CHOCÓ,27099,BOJAYÁ,27099005,NAPIPI (BOJAYÁ - CHOCÓ),2024,4,12.683,4.265,64.0,Sábado,2024-04-21 04:00:00,809.0
27,CHOCÓ,27250,EL LITORAL DEL SAN JUAN,27250000,SANTA GENOVEVA DE DOCORDO (EL LITORAL DEL SAN JUAN - CHOCÓ),2024,4,36.57,17.07,261.89,Miércoles,2024-04-06 19:00:00,604.0
27,CHOCÓ,27372,JURADO,27372000,JURADO (JURADO - CHOCÓ),2024,4,182.517,64.067,339.04,Martes,2024-04-16 11:00:00,2337.0
27,CHOCÓ,27425,MEDIO ATRATO,27425000,BETE (MEDIO ATRATO - CHOCÓ),2024,4,18.402,8.986,64.0,Martes,2024-04-09 12:30:00,1252.0
27,CHOCÓ,27425,MEDIO ATRATO,27425008,SAN ROQUE (MEDIO ATRATO - CHOCÓ),2024,4,1.321,550.0,16.37,Martes,2024-04-09 19:30:00,42.0
27,CHOCÓ,27495,NUQUÍ,27495011,COMUNIDAD DE PUERTO JAGUA (NUQUÍ - CHOCÓ),2024,4,769.0,314.0,4.49,Domingo,2024-04-07 19:30:00,708.0
27,CHOCÓ,27800,UNGUÍA,27800001,BALBOA (UNGUÍA - CHOCÓ),2024,4,25.147,9.473,89.04,Viernes,2024-04-05 21:30:00,1204.0
27,CHOCÓ,27800,UNGUÍA,27800000,UNGUÍA (UNGUÍA - CHOCÓ),2024,4,467.653,151.591,1013.76,Martes,2024-04-09 21:00:00,2206.0
94,GUAINÍA,94343,BARRANCO MINAS,94343000,BARRANCO MINAS (BARRANCO MINAS - GUAINÍA),2024,4,89.115,26.143,243.43,Lunes,2024-04-15 19:15:00,1618.0
94,GUAINÍA,94001,INÍRIDA,94001000,INÍRIDA (INÍRIDA - GUAINÍA),2024,4,,651.076,4608.56,Miércoles,2024-04-10 14:15:00,2355.0
95,GUAVIARE,95200,MIRAFLORES,95200000,MIRAFLORES (MIRAFLORES - GUAVIARE),2024,4,111.542,35.676,236.28,Martes,2024-04-16 18:15:00,24.0
47,MAGDALENA,47189,CIÉNAGA,47189018,PALMOR (CIÉNAGA - MAGDALENA),2024,4,97.88,35.862,181.06,Sábado,2024-04-13 18:45:00,2323.0
50,META,50325,MAPIRIPAN,50325000,MAPIRIPAN (MAPIRIPAN - META),2024,4,184.426,59.979,357.72,Viernes,2024-04-12 18:30:00,2358.0
52,NARIÑO,52390,LA TOLA,52390013,AMARALES (LA TOLA - NARIÑO),2024,4,6.378,1.822,56.1,Viernes,2024-04-26 19:30:00,521.0
52,NARIÑO,52390,LA TOLA,52390003,LA VIGIA DE LA MAR (LA TOLA - NARIÑO),2024,4,3.272,1.156,22.56,Sábado,2024-04-27 11:30:00,71.0
52,NARIÑO,52390,LA TOLA,52390009,MULATOS (LA TOLA - NARIÑO),2024,4,4.389,2.609,29.73,Lunes,2024-04-22 19:30:00,731.0
52,NARIÑO,52490,OLAYA HERRERA,52490913,BOCA DE PRIETA (OLAYA HERRERA - NARIÑO),2024,4,2.339,711.0,14.04,Lunes,2024-04-01 19:00:00,639.0
52,NARIÑO,52835,SAN ANDRÉS DE TUMACO,52835217,SAN JUAN DE LA COSTA (SAN ANDRÉS DE TUMACO - NARIÑO),2024,4,18.842,6.954,112.0,Viernes,2024-04-05 19:00:00,744.0
52,NARIÑO,52696,SANTA BÁRBARA,52696014,LA ENSENADA (SANTA BÁRBARA - NARIÑO),2024,4,3.167,3.441,22.85,Sábado,2024-04-13 19:30:00,603.0
76,VALLE DEL CAUCA,76109,BUENAVENTURA,76109957,HUMANES MAR (BUENAVENTURA - VALLE DEL CAUCA),2024,4,3.845,981.0,27.33,Jueves,2024-04-25 19:30:00,62.0
76,VALLE DEL CAUCA,76109,BUENAVENTURA,76109028,PUERTO MERIZALDE (BUENAVENTURA - VALLE DEL CAUCA),2024,4,101.932,36.728,207.33,Martes,2024-04-09 20:30:00,2259.0
76,VALLE DEL CAUCA,76109,BUENAVENTURA,76109032,SAN FRANCISCO NAYA (BUENAVENTURA - VALLE DEL CAUCA),2024,4,6.325,2.599,33.63,Sábado,2024-04-27 11:45:00,807.0
97,VAUPÉS,97001,MITÚ,97001000,MITÚ (MITÚ - VAUPÉS),2024,4,,394.491,3266.78,Lunes,2024-04-15 13:15:00,2359.0
97,VAUPÉS,97666,TARAIRA,97666000,TARAIRA (TARAIRA - VAUPÉS),2024,4,36.155,11.045,124.08,Lunes,2024-04-15 18:45:00,1224.0
99,VICHADA,99001,PUERTO CARREÑO,99001000,PUERTO CARREÑO (PUERTO CARREÑO - VICHADA),2024,4,,720.002,5441.92,Miércoles,2024-04-10 13:45:00,24.0
18,CAQUETÁ,18150,CARTAGENA DEL CHAIRA,18150001,REMOLINO DEL CAGUAN (CARTAGENA DEL CHAIRA - CAQUETÁ),2024,5,18.848,8.45,105.92,Sábado,2024-05-11 19:30:00,74.0
18,CAQUETÁ,18150,CARTAGENA DEL CHAIRA,18150002,SANTA FE DEL CAGUAN (CARTAGENA DEL CHAIRA - CAQUETÁ),2024,5,4.355,1.963,40.0,Viernes,2024-05-24 18:30:00,421.0
18,CAQUETÁ,18753,SAN VICENTE DEL CAGUÁN,18753002,GUACAMAYAS (SAN VICENTE DEL CAGUÁN - CAQUETÁ),2024,5,8.538,3.679,34.37,Lunes,2024-05-13 18:45:00,1226.0
19,CAUCA,19318,GUAPI,19318008,LIMONES (GUAPI - CAUCA),2024,5,8.58,3.745,42.96,Miércoles,2024-05-29 19:15:00,845.0
19,CAUCA,19318,GUAPI,19318013,SAN ANTONIO DE GUAJUI (GUAPI - CAUCA),2024,5,10.561,6.131,52.54,Viernes,2024-05-31 19:45:00,827.0
19,CAUCA,19418,LÓPEZ DE MICAY,19418009,NOANAMITO (LÓPEZ DE MICAY - CAUCA),2024,5,7.935,3.763,36.0,Domingo,2024-05-26 19:00:00,1036.0
91,AMAZONAS,91540,PUERTO NARIÑO,91540000,PUERTO NARIÑO (PUERTO NARIÑO - AMAZONAS),2024,5,132.215,41.907,286.4,Jueves,2024-05-23 18:00:00,24.0
91,AMAZONAS,91798,TARAPACA (ANM),91798000,TARAPACA (TARAPACA (ANM) - AMAZONAS),2024,5,28.132,12.662,102.6,Viernes,2024-05-03 18:30:00,1016.0
5,ANTIOQUIA,5873,VIGÍA DEL FUERTE,5873010,LA PLAYA MURRI  (VIGÍA DEL FUERTE - ANTIOQUIA),2024,5,2.686,1.11,27.46,Martes,2024-05-21 19:45:00,419.0
88,ARCHIPIÉLAGO DE SAN ANDRÉS y PROVIDENCIA,88564,PROVIDENCIA,88564000,PROVIDENCIA (PROVIDENCIA - ARCHIPIÉLAGO DE SAN ANDRÉS y PROVIDENCIA ),2024,5,,284.638,2190.28,Viernes,2024-05-10 15:00:00,2359.0
13,BOLÍVAR,13001,CARTAGENA DE INDIAS,13001007,ISLA FUERTE (CARTAGENA DE INDIAS - BOLÍVAR),2024,5,64.368,30.561,247.59,Sábado,2024-05-18 22:00:00,109.0
13,BOLÍVAR,13001,CARTAGENA DE INDIAS,13001017,SANTA CRUZ DEL ISLOTE (CARTAGENA DE INDIAS - BOLÍVAR),2024,5,13.543,4.513,52.58,Jueves,2024-05-16 21:00:00,102.0
19,CAUCA,19809,TIMBIQUÍ,19809014,CHACON (TIMBIQUÍ - CAUCA),2024,5,4.286,1.264,31.25,Lunes,2024-05-06 20:00:00,758.0
19,CAUCA,19809,TIMBIQUÍ,19809010,COMUNIDAD DE CHETE (TIMBIQUÍ - CAUCA),2024,5,4.502,1.728,50.4,Martes,2024-05-27 07:00:00,554.0
19,CAUCA,19809,TIMBIQUÍ,19809003,COTEJE (TIMBIQUÍ - CAUCA),2024,5,5.778,4.333,28.4,Martes,2024-05-28 20:45:00,756.0
19,CAUCA,19809,TIMBIQUÍ,19809026,LOS BRAZOS (TIMBIQUÍ - CAUCA),2024,5,7.285,3.271,37.34,Domingo,2024-05-12 20:00:00,8.0
19,CAUCA,19809,TIMBIQUÍ,19809007,SAN JOSE (TIMBIQUÍ - CAUCA),2024,5,6.623,4.522,37.39,Sábado,2024-05-06 19:15:00,708.0
19,CAUCA,19809,TIMBIQUÍ,19809009,SANTA ROSA DE SAIJA (TIMBIQUÍ - CAUCA),2024,5,3.496,1.019,20.35,Miércoles,2024-05-15 19:15:00,645.0
27,CHOCÓ,27006,ACANDÍ,27006000,ACANDÍ (ACANDÍ - CHOCÓ),2024,5,598.738,171.032,1554.78,Miércoles,2024-05-29 21:00:00,1853.0
27,CHOCÓ,27006,ACANDÍ,27006003,CAPURGANA (ACANDÍ - CHOCÓ),2024,5,420.977,142.002,878.68,Lunes,2024-05-06 21:30:00,2141.0
27,CHOCÓ,27006,ACANDÍ,27006007,SAN FRANCISCO (ACANDÍ - CHOCÓ),2024,5,17.322,6.53,77.66,lunes,2024-05-25 20:00:00,921.0
27,CHOCÓ,27025,ALTO BAUDO,27025000,CIUDAD BAUDO - PIE DE PATO (ALTO BAUDO - CHOCÓ),2024,5,56.244,19.018,128.74,Miercoles,2024-05-01 12:00:00,2342.0
27,CHOCÓ,27075,BAHÍA SOLANO,27075000,CIUDAD MUTIS (BAHÍA SOLANO - CHOCÓ),2024,5,874.026,247.553,1664.96,Miercoles,2024-05-01 11:15:00,2344.0
27,CHOCÓ,27075,BAHÍA SOLANO,27075002,EL VALLE (BAHÍA SOLANO - CHOCÓ),2024,5,188.024,68.687,378.05,Lunes,2024-05-27 19:00:00,2318.0
27,CHOCÓ,27077,BAJO BAUDÓ,27077905,BUENAVISTA (BAJO BAUDÓ (PIZARRO) - CHOCÓ),2024,5,3.552,1.341,17.44,Lunes,2024-05-06 19:45:00,8.0
27,CHOCÓ,27077,BAJO BAUDÓ,27077029,FIRME DE USARGA (BAJO BAUDÓ (PIZARRO) - CHOCÓ),2024,5,836.0,359.0,7.01,Viernes,2024-05-17 20:15:00,516.0
27,CHOCÓ,27077,BAJO BAUDÓ,27077026,GUINEAL (BAJO BAUDÓ (PIZARRO) - CHOCÓ),2024,5,4.866,1.37,37.38,Viernes,2024-05-17 19:00:00,613.0
27,CHOCÓ,27077,BAJO BAUDÓ,27077008,ORPUA (BAJO BAUDÓ - CHOCÓ),2024,5,705.0,288.0,5.71,Lunes,2024-05-13 18:00:00,73.0
27,CHOCÓ,27077,BAJO BAUDÓ,27077000,PIZARRO (BAJO BAUDÓ - CHOCÓ),2024,5,246.317,95.726,479.42,Sábado,2024-05-18 15:15:00,2243.0
27,CHOCÓ,27077,BAJO BAUDÓ,27077916,TERRON (BAJO BAUDÓ - CHOCÓ),2024,5,4.192,1.769,26.42,Sábado,2024-05-04 12:45:00,722.0
27,CHOCÓ,27077,BAJO BAUDÓ,27077019,VIRUDO (BAJO BAUDÓ - CHOCÓ),2024,5,4.294,5.965,31.38,Martes,2024-05-21 21:45:00,525.0
27,CHOCÓ,27099,BOJAYÁ,27099000,BELLAVISTA (BOJAYÁ (BELLAVISTA) - CHOCÓ),2024,5,84.005,23.959,299.23,Sábado,2024-05-06 20:00:00,1224.0
27,CHOCÓ,27099,BOJAYÁ,27099005,NAPIPI (BOJAYÁ - CHOCÓ),2024,5,12.426,4.213,73.6,Lunes,2024-05-20 19:00:00,739.0
27,CHOCÓ,27099,BOJAYÁ,27099008,PUERTO CONTO (BOJAYÁ (BELLAVISTA) - CHOCO),2024,5,12.349,3.815,60.0,Viernes,2024-05-31 18:45:00,816.0
27,CHOCÓ,27250,EL LITORAL DEL SAN JUAN,27250023,PAPAYO (EL LITORAL DEL SAN JUAN - CHOCÓ),2024,5,3.527,1.038,18.87,Miercoles,2024-05-22 19:30:00,716.0
27,CHOCÓ,27250,EL LITORAL DEL SAN JUAN,27250000,SANTA GENOVEVA DE DOCORDO (EL LITORAL DEL SAN JUAN - CHOCÓ),2024,5,36.7,17.118,256.34,Viernes,2024-05-31 19:30:00,6.0
27,CHOCÓ,27372,JURADO,27372000,JURADO (JURADO - CHOCÓ),2024,5,180.964,63.06,331.2,Martes,2024-05-28 12:00:00,2347.0
27,CHOCÓ,27425,MEDIO ATRATO,27425000,BETE (MEDIO ATRATO - CHOCÓ),2024,5,17.901,8.923,68.0,Miercoles,2024-05-22 11:30:00,1236.0
27,CHOCÓ,27425,MEDIO ATRATO,27425008,SAN ROQUE (MEDIO ATRATO - CHOCÓ),2024,5,2.481,1.112,19.15,Miercoles,2024-05-15 19:30:00,604.0
27,CHOCÓ,27491,NOVITA,27491004,JUNTAS DE TAMANA (NOVITA - CHOCÓ),2024,5,1.863,620.0,11.99,Viernes,2024-05-31 18:45:00,651.0
27,CHOCÓ,27495,NUQUÍ,27495001,ARUSÍ (NUQUÍ - CHOCO),2024,5,20.705,7.668,62.4,Lunes,2024-05-16 19:45:00,1519.0
27,CHOCÓ,27495,NUQUÍ,27495011,COMUNIDAD DE PUERTO JAGUA (NUQUÍ - CHOCÓ),2024,5,876.0,372.0,5.16,Miercoles,2024-05-08 19:00:00,745.0
27,CHOCÓ,27495,NUQUÍ,27495912,COMUNIDAD INDÍGENA DE PANGUÍ - EL YUCAL (NUQUÍ - CHOCÓ),2024,5,7.439,1.873,11.5,Sábado,2024-05-04 12:30:00,2139.0
27,CHOCÓ,27495,NUQUÍ,27495000,NUQUÍ (NUQUÍ - CHOCÓ),2024,5,306.425,109.467,556.51,Jueves,2024-05-30 19:30:00,2357.0
27,CHOCÓ,27001,QUIBDÓ,27001029,TAGACHI (QUIBDÓ - CHOCÓ),2024,5,0.0,0.0,0.0,Miercoles,2024-05-01 12:00:00,0.0
27,CHOCÓ,27615,RIOSUCIO,27615011,SAN JOSE TAMBORAL (RIOSUCIO - CHOCÓ),2024,5,328.0,112.0,4.28,Lunes,2024-05-27 19:15:00,305.0
27,CHOCÓ,27800,UNGUÍA,27800005,TITUMATE (UNGUÍA - CHOCÓ),2024,5,16.923,4.45,76.74,Jueves,2024-05-30 20:30:00,926.0
27,CHOCÓ,27800,UNGUÍA,27800000,UNGUÍA (UNGUÍA - CHOCÓ),2024,5,484.045,156.408,987.36,Jueves,2024-05-30 19:45:00,2218.0
94,GUAINÍA,94343,BARRANCO MINAS,94343000,BARRANCO MINAS (BARRANCO MINAS - GUAINÍA),2024,5,76.458,22.812,239.27,Miercoles,2024-05-08 14:00:00,143.0
94,GUAINÍA,94001,INÍRIDA,94001000,INÍRIDA (INÍRIDA - GUAINÍA),2024,5,,635.769,4151.84,Martes,2024-05-14 15:30:00,2359.0
44,LA GUAJIRA,44847,URIBIA,44847003,CABO DE LA VELA (URIBIA - LA GUAJIRA),2024,5,37.485,3.837,148.84,Jueves,2024-05-02 21:00:00,102.0
44,LA GUAJIRA,44847,URIBIA,44847012,NAZARETH (URIBIA - LA GUAJIRA),2024,5,33.425,7.49,263.04,Lunes,2024-05-27 19:00:00,457.0
47,MAGDALENA,47189,CIÉNAGA,47189018,PALMOR (CIÉNAGA - MAGDALENA),2024,5,92.841,32.703,174.78,Sábado,2024-05-04 12:00:00,2236.0
50,META,50325,MAPIRIPAN,50325000,MAPIRIPAN (MAPIRIPAN - META),2024,5,182.486,59.588,356.4,Martes,2024-05-07 15:00:00,2359.0
52,NARIÑO,52250,EL CHARCO,52250007,SAN JOSÉ DEL TAPAJE (EL CHARCO - NARIÑO),2024,5,14.018,3.736,56.0,Viernes,2024-05-03 14:45:00,1026.0
52,NARIÑO,52390,LA TOLA,52390005,AGUACATAL (LA TOLA - NARIÑO),2024,5,737.0,256.0,9.95,Domingo,2024-05-26 20:00:00,3.0
52,NARIÑO,52390,LA TOLA,52390013,AMARALES (LA TOLA - NARIÑO),2024,5,6.807,804.0,54.21,Viernes,2024-05-10 20:00:00,544.0
52,NARIÑO,52390,LA TOLA,52390003,LA VIGIA DE LA MAR (LA TOLA - NARIÑO),2024,5,4.406,1.896,22.68,Viernes,2024-05-10 12:30:00,92.0
52,NARIÑO,52390,LA TOLA,52390009,MULATOS (LA TOLA - NARIÑO),2024,5,4.05,2.49,30.5,Miercoles,2024-05-01 17:00:00,7.0
52,NARIÑO,52427,MAGÜÍ,52427910,EL ROSARIO,2024,5,268.0,50.0,5.66,Sábado,2024-05-25 18:00:00,156.0
52,NARIÑO,52427,MAGÜÍ,52427913,LA ISLA (MAGÜÍ - NARIÑO),2024,5,0.0,0.0,0.0,Miercoles,2024-05-01 12:00:00,0.0
52,NARIÑO,52427,MAGÜÍ,52427915,LAS LAJAS (MAGÜÍ - NARIÑO),2024,5,0.0,0.0,0.0,Miercoles,2024-05-01 12:00:00,0.0
52,NARIÑO,52473,MOSQUERA,52473010,EL BAJITO DE ECHANDÍA (MOSQUERA - NARIÑO),2024,5,21.0,6.0,9.17,Miercoles,2024-05-22 19:15:00,5.0
52,NARIÑO,52490,OLAYA HERRERA,52490913,BOCA DE PRIETA (OLAYA HERRERA - NARIÑO),2024,5,1.733,575.0,14.33,Miercoles,2024-05-15 17:45:00,448.0
52,NARIÑO,52621,ROBERTO PAYAN,52621912,TAMAJE (ROBERTO PAYAN - NARIÑO),2024,5,5.291,3.418,24.36,Miercoles,2024-05-29 17:00:00,938.0
52,NARIÑO,52835,SAN ANDRÉS DE TUMACO,52835055,BOCAS DE CURAY (TUMACO - NARIÑO),2024,5,5.986,2.425,48.0,Sábado,2024-05-04 18:45:00,546.0
52,NARIÑO,52835,SAN ANDRÉS DE TUMACO,52835217,SAN JUAN DE LA COSTA (SAN ANDRÉS DE TUMACO - NARIÑO),2024,5,23.427,8.802,112.0,Viernes,2024-05-17 18:45:00,951.0
52,NARIÑO,52696,SANTA BÁRBARA,52696014,LA ENSENADA (SANTA BÁRBARA - NARIÑO),2024,5,3.712,4.191,20.93,Miercoles,2024-05-01 20:00:00,703.0
86,PUTUMAYO,86573,PUERTO LEGUÍZAMO,86573009,PIÑUÑA NEGRO (PUERTO LEGUÍZAMO - PUTUMAYO),2024,5,2.821,1.686,22.4,Viernes,2024-05-10 20:15:00,538.0
76,VALLE DEL CAUCA,76109,BUENAVENTURA,76109069,PAPAYAL 1 (BUENAVENTURA - VALLE DEL CAUCA),2024,5,7.219,1.389,31.01,Sábado,2024-05-18 19:30:00,1019.0
76,VALLE DEL CAUCA,76109,BUENAVENTURA,76109105,PITAL (BUENAVENTURA - VALLE DEL CAUCA),2024,5,2.101,516.0,10.29,martes,2024-05-06 19:30:00,751.0
76,VALLE DEL CAUCA,76109,BUENAVENTURA,76109028,PUERTO MERIZALDE (BUENAVENTURA - VALLE DEL CAUCA),2024,5,88.938,31.614,232.67,Viernes,2024-05-17 14:45:00,19.0
76,VALLE DEL CAUCA,76109,BUENAVENTURA,76109081,PUNTA BONITA,2024,5,2.617,3.171,16.32,domingo,2024-05-17 19:15:00,63.0
76,VALLE DEL CAUCA,76109,BUENAVENTURA,76109032,SAN FRANCISCO NAYA (BUENAVENTURA - VALLE DEL CAUCA),2024,5,7.03,2.924,33.12,Martes,2024-05-21 11:45:00,85.0
97,VAUPÉS,97161,CARURÚ,97161000,CARURÚ (CARURÚ - VAUPÉS),2024,5,0.0,0.0,0.0,Miercoles,2024-05-01 12:00:00,0.0
97,VAUPÉS,97001,MITÚ,97001000,MITÚ (MITÚ - VAUPÉS),2024,5,,383.483,3148.47,Jueves,2024-05-02 13:15:00,2355.0
97,VAUPÉS,97666,TARAIRA,97666000,TARAIRA (TARAIRA - VAUPÉS),2024,5,37.059,11.165,132.79,Miercoles,2024-05-08 12:00:00,1202.0
99,VICHADA,99001,PUERTO CARREÑO,99001000,PUERTO CARREÑO (PUERTO CARREÑO - VICHADA),2024,5,,737.306,5060.0,Viernes,2024-05-03 14:15:00,2347.0
91,AMAZONAS,91001,LETICIA,91001000,LETICIA (LETICIA - AMAZONAS),2024,6,,,7824.51,Jueves,2024-06-20 15:30:00,24.0
91,AMAZONAS,91540,PUERTO NARIÑO,91540000,PUERTO NARIÑO (PUERTO NARIÑO - AMAZONAS),2024,6,127.838,40.378,256.0,Miércoles,2024-06-05 18:15:00,24.0
91,AMAZONAS,91798,TARAPACA (ANM),91798000,TARAPACA (TARAPACA (ANM) - AMAZONAS),2024,6,26.578,11.917,101.43,Jueves,2024-06-20 18:30:00,1018.0
88,ARCHIPIÉLAGO DE SAN ANDRÉS y PROVIDENCIA,88564,PROVIDENCIA,88564000,PROVIDENCIA (PROVIDENCIA - ARCHIPIÉLAGO DE SAN ANDRÉS y PROVIDENCIA ),2024,6,,274.864,2241.56,Miércoles,2024-06-12 14:15:00,24.0
13,BOLÍVAR,13001,CARTAGENA DE INDIAS,13001007,ISLA FUERTE (CARTAGENA DE INDIAS - BOLÍVAR),2024,6,60.724,28.336,265.63,Domingo,2024-06-30 20:00:00,94.0
13,BOLÍVAR,13001,CARTAGENA DE INDIAS,13001017,SANTA CRUZ DEL ISLOTE (CARTAGENA DE INDIAS - BOLÍVAR),2024,6,12.04,3.944,53.41,Viernes,2024-06-21 22:30:00,924.0
18,CAQUETÁ,18150,CARTAGENA DEL CHAIRA,18150001,REMOLINO DEL CAGUAN (CARTAGENA DEL CHAIRA - CAQUETÁ),2024,6,18.647,8.183,104.26,Sábado,2024-06-22 18:45:00,743.0
18,CAQUETÁ,18150,CARTAGENA DEL CHAIRA,18150002,SANTA FE DEL CAGUAN (CARTAGENA DEL CHAIRA - CAQUETÁ),2024,6,4.127,1.932,39.4,Sábado,2024-06-15 18:00:00,427.0
18,CAQUETÁ,18753,SAN VICENTE DEL CAGUÁN,18753002,GUACAMAYAS (SAN VICENTE DEL CAGUÁN - CAQUETÁ),2024,6,8.77,3.282,32.35,Sábado,2024-06-29 19:45:00,1456.0
19,CAUCA,19318,GUAPI,19318008,LIMONES (GUAPI - CAUCA),2024,6,9.158,4.037,43.34,Jueves,2024-06-27 19:30:00,922.0
19,CAUCA,19318,GUAPI,19318013,SAN ANTONIO DE GUAJUI (GUAPI - CAUCA),2024,6,12.52,6.833,54.59,Miércoles,2024-06-12 18:30:00,936.0
19,CAUCA,19418,LÓPEZ DE MICAY,19418009,NOANAMITO (LÓPEZ DE MICAY - CAUCA),2024,6,6.719,3.215,36.0,Domingo,2024-06-02 19:30:00,822.0
19,CAUCA,19809,TIMBIQUÍ,19809014,CHACON (TIMBIQUÍ - CAUCA),2024,6,3.571,875.0,22.0,Sábado,2024-06-22 18:45:00,726.0
19,CAUCA,19809,TIMBIQUÍ,19809003,COTEJE (TIMBIQUÍ - CAUCA),2024,6,5.703,4.209,29.76,Viernes,2024-06-07 19:15:00,75.0
19,CAUCA,19809,TIMBIQUÍ,19809026,LOS BRAZOS (TIMBIQUÍ - CAUCA),2024,6,2.593,1.121,36.55,Miércoles,2024-06-12 20:00:00,256.0
19,CAUCA,19809,TIMBIQUÍ,19809007,SAN JOSE (TIMBIQUÍ - CAUCA),2024,6,6.642,4.607,35.35,Miércoles,2024-06-12 19:30:00,738.0
19,CAUCA,19809,TIMBIQUÍ,19809009,SANTA ROSA DE SAIJA (TIMBIQUÍ - CAUCA),2024,6,3.387,1.002,20.2,Domingo,2024-06-02 19:45:00,704.0
27,CHOCÓ,27006,ACANDÍ,27006000,ACANDÍ (ACANDÍ - CHOCÓ),2024,6,682.186,197.644,1579.6,Lunes,2024-06-17 20:30:00,1937.0
27,CHOCÓ,27006,ACANDÍ,27006003,CAPURGANA (ACANDÍ - CHOCÓ),2024,6,403.8,128.896,894.96,Sábado,2024-06-29 20:30:00,2103.0
27,CHOCÓ,27025,ALTO BAUDO,27025000,CIUDAD BAUDO - PIE DE PATO (ALTO BAUDO - CHOCÓ),2024,6,52.766,18.043,127.6,Martes,2024-06-11 12:30:00,2353.0
27,CHOCÓ,27075,BAHÍA SOLANO,27075000,CIUDAD MUTIS (BAHÍA SOLANO - CHOCÓ),2024,6,806.798,240.527,1573.88,Sábado,2024-06-01 19:30:00,2355.0
27,CHOCÓ,27075,BAHÍA SOLANO,27075002,EL VALLE (BAHÍA SOLANO - CHOCÓ),2024,6,184.938,65.667,366.96,Sábado,2024-06-29 20:15:00,2354.0
27,CHOCÓ,27077,BAJO BAUDÓ,27077905,BUENAVISTA (BAJO BAUDÓ (PIZARRO) - CHOCÓ),2024,6,4.215,1.621,18.4,Lunes,2024-06-03 19:45:00,10.0
27,CHOCÓ,27077,BAJO BAUDÓ,27077029,FIRME DE USARGA (BAJO BAUDÓ (PIZARRO) - CHOCÓ),2024,6,906.0,394.0,7.21,Domingo,2024-06-30 19:15:00,551.0
27,CHOCÓ,27077,BAJO BAUDÓ,27077026,GUINEAL (BAJO BAUDÓ (PIZARRO) - CHOCÓ),2024,6,5.274,2.959,33.88,Domingo,2024-06-02 11:45:00,809.0
27,CHOCÓ,27077,BAJO BAUDÓ,27077008,ORPUA (BAJO BAUDÓ - CHOCÓ),2024,6,648.0,170.0,6.24,Jueves,2024-06-27 19:15:00,557.0
27,CHOCÓ,27077,BAJO BAUDÓ,27077000,PIZARRO (BAJO BAUDÓ - CHOCÓ),2024,6,233.4,91.021,448.8,Lunes,2024-06-24 19:30:00,2305.0
27,CHOCÓ,27077,BAJO BAUDÓ,27077916,TERRON (BAJO BAUDÓ - CHOCÓ),2024,6,5.3,2.263,27.79,Lunes,2024-06-10 11:45:00,1028.0
27,CHOCÓ,27099,BOJAYÁ,27099000,BELLAVISTA (BOJAYÁ (BELLAVISTA) - CHOCÓ),2024,6,91.673,27.162,265.98,Lunes,2024-06-03 18:15:00,1516.0
27,CHOCÓ,27099,BOJAYÁ,27099005,NAPIPI (BOJAYÁ - CHOCÓ),2024,6,9.331,3.096,60.8,Sábado,2024-06-01 19:00:00,62.0
27,CHOCÓ,27099,BOJAYÁ,27099008,PUERTO CONTO (BOJAYÁ (BELLAVISTA) - CHOCO),2024,6,11.489,3.514,67.2,Viernes,2024-06-21 20:15:00,801.0
27,CHOCÓ,27250,EL LITORAL DEL SAN JUAN,27250000,SANTA GENOVEVA DE DOCORDO (EL LITORAL DEL SAN JUAN - CHOCÓ),2024,6,31.176,14.902,253.7,Miércoles,2024-06-05 18:45:00,526.0
27,CHOCÓ,27372,JURADO,27372000,JURADO (JURADO - CHOCÓ),2024,6,168.917,56.559,308.64,Sábado,2024-06-01 19:00:00,24.0
27,CHOCÓ,27425,MEDIO ATRATO,27425000,BETE (MEDIO ATRATO - CHOCÓ),2024,6,16.199,8.094,64.0,Miércoles,2024-06-19 12:00:00,1139.0
27,CHOCÓ,27425,MEDIO ATRATO,27425008,SAN ROQUE (MEDIO ATRATO - CHOCÓ),2024,6,2.241,971.0,20.47,Domingo,2024-06-30 20:15:00,508.0
27,CHOCÓ,27495,NUQUÍ,27495001,ARUSÍ (NUQUÍ - CHOCO),2024,6,18.961,7.124,60.0,Sábado,2024-06-01 12:00:00,153.0
27,CHOCÓ,27495,NUQUÍ,27495011,COMUNIDAD DE PUERTO JAGUA (NUQUÍ - CHOCÓ),2024,6,889.0,411.0,5.35,Lunes,2024-06-17 18:45:00,707.0
27,CHOCÓ,27495,NUQUÍ,27495912,COMUNIDAD INDÍGENA DE PANGUÍ - EL YUCAL (NUQUÍ - CHOCÓ),2024,6,7.888,1.82,11.5,Viernes,2024-06-28 07:15:00,2317.0
27,CHOCÓ,27495,NUQUÍ,27495000,NUQUÍ (NUQUÍ - CHOCÓ),2024,6,286.414,100.295,539.26,Sábado,2024-06-01 19:45:00,2356.0
27,CHOCÓ,27001,QUIBDÓ,27001029,TAGACHI (QUIBDÓ - CHOCÓ),2024,6,116.0,31.0,18.77,Viernes,2024-06-28 15:15:00,24.0
27,CHOCÓ,27615,RIOSUCIO,27615011,SAN JOSE TAMBORAL (RIOSUCIO - CHOCÓ),2024,6,465.0,176.0,4.33,Martes,2024-06-18 19:00:00,429.0
27,CHOCÓ,27800,UNGUÍA,27800005,TITUMATE (UNGUÍA - CHOCÓ),2024,6,13.024,3.367,76.65,Sábado,2024-06-01 21:45:00,726.0
27,CHOCÓ,27800,UNGUÍA,27800000,UNGUÍA (UNGUÍA - CHOCÓ),2024,6,453.004,145.637,957.79,Viernes,2024-06-07 20:15:00,2215.0
94,GUAINÍA,94343,BARRANCO MINAS,94343000,BARRANCO MINAS (BARRANCO MINAS - GUAINÍA),2024,6,87.38,28.373,234.28,Martes,2024-06-25 17:30:00,1611.0
94,GUAINÍA,94001,INÍRIDA,94001905,CHORRO BOCON (INÍRIDA - GUAINÍA),2024,6,5.482,444.0,19.1,Viernes,2024-06-14 19:15:00,1559.0
94,GUAINÍA,94001,INÍRIDA,94001000,INÍRIDA (INÍRIDA - GUAINÍA),2024,6,,580.002,4099.04,Martes,2024-06-18 14:30:00,24.0
44,LA GUAJIRA,44847,URIBIA,44847003,CABO DE LA VELA (URIBIA - LA GUAJIRA),2024,6,32.748,1.938,159.45,Miércoles,2024-06-05 19:30:00,833.0
44,LA GUAJIRA,44847,URIBIA,44847012,NAZARETH (URIBIA - LA GUAJIRA),2024,6,31.835,6.94,265.92,Viernes,2024-06-07 18:30:00,446.0
47,MAGDALENA,47189,CIÉNAGA,47189018,PALMOR (CIÉNAGA - MAGDALENA),2024,6,88.076,30.12,169.22,Sábado,2024-06-01 11:45:00,2321.0
50,META,50325,MAPIRIPAN,50325000,MAPIRIPAN (MAPIRIPAN - META),2024,6,173.757,58.073,340.12,Lunes,2024-06-17 15:00:00,24.0
52,NARIÑO,52250,EL CHARCO,52250016,ALTERÓN (URIBE URIBE) (EL CHARCO - NARIÑO),2024,6,554.0,347.0,6.43,Martes,2024-06-04 18:45:00,343.0
52,NARIÑO,52250,EL CHARCO,52250005,LAS MERCEDES (EL CHARCO - NARIÑO),2024,6,983.0,873.0,12.58,Sábado,2024-06-01 19:00:00,414.0
52,NARIÑO,52250,EL CHARCO,52250007,SAN JOSÉ DEL TAPAJE (EL CHARCO - NARIÑO),2024,6,9.682,2.92,64.0,Viernes,2024-06-28 20:15:00,1006.0
52,NARIÑO,52390,LA TOLA,52390005,AGUACATAL (LA TOLA - NARIÑO),2024,6,783.0,189.0,9.5,Domingo,2024-06-30 11:30:00,327.0
52,NARIÑO,52390,LA TOLA,52390013,AMARALES (LA TOLA - NARIÑO),2024,6,8.842,2.662,51.46,Jueves,2024-06-13 12:15:00,801.0
52,NARIÑO,52390,LA TOLA,52390003,LA VIGIA DE LA MAR (LA TOLA - NARIÑO),2024,6,4.814,2.215,21.64,Miércoles,2024-06-26 12:45:00,95.0
52,NARIÑO,52390,LA TOLA,52390009,MULATOS (LA TOLA - NARIÑO),2024,6,4.251,2.656,28.99,Sábado,2024-06-22 18:45:00,753.0
52,NARIÑO,52390,LA TOLA,52390016,SAN PABLO DEL MAR (LA TOLA - NARIÑO),2024,6,5.924,2.122,26.3,Sábado,2024-06-15 19:30:00,1003.0
52,NARIÑO,52427,MAGÜÍ,52427913,LA ISLA (MAGÜÍ - NARIÑO),2024,6,0.0,0.0,0.0,Sábado,2024-06-01 00:00:00,0.0
52,NARIÑO,52427,MAGÜÍ,52427915,LAS LAJAS (MAGÜÍ - NARIÑO),2024,6,0.0,0.0,0.0,Sábado,2024-06-01 00:00:00,0.0
52,NARIÑO,52473,MOSQUERA,52473010,EL BAJITO DE ECHANDÍA (MOSQUERA - NARIÑO),2024,6,1.615,630.0,10.2,Jueves,2024-06-13 18:15:00,703.0
52,NARIÑO,52490,OLAYA HERRERA,52490913,BOCA DE PRIETA (OLAYA HERRERA - NARIÑO),2024,6,2.168,656.0,13.7,Sábado,2024-06-29 19:30:00,619.0
52,NARIÑO,52621,ROBERTO PAYAN,52621912,TAMAJE (ROBERTO PAYAN - NARIÑO),2024,6,4.778,2.999,23.02,Domingo,2024-06-16 15:45:00,854.0
52,NARIÑO,52835,SAN ANDRÉS DE TUMACO,52835055,BOCAS DE CURAY (TUMACO - NARIÑO),2024,6,7.922,2.975,48.0,Viernes,2024-06-07 19:15:00,719.0
52,NARIÑO,52835,SAN ANDRÉS DE TUMACO,52835217,SAN JUAN DE LA COSTA (SAN ANDRÉS DE TUMACO - NARIÑO),2024,6,23.815,9.302,105.6,Viernes,2024-06-07 19:15:00,1042.0
52,NARIÑO,52696,SANTA BÁRBARA,52696014,LA ENSENADA (SANTA BÁRBARA - NARIÑO),2024,6,3.102,2.058,21.73,Martes,2024-06-04 18:45:00,628.0
86,PUTUMAYO,86573,PUERTO LEGUÍZAMO,86573009,PIÑUÑA NEGRO (PUERTO LEGUÍZAMO - PUTUMAYO),2024,6,2.654,1.59,22.4,Sábado,2024-06-01 19:00:00,53.0
76,VALLE DEL CAUCA,76109,BUENAVENTURA,76109069,PAPAYAL 1 (BUENAVENTURA - VALLE DEL CAUCA),2024,6,7.207,1.312,28.95,Martes,2024-06-25 20:00:00,1101.0
76,VALLE DEL CAUCA,76109,BUENAVENTURA,76109105,PITAL (BUENAVENTURA - VALLE DEL CAUCA),2024,6,2.427,656.0,9.86,Domingo,2024-06-09 15:45:00,942.0
76,VALLE DEL CAUCA,76109,BUENAVENTURA,76109028,PUERTO MERIZALDE (BUENAVENTURA - VALLE DEL CAUCA),2024,6,103.108,35.909,21.26,Lunes,2024-06-10 19:45:00,2126.0
76,VALLE DEL CAUCA,76109,BUENAVENTURA,76109081,PUNTA BONITA,2024,6,2.799,3.112,21.03,Sábado,2024-06-29 20:30:00,628.0
76,VALLE DEL CAUCA,76109,BUENAVENTURA,76109032,SAN FRANCISCO NAYA (BUENAVENTURA - VALLE DEL CAUCA),2024,6,8.189,3.084,42.59,Sábado,2024-06-22 11:45:00,929.0
97,VAUPÉS,97161,CARURÚ,97161000,CARURÚ (CARURÚ - VAUPÉS),2024,6,20.522,5.14,82.1,Miércoles,2024-06-12 18:45:00,1158.0
97,VAUPÉS,97001,MITÚ,97001000,MITÚ (MITÚ - VAUPÉS),2024,6,,366.345,3028.54,Martes,2024-06-18 12:00:00,24.0
97,VAUPÉS,97666,TARAIRA,97666000,TARAIRA (TARAIRA - VAUPÉS),2024,6,34.83,9.545,130.33,Miércoles,2024-06-26 12:00:00,1226.0
99,VICHADA,99001,PUERTO CARREÑO,99001000,PUERTO CARREÑO (PUERTO CARREÑO - VICHADA),2024,6,,673.372,4794.24,Domingo,2024-06-02 20:45:00,2356.0
91,AMAZONAS,91001,LETICIA,91001000,LETICIA (LETICIA - AMAZONAS),2024,7,,,7823.49,Jueves,2024-07-25 15:30:00,24.0
91,AMAZONAS,91540,PUERTO NARIÑO,91540000,PUERTO NARIÑO (PUERTO NARIÑO - AMAZONAS),2024,7,132.554,42.294,270.4,Miercoles,2024-07-24 18:15:00,24.0
91,AMAZONAS,91798,TARAPACA (ANM),91798000,TARAPACA (TARAPACA (ANM) - AMAZONAS),2024,7,26.803,12.169,101.43,Lunes,2024-07-29 14:30:00,1017.0
88,ARCHIPIÉLAGO DE SAN ANDRÉS y PROVIDENCIA,88564,PROVIDENCIA,88564000,PROVIDENCIA (PROVIDENCIA - ARCHIPIÉLAGO DE SAN ANDRÉS y PROVIDENCIA ),2024,7,,275.839,2229.81,Miercoles,2024-07-10 22:30:00,24.0
88,"ARCHIPIÉLAGO DE SAN ANDRÉS, PROVIDENCIA Y SANTA CATALINA",88001,SAN ANDRÉS,88001000,SAN ANDRÉS (SAN ANDRÉS - ARCHIPIÉLAGO DE SAN ANDRÉS Y PROVIDENCIA),2024,7,,,33462.36,Jueves,2024-07-25 15:45:00,24.0
13,BOLÍVAR,13001,CARTAGENA DE INDIAS,13001007,ISLA FUERTE (CARTAGENA DE INDIAS - BOLÍVAR),2024,7,28.683,13.831,264.06,Lunes,2024-07-01 00:30:00,422.0
13,BOLÍVAR,13001,CARTAGENA DE INDIAS,13001017,SANTA CRUZ DEL ISLOTE (CARTAGENA DE INDIAS - BOLÍVAR),2024,7,13.868,4.464,54.18,Viernes,2024-07-12 22:15:00,1015.0
18,CAQUETÁ,18150,CARTAGENA DEL CHAIRA,18150001,REMOLINO DEL CAGUAN (CARTAGENA DEL CHAIRA - CAQUETÁ),2024,7,11.716,5.089,104.75,Martes,2024-07-09 19:45:00,43.0
18,CAQUETÁ,18150,CARTAGENA DEL CHAIRA,18150002,SANTA FE DEL CAGUAN (CARTAGENA DEL CHAIRA - CAQUETÁ),2024,7,3.571,1.667,40.64,Viernes,2024-07-12 18:45:00,342.0
18,CAQUETÁ,18753,SAN VICENTE DEL CAGUÁN,18753002,GUACAMAYAS (SAN VICENTE DEL CAGUÁN - CAQUETÁ),2024,7,2.672,976.0,27.84,Lunes,2024-07-01 19:30:00,501.0
19,CAUCA,19318,GUAPI,19318008,LIMONES (GUAPI - CAUCA),2024,7,4.288,1.882,45.28,Viernes,2024-07-05 19:45:00,408.0
19,CAUCA,19318,GUAPI,19318013,SAN ANTONIO DE GUAJUI (GUAPI - CAUCA),2024,7,11.284,6.147,55.81,Viernes,2024-07-26 19:00:00,823.0
19,CAUCA,19418,LÓPEZ DE MICAY,19418009,NOANAMITO (LÓPEZ DE MICAY - CAUCA),2024,7,6.151,2.827,40.0,Sabado,2024-07-13 19:15:00,642.0
19,CAUCA,19809,TIMBIQUÍ,19809014,CHACON (TIMBIQUÍ - CAUCA),2024,7,4.464,1.154,22.22,Domingo,2024-07-21 20:30:00,835.0
19,CAUCA,19809,TIMBIQUÍ,19809003,COTEJE (TIMBIQUÍ - CAUCA),2024,7,5.913,4.186,29.88,Jueves,2024-07-11 19:30:00,745.0
19,CAUCA,19809,TIMBIQUÍ,19809007,SAN JOSE (TIMBIQUÍ - CAUCA),2024,7,6.046,4.222,34.58,Lunes,2024-07-15 19:45:00,649.0
19,CAUCA,19809,TIMBIQUÍ,19809009,SANTA ROSA DE SAIJA (TIMBIQUÍ - CAUCA),2024,7,3.295,1.109,19.8,Lunes,2024-07-22 19:45:00,632.0
27,CHOCÓ,27006,ACANDÍ,27006000,ACANDÍ (ACANDÍ - CHOCÓ),2024,7,727.226,207.226,1561.12,Sabado,2024-07-13 21:45:00,1903.0
27,CHOCÓ,27006,ACANDÍ,27006003,CAPURGANA (ACANDÍ - CHOCÓ),2024,7,349.527,110.165,817.08,Miercoles,2024-07-03 20:45:00,1845.0
27,CHOCÓ,27025,ALTO BAUDO,27025000,CIUDAD BAUDO - PIE DE PATO (ALTO BAUDO - CHOCÓ),2024,7,46.42,16.571,139.57,Domingo,2024-07-21 12:30:00,1751.0
27,CHOCÓ,27075,BAHÍA SOLANO,27075000,CIUDAD MUTIS (BAHÍA SOLANO - CHOCÓ),2024,7,879.191,232.126,1579.16,Lunes,2024-07-29 19:45:00,2347.0
27,CHOCÓ,27075,BAHÍA SOLANO,27075002,EL VALLE (BAHÍA SOLANO - CHOCÓ),2024,7,196.222,66.893,423.19,Lunes,2024-07-15 19:15:00,2316.0
27,CHOCÓ,27075,BAHÍA SOLANO (MUTIS),27075001,CUPICA (BAHÍA SOLANO - CHOCÓ),2024,7,60.272,18.844,130.01,Lunes,2024-07-29 19:15:00,221.0
27,CHOCÓ,27077,BAJO BAUDÓ,27077905,BUENAVISTA (BAJO BAUDÓ (PIZARRO) - CHOCÓ),2024,7,3.622,1.429,16.32,Miercoles,2024-07-03 11:30:00,832.0
27,CHOCÓ,27077,BAJO BAUDÓ,27077029,FIRME DE USARGA (BAJO BAUDÓ (PIZARRO) - CHOCÓ),2024,7,730.0,302.0,7.29,Lunes,2024-07-01 19:00:00,444.0
27,CHOCÓ,27077,BAJO BAUDÓ,27077026,GUINEAL (BAJO BAUDÓ (PIZARRO) - CHOCÓ),2024,7,7.265,4.44,34.02,Lunes,2024-07-15 11:30:00,1023.0
27,CHOCÓ,27077,BAJO BAUDÓ,27077008,ORPUA (BAJO BAUDÓ - CHOCÓ),2024,7,942.0,268.0,7.19,Martes,2024-07-23 18:30:00,813.0
27,CHOCÓ,27077,BAJO BAUDÓ,27077000,PIZARRO (BAJO BAUDÓ - CHOCÓ),2024,7,257.463,99.964,478.37,Lunes,2024-07-15 12:30:00,233.0
27,CHOCÓ,27077,BAJO BAUDÓ,27077916,TERRON (BAJO BAUDÓ - CHOCÓ),2024,7,3.828,1.591,27.57,Jueves,2024-07-25 13:00:00,703.0
27,CHOCÓ,27077,BAJO BAUDÓ,27077019,VIRUDO (BAJO BAUDÓ - CHOCÓ),2024,7,6.922,5.092,31.05,Domingo,2024-07-21 22:00:00,912.0
27,CHOCÓ,27099,BOJAYÁ,27099000,BELLAVISTA (BOJAYÁ (BELLAVISTA) - CHOCÓ),2024,7,63.749,18.62,265.98,Domingo,2024-07-07 15:00:00,1039.0
27,CHOCÓ,27099,BOJAYÁ,27099002,LA LOMA DE BOJAYÁ (BOJAYÁ (BELLAVISTA) - CHOCÓ),2024,7,9.539,3.531,51.2,No registra,2024-07-20 19:30:00,81.0
27,CHOCÓ,27099,BOJAYÁ,27099005,NAPIPI (BOJAYÁ - CHOCÓ),2024,7,9.344,2.97,60.8,Domingo,2024-07-07 19:45:00,616.0
27,CHOCÓ,27099,BOJAYÁ,27099008,PUERTO CONTO (BOJAYÁ (BELLAVISTA) - CHOCO),2024,7,11.897,3.685,62.4,Martes,2024-07-02 19:00:00,734.0
27,CHOCÓ,27250,EL LITORAL DEL SAN JUAN,27250000,SANTA GENOVEVA DE DOCORDO (EL LITORAL DEL SAN JUAN - CHOCÓ),2024,7,61.53,30.589,245.12,Domingo,2024-07-07 19:30:00,1055.0
27,CHOCÓ,27372,JURADO,27372000,JURADO (JURADO - CHOCÓ),2024,7,182.873,62.366,351.2,Lunes,2024-07-29 20:00:00,2332.0
27,CHOCÓ,27425,MEDIO ATRATO,27425000,BETE (MEDIO ATRATO - CHOCÓ),2024,7,16.169,7.622,68.0,Jueves,2024-07-11 11:30:00,1034.0
27,CHOCÓ,27425,MEDIO ATRATO,27425008,SAN ROQUE (MEDIO ATRATO - CHOCÓ),2024,7,1.666,670.0,22.92,Lunes,2024-07-08 20:00:00,324.0
27,CHOCÓ,27495,NUQUÍ,27495001,ARUSÍ (NUQUÍ - CHOCO),2024,7,18.926,7.459,60.0,Domingo,2024-07-14 11:45:00,1506.0
27,CHOCÓ,27495,NUQUÍ,27495011,COMUNIDAD DE PUERTO JAGUA (NUQUÍ - CHOCÓ),2024,7,986.0,443.0,5.62,Lunes,2024-07-08 19:00:00,712.0
27,CHOCÓ,27495,NUQUÍ,27495912,COMUNIDAD INDÍGENA DE PANGUÍ - EL YUCAL (NUQUÍ - CHOCÓ),2024,7,7.219,2.956,11.5,Jueves,2024-07-11 15:30:00,2229.0
27,CHOCÓ,27495,NUQUÍ,27495000,NUQUÍ (NUQUÍ - CHOCÓ),2024,7,312.363,105.627,575.87,Martes,2024-07-16 19:45:00,2351.0
27,CHOCÓ,27001,QUIBDÓ,27001029,TAGACHI (QUIBDÓ - CHOCÓ),2024,7,462.0,138.0,18.14,Viernes,2024-07-05 20:00:00,107.0
27,CHOCÓ,27800,UNGUÍA,27800005,TITUMATE (UNGUÍA - CHOCÓ),2024,7,18.007,4.842,76.91,Lunes,2024-07-22 20:30:00,1029.0
27,CHOCÓ,27800,UNGUÍA,27800000,UNGUÍA (UNGUÍA - CHOCÓ),2024,7,508.534,160.237,1051.78,Lunes,2024-07-15 00:15:00,2223.0
94,GUAINÍA,94343,BARRANCO MINAS,94343000,BARRANCO MINAS (BARRANCO MINAS - GUAINÍA),2024,7,87.489,29.752,245.59,Miercoles,2024-07-17 10:15:00,1536.0
94,GUAINÍA,94001,INÍRIDA,94001905,CHORRO BOCON (INÍRIDA - GUAINÍA),2024,7,5.177,364.0,17.16,Jueves,2024-07-25 19:15:00,1604.0
94,GUAINÍA,94001,INÍRIDA,94001000,INÍRIDA (INÍRIDA - GUAINÍA),2024,7,,557.699,3836.8,Jueves,2024-07-25 14:45:00,24.0
44,LA GUAJIRA,44847,URIBIA,44847012,NAZARETH (URIBIA - LA GUAJIRA),2024,7,38.023,8.637,262.08,Martes,2024-07-16 19:00:00,536.0
47,MAGDALENA,47189,CIÉNAGA,47189018,PALMOR (CIÉNAGA - MAGDALENA),2024,7,76.944,27.976,167.74,Domingo,2024-07-21 19:15:00,2153.0
50,META,50325,MAPIRIPAN,50325000,MAPIRIPAN (MAPIRIPAN - META),2024,7,175.985,58.347,347.6,Lunes,2024-07-29 18:45:00,2359.0
52,NARIÑO,52250,EL CHARCO,52250016,ALTERÓN (URIBE URIBE) (EL CHARCO - NARIÑO),2024,7,283.0,177.0,6.14,Lunes,2024-07-29 19:15:00,153.0
52,NARIÑO,52250,EL CHARCO,52250005,LAS MERCEDES (EL CHARCO - NARIÑO),2024,7,1.211,851.0,8.8,Sabado,2024-07-06 21:30:00,537.0
52,NARIÑO,52250,EL CHARCO,52250007,SAN JOSÉ DEL TAPAJE (EL CHARCO - NARIÑO),2024,7,13.46,4.01,64.0,Lunes,2024-07-15 20:30:00,94.0
52,NARIÑO,52390,LA TOLA,52390005,AGUACATAL (LA TOLA - NARIÑO),2024,7,2.252,482.0,10.37,Sabado,2024-07-13 19:15:00,914.0
52,NARIÑO,52390,LA TOLA,52390013,AMARALES (LA TOLA - NARIÑO),2024,7,7.626,2.501,56.35,Martes,2024-07-30 19:45:00,62.0
52,NARIÑO,52390,LA TOLA,52390003,LA VIGIA DE LA MAR (LA TOLA - NARIÑO),2024,7,6.165,2.772,25.96,Sabado,2024-07-20 12:30:00,1123.0
52,NARIÑO,52390,LA TOLA,52390009,MULATOS (LA TOLA - NARIÑO),2024,7,4.478,2.834,27.97,Martes,2024-07-02 18:00:00,807.0
52,NARIÑO,52390,LA TOLA,52390016,SAN PABLO DEL MAR (LA TOLA - NARIÑO),2024,7,4.799,1.757,27.01,Jueves,2024-07-25 19:00:00,8.0
52,NARIÑO,52427,MAGÜÍ,52427913,LA ISLA (MAGÜÍ - NARIÑO),2024,7,0.0,0.0,0.0,Lunes,2024-07-01 00:00:00,0.0
52,NARIÑO,52427,MAGÜÍ,52427915,LAS LAJAS (MAGÜÍ - NARIÑO),2024,7,0.0,0.0,0.0,Lunes,2024-07-01 00:00:00,0.0
52,NARIÑO,52473,MOSQUERA,52473010,EL BAJITO DE ECHANDÍA (MOSQUERA - NARIÑO),2024,7,2.725,961.0,15.05,Jueves,2024-07-04 12:00:00,1017.0
52,NARIÑO,52490,OLAYA HERRERA,52490913,BOCA DE PRIETA (OLAYA HERRERA - NARIÑO),2024,7,2.438,739.0,13.56,Miercoles,2024-07-03 19:15:00,648.0
52,NARIÑO,52621,ROBERTO PAYAN,52621912,TAMAJE (ROBERTO PAYAN - NARIÑO),2024,7,4.916,3.03,27.82,Martes,2024-07-16 20:30:00,851.0
52,NARIÑO,52835,SAN ANDRÉS DE TUMACO,52835055,BOCAS DE CURAY (TUMACO - NARIÑO),2024,7,8.11,3.002,50.4,Sabado,2024-07-13 19:00:00,716.0
52,NARIÑO,52835,SAN ANDRÉS DE TUMACO,52835217,SAN JUAN DE LA COSTA (SAN ANDRÉS DE TUMACO - NARIÑO),2024,7,24.929,9.692,105.6,Miercoles,2024-07-24 19:15:00,1049.0
52,NARIÑO,52696,SANTA BÁRBARA,52696014,LA ENSENADA (SANTA BÁRBARA - NARIÑO),2024,7,3.178,1.695,20.67,Sabado,2024-07-27 20:00:00,627.0
86,PUTUMAYO,86573,PUERTO LEGUÍZAMO,86573009,PIÑUÑA NEGRO (PUERTO LEGUÍZAMO - PUTUMAYO),2024,7,2.684,1.626,22.4,Sabado,2024-07-06 17:00:00,524.0
76,VALLE DEL CAUCA,76109,BUENAVENTURA,76109069,PAPAYAL 1 (BUENAVENTURA - VALLE DEL CAUCA),2024,7,5.757,1.043,39.47,Miercoles,2024-07-31 19:45:00,835.0
76,VALLE DEL CAUCA,76109,BUENAVENTURA,76109105,PITAL (BUENAVENTURA - VALLE DEL CAUCA),2024,7,2.224,642.0,10.69,Martes,2024-07-16 17:45:00,832.0
76,VALLE DEL CAUCA,76109,BUENAVENTURA,76109028,PUERTO MERIZALDE (BUENAVENTURA - VALLE DEL CAUCA),2024,7,101.752,35.905,207.86,Lunes,2024-07-15 20:15:00,2314.0
76,VALLE DEL CAUCA,76109,BUENAVENTURA,76109081,PUNTA BONITA,2024,7,4.166,3.331,22.69,Miercoles,2024-07-10 21:00:00,744.0
76,VALLE DEL CAUCA,76109,BUENAVENTURA,76109032,SAN FRANCISCO NAYA (BUENAVENTURA - VALLE DEL CAUCA),2024,7,7.99,3.515,32.64,Sabado,2024-07-13 11:30:00,1018.0
97,VAUPÉS,97161,CARURÚ,97161000,CARURÚ (CARURÚ - VAUPÉS),2024,7,27.69,7.064,74.89,Lunes,2024-07-22 18:30:00,1643.0
97,VAUPÉS,97001,MITÚ,97001000,MITÚ (MITÚ - VAUPÉS),2024,7,,368.701,3077.97,Viernes,2024-07-05 12:15:00,2358.0
97,VAUPÉS,97666,TARAIRA,97666000,TARAIRA (TARAIRA - VAUPÉS),2024,7,36.778,9.619,122.94,Miercoles,2024-07-03 12:15:00,1214.0
99,VICHADA,99001,PUERTO CARREÑO,99001000,PUERTO CARREÑO (PUERTO CARREÑO - VICHADA),2024,7,,679.9,4795.12,Miercoles,2024-07-10 15:30:00,2358.0
91,AMAZONAS,91001,LETICIA,91001000,LETICIA (LETICIA - AMAZONAS),2024,8,,,8431.24,Viernes,2024-08-23 15:15:00,24.0
91,AMAZONAS,91540,PUERTO NARIÑO,91540000,PUERTO NARIÑO (PUERTO NARIÑO - AMAZONAS),2024,8,138.406,44.141,283.2,Miércoles,2024-08-21 18:30:00,24.0
91,AMAZONAS,91798,TARAPACA (ANM),91798000,TARAPACA (TARAPACA (ANM) - AMAZONAS),2024,8,27.927,12.547,102.76,Viernes,2024-08-23 14:30:00,1013.0
88,ARCHIPIÉLAGO DE SAN ANDRÉS y PROVIDENCIA,88564,PROVIDENCIA,88564000,PROVIDENCIA (PROVIDENCIA - ARCHIPIÉLAGO DE SAN ANDRÉS y PROVIDENCIA ),2024,8,,291.177,2204.52,Miércoles,2024-08-28 22:00:00,24.0
88,ARCHIPIÉLAGO DE SAN ANDRÉS y PROVIDENCIA,88001,SAN ANDRÉS,88001000,SAN ANDRÉS (SAN ANDRÉS - ARCHIPIÉLAGO DE SAN ANDRÉS Y PROVIDENCIA),2024,8,,,34113.78,Martes,2024-08-20 15:45:00,24.0
18,CAQUETÁ,18753,SAN VICENTE DEL CAGUÁN,18753002,GUACAMAYAS (SAN VICENTE DEL CAGUÁN - CAQUETÁ),2024,8,10.221,3.449,31.1,Domingo,2024-08-11 19:30:00,1711.0
18,CAQUETÁ,18150,CARTAGENA DEL CHAIRA,18150001,REMOLINO DEL CAGUAN (CARTAGENA DEL CHAIRA - CAQUETÁ),2024,8,10.186,4.08,106.0,Sábado,2024-08-24 19:15:00,348.0
19,CAUCA,19809,TIMBIQUÍ,19809014,CHACON (TIMBIQUÍ - CAUCA),2024,8,4.263,1.102,22.42,Jueves,2024-08-22 19:00:00,814.0
19,CAUCA,19809,TIMBIQUÍ,19809010,COMUNIDAD DE CHETE (TIMBIQUÍ - CAUCA),2024,8,4.947,1.947,29.7,Miércoles,2024-08-14 19:30:00,625.0
19,CAUCA,19809,TIMBIQUÍ,19809003,COTEJE (TIMBIQUÍ - CAUCA),2024,8,5.571,3.951,29.12,Martes,2024-08-13 19:30:00,721.0
19,CAUCA,19418,LÓPEZ DE MICAY,19418009,NOANAMITO (LÓPEZ DE MICAY - CAUCA),2024,8,6.83,3.246,40.0,Sábado,2024-08-24 18:45:00,744.0
19,CAUCA,19318,GUAPI,19318013,SAN ANTONIO DE GUAJUI (GUAPI - CAUCA),2024,8,9.881,5.449,55.26,Sábado,2024-08-03 19:45:00,733.0
19,CAUCA,19809,TIMBIQUÍ,19809007,SAN JOSE (TIMBIQUÍ - CAUCA),2024,8,5.736,4.008,35.66,Jueves,2024-08-29 19:00:00,623.0
19,CAUCA,19809,TIMBIQUÍ,19809009,SANTA ROSA DE SAIJA (TIMBIQUÍ - CAUCA),2024,8,3.668,1.243,21.34,Jueves,2024-08-29 23:30:00,701.0
27,CHOCÓ,27006,ACANDÍ,27006000,ACANDÍ (ACANDÍ - CHOCÓ),2024,8,563.125,161.445,1592.1,Miércoles,2024-08-21 20:15:00,1605.0
27,CHOCÓ,27495,NUQUÍ,27495001,ARUSI (NIQUÍ - CHOCÓ),2024,8,20.628,8.243,60.0,Sábado,2024-08-17 12:30:00,1518.0
27,CHOCÓ,27099,BOJAYÁ,27099000,BELLAVISTA (BOJAYÁ (BELLAVISTA) - CHOCÓ),2024,8,102.438,30.189,332.48,Viernes,2024-08-02 03:45:00,1625.0
27,CHOCÓ,27425,MEDIO ATRATO,27425000,BETE (MEDIO ATRATO - CHOCÓ),2024,8,15.856,7.302,72.0,Miércoles,2024-08-07 11:15:00,1018.0
27,CHOCÓ,27077,BAJO BAUDÓ,27077905,BUENAVISTA (BAJO BAUDÓ - CHOCÓ),2024,8,4.083,1.648,16.42,Jueves,2024-08-15 20:45:00,10.0
27,CHOCÓ,27025,ALTO BAUDO,27025000,CIUDAD BAUDO - PIE DE PATO (ALTO BAUDO - CHOCÓ),2024,8,39.73,14.556,141.33,Domingo,2024-08-25 19:15:00,1531.0
27,CHOCÓ,27075,BAHÍA SOLANO,27075000,CIUDAD MUTIS (BAHÍA SOLANO - CHOCÓ),2024,8,865.279,247.476,1598.96,Martes,2024-08-27 19:30:00,2346.0
27,CHOCÓ,27495,NUQUÍ,27495011,COMUNIDAD DE PUERTO JAGUA (NUQUÍ - CHOCÓ),2024,8,1.06,496.0,5.88,Domingo,2024-08-18 19:15:00,717.0
27,CHOCÓ,27495,NUQUÍ,27495912,COMUNIDAD INDÍGENA DE PANGUÍ - EL YUCAL (NUQUÍ - CHOCÓ),2024,8,6.917,2.943,11.5,Martes,2024-08-27 06:30:00,2243.0
27,CHOCÓ,27075,BAHÍA SOLANO,27075001,CUPICA (BAHÍA SOLANO - CHOCÓ),2024,8,63.493,19.293,131.86,Viernes,2024-08-02 20:15:00,2341.0
27,CHOCÓ,27075,BAHÍA SOLANO,27075002,EL VALLE (BAHÍA SOLANO - CHOCÓ),2024,8,195.529,68.0,371.18,Miércoles,2024-08-14 19:45:00,2351.0
27,CHOCÓ,27077,BAJO BAUDÓ,27077029,FIRME DE USARGA (BAJO BAUDÓ (PIZARRO) - CHOCÓ),2024,8,748.0,338.0,6.85,Miércoles,2024-08-07 18:45:00,445.0
27,CHOCÓ,27077,BAJO BAUDÓ,27077026,GUINEAL (BAJO BAUDÓ (PIZARRO) - CHOCÓ),2024,8,6.986,3.852,33.45,Miércoles,2024-08-28 19:30:00,1031.0
27,CHOCÓ,27372,JURADO,27372000,JURADO (JURADO - CHOCÓ),2024,8,191.136,64.029,373.12,Viernes,2024-08-16 10:45:00,2337.0
27,CHOCÓ,27495,NUQUÍ,27495000,NUQUÍ (NUQUÍ - CHOCÓ),2024,8,305.12,101.111,561.44,Miércoles,2024-08-28 20:00:00,2345.0
27,CHOCÓ,27077,BAJO BAUDÓ,27077008,ORPUA (BAJO BAUDÓ - CHOCÓ),2024,8,686.0,211.0,5.25,Sábado,2024-08-17 20:00:00,607.0
27,CHOCÓ,27099,BOJAYÁ,27099030,PIEDRA CANDELA (BOJAYÁ - CHOCÓ),2024,8,6.903,3.04,36.97,Viernes,2024-08-30 16:00:00,838.0
27,CHOCÓ,27077,BAJO BAUDÓ,27077000,PIZARRO (BAJO BAUDÓ - CHOCÓ),2024,8,240.77,95.08,456.19,Miércoles,2024-08-28 19:15:00,2306.0
27,CHOCÓ,27099,BOJAYÁ,27099008,PUERTO CONTO (BOJAYÁ - CHOCÓ),2024,8,13.109,4.224,62.4,Viernes,2024-08-02 19:00:00,815.0
27,CHOCÓ,27425,MEDIO ATRATO,27425008,SAN ROQUE (MEDIO ATRATO - CHOCÓ),2024,8,1.568,681.0,21.53,Sábado,2024-08-17 20:00:00,343.0
27,CHOCÓ,27250,EL LITORAL DEL SAN JUAN,27250000,SANTA GENOVEVA DE DOCORDO (EL LITORAL DEL SAN JUAN - CHOCÓ),2024,8,82.319,41.381,237.86,Lunes,2024-08-19 19:30:00,1502.0
27,CHOCÓ,27077,BAJO BAUDÓ,27077916,TERRON (BAJO BAUDÓ - CHOCÓ),2024,8,2.035,889.0,24.62,Lunes,2024-08-12 13:45:00,358.0
27,CHOCÓ,27800,UNGUÍA,27800005,TITUMATE (UNGUÍA - CHOCÓ),2024,8,16.493,4.387,73.39,Miércoles,2024-08-21 19:00:00,942.0
27,CHOCÓ,27800,UNGUÍA,27800000,UNGUÍA (UNGUÍA - CHOCÓ),2024,8,483.322,152.596,1024.32,Miércoles,2024-08-28 21:15:00,2126.0
27,CHOCÓ,27077,BAJO BAUDÓ,27077019,VIRUDO (BAJO BAUDÓ - CHOCÓ),2024,8,6.804,4.079,31.05,Viernes,2024-08-30 22:00:00,915.0
94,GUAINÍA,94001,INÍRIDA,94001905,CHORRO BOCON (INÍRIDA - GUAINÍA),2024,8,5.844,507.0,17.66,Domingo,2024-08-25 18:15:00,1658.0
94,GUAINÍA,94001,INÍRIDA,94001000,INÍRIDA (INÍRIDA - GUAINÍA),2024,8,,605.279,4479.2,Jueves,2024-08-22 14:30:00,2359.0
44,LA GUAJIRA,44847,URIBIA,44847003,CABO DE LA VELA (URIBIA - LA GUAJIRA),2024,8,8.751,342.0,141.63,Jueves,2024-08-04 19:15:00,302.0
44,LA GUAJIRA,44847,URIBIA,44847012,NAZARETH (URIBIA - LA GUAJIRA),2024,8,40.008,8.714,267.36,Sábado,2024-08-31 18:00:00,542.0
47,MAGDALENA,47189,CIÉNAGA,47189018,PALMOR (CIÉNAGA - MAGDALENA),2024,8,89.106,31.211,176.83,Miércoles,2024-08-28 18:45:00,2257.0
50,META,50325,MAPIRIPAN,50325000,MAPIRIPAN (MAPIRIPAN - META),2024,8,188.322,61.901,361.24,Jueves,2024-08-22 18:45:00,2358.0
52,NARIÑO,52390,LA TOLA,52390005,AGUACATAL (LA TOLA - NARIÑO),2024,8,399.0,82.0,10.0,Jueves,2024-08-06 15:45:00,136.0
52,NARIÑO,52250,EL CHARCO,52250016,ALTERON - URIBE URIBE (EL CHARCO - NARIÑO),2024,8,608.0,403.0,6.48,Miércoles,2024-08-07 17:45:00,402.0
52,NARIÑO,52427,MAGÜI,52427901,ALTO ESTERO (MAGÜI - NARIÑO),2024,8,288.0,94.0,9.58,Sábado,2024-08-03 19:30:00,107.0
52,NARIÑO,52390,LA TOLA,52390013,AMARALES (LA TOLA - NARIÑO),2024,8,9.318,2.501,58.21,Viernes,2024-08-02 20:45:00,832.0
52,NARIÑO,52490,OLAYA HERRERA,52490913,BOCA DE PRIETA (OLAYA HERRERA - NARIÑO),2024,8,2.167,662.0,12.94,Jueves,2024-08-01 20:30:00,634.0
52,NARIÑO,52835,SAN ANDRÉS DE TUMACO,52835055,BOCAS DE CURAY (SAN ANDRÉS DE TUMACO - NARIÑO),2024,8,6.641,2.521,48.0,Martes,2024-08-06 19:00:00,554.0
52,NARIÑO,52473,MOSQUERA,52473010,EL BAJITO DE ECHANDIA (MOSQUERA - NARIÑO),2024,8,2.959,971.0,12.65,Lunes,2024-08-19 18:30:00,1015.0
52,NARIÑO,52427,MAGÜI,52427910,EL ROSARIO (MAGÜI - NARIÑO),2024,8,0.0,0.0,0.98,Martes,2024-08-13 09:00:00,0.0
52,NARIÑO,52427,MAGÜI,52427013,LA LOMA (MAGÜI - NARIÑO),2024,8,89.0,26.0,5.33,Miércoles,2024-08-14 18:30:00,44.0
52,NARIÑO,52390,LA TOLA,52390003,LA VIGIA DE LA MAR (LA TOLA - NARIÑO),2024,8,5.544,2.643,25.64,Miércoles,2024-08-21 12:45:00,946.0
52,NARIÑO,52250,EL CHARCO,52250005,LAS MERCEDES (EL CHARCO - NARIÑO),2024,8,936.0,411.0,11.94,Domingo,2024-08-25 20:30:00,415.0
52,NARIÑO,52390,LA TOLA,52390009,MULATOS (LA TOLA - NARIÑO),2024,8,2.941,1.789,25.47,Jueves,2024-08-01 17:00:00,557.0
52,NARIÑO,52835,SAN ANDRÉS DE TUMACO,52835217,SAN JUAN DE LA COSTA (SAN ANDRÉS DE TUMACO - NARIÑO),2024,8,25.18,9.879,105.6,Martes,2024-08-06 19:15:00,1041.0
52,NARIÑO,52390,LA TOLA,52390016,SAN PABLO DEL MAR (LA TOLA - NARIÑO),2024,8,3.514,1.266,24.7,Jueves,2024-08-01 19:00:00,543.0
52,NARIÑO,52621,ROBERTO PAYAN,52621912,TAMAJE (ROBERTO PAYAN - NARIÑO),2024,8,738.0,449.0,21.46,Domingo,2024-08-04 19:30:00,118.0
86,PUTUMAYO,86573,PUERTO LEGUIZAMO,86573009,PIÑUÑA NEGRO (PUERTO LEGUÍZAMO - PUTUMAYO),2024,8,2.682,1.656,22.4,Viernes,2024-08-02 18:45:00,531.0
86,PUTUMAYO,86573,PUERTO LEGUIZAMO,86573000,PUERTO LEGUÍZAMO (PUERTO LEGUÍZAMO - PUTUMAYO),2024,8,974.651,271.412,2066.77,Jueves,2024-08-22 15:00:00,2347.0
76,VALLE DEL CAUCA,76109,BUENAVENTURA,76109069,PAPAYAL 1 (BUENAVENTURA - VALLE DEL CAUCA),2024,8,9.681,1.402,44.58,Domingo,2024-08-18 19:00:00,1036.0
76,VALLE DEL CAUCA,76109,BUENAVENTURA,76109028,PUERTO MERIZALDE (BUENAVENTURA - VALLE DEL CAUCA),2024,8,96.031,33.217,222.29,Miércoles,2024-08-28 19:45:00,21.0
76,VALLE DEL CAUCA,76109,BUENAVENTURA,76109081,PUNTA BONITA (BUENAVENTURA - VALLE DEL CAUCA),2024,8,4.975,4.623,22.16,Sábado,2024-08-17 19:15:00,93.0
76,VALLE DEL CAUCA,76109,BUENAVENTURA,76109032,SAN FRANCISCO NAYA (BUENAVENTURA - VALLE DEL CAUCA),2024,8,7.61,3.285,31.23,Viernes,2024-08-02 19:15:00,1005.0
97,VAUPÉS,97161,CARURÚ,97161000,CARURÚ (CARURÚ - VAUPÉS),2024,8,31.775,7.881,87.82,Jueves,2024-08-29 18:45:00,1639.0
97,VAUPÉS,97001,MITÚ,97001000,MITÚ (MITÚ - VAUPÉS),2024,8,,387.197,3236.71,Miércoles,2024-08-21 13:00:00,2356.0
97,VAUPÉS,97666,TARAIRA,97666000,TARAIRA (TARAIRA - VAUPÉS),2024,8,39.226,10.719,136.84,Martes,2024-08-20 12:00:00,1301.0
99,VICHADA,99001,PUERTO CARREÑO,99001000,PUERTO CARREÑO (PUERTO CARREÑO - VICHADA),2024,8,,732.978,5014.24,Martes,2024-08-20 14:00:00,24.0
91,AMAZONAS,91540,PUERTO NARIÑO,91540000,PUERTO NARIÑO (PUERTO NARIÑO - AMAZONAS),2024,9,140.156,45.616,294.4,jueves,2024-09-19 18:00:00,24.0
91,AMAZONAS,91798,TARAPACA (ANM),91798000,TARAPACA (TARAPACA (ANM) - AMAZONAS),2024,9,27.342,12.153,103.59,domingo,2024-09-15 13:30:00,1037.0
88,ARCHIPIÉLAGO DE SAN ANDRÉS y PROVIDENCIA,88564,PROVIDENCIA,88564000,PROVIDENCIA (PROVIDENCIA - ARCHIPIÉLAGO DE SAN ANDRÉS y PROVIDENCIA ),2024,9,,267.106,2269.2,lunes,2024-09-16 14:45:00,2399.0
88,ARCHIPIÉLAGO DE SAN ANDRÉS y PROVIDENCIA,88001,SAN ANDRÉS,88001000,SAN ANDRÉS (SAN ANDRÉS - ARCHIPIÉLAGO DE SAN ANDRÉS y PROVIDENCIA ),2024,9,,,34290.65,lunes,2024-09-16 15:30:00,24.0
13,BOLÍVAR,13001,CARTAGENA DE INDIAS,13001007,ISLA FUERTE (CARTAGENA DE INDIAS - BOLÍVAR),2024,9,31.801,14.619,253.5,sábado,2024-09-14 22:15:00,535.0
13,BOLÍVAR,13001,CARTAGENA DE INDIAS,13001037,ISLA MUCURA (CARTAGENA DE INDIAS - BOLÍVAR),2024,9,0.0,0.0,0.0,domingo,2024-09-01 00:00:00,0.0
13,BOLÍVAR,13001,CARTAGENA DE INDIAS,13001017,SANTA CRUZ DEL ISLOTE (CARTAGENA DE INDIAS - BOLÍVAR),2024,9,13.441,3.944,51.2,martes,2024-09-24 21:15:00,1112.0
18,CAQUETÁ,18150,CARTAGENA DEL CHAIRA,18150001,REMOLINO DEL CAGUAN (CARTAGENA DEL CHAIRA - CAQUETÁ),2024,9,9.969,4.005,109.24,sábado,2024-09-14 19:45:00,38.0
18,CAQUETÁ,18150,CARTAGENA DEL CHAIRA,18150002,SANTA FE DEL CAGUAN (CARTAGENA DEL CHAIRA - CAQUETÁ),2024,9,599.0,249.0,33.56,sábado,2024-09-21 19:00:00,8.0
18,CAQUETÁ,18753,SAN VICENTE DEL CAGUÁN,18753002,GUACAMAYAS (SAN VICENTE DEL CAGUÁN - CAQUETÁ),2024,9,10.894,4.451,32.83,jueves,2024-09-19 18:45:00,1764.0
18,CAQUETÁ,18753,SAN VICENTE DEL CAGUÁN,18753009,PUERTO BETANIA (SAN VICENTE DEL CAGUÁN - CAQUETÁ),2024,9,3.569,1.333,38.96,miércoles,2024-09-25 19:00:00,511.0
19,CAUCA,19318,GUAPI,19318008,LIMONES (GUAPI - CAUCA),2024,9,8.446,3.448,39.74,lunes,2024-09-09 19:30:00,938.0
19,CAUCA,19318,GUAPI,19318013,SAN ANTONIO DE GUAJUI (GUAPI - CAUCA),2024,9,11.403,6.256,53.93,jueves,2024-09-26 19:00:00,897.0
19,CAUCA,19418,LÓPEZ DE MICAY,19418009,NOANAMITO (LÓPEZ DE MICAY - CAUCA),2024,9,6.21,2.883,40.0,domingo,2024-09-01 18:45:00,708.0
19,CAUCA,19809,TIMBIQUÍ,19809014,CHACON (TIMBIQUÍ - CAUCA),2024,9,4.378,1.109,21.49,sábado,2024-09-21 19:15:00,851.0
19,CAUCA,19809,TIMBIQUÍ,19809010,COMUNIDAD DE CHETE (TIMBIQUÍ - CAUCA),2024,9,4.963,1.932,30.4,viernes,2024-09-13 19:15:00,638.0
19,CAUCA,19809,TIMBIQUÍ,19809003,COTEJE (TIMBIQUÍ - CAUCA),2024,9,6.188,4.66,30.32,lunes,2024-09-23 22:00:00,888.0
19,CAUCA,19809,TIMBIQUÍ,19809007,SAN JOSE (TIMBIQUÍ - CAUCA),2024,9,5.782,3.786,35.57,lunes,2024-09-02 19:15:00,661.0
19,CAUCA,19809,TIMBIQUÍ,19809009,SANTA ROSA DE SAIJA (TIMBIQUÍ - CAUCA),2024,9,4.213,1.343,23.71,sábado,2024-09-07 20:30:00,794.0
27,CHOCÓ,27006,ACANDÍ,27006000,ACANDÍ (ACANDÍ - CHOCÓ),2024,9,662.116,187.882,1569.39,martes,2024-09-10 21:45:00,1893.0
27,CHOCÓ,27006,ACANDÍ,27006003,CAPURGANA (ACANDÍ - CHOCÓ),2024,9,280.582,94.9,793.32,jueves,2024-09-26 22:15:00,199.0
27,CHOCÓ,27006,ACANDÍ,27006007,SAN FRANCISCO (ACANDÍ - CHOCÓ),2024,9,0.0,0.0,0.06,viernes,2024-09-27 09:45:00,0.0
27,CHOCÓ,27025,ALTO BAUDO,27025000,CIUDAD BAUDO - PIE DE PATO (ALTO BAUDO - CHOCÓ),2024,9,48.702,17.325,137.81,jueves,2024-09-19 12:15:00,2028.0
27,CHOCÓ,27075,BAHÍA SOLANO,27075000,CIUDAD MUTIS (BAHÍA SOLANO - CHOCÓ),2024,9,821.85,243.42,1564.64,jueves,2024-09-19 19:30:00,2372.0
27,CHOCÓ,27075,BAHÍA SOLANO,27075001,CUPICA (BAHÍA SOLANO - CHOCÓ),2024,9,62.087,17.933,135.02,domingo,2024-09-29 19:00:00,2352.0
27,CHOCÓ,27075,BAHÍA SOLANO,27075002,EL VALLE (BAHÍA SOLANO - CHOCÓ),2024,9,187.282,63.408,373.82,miércoles,2024-09-11 19:45:00,2348.0
27,CHOCÓ,27077,BAJO BAUDÓ,27077905,BUENAVISTA (BAJO BAUDÓ - CHOCÓ),2024,9,4.17,1.685,20.58,jueves,2024-09-26 20:30:00,1036.0
27,CHOCÓ,27077,BAJO BAUDÓ,27077029,FIRME DE USARGA (BAJO BAUDÓ - CHOCÓ),2024,9,668.0,300.0,6.87,sábado,2024-09-07 18:30:00,433.0
27,CHOCÓ,27077,BAJO BAUDÓ,27077026,GUINEAL (BAJO BAUDÓ - CHOCÓ),2024,9,3.584,1.792,34.8,miércoles,2024-09-04 19:15:00,534.0
27,CHOCÓ,27077,BAJO BAUDÓ,27077008,ORPUA (BAJO BAUDÓ - CHOCÓ),2024,9,351.0,185.0,5.06,domingo,2024-09-01 19:00:00,355.0
27,CHOCÓ,27077,BAJO BAUDÓ,27077011,PILIZA - BELLAVISTA - VILLA LUZ (BAJO BAUDÓ - CHOCÓ),2024,9,1.504,394.0,32.0,viernes,2024-09-06 18:45:00,21.0
27,CHOCÓ,27077,BAJO BAUDÓ,27077000,PIZARRO (BAJO BAUDÓ - CHOCÓ),2024,9,206.384,81.596,528.0,lunes,2024-09-09 19:00:00,1977.0
27,CHOCÓ,27077,BAJO BAUDÓ,27077016,SIVIRU (BAJO BAUDÓ - CHOCÓ),2024,9,0.0,0.0,0.0,domingo,2024-09-01 00:00:00,0.0
27,CHOCÓ,27077,BAJO BAUDÓ,27077916,TERRON (BAJO BAUDÓ - CHOCÓ),2024,9,3.447,1.415,24.02,viernes,2024-09-13 18:30:00,693.0
27,CHOCÓ,27099,BOJAYÁ,27099000,BELLAVISTA (BOJAYÁ - CHOCÓ),2024,9,97.62,28.649,249.36,jueves,2024-09-12 19:45:00,1681.0
27,CHOCÓ,27099,BOJAYÁ,27099002,LA LOMA DE BOJAYA (BOJAYÁ - CHOCÓ),2024,9,8.725,3.426,51.2,lunes,2024-09-09 19:15:00,787.0
27,CHOCÓ,27099,BOJAYÁ,27099005,NAPIPI (BOJAYÁ - CHOCÓ),2024,9,9.755,3.403,83.2,miércoles,2024-09-11 19:30:00,658.0
27,CHOCÓ,27099,BOJAYÁ,27099030,PIEDRA CANDELA (BOJAYÁ - CHOCÓ),2024,9,6.808,3.039,35.04,jueves,2024-09-19 16:15:00,859.0
27,CHOCÓ,27099,BOJAYÁ,27099012,POGUE (BOJAYÁ - CHOCÓ),2024,9,0.0,0.0,0.0,domingo,2024-09-01 00:00:00,0.0
27,CHOCÓ,27099,BOJAYÁ,27099008,PUERTO CONTO (BOJAYÁ - CHOCÓ),2024,9,13.049,4.118,64.8,sábado,2024-09-14 17:00:00,865.0
27,CHOCÓ,27250,EL LITORAL DEL SAN JUAN,27250000,SANTA GENOVEVA DE DOCORDO (EL LITORAL DEL SAN JUAN - CHOCÓ),2024,9,85.654,43.601,233.11,miércoles,2024-09-18 18:45:00,1625.0
27,CHOCÓ,27372,JURADO,27372000,JURADO (JURADO - CHOCÓ),2024,9,168.389,57.054,338.4,lunes,2024-09-02 19:45:00,2248.0
27,CHOCÓ,27425,MEDIO ATRATO,27425000,BETE (MEDIO ATRATO - CHOCÓ),2024,9,18.704,8.409,68.0,jueves,2024-09-05 12:30:00,1253.0
27,CHOCÓ,27425,MEDIO ATRATO,27425008,SAN ROQUE (MEDIO ATRATO - CHOCÓ),2024,9,2.029,974.0,18.89,viernes,2024-09-20 19:00:00,483.0
27,CHOCÓ,27495,NUQUÍ,27495001,ARUSI (NUQUÍ - CHOCÓ),2024,9,20.329,7.822,60.0,martes,2024-09-24 19:45:00,1551.0
27,CHOCÓ,27495,NUQUÍ,27495011,COMUNIDAD DE PUERTO JAGUA (NUQUÍ - CHOCÓ),2024,9,881.0,391.0,6.12,domingo,2024-09-29 20:00:00,592.0
27,CHOCÓ,27495,NUQUÍ,27495912,COMUNIDAD INDÍGENA DE PANGUI - EL YUCAL (NUQUÍ - CHOCÓ),2024,9,7.859,2.96,11.5,martes,2024-09-03 14:30:00,2333.0
27,CHOCÓ,27495,NUQUÍ,27495003,JURUBIRA (NUQUÍ - CHOCÓ),2024,9,18.818,6.856,60.24,lunes,2024-09-09 19:00:00,1456.0
27,CHOCÓ,27495,NUQUÍ,27495000,NUQUÍ (NUQUÍ - CHOCÓ),2024,9,297.826,99.878,555.1,viernes,2024-09-13 19:15:00,2395.0
27,CHOCÓ,27001,QUIBDÓ,27001029,TAGACHI (QUIBDÓ - CHOCÓ),2024,9,1.799,675.0,36.82,domingo,2024-09-29 19:15:00,211.0
27,CHOCÓ,27800,UNGUÍA,27800001,BALBOA (UNGUÍA - CHOCÓ),2024,9,17.656,7.878,89.87,viernes,2024-09-27 20:30:00,1268.0
27,CHOCÓ,27800,UNGUÍA,27800005,TITUMATE (UNGUÍA - CHOCÓ),2024,9,16.562,4.309,71.1,domingo,2024-09-01 20:00:00,1043.0
27,CHOCÓ,27800,UNGUÍA,27800000,UNGUÍA (UNGUÍA - CHOCÓ),2024,9,489.283,152.548,1051.78,domingo,2024-09-15 19:45:00,2218.0
94,GUAINÍA,94001,INÍRIDA,94001905,CHORRO BOCON (INÍRIDA - GUAINÍA),2024,9,5.541,579.0,18.6,miércoles,2024-09-04 19:45:00,1627.0
94,GUAINÍA,94001,INÍRIDA,94001000,INÍRIDA (INÍRIDA - GUAINÍA),2024,9,,600.627,4430.8,martes,2024-09-24 14:30:00,24.0
44,LA GUAJIRA,44847,URIBIA,44847003,CABO DE LA VELA (URIBIA - LA GUAJIRA),2024,9,12.522,684.0,115.14,martes,2024-09-17 19:00:00,521.0
44,LA GUAJIRA,44847,URIBIA,44847012,NAZARETH (URIBIA - LA GUAJIRA),2024,9,30.472,6.465,265.44,lunes,2024-09-02 19:00:00,486.0
47,MAGDALENA,47189,CIÉNAGA,47189018,PALMOR (CIÉNAGA - MAGDALENA),2024,9,91.663,31.673,181.63,domingo,2024-09-15 12:00:00,2338.0
50,META,50325,MAPIRIPAN,50325000,MAPIRIPAN (MAPIRIPAN - META),2024,9,195.836,64.16,374.88,lunes,2024-09-30 18:30:00,24.0
52,NARIÑO,52250,EL CHARCO,52250016,ALTERON - URIBE URIBE (EL CHARCO - NARIÑO),2024,9,121.0,79.0,5.52,lunes,2024-09-02 19:45:00,87.0
52,NARIÑO,52250,EL CHARCO,52250022,EL CUIL PUEBLO NUEVO (EL CHARCO - NARIÑO),2024,9,2.728,1.237,30.24,martes,2024-09-24 20:00:00,366.0
52,NARIÑO,52250,EL CHARCO,52250005,LAS MERCEDES (EL CHARCO - NARIÑO),2024,9,598.0,193.0,8.06,martes,2024-09-03 19:45:00,308.0
52,NARIÑO,52250,EL CHARCO,52250007,SAN JOSE DEL TAPAJE (EL CHARCO - NARIÑO),2024,9,10.578,2.008,96.0,sábado,2024-09-21 19:00:00,545.0
52,NARIÑO,52390,LA TOLA,52390005,AGUACATAL (LA TOLA - NARIÑO),2024,9,1.97,423.0,9.34,viernes,2024-09-13 13:15:00,848.0
52,NARIÑO,52390,LA TOLA,52390013,AMARALES (LA TOLA - NARIÑO),2024,9,7.192,2.01,55.23,viernes,2024-09-13 19:15:00,652.0
52,NARIÑO,52390,LA TOLA,52390003,LA VIGIA DE LA MAR (LA TOLA - NARIÑO),2024,9,5.891,2.948,26.68,domingo,2024-09-29 12:30:00,1084.0
52,NARIÑO,52390,LA TOLA,52390009,MULATOS (LA TOLA - NARIÑO),2024,9,4.221,2.324,26.94,martes,2024-09-17 16:45:00,812.0
52,NARIÑO,52390,LA TOLA,52390016,SAN PABLO DEL MAR (LA TOLA - NARIÑO),2024,9,5.431,1.953,25.22,viernes,2024-09-27 18:45:00,943.0
52,NARIÑO,52427,MAGÜI,52427910,EL ROSARIO (MAGÜI - NARIÑO),2024,9,0.0,0.0,0.0,domingo,2024-09-01 00:00:00,0.0
52,NARIÑO,52473,MOSQUERA,52473010,EL BAJITO DE ECHANDIA (MOSQUERA - NARIÑO),2024,9,3.02,1.178,14.64,sábado,2024-09-28 11:45:00,1031.0
52,NARIÑO,52490,OLAYA HERRERA,52490913,BOCA DE PRIETA (OLAYA HERRERA - NARIÑO),2024,9,2.04,660.0,12.34,lunes,2024-09-09 19:45:00,655.0
52,NARIÑO,52621,ROBERTO PAYAN,52621912,TAMAJE (ROBERTO PAYAN - NARIÑO),2024,9,3.415,1.281,23.74,domingo,2024-09-22 19:15:00,613.0
52,NARIÑO,52835,SAN ANDRÉS DE TUMACO,52835055,BOCAS DE CURAY (SAN ANDRÉS DE TUMACO - NARIÑO),2024,9,9.232,3.531,50.4,miércoles,2024-09-25 19:15:00,843.0
52,NARIÑO,52835,SAN ANDRÉS DE TUMACO,52835217,SAN JUAN DE LA COSTA (SAN ANDRÉS DE TUMACO - NARIÑO),2024,9,22.843,8.996,115.2,miércoles,2024-09-25 18:45:00,994.0
52,NARIÑO,52696,SANTA BÁRBARA,52696014,LA ENSENADA (SANTA BÁRBARA - NARIÑO),2024,9,3.193,1.294,31.1,sábado,2024-09-14 18:45:00,651.0
86,PUTUMAYO,86573,PUERTO LEGUIZAMO,86573009,PIÑUÑA NEGRO (PUERTO LEGUIZAMO - PUTUMAYO),2024,9,2.634,1.652,25.6,sábado,2024-09-14 20:00:00,52.0
86,PUTUMAYO,86573,PUERTO LEGUIZAMO,86573000,PUERTO LEGUIZAMO (PUERTO LEGUIZAMO - PUTUMAYO),2024,9,915.606,239.217,1951.14,martes,2024-09-03 19:00:00,2385.0
76,VALLE DEL CAUCA,76109,BUENAVENTURA,76109930,GALVEZ (BUENAVENTURA - VALLE DEL CAUCA),2024,9,3.459,686.0,12.19,lunes,2024-09-16 17:45:00,1889.0
76,VALLE DEL CAUCA,76109,BUENAVENTURA,76109957,HUMANES MAR (BUENAVENTURA - VALLE DEL CAUCA),2024,9,6.127,1.579,29.44,domingo,2024-09-29 10:45:00,1014.0
76,VALLE DEL CAUCA,76109,BUENAVENTURA,76109069,PAPAYAL 1 (BUENAVENTURA - VALLE DEL CAUCA),2024,9,7.556,1.352,43.49,miércoles,2024-09-04 18:45:00,1083.0
76,VALLE DEL CAUCA,76109,BUENAVENTURA,76109028,PUERTO MERIZALDE (BUENAVENTURA - VALLE DEL CAUCA),2024,9,94.103,31.62,206.45,viernes,2024-09-27 20:15:00,2093.0
76,VALLE DEL CAUCA,76109,BUENAVENTURA,76109081,PUNTA BONITA (BUENAVENTURA - VALLE DEL CAUCA),2024,9,4.349,3.881,20.05,domingo,2024-09-01 19:00:00,926.0
76,VALLE DEL CAUCA,76109,BUENAVENTURA,76109032,SAN FRANCISCO NAYA (BUENAVENTURA - VALLE DEL CAUCA),2024,9,8.142,3.367,34.27,lunes,2024-09-02 11:30:00,1078.0
76,VALLE DEL CAUCA,76109,BUENAVENTURA,76109034,SAN ISIDRO - CALIMA (BUENAVENTURA - VALLE DEL CAUCA),2024,9,2.919,492.0,25.24,jueves,2024-09-05 19:15:00,469.0
97,VAUPÉS,97161,CARURÚ,97161000,CARURÚ (CARURÚ - VAUPÉS),2024,9,35.746,8.582,92.14,martes,2024-09-24 18:30:00,1722.0
97,VAUPÉS,97001,MITÚ,97001000,MITÚ (MITÚ - VAUPÉS),2024,9,,385.301,3355.1,martes,2024-09-24 13:00:00,24.0
97,VAUPÉS,97666,TARAIRA,97666000,TARAIRA (TARAIRA - VAUPÉS),2024,9,45.482,12.302,138.16,lunes,2024-09-16 12:30:00,1425.0
99,VICHADA,99001,PUERTO CARREÑO,99001000,PUERTO CARREÑO (PUERTO CARREÑO - VICHADA),2024,9,,703.817,5147.12,jueves,2024-09-12 13:45:00,24.0
91,AMAZONAS,91001,LETICIA,91001000,LETICIA (LETICIA - AMAZONAS),2024,9,,,8735.74,viernes,2024-09-20 14:30:00,24.0
91,AMAZONAS,91540,PUERTO NARIÑO,91540000,PUERTO NARIÑO (PUERTO NARIÑO - AMAZONAS),2024,10,143.343,47.284,296.0,jueves,2024-10-17 18:15:00,24.0
91,AMAZONAS,91798,TARAPACA (ANM),91798000,TARAPACA (TARAPACA (ANM) - AMAZONAS),2024,10,25.722,11.455,94.45,miércoles,2024-10-02 14:30:00,1027.0
5,ANTIOQUIA,5873,VIGÍA DEL FUERTE,5873010,LA PLAYA MURRI  (VIGÍA DEL FUERTE - ANTIOQUIA),2024,10,5.792,2.428,22.55,jueves,2024-10-03 18:30:00,114.0
5,ANTIOQUIA,5873,VIGÍA DEL FUERTE,5873013,LOMA MURRI (VIGÍA DEL FUERTE - ANTIOQUIA),2024,10,7.563,3.492,27.64,lunes,2024-10-07 17:30:00,1202.0
88,ARCHIPIÉLAGO DE SAN ANDRÉS y PROVIDENCIA,88564,PROVIDENCIA,88564000,PROVIDENCIA (PROVIDENCIA - ARCHIPIÉLAGO DE SAN ANDRÉS y PROVIDENCIA ),2024,10,,248.214,2015.32,jueves,2024-10-24 14:30:00,2398.0
13,BOLÍVAR,13001,CARTAGENA DE INDIAS,13001007,ISLA FUERTE (CARTAGENA DE INDIAS - BOLÍVAR),2024,10,60.909,27.005,261.48,sábado,2024-10-12 21:45:00,975.0
13,BOLÍVAR,13001,CARTAGENA DE INDIAS,13001037,ISLA MUCURA (CARTAGENA DE INDIAS - BOLÍVAR),2024,10,0.0,0.0,0.0,martes,2024-10-01 00:00:00,0.0
13,BOLÍVAR,13001,CARTAGENA DE INDIAS,13001017,SANTA CRUZ DEL ISLOTE (CARTAGENA DE INDIAS - BOLÍVAR),2024,10,13.769,3.852,54.08,viernes,2024-10-25 22:30:00,1057.0
18,CAQUETÁ,18150,CARTAGENA DEL CHAIRA,18150001,REMOLINO DEL CAGUAN (CARTAGENA DEL CHAIRA - CAQUETÁ),2024,10,10.614,4.275,104.75,jueves,2024-10-17 19:15:00,398.0
18,CAQUETÁ,18150,CARTAGENA DEL CHAIRA,18150002,SANTA FE DEL CAGUAN (CARTAGENA DEL CHAIRA - CAQUETÁ),2024,10,1.853,784.0,37.12,martes,2024-10-22 18:45:00,213.0
18,CAQUETÁ,18753,SAN VICENTE DEL CAGUÁN,18753002,GUACAMAYAS (SAN VICENTE DEL CAGUÁN - CAQUETÁ),2024,10,11.461,4.135,35.33,viernes,2024-10-18 20:15:00,173.0
18,CAQUETÁ,18753,SAN VICENTE DEL CAGUÁN,18753009,PUERTO BETANIA (SAN VICENTE DEL CAGUÁN - CAQUETÁ),2024,10,4.898,1.658,39.2,martes,2024-10-22 19:30:00,519.0
18,CAQUETÁ,18753,SAN VICENTE DEL CAGUÁN,18753033,VILLA LOBOS (SAN VICENTE DEL CAGUÁN - CAQUETÁ),2024,10,5.84,2.186,59.98,sábado,2024-10-05 19:45:00,391.0
19,CAUCA,19318,GUAPI,19318013,SAN ANTONIO DE GUAJUI (GUAPI - CAUCA),2024,10,10.491,5.719,55.65,martes,2024-10-29 19:15:00,794.0
19,CAUCA,19418,LÓPEZ DE MICAY,19418009,NOANAMITO (LÓPEZ DE MICAY - CAUCA),2024,10,5.55,2.571,44.0,lunes,2024-10-28 19:15:00,58.0
19,CAUCA,19809,TIMBIQUÍ,19809014,CHACON (TIMBIQUÍ - CAUCA),2024,10,4.237,1.0,23.55,sábado,2024-10-26 18:30:00,721.0
19,CAUCA,19809,TIMBIQUÍ,19809010,COMUNIDAD DE CHETE (TIMBIQUÍ - CAUCA),2024,10,4.853,1.895,32.29,miércoles,2024-10-30 18:30:00,609.0
19,CAUCA,19809,TIMBIQUÍ,19809007,SAN JOSE (TIMBIQUÍ - CAUCA),2024,10,5.319,3.342,35.26,miércoles,2024-10-30 19:00:00,598.0
19,CAUCA,19809,TIMBIQUÍ,19809009,SANTA ROSA DE SAIJA (TIMBIQUÍ - CAUCA),2024,10,2.838,867.0,22.39,domingo,2024-10-27 19:15:00,493.0
27,CHOCÓ,27006,ACANDÍ,27006000,ACANDÍ (ACANDÍ - CHOCÓ),2024,10,700.05,199.855,1451.47,viernes,2024-10-25 22:15:00,202.0
27,CHOCÓ,27006,ACANDÍ,27006007,SAN FRANCISCO (ACANDÍ - CHOCÓ),2024,10,0.0,0.0,0.0,martes,2024-10-01 00:00:00,0.0
27,CHOCÓ,27025,ALTO BAUDO,27025000,CIUDAD BAUDO - PIE DE PATO (ALTO BAUDO - CHOCÓ),2024,10,49.525,17.855,136.66,sábado,2024-10-05 11:30:00,207.0
27,CHOCÓ,27075,BAHÍA SOLANO,27075000,CIUDAD MUTIS (BAHÍA SOLANO - CHOCÓ),2024,10,858.004,260.374,1523.72,jueves,2024-10-17 18:30:00,2383.0
27,CHOCÓ,27075,BAHÍA SOLANO,27075001,CUPICA (BAHÍA SOLANO - CHOCÓ),2024,10,46.559,17.624,144.49,viernes,2024-10-11 19:00:00,1702.0
27,CHOCÓ,27075,BAHÍA SOLANO,27075002,EL VALLE (BAHÍA SOLANO - CHOCÓ),2024,10,113.146,38.231,372.24,sábado,2024-10-05 19:00:00,1395.0
27,CHOCÓ,27077,BAJO BAUDÓ,27077002,BELEN DE DOCAMPADO (BAJO BAUDÓ - CHOCÓ),2024,10,8.011,2.852,37.38,sábado,2024-10-26 18:30:00,941.0
27,CHOCÓ,27077,BAJO BAUDÓ,27077905,BUENAVISTA (BAJO BAUDÓ - CHOCÓ),2024,10,4.169,1.669,17.09,miércoles,2024-10-02 20:30:00,981.0
27,CHOCÓ,27077,BAJO BAUDÓ,27077029,FIRME DE USARGA (BAJO BAUDÓ - CHOCÓ),2024,10,517.0,229.0,5.93,lunes,2024-10-28 11:45:00,371.0
27,CHOCÓ,27077,BAJO BAUDÓ,27077026,GUINEAL (BAJO BAUDÓ - CHOCÓ),2024,10,2.627,1.961,37.62,domingo,2024-10-27 18:15:00,518.0
27,CHOCÓ,27077,BAJO BAUDÓ,27077008,ORPUA (BAJO BAUDÓ - CHOCÓ),2024,10,308.0,157.0,5.39,miércoles,2024-10-30 19:30:00,306.0
27,CHOCÓ,27077,BAJO BAUDÓ,27077011,PILIZA - BELLAVISTA - VILLA LUZ (BAJO BAUDÓ - CHOCÓ),2024,10,3.472,1.076,28.8,viernes,2024-10-25 19:00:00,568.0
27,CHOCÓ,27077,BAJO BAUDÓ,27077000,PIZARRO (BAJO BAUDÓ - CHOCÓ),2024,10,121.713,47.969,465.7,sábado,2024-10-05 18:45:00,1199.0
27,CHOCÓ,27077,BAJO BAUDÓ,27077016,SIVIRU (BAJO BAUDÓ - CHOCÓ),2024,10,0.0,0.0,0.0,martes,2024-10-01 00:00:00,0.0
27,CHOCÓ,27077,BAJO BAUDÓ,27077916,TERRON (BAJO BAUDÓ - CHOCÓ),2024,10,5.259,2.26,23.89,sábado,2024-10-05 18:45:00,1063.0
27,CHOCÓ,27077,BAJO BAUDÓ,27077019,VIRUDO (BAJO BAUDÓ - CHOCÓ),2024,10,352.0,172.0,26.76,domingo,2024-10-06 20:15:00,53.0
27,CHOCÓ,27099,BOJAYÁ,27099005,NAPIPI (BOJAYÁ - CHOCÓ),2024,10,11.485,4.061,64.0,viernes,2024-10-04 19:00:00,756.0
27,CHOCÓ,27099,BOJAYÁ,27099008,PUERTO CONTO (BOJAYÁ - CHOCÓ),2024,10,12.075,3.76,64.8,viernes,2024-10-11 18:30:00,76.0
27,CHOCÓ,27250,EL LITORAL DEL SAN JUAN,27250000,SANTA GENOVEVA DE DOCORDO (EL LITORAL DEL SAN JUAN - CHOCÓ),2024,10,81.383,40.085,242.09,viernes,2024-10-11 19:15:00,1527.0
27,CHOCÓ,27372,JURADO,27372000,JURADO (JURADO - CHOCÓ),2024,10,182.969,61.194,344.8,jueves,2024-10-03 19:00:00,2394.0
27,CHOCÓ,27425,MEDIO ATRATO,27425000,BETE (MEDIO ATRATO - CHOCÓ),2024,10,19.063,8.733,68.0,sábado,2024-10-26 11:15:00,1235.0
27,CHOCÓ,27425,MEDIO ATRATO,27425008,SAN ROQUE (MEDIO ATRATO - CHOCÓ),2024,10,1.542,700.0,18.79,martes,2024-10-22 20:30:00,373.0
27,CHOCÓ,27495,NUQUÍ,27495001,ARUSI (NUQUÍ - CHOCÓ),2024,10,16.399,6.235,57.6,sábado,2024-10-05 18:45:00,125.0
27,CHOCÓ,27495,NUQUÍ,27495011,COMUNIDAD DE PUERTO JAGUA (NUQUÍ - CHOCÓ),2024,10,956.0,401.0,5.86,lunes,2024-10-14 18:15:00,642.0
27,CHOCÓ,27495,NUQUÍ,27495912,COMUNIDAD INDÍGENA DE PANGUI - EL YUCAL (NUQUÍ - CHOCÓ),2024,10,6.761,1.683,12.22,jueves,2024-10-24 08:45:00,1977.0
27,CHOCÓ,27495,NUQUÍ,27495000,NUQUÍ (NUQUÍ - CHOCÓ),2024,10,292.011,101.507,569.89,viernes,2024-10-11 18:30:00,23.0
27,CHOCÓ,27001,QUIBDÓ,27001029,TAGACHI (QUIBDÓ - CHOCÓ),2024,10,3.983,1.398,38.62,martes,2024-10-29 19:30:00,448.0
27,CHOCÓ,27800,UNGUÍA,27800001,BALBOA (UNGUÍA - CHOCÓ),2024,10,28.284,14.449,99.93,domingo,2024-10-13 18:45:00,1243.0
27,CHOCÓ,27800,UNGUÍA,27800005,TITUMATE (UNGUÍA - CHOCÓ),2024,10,16.535,4.124,70.4,jueves,2024-10-17 19:15:00,1026.0
27,CHOCÓ,27800,UNGUÍA,27800000,UNGUÍA (UNGUÍA - CHOCÓ),2024,10,487.097,153.321,1018.51,viernes,2024-10-25 19:45:00,224.0
94,GUAINÍA,94001,INÍRIDA,94001905,CHORRO BOCON (INÍRIDA - GUAINÍA),2024,10,5.96,709.0,20.03,domingo,2024-10-06 18:15:00,1716.0
94,GUAINÍA,94001,INÍRIDA,94001000,INÍRIDA (INÍRIDA - GUAINÍA),2024,10,,654.496,4718.56,lunes,2024-10-21 14:45:00,24.0
44,LA GUAJIRA,44847,URIBIA,44847012,NAZARETH (URIBIA - LA GUAJIRA),2024,10,36.281,7.757,267.36,martes,2024-10-29 18:15:00,551.0
47,MAGDALENA,47189,CIÉNAGA,47189018,PALMOR (CIÉNAGA - MAGDALENA),2024,10,108.25,43.734,216.51,sábado,2024-10-26 18:30:00,2324.0
50,META,50325,MAPIRIPAN,50325000,MAPIRIPAN (MAPIRIPAN - META),2024,10,200.623,64.737,392.04,lunes,2024-10-21 18:00:00,24.0
52,NARIÑO,52250,EL CHARCO,52250022,EL CUIL PUEBLO NUEVO (EL CHARCO - NARIÑO),2024,10,3.449,1.581,31.47,viernes,2024-10-25 18:30:00,436.0
52,NARIÑO,52250,EL CHARCO,52250005,LAS MERCEDES (EL CHARCO - NARIÑO),2024,10,921.0,518.0,8.74,sábado,2024-10-12 19:45:00,406.0
52,NARIÑO,52250,EL CHARCO,52250007,SAN JOSE DEL TAPAJE (EL CHARCO - NARIÑO),2024,10,9.108,1.826,88.0,martes,2024-10-01 19:45:00,558.0
52,NARIÑO,52390,LA TOLA,52390005,AGUACATAL (LA TOLA - NARIÑO),2024,10,2.708,565.0,10.14,lunes,2024-10-07 13:45:00,1083.0
52,NARIÑO,52390,LA TOLA,52390013,AMARALES (LA TOLA - NARIÑO),2024,10,6.959,3.223,57.5,jueves,2024-10-10 19:30:00,64.0
52,NARIÑO,52390,LA TOLA,52390003,LA VIGIA DE LA MAR (LA TOLA - NARIÑO),2024,10,4.738,2.344,29.56,viernes,2024-10-18 19:45:00,768.0
52,NARIÑO,52390,LA TOLA,52390009,MULATOS (LA TOLA - NARIÑO),2024,10,887.0,562.0,21.6,jueves,2024-10-03 16:00:00,183.0
52,NARIÑO,52390,LA TOLA,52390016,SAN PABLO DEL MAR (LA TOLA - NARIÑO),2024,10,6.188,2.133,25.41,martes,2024-10-08 19:15:00,105.0
52,NARIÑO,52473,MOSQUERA,52473010,EL BAJITO DE ECHANDIA (MOSQUERA - NARIÑO),2024,10,3.162,1.164,15.29,martes,2024-10-22 11:45:00,1036.0
52,NARIÑO,52835,SAN ANDRÉS DE TUMACO,52835055,BOCAS DE CURAY (SAN ANDRÉS DE TUMACO - NARIÑO),2024,10,5.585,1.99,50.4,martes,2024-10-01 18:00:00,465.0
52,NARIÑO,52835,SAN ANDRÉS DE TUMACO,52835217,SAN JUAN DE LA COSTA (SAN ANDRÉS DE TUMACO - NARIÑO),2024,10,22.891,9.017,121.6,lunes,2024-10-28 18:45:00,986.0
52,NARIÑO,52696,SANTA BÁRBARA,52696014,LA ENSENADA (SANTA BÁRBARA - NARIÑO),2024,10,3.437,1.564,20.0,martes,2024-10-01 19:45:00,7.0
86,PUTUMAYO,86573,PUERTO LEGUIZAMO,86573009,PIÑUÑA NEGRO (PUERTO LEGUIZAMO - PUTUMAYO),2024,10,2.81,1.795,25.6,sábado,2024-10-26 18:30:00,535.0
86,PUTUMAYO,86573,PUERTO LEGUIZAMO,86573000,PUERTO LEGUIZAMO (PUERTO LEGUIZAMO - PUTUMAYO),2024,10,898.093,256.776,2103.99,jueves,2024-10-17 13:45:00,2233.0
76,VALLE DEL CAUCA,76109,BUENAVENTURA,76109957,HUMANES MAR (BUENAVENTURA - VALLE DEL CAUCA),2024,10,6.391,1.226,31.59,sábado,2024-10-26 11:15:00,928.0
76,VALLE DEL CAUCA,76109,BUENAVENTURA,76109069,PAPAYAL 1 (BUENAVENTURA - VALLE DEL CAUCA),2024,10,6.167,1.463,41.23,sábado,2024-10-26 12:30:00,963.0
76,VALLE DEL CAUCA,76109,BUENAVENTURA,76109028,PUERTO MERIZALDE (BUENAVENTURA - VALLE DEL CAUCA),2024,10,105.789,36.701,218.06,sábado,2024-10-19 19:45:00,2315.0
76,VALLE DEL CAUCA,76109,BUENAVENTURA,76109081,PUNTA BONITA (BUENAVENTURA - VALLE DEL CAUCA),2024,10,4.127,4.261,18.55,sábado,2024-10-12 13:45:00,879.0
76,VALLE DEL CAUCA,76109,BUENAVENTURA,76109032,SAN FRANCISCO NAYA (BUENAVENTURA - VALLE DEL CAUCA),2024,10,5.979,2.432,33.02,domingo,2024-10-27 11:45:00,763.0
76,VALLE DEL CAUCA,76109,BUENAVENTURA,76109034,SAN ISIDRO - CALIMA (BUENAVENTURA - VALLE DEL CAUCA),2024,10,5.506,1.053,26.06,martes,2024-10-08 19:00:00,861.0
97,VAUPÉS,97161,CARURÚ,97161000,CARURÚ (CARURÚ - VAUPÉS),2024,10,36.55,7.807,93.54,jueves,2024-10-17 19:00:00,1675.0
97,VAUPÉS,97001,MITÚ,97001000,MITÚ (MITÚ - VAUPÉS),2024,10,,402.973,3442.16,lunes,2024-10-21 13:30:00,2392.0
97,VAUPÉS,97666,TARAIRA,97666000,TARAIRA (TARAIRA - VAUPÉS),2024,10,48.031,13.01,139.48,lunes,2024-10-07 12:30:00,1442.0
99,VICHADA,99001,PUERTO CARREÑO,99001000,PUERTO CARREÑO (PUERTO CARREÑO - VICHADA),2024,10,,736.227,5425.2,lunes,2024-10-21 13:45:00,2398.0
91,AMAZONAS,91001,LETICIA,91001000,LETICIA (LETICIA - AMAZONAS),2024,10,,,8839.17,jueves,2024-10-03 17:45:00,2391.0
91,AMAZONAS,91540,PUERTO NARIÑO,91540000,PUERTO NARIÑO (PUERTO NARIÑO - AMAZONAS),2024,11,132.076,42.989,281.6,martes,2024-11-19 18:15:00,24.0
91,AMAZONAS,91798,TARAPACA (ANM),91798000,TARAPACA (TARAPACA (ANM) - AMAZONAS),2024,11,24.872,11.436,93.12,viernes,2024-11-29 18:15:00,1025.0
5,ANTIOQUIA,5873,VIGÍA DEL FUERTE,5873010,LA PLAYA MURRI  (VIGÍA DEL FUERTE - ANTIOQUIA),2024,11,5.699,2.378,21.41,martes,2024-11-19 12:45:00,1219.0
5,ANTIOQUIA,5873,VIGÍA DEL FUERTE,5873013,LOMA MURRI (VIGÍA DEL FUERTE - ANTIOQUIA),2024,11,8.122,3.565,31.65,sábado,2024-11-16 07:30:00,1377.0
88,ARCHIPIÉLAGO DE SAN ANDRÉS y PROVIDENCIA,88564,PROVIDENCIA,88564000,PROVIDENCIA (PROVIDENCIA - ARCHIPIÉLAGO DE SAN ANDRÉS y PROVIDENCIA ),2024,11,,224.829,1921.21,jueves,2024-11-07 15:00:00,24.0
13,BOLÍVAR,13001,CARTAGENA DE INDIAS,13001007,ISLA FUERTE (CARTAGENA DE INDIAS - BOLÍVAR),2024,11,51.103,23.051,242.44,sábado,2024-11-09 21:45:00,861.0
13,BOLÍVAR,13001,CARTAGENA DE INDIAS,13001037,ISLA MUCURA (CARTAGENA DE INDIAS - BOLÍVAR),2024,11,4.481,1.628,18.82,viernes,2024-11-29 23:30:00,986.0
13,BOLÍVAR,13001,CARTAGENA DE INDIAS,13001017,SANTA CRUZ DEL ISLOTE (CARTAGENA DE INDIAS - BOLÍVAR),2024,11,4.427,1.201,50.11,martes,2024-11-05 22:15:00,373.0
18,CAQUETÁ,18150,CARTAGENA DEL CHAIRA,18150001,REMOLINO DEL CAGUAN (CARTAGENA DEL CHAIRA - CAQUETÁ),2024,11,10.502,4.183,106.5,sábado,2024-11-02 19:45:00,431.0
18,CAQUETÁ,18150,CARTAGENA DEL CHAIRA,18150002,SANTA FE DEL CAGUAN (CARTAGENA DEL CHAIRA - CAQUETÁ),2024,11,3.332,1.306,40.52,jueves,2024-11-28 18:30:00,366.0
18,CAQUETÁ,18753,SAN VICENTE DEL CAGUÁN,18753002,GUACAMAYAS (SAN VICENTE DEL CAGUÁN - CAQUETÁ),2024,11,9.194,3.188,36.94,viernes,2024-11-08 19:15:00,1337.0
18,CAQUETÁ,18753,SAN VICENTE DEL CAGUÁN,18753009,PUERTO BETANIA (SAN VICENTE DEL CAGUÁN - CAQUETÁ),2024,11,5.952,1.949,41.16,viernes,2024-11-22 19:00:00,66.0
19,CAUCA,19318,GUAPI,19318013,SAN ANTONIO DE GUAJUI (GUAPI - CAUCA),2024,11,11.343,6.343,53.43,miércoles,2024-11-20 19:15:00,903.0
19,CAUCA,19418,LÓPEZ DE MICAY,19418009,NOANAMITO (LÓPEZ DE MICAY - CAUCA),2024,11,6.096,2.925,40.0,viernes,2024-11-01 18:15:00,693.0
19,CAUCA,19809,TIMBIQUÍ,19809014,CHACON (TIMBIQUÍ - CAUCA),2024,11,4.732,1.158,23.17,domingo,2024-11-24 19:15:00,834.0
19,CAUCA,19809,TIMBIQUÍ,19809010,COMUNIDAD DE CHETE (TIMBIQUÍ - CAUCA),2024,11,5.732,2.281,31.87,viernes,2024-11-01 19:15:00,753.0
19,CAUCA,19809,TIMBIQUÍ,19809007,SAN JOSE (TIMBIQUÍ - CAUCA),2024,11,6.389,4.097,34.37,viernes,2024-11-01 19:30:00,773.0
19,CAUCA,19809,TIMBIQUÍ,19809009,SANTA ROSA DE SAIJA (TIMBIQUÍ - CAUCA),2024,11,3.336,1.057,21.96,jueves,2024-11-21 18:45:00,612.0
27,CHOCÓ,27006,ACANDÍ,27006000,ACANDÍ (ACANDÍ - CHOCÓ),2024,11,678.331,196.012,1397.97,jueves,2024-11-07 22:15:00,2055.0
27,CHOCÓ,27006,ACANDÍ,27006007,SAN FRANCISCO (ACANDÍ - CHOCÓ),2024,11,0.0,0.0,0.0,viernes,2024-11-01 00:00:00,0.0
27,CHOCÓ,27025,ALTO BAUDO,27025000,CIUDAD BAUDO - PIE DE PATO (ALTO BAUDO - CHOCÓ),2024,11,52.063,17.354,139.48,miércoles,2024-11-06 12:15:00,2368.0
27,CHOCÓ,27075,BAHÍA SOLANO,27075000,CIUDAD MUTIS (BAHÍA SOLANO - CHOCÓ),2024,11,775.786,237.026,1491.16,jueves,2024-11-14 14:15:00,2377.0
27,CHOCÓ,27075,BAHÍA SOLANO,27075001,CUPICA (BAHÍA SOLANO - CHOCÓ),2024,11,60.636,27.745,135.18,lunes,2024-11-25 20:00:00,236.0
27,CHOCÓ,27075,BAHÍA SOLANO,27075002,EL VALLE (BAHÍA SOLANO - CHOCÓ),2024,11,0.0,0.0,0.0,viernes,2024-11-01 00:00:00,0.0
27,CHOCÓ,27077,BAJO BAUDÓ,27077002,BELEN DE DOCAMPADO (BAJO BAUDÓ - CHOCÓ),2024,11,8.356,2.902,36.06,sábado,2024-11-02 18:30:00,1052.0
27,CHOCÓ,27077,BAJO BAUDÓ,27077905,BUENAVISTA (BAJO BAUDÓ - CHOCÓ),2024,11,4.801,1.848,26.11,viernes,2024-11-15 18:45:00,1112.0
27,CHOCÓ,27077,BAJO BAUDÓ,27077029,FIRME DE USARGA (BAJO BAUDÓ - CHOCÓ),2024,11,984.0,462.0,6.19,lunes,2024-11-25 18:15:00,722.0
27,CHOCÓ,27077,BAJO BAUDÓ,27077026,GUINEAL (BAJO BAUDÓ - CHOCÓ),2024,11,2.838,2.438,37.01,martes,2024-11-12 18:15:00,595.0
27,CHOCÓ,27077,BAJO BAUDÓ,27077008,ORPUA (BAJO BAUDÓ - CHOCÓ),2024,11,331.0,127.0,4.9,martes,2024-11-12 18:30:00,33.0
27,CHOCÓ,27077,BAJO BAUDÓ,27077011,PILIZA - BELLAVISTA - VILLA LUZ (BAJO BAUDÓ - CHOCÓ),2024,11,3.742,1.035,28.8,sábado,2024-11-02 18:45:00,592.0
27,CHOCÓ,27077,BAJO BAUDÓ,27077000,PIZARRO (BAJO BAUDÓ - CHOCÓ),2024,11,166.727,63.184,503.18,viernes,2024-11-29 19:00:00,1557.0
27,CHOCÓ,27077,BAJO BAUDÓ,27077016,SIVIRU (BAJO BAUDÓ - CHOCÓ),2024,11,0.0,0.0,0.0,viernes,2024-11-01 00:00:00,0.0
27,CHOCÓ,27077,BAJO BAUDÓ,27077916,TERRON (BAJO BAUDÓ - CHOCÓ),2024,11,2.786,1.171,25.01,miércoles,2024-11-06 19:00:00,538.0
27,CHOCÓ,27077,BAJO BAUDÓ,27077019,VIRUDO (BAJO BAUDÓ - CHOCÓ),2024,11,3.538,1.781,29.59,viernes,2024-11-22 21:00:00,517.0
27,CHOCÓ,27099,BOJAYÁ,27099005,NAPIPI (BOJAYÁ - CHOCÓ),2024,11,10.48,3.648,57.6,domingo,2024-11-03 19:45:00,748.0
27,CHOCÓ,27099,BOJAYÁ,27099008,PUERTO CONTO (BOJAYÁ - CHOCÓ),2024,11,12.288,3.775,62.4,sábado,2024-11-30 18:30:00,851.0
27,CHOCÓ,27250,EL LITORAL DEL SAN JUAN,27250023,PAPAYO (EL LITORAL DEL SAN JUAN - CHOCÓ),2024,11,2.183,792.0,17.3,sábado,2024-11-16 20:00:00,509.0
27,CHOCÓ,27250,EL LITORAL DEL SAN JUAN,27250000,SANTA GENOVEVA DE DOCORDO (EL LITORAL DEL SAN JUAN - CHOCÓ),2024,11,80.972,39.662,224.8,jueves,2024-11-07 19:00:00,1547.0
27,CHOCÓ,27372,JURADO,27372000,JURADO (JURADO - CHOCÓ),2024,11,169.699,56.012,319.68,lunes,2024-11-25 18:45:00,2398.0
27,CHOCÓ,27425,MEDIO ATRATO,27425000,BETE (MEDIO ATRATO - CHOCÓ),2024,11,16.681,8.107,72.0,miércoles,2024-11-06 18:30:00,1152.0
27,CHOCÓ,27425,MEDIO ATRATO,27425008,SAN ROQUE (MEDIO ATRATO - CHOCÓ),2024,11,1.316,606.0,18.5,martes,2024-11-12 20:15:00,32.0
27,CHOCÓ,27495,NUQUÍ,27495001,ARUSI (NUQUÍ - CHOCÓ),2024,11,16.947,6.063,55.2,sábado,2024-11-16 10:45:00,1401.0
27,CHOCÓ,27495,NUQUÍ,27495011,COMUNIDAD DE PUERTO JAGUA (NUQUÍ - CHOCÓ),2024,11,1.038,419.0,5.5,sábado,2024-11-02 18:15:00,807.0
27,CHOCÓ,27495,NUQUÍ,27495912,COMUNIDAD INDÍGENA DE PANGUI - EL YUCAL (NUQUÍ - CHOCÓ),2024,11,6.459,1.741,11.62,sábado,2024-11-09 11:30:00,2118.0
27,CHOCÓ,27495,NUQUÍ,27495000,NUQUÍ (NUQUÍ - CHOCÓ),2024,11,267.348,89.599,566.72,viernes,2024-11-15 19:00:00,2299.0
27,CHOCÓ,27001,QUIBDÓ,27001029,TAGACHI (QUIBDÓ - CHOCÓ),2024,11,5.261,1.82,48.43,domingo,2024-11-17 19:15:00,606.0
27,CHOCÓ,27800,UNGUÍA,27800001,BALBOA (UNGUÍA - CHOCÓ),2024,11,24.79,12.781,94.36,sábado,2024-11-30 18:45:00,1177.0
27,CHOCÓ,27800,UNGUÍA,27800005,TITUMATE (UNGUÍA - CHOCÓ),2024,11,13.738,3.434,63.36,martes,2024-11-05 20:45:00,952.0
27,CHOCÓ,27800,UNGUÍA,27800000,UNGUÍA (UNGUÍA - CHOCÓ),2024,11,449.777,141.181,948.29,miércoles,2024-11-06 18:30:00,2238.0
94,GUAINÍA,94001,INÍRIDA,94001905,CHORRO BOCON (INÍRIDA - GUAINÍA),2024,11,5.598,550.0,18.82,domingo,2024-11-17 17:45:00,1652.0
94,GUAINÍA,94001,INÍRIDA,94001000,INÍRIDA (INÍRIDA - GUAINÍA),2024,11,,625.264,4632.32,jueves,2024-11-07 14:30:00,24.0
95,GUAVIARE,95200,MIRAFLORES,95200000,MIRAFLORES (MIRAFLORES - GUAVIARE),2024,11,130.789,21.127,298.08,jueves,2024-11-07 18:00:00,24.0
47,MAGDALENA,47189,CIÉNAGA,47189018,PALMOR (CIÉNAGA - MAGDALENA),2024,11,108.779,49.619,222.98,sábado,2024-11-30 18:00:00,2171.0
50,META,50325,MAPIRIPAN,50325000,MAPIRIPAN (MAPIRIPAN - META),2024,11,193.935,62.878,399.52,jueves,2024-11-07 18:15:00,24.0
52,NARIÑO,52250,EL CHARCO,52250022,EL CUIL PUEBLO NUEVO (EL CHARCO - NARIÑO),2024,11,3.806,1.855,31.02,miércoles,2024-11-06 18:45:00,493.0
52,NARIÑO,52250,EL CHARCO,52250007,SAN JOSE DEL TAPAJE (EL CHARCO - NARIÑO),2024,11,14.146,3.156,88.0,viernes,2024-11-01 18:45:00,829.0
52,NARIÑO,52390,LA TOLA,52390005,AGUACATAL (LA TOLA - NARIÑO),2024,11,1.897,390.0,11.9,jueves,2024-11-21 18:45:00,722.0
52,NARIÑO,52390,LA TOLA,52390013,AMARALES (LA TOLA - NARIÑO),2024,11,6.46,2.916,57.09,viernes,2024-11-08 19:45:00,555.0
52,NARIÑO,52390,LA TOLA,52390003,LA VIGIA DE LA MAR (LA TOLA - NARIÑO),2024,11,6.047,2.969,29.48,lunes,2024-11-18 11:30:00,1028.0
52,NARIÑO,52390,LA TOLA,52390009,MULATOS (LA TOLA - NARIÑO),2024,11,2.868,2.153,23.68,viernes,2024-11-15 17:00:00,603.0
52,NARIÑO,52390,LA TOLA,52390016,SAN PABLO DEL MAR (LA TOLA - NARIÑO),2024,11,4.19,1.341,27.2,martes,2024-11-19 19:15:00,717.0
52,NARIÑO,52473,MOSQUERA,52473010,EL BAJITO DE ECHANDIA (MOSQUERA - NARIÑO),2024,11,2.966,1.065,14.69,viernes,2024-11-15 11:00:00,993.0
52,NARIÑO,52835,SAN ANDRÉS DE TUMACO,52835055,BOCAS DE CURAY (SAN ANDRÉS DE TUMACO - NARIÑO),2024,11,6.984,2.555,48.0,lunes,2024-11-04 18:45:00,617.0
52,NARIÑO,52835,SAN ANDRÉS DE TUMACO,52835217,SAN JUAN DE LA COSTA (SAN ANDRÉS DE TUMACO - NARIÑO),2024,11,24.517,9.39,112.0,jueves,2024-11-14 18:30:00,1054.0
52,NARIÑO,52696,SANTA BÁRBARA,52696014,LA ENSENADA (SANTA BÁRBARA - NARIÑO),2024,11,3.041,1.244,19.17,miércoles,2024-11-06 18:30:00,651.0
86,PUTUMAYO,86573,PUERTO LEGUIZAMO,86573009,PIÑUÑA NEGRO (PUERTO LEGUIZAMO - PUTUMAYO),2024,11,3.005,1.887,25.6,sábado,2024-11-09 18:30:00,57.0
86,PUTUMAYO,86573,PUERTO LEGUIZAMO,86573000,PUERTO LEGUIZAMO (PUERTO LEGUIZAMO - PUTUMAYO),2024,11,870.952,262.911,1947.35,jueves,2024-11-07 18:15:00,2398.0
76,VALLE DEL CAUCA,76109,BUENAVENTURA,76109957,HUMANES MAR (BUENAVENTURA - VALLE DEL CAUCA),2024,11,6.866,1.267,44.96,domingo,2024-11-24 10:45:00,799.0
76,VALLE DEL CAUCA,76109,BUENAVENTURA,76109069,PAPAYAL 1 (BUENAVENTURA - VALLE DEL CAUCA),2024,11,8.234,1.476,48.28,miércoles,2024-11-06 12:15:00,959.0
76,VALLE DEL CAUCA,76109,BUENAVENTURA,76109028,PUERTO MERIZALDE (BUENAVENTURA - VALLE DEL CAUCA),2024,11,103.366,33.185,213.14,viernes,2024-11-15 20:15:00,2369.0
76,VALLE DEL CAUCA,76109,BUENAVENTURA,76109081,PUNTA BONITA (BUENAVENTURA - VALLE DEL CAUCA),2024,11,5.335,4.517,24.85,domingo,2024-11-17 19:15:00,909.0
76,VALLE DEL CAUCA,76109,BUENAVENTURA,76109032,SAN FRANCISCO NAYA (BUENAVENTURA - VALLE DEL CAUCA),2024,11,8.681,3.55,32.54,sábado,2024-11-02 11:00:00,119.0
76,VALLE DEL CAUCA,76109,BUENAVENTURA,76109034,SAN ISIDRO - CALIMA (BUENAVENTURA - VALLE DEL CAUCA),2024,11,5.424,1.173,24.55,jueves,2024-11-07 18:15:00,892.0
97,VAUPÉS,97161,CARURÚ,97161000,CARURÚ (CARURÚ - VAUPÉS),2024,11,38.425,7.362,102.7,sábado,2024-11-30 19:30:00,1732.0
97,VAUPÉS,97001,MITÚ,97001000,MITÚ (MITÚ - VAUPÉS),2024,11,,392.57,3393.03,miércoles,2024-11-06 12:00:00,2382.0
97,VAUPÉS,97666,TARAIRA,97666000,TARAIRA (TARAIRA - VAUPÉS),2024,11,43.619,11.786,141.77,viernes,2024-11-01 19:00:00,141.0
99,VICHADA,99001,PUERTO CARREÑO,99001000,PUERTO CARREÑO (PUERTO CARREÑO - VICHADA),2024,11,,714.53,5443.68,jueves,2024-11-07 13:15:00,2398.0
91,AMAZONAS,91001,LETICIA,91001000,LETICIA (LETICIA - AMAZONAS),2024,11,,,8610.86,viernes,2024-11-01 14:30:00,24.0
91,AMAZONAS,91540,PUERTO NARIÑO,91540000,PUERTO NARIÑO (PUERTO NARIÑO - AMAZONAS),2024,12,130.56,43.031,270.4,lunes,2024-12-02 18:45:00,2387.0
5,ANTIOQUIA,5873,VIGÍA DEL FUERTE,5873010,LA PLAYA MURRI  (VIGÍA DEL FUERTE - ANTIOQUIA),2024,12,6.644,2.789,26.12,martes,2024-12-31 21:00:00,1365.0
5,ANTIOQUIA,5873,VIGÍA DEL FUERTE,5873013,LOMA MURRI (VIGÍA DEL FUERTE - ANTIOQUIA),2024,12,8.494,3.657,25.36,miércoles,2024-12-25 15:15:00,1423.0
88,ARCHIPIÉLAGO DE SAN ANDRÉS y PROVIDENCIA,88564,PROVIDENCIA,88564000,PROVIDENCIA (PROVIDENCIA - ARCHIPIÉLAGO DE SAN ANDRÉS y PROVIDENCIA ),2024,12,,227.963,1835.43,miércoles,2024-12-11 22:15:00,24.0
88,ARCHIPIÉLAGO DE SAN ANDRÉS y PROVIDENCIA,88001,SAN ANDRÉS,88001000,SAN ANDRÉS (SAN ANDRÉS - ARCHIPIÉLAGO DE SAN ANDRÉS y PROVIDENCIA ),2024,12,,,31091.13,miércoles,2024-12-11 15:45:00,2399.0
13,BOLÍVAR,13001,CARTAGENA DE INDIAS,13001007,ISLA FUERTE (CARTAGENA DE INDIAS - BOLÍVAR),2024,12,33.251,14.66,254.33,sábado,2024-12-28 22:00:00,507.0
13,BOLÍVAR,13001,CARTAGENA DE INDIAS,13001037,ISLA MUCURA (CARTAGENA DE INDIAS - BOLÍVAR),2024,12,6.69,2.262,22.18,lunes,2024-12-30 23:00:00,1205.0
18,CAQUETÁ,18150,CARTAGENA DEL CHAIRA,18150002,SANTA FE DEL CAGUAN (CARTAGENA DEL CHAIRA - CAQUETÁ),2024,12,3.66,1.435,39.52,jueves,2024-12-05 18:45:00,392.0
18,CAQUETÁ,18753,SAN VICENTE DEL CAGUÁN,18753002,GUACAMAYAS (SAN VICENTE DEL CAGUÁN - CAQUETÁ),2024,12,12.708,4.715,39.79,martes,2024-12-31 18:45:00,1802.0
18,CAQUETÁ,18753,SAN VICENTE DEL CAGUÁN,18753009,PUERTO BETANIA (SAN VICENTE DEL CAGUÁN - CAQUETÁ),2024,12,6.819,2.338,45.28,martes,2024-12-31 20:00:00,712.0
19,CAUCA,19318,GUAPI,19318013,SAN ANTONIO DE GUAJUI (GUAPI - CAUCA),2024,12,11.803,6.563,57.25,lunes,2024-12-02 19:15:00,89.0
19,CAUCA,19418,LÓPEZ DE MICAY,19418009,NOANAMITO (LÓPEZ DE MICAY - CAUCA),2024,12,6.763,3.257,40.0,domingo,2024-12-01 19:15:00,755.0
19,CAUCA,19809,TIMBIQUÍ,19809014,CHACON (TIMBIQUÍ - CAUCA),2024,12,3.271,368.0,21.68,viernes,2024-12-06 17:00:00,735.0
19,CAUCA,19809,TIMBIQUÍ,19809010,COMUNIDAD DE CHETE (TIMBIQUÍ - CAUCA),2024,12,5.27,2.1,31.49,jueves,2024-12-12 19:00:00,69.0
19,CAUCA,19809,TIMBIQUÍ,19809007,SAN JOSE (TIMBIQUÍ - CAUCA),2024,12,7.197,4.144,35.57,martes,2024-12-10 18:15:00,805.0
19,CAUCA,19809,TIMBIQUÍ,19809009,SANTA ROSA DE SAIJA (TIMBIQUÍ - CAUCA),2024,12,3.581,1.206,20.4,lunes,2024-12-02 19:45:00,743.0
27,CHOCÓ,27006,ACANDÍ,27006000,ACANDÍ (ACANDÍ - CHOCÓ),2024,12,714.301,201.068,1418.38,jueves,2024-12-05 22:00:00,2016.0
27,CHOCÓ,27006,ACANDÍ,27006007,SAN FRANCISCO (ACANDÍ - CHOCÓ),2024,12,17.978,4.926,134.53,martes,2024-12-31 19:15:00,611.0
27,CHOCÓ,27025,ALTO BAUDO,27025000,CIUDAD BAUDO - PIE DE PATO (ALTO BAUDO - CHOCÓ),2024,12,52.657,18.317,118.98,jueves,2024-12-12 12:00:00,2393.0
27,CHOCÓ,27075,BAHÍA SOLANO,27075001,CUPICA (BAHÍA SOLANO - CHOCÓ),2024,12,67.518,25.672,133.85,viernes,2024-12-06 19:45:00,2375.0
27,CHOCÓ,27077,BAJO BAUDÓ,27077002,BELEN DE DOCAMPADO (BAJO BAUDÓ - CHOCÓ),2024,12,8.896,3.034,38.55,viernes,2024-12-27 10:45:00,107.0
27,CHOCÓ,27077,BAJO BAUDÓ,27077905,BUENAVISTA (BAJO BAUDÓ - CHOCÓ),2024,12,4.937,1.837,18.78,sábado,2024-12-28 19:15:00,1169.0
27,CHOCÓ,27077,BAJO BAUDÓ,27077029,FIRME DE USARGA (BAJO BAUDÓ - CHOCÓ),2024,12,1.377,658.0,6.24,jueves,2024-12-05 11:00:00,979.0
27,CHOCÓ,27077,BAJO BAUDÓ,27077026,GUINEAL (BAJO BAUDÓ - CHOCÓ),2024,12,3.428,3.052,29.72,jueves,2024-12-19 19:00:00,72.0
27,CHOCÓ,27077,BAJO BAUDÓ,27077008,ORPUA (BAJO BAUDÓ - CHOCÓ),2024,12,348.0,246.0,4.49,jueves,2024-12-05 19:00:00,366.0
27,CHOCÓ,27077,BAJO BAUDÓ,27077011,PILIZA - BELLAVISTA - VILLA LUZ (BAJO BAUDÓ - CHOCÓ),2024,12,5.138,1.438,32.0,viernes,2024-12-06 18:45:00,744.0
27,CHOCÓ,27077,BAJO BAUDÓ,27077000,PIZARRO (BAJO BAUDÓ - CHOCÓ),2024,12,206.787,78.73,493.15,viernes,2024-12-06 19:30:00,2027.0
27,CHOCÓ,27077,BAJO BAUDÓ,27077016,SIVIRU (BAJO BAUDÓ - CHOCÓ),2024,12,3.083,1.251,41.57,martes,2024-12-17 18:30:00,331.0
27,CHOCÓ,27099,BOJAYÁ,27099005,NAPIPI (BOJAYÁ - CHOCÓ),2024,12,10.485,3.675,64.0,martes,2024-12-24 19:45:00,704.0
27,CHOCÓ,27250,EL LITORAL DEL SAN JUAN,27250023,PAPAYO (EL LITORAL DEL SAN JUAN - CHOCÓ),2024,12,3.939,1.446,17.0,martes,2024-12-31 15:45:00,939.0
27,CHOCÓ,27250,EL LITORAL DEL SAN JUAN,27250000,SANTA GENOVEVA DE DOCORDO (EL LITORAL DEL SAN JUAN - CHOCÓ),2024,12,86.77,42.841,239.18,martes,2024-12-31 19:30:00,159.0
27,CHOCÓ,27361,ISTMINA,27361021,PANAMACITO (ISTMINA - CHOCÓ),2024,12,2.454,360.0,12.71,martes,2024-12-17 20:15:00,776.0
27,CHOCÓ,27372,JURADO,27372000,JURADO (JURADO - CHOCÓ),2024,12,188.473,60.323,332.8,miércoles,2024-12-18 18:30:00,239.0
27,CHOCÓ,27425,MEDIO ATRATO,27425000,BETE (MEDIO ATRATO - CHOCÓ),2024,12,15.141,6.933,84.0,sábado,2024-12-28 18:30:00,923.0
27,CHOCÓ,27425,MEDIO ATRATO,27425008,SAN ROQUE (MEDIO ATRATO - CHOCÓ),2024,12,991.0,466.0,21.7,lunes,2024-12-30 20:00:00,215.0
27,CHOCÓ,27495,NUQUÍ,27495001,ARUSI (NUQUÍ - CHOCÓ),2024,12,18.354,6.973,60.0,sábado,2024-12-28 19:00:00,152.0
27,CHOCÓ,27495,NUQUÍ,27495011,COMUNIDAD DE PUERTO JAGUA (NUQUÍ - CHOCÓ),2024,12,1.115,362.0,5.81,miércoles,2024-12-04 18:00:00,806.0
27,CHOCÓ,27495,NUQUÍ,27495912,COMUNIDAD INDÍGENA DE PANGUI - EL YUCAL (NUQUÍ - CHOCÓ),2024,12,8.28,2.215,14.26,domingo,2024-12-22 07:00:00,2336.0
27,CHOCÓ,27495,NUQUÍ,27495000,NUQUÍ (NUQUÍ - CHOCÓ),2024,12,303.549,98.869,534.34,sábado,2024-12-28 18:45:00,24.0
27,CHOCÓ,27001,QUIBDÓ,27001029,TAGACHI (QUIBDÓ - CHOCÓ),2024,12,5.39,1.95,42.02,martes,2024-12-31 19:30:00,608.0
27,CHOCÓ,27800,UNGUÍA,27800001,BALBOA (UNGUÍA - CHOCÓ),2024,12,28.726,14.096,97.77,martes,2024-12-24 18:45:00,1256.0
27,CHOCÓ,27800,UNGUÍA,27800005,TITUMATE (UNGUÍA - CHOCÓ),2024,12,14.723,3.534,65.21,lunes,2024-12-30 20:15:00,947.0
27,CHOCÓ,27800,UNGUÍA,27800000,UNGUÍA (UNGUÍA - CHOCÓ),2024,12,487.918,152.095,932.45,miércoles,2024-12-18 19:00:00,2246.0
94,GUAINÍA,94001,INÍRIDA,94001905,CHORRO BOCON (INÍRIDA - GUAINÍA),2024,12,5.249,405.0,17.83,martes,2024-12-31 18:15:00,173.0
94,GUAINÍA,94001,INÍRIDA,94001000,INÍRIDA (INÍRIDA - GUAINÍA),2024,12,,611.281,6138.0,lunes,2024-12-16 17:15:00,2395.0
95,GUAVIARE,95200,MIRAFLORES,95200000,MIRAFLORES (MIRAFLORES - GUAVIARE),2024,12,125.95,20.195,249.5,martes,2024-12-03 18:00:00,24.0
47,MAGDALENA,47189,CIÉNAGA,47189018,PALMOR (CIÉNAGA - MAGDALENA),2024,12,124.881,55.098,221.12,domingo,2024-12-22 11:45:00,2373.0
50,META,50325,MAPIRIPAN,50325000,MAPIRIPAN (MAPIRIPAN - META),2024,12,203.251,66.779,388.08,miércoles,2024-12-04 18:15:00,24.0
52,NARIÑO,52250,EL CHARCO,52250022,EL CUIL PUEBLO NUEVO (EL CHARCO - NARIÑO),2024,12,5.66,2.596,34.05,domingo,2024-12-29 18:30:00,719.0
52,NARIÑO,52250,EL CHARCO,52250005,LAS MERCEDES (EL CHARCO - NARIÑO),2024,12,857.0,1.466,10.11,martes,2024-12-31 20:30:00,387.0
52,NARIÑO,52250,EL CHARCO,52250007,SAN JOSE DEL TAPAJE (EL CHARCO - NARIÑO),2024,12,7.048,2.428,56.0,domingo,2024-12-01 18:00:00,774.0
52,NARIÑO,52390,LA TOLA,52390005,AGUACATAL (LA TOLA - NARIÑO),2024,12,2.685,579.0,11.36,jueves,2024-12-12 13:15:00,1049.0
52,NARIÑO,52390,LA TOLA,52390013,AMARALES (LA TOLA - NARIÑO),2024,12,9.989,4.479,54.82,martes,2024-12-24 19:30:00,878.0
52,NARIÑO,52390,LA TOLA,52390003,LA VIGIA DE LA MAR (LA TOLA - NARIÑO),2024,12,5.949,2.682,30.2,lunes,2024-12-16 11:45:00,961.0
52,NARIÑO,52390,LA TOLA,52390009,MULATOS (LA TOLA - NARIÑO),2024,12,1.908,696.0,19.87,martes,2024-12-31 21:00:00,438.0
52,NARIÑO,52390,LA TOLA,52390016,SAN PABLO DEL MAR (LA TOLA - NARIÑO),2024,12,6.249,2.103,24.51,sábado,2024-12-28 13:30:00,1073.0
52,NARIÑO,52473,MOSQUERA,52473010,EL BAJITO DE ECHANDIA (MOSQUERA - NARIÑO),2024,12,3.344,1.245,18.48,lunes,2024-12-09 18:45:00,106.0
52,NARIÑO,52835,SAN ANDRÉS DE TUMACO,52835055,BOCAS DE CURAY (SAN ANDRÉS DE TUMACO - NARIÑO),2024,12,11.126,3.182,60.0,viernes,2024-12-20 18:00:00,749.0
52,NARIÑO,52835,SAN ANDRÉS DE TUMACO,52835217,SAN JUAN DE LA COSTA (SAN ANDRÉS DE TUMACO - NARIÑO),2024,12,27.804,10.662,112.0,sábado,2024-12-21 18:45:00,1174.0
52,NARIÑO,52696,SANTA BÁRBARA,52696014,LA ENSENADA (SANTA BÁRBARA - NARIÑO),2024,12,3.31,1.474,20.32,jueves,2024-12-19 20:15:00,702.0
86,PUTUMAYO,86573,PUERTO LEGUIZAMO,86573009,PIÑUÑA NEGRO (PUERTO LEGUIZAMO - PUTUMAYO),2024,12,3.11,2.038,25.6,sábado,2024-12-07 19:00:00,568.0
86,PUTUMAYO,86573,PUERTO LEGUIZAMO,86573000,PUERTO LEGUIZAMO (PUERTO LEGUIZAMO - PUTUMAYO),2024,12,958.47,270.068,1901.77,martes,2024-12-03 14:30:00,2344.0
76,VALLE DEL CAUCA,76109,BUENAVENTURA,76109957,HUMANES MAR (BUENAVENTURA - VALLE DEL CAUCA),2024,12,3.839,500.0,38.77,domingo,2024-12-01 08:45:00,1009.0
76,VALLE DEL CAUCA,76109,BUENAVENTURA,76109028,PUERTO MERIZALDE (BUENAVENTURA - VALLE DEL CAUCA),2024,12,99.721,31.275,202.22,jueves,2024-12-12 19:30:00,2139.0
76,VALLE DEL CAUCA,76109,BUENAVENTURA,76109081,PUNTA BONITA (BUENAVENTURA - VALLE DEL CAUCA),2024,12,4.836,2.916,24.11,jueves,2024-12-12 17:30:00,775.0
76,VALLE DEL CAUCA,76109,BUENAVENTURA,76109032,SAN FRANCISCO NAYA (BUENAVENTURA - VALLE DEL CAUCA),2024,12,8.964,3.64,32.42,lunes,2024-12-02 12:00:00,1183.0
76,VALLE DEL CAUCA,76109,BUENAVENTURA,76109034,SAN ISIDRO - CALIMA (BUENAVENTURA - VALLE DEL CAUCA),2024,12,3.811,876.0,22.55,miércoles,2024-12-04 19:00:00,81.0
97,VAUPÉS,97161,CARURÚ,97161000,CARURÚ (CARURÚ - VAUPÉS),2024,12,38.89,7.075,97.86,martes,2024-12-03 19:00:00,1728.0
97,VAUPÉS,97001,MITÚ,97001000,MITÚ (MITÚ - VAUPÉS),2024,12,,390.283,3392.9,jueves,2024-12-05 11:45:00,2396.0
97,VAUPÉS,97666,TARAIRA,97666000,TARAIRA (TARAIRA - VAUPÉS),2024,12,42.504,11.497,122.58,sábado,2024-12-07 12:45:00,1445.0
99,VICHADA,99001,PUERTO CARREÑO,99001000,PUERTO CARREÑO (PUERTO CARREÑO - VICHADA),2024,12,,784.232,5250.08,miércoles,2024-12-11 14:15:00,24.0
91,AMAZONAS,91001,LETICIA,91001000,LETICIA (LETICIA - AMAZONAS),2024,12,,,8285.71,lunes,2024-12-02 15:30:00,24.0
5,ANTIOQUIA,5873,VIGÍA DEL FUERTE,5873001,SAN ANTONIO DE PADUA(VIGÍA DEL FUERTE - ANTIOQUIA),2025,1,6.481,0.0,44.64,jueves,2025-01-23 19:45:00,82661.0
5,ANTIOQUIA,5873,VIGÍA DEL FUERTE,5873005,SAN MIGUEL(VIGÍA DEL FUERTE - ANTIOQUIA),2025,1,3.887,1.762,18.44,miércoles,2025-01-29 18:45:00,84435.0
5,ANTIOQUIA,5873,VIGÍA DEL FUERTE,5873010,LA PLAYA MURRI (VIGÍA DEL FUERTE - ANTIOQUIA),2025,1,3.806,1.427,25.43,martes,2025-01-21 19:15:00,7621.0
5,ANTIOQUIA,5873,VIGÍA DEL FUERTE,5873013,LOMA MURRI(VIGÍA DEL FUERTE - ANTIOQUIA),2025,1,5.85,2.36,30.77,jueves,2025-01-16 18:45:00,89758.0
5,ANTIOQUIA,5873,VIGÍA DEL FUERTE,5873910,PUERTO MEDELLÍN(VIGÍA DEL FUERTE - ANTIOQUIA),2025,1,2.357,806.0,10.88,martes,2025-01-14 19:45:00,104677.0
5,ANTIOQUIA,5873,VIGÍA DEL FUERTE,5873913,JARAPETO (RESGUARDO INDÍGENA)(VIGÍA DEL FUERTE - ANTIOQUIA),2025,1,384.0,201.0,3.59,miércoles,2025-01-01 17:45:00,45403.0
13,BOLÍVAR,13001,CARTAGENA DE INDIAS,13001007,ISLA FUERTE(CARTAGENA DE INDIAS - BOLÍVAR),2025,1,37.563,15.681,269.38,miércoles,2025-01-01 23:15:00,56694.0
13,BOLÍVAR,13001,CARTAGENA DE INDIAS,13001017,SANTA CRUZ DEL ISLOTE(CARTAGENA DE INDIAS - BOLÍVAR),2025,1,9.938,2.881,50.53,miércoles,2025-01-08 21:30:00,79516.0
13,BOLÍVAR,13001,CARTAGENA DE INDIAS,13001037,ISLA MUCURA(CARTAGENA DE INDIAS - BOLÍVAR),2025,1,6.678,2.194,23.9,domingo,2025-01-05 22:45:00,115161.0
18,CAQUETÁ,18150,CARTAGENA DEL CHAIRA,18150001,REMOLINO DEL CAGUAN(CARTAGENA DEL CHAIRA - CAQUETÁ),2025,1,7.7,2.992,102.34,sábado,2025-01-11 19:15:00,3.0
18,CAQUETÁ,18150,CARTAGENA DEL CHAIRA,18150002,SANTA FE DEL CAGUAN(CARTAGENA DEL CHAIRA - CAQUETÁ),2025,1,3.184,1.295,36.92,jueves,2025-01-23 19:15:00,3621.0
18,CAQUETÁ,18753,SAN VICENTE DEL CAGUÁN,18753002,GUACAMAYAS(SAN VICENTE DEL CAGUÁN - CAQUETÁ),2025,1,3.8,1.485,35.5,miércoles,2025-01-01 18:45:00,53468.0
18,CAQUETÁ,18753,SAN VICENTE DEL CAGUÁN,18753009,PUERTO BETANIA(SAN VICENTE DEL CAGUÁN - CAQUETÁ),2025,1,5.374,1.84,41.04,jueves,2025-01-16 19:30:00,56855.0
18,CAQUETÁ,18753,SAN VICENTE DEL CAGUÁN,18753012,SANTA ROSA(SAN VICENTE DEL CAGUÁN - CAQUETÁ),2025,1,2.793,1.245,16.66,jueves,2025-01-16 18:45:00,72097.0
18,CAQUETÁ,18753,SAN VICENTE DEL CAGUÁN,18753033,VILLA LOBOS(SAN VICENTE DEL CAGUÁN - CAQUETÁ),2025,1,6.483,2.27,53.01,jueves,2025-01-30 18:30:00,49274.0
19,CAUCA,19318,GUAPI,19318008,LIMONES(GUAPI - CAUCA),2025,1,9.085,4.642,42.18,domingo,2025-01-05 22:00:00,93548.0
19,CAUCA,19318,GUAPI,19318013,SAN ANTONIO DE GUAJUI(GUAPI - CAUCA),2025,1,10.877,6.113,52.1,martes,2025-01-07 19:00:00,81935.0
19,CAUCA,19418,LÓPEZ DE MICAY,19418009,NOANAMITO(LÓPEZ DE MICAY - CAUCA),2025,1,7.252,3.481,36.0,miércoles,2025-01-01 19:00:00,83548.0
19,CAUCA,19418,LÓPEZ DE MICAY,19418033,BOCA GRANDE(LÓPEZ DE MICAY - CAUCA),2025,1,4.499,1.413,36.04,lunes,2025-01-27 19:00:00,48952.0
19,CAUCA,19809,TIMBIQUÍ,19809003,COTEJE(TIMBIQUÍ - CAUCA),2025,1,4.993,3.922,28.96,miércoles,2025-01-22 20:00:00,70081.0
19,CAUCA,19809,TIMBIQUÍ,19809007,SAN JOSE(TIMBIQUÍ - CAUCA),2025,1,6.291,3.392,37.13,martes,2025-01-28 19:30:00,67903.0
19,CAUCA,19809,TIMBIQUÍ,19809009,SANTA ROSA DE SAIJA(TIMBIQUÍ - CAUCA),2025,1,2.711,942.0,19.56,lunes,2025-01-27 19:30:00,57258.0
19,CAUCA,19809,TIMBIQUÍ,19809010,COMUNIDAD DE CHETE(TIMBIQUÍ - CAUCA),2025,1,3.946,1.593,30.5,domingo,2025-01-26 20:00:00,52097.0
19,CAUCA,19809,TIMBIQUÍ,19809014,CHACON(TIMBIQUÍ - CAUCA),2025,1,3.117,304.0,20.34,sábado,2025-01-11 19:30:00,69516.0
27,CHOCÓ,27001,QUIBDÓ,27001029,TAGACHI(QUIBDÓ - CHOCÓ),2025,1,5.264,1.87,46.08,jueves,2025-01-30 20:15:00,53871.0
27,CHOCÓ,27006,ACANDÍ,27006000,ACANDÍ(ACANDÍ - CHOCÓ),2025,1,676.419,192.359,1433.87,jueves,2025-01-30 21:30:00,200161.0
27,CHOCÓ,27006,ACANDÍ,27006007,SAN FRANCISCO(ACANDÍ - CHOCÓ),2025,1,27.157,7.42,167.87,sábado,2025-01-04 18:45:00,89597.0
27,CHOCÓ,27025,ALTO BAUDO,27025000,CIUDAD BAUDO - PIE DE PATO(ALTO BAUDO - CHOCÓ),2025,1,51.496,18.174,122.23,sábado,2025-01-18 11:45:00,236452.0
27,CHOCÓ,27025,ALTO BAUDO,27025033,MIACORA(ALTO BAUDO - CHOCÓ),2025,1,0.0,0.0,59.975,No registra,2025-07-05 12:15:00,0.0
27,CHOCÓ,27025,ALTO BAUDO,27025035,PUERTO ALEGRE(ALTO BAUDO - CHOCÓ),2025,1,0.0,0.0,59.975,No registra,2025-01-04 09:15:00,0.0
27,CHOCÓ,27025,ALTO BAUDO,27025920,EL MORRO(ALTO BAUDO - CHOCÓ),2025,1,575.0,165.0,4.59,miércoles,2025-01-15 17:30:00,65806.0
27,CHOCÓ,27025,ALTO BAUDO,27025937,VILLA CECILIA(ALTO BAUDO - CHOCÓ),2025,1,287.0,97.0,3.3,domingo,2025-01-26 18:45:00,20081.0
27,CHOCÓ,27075,BAHÍA SOLANO,27075000,CIUDAD MUTIS(BAHÍA SOLANO - CHOCÓ),2025,1,821.664,209.935,1621.84,miércoles,2025-01-08 19:30:00,229919.0
27,CHOCÓ,27075,BAHÍA SOLANO,27075001,CUPICA(BAHÍA SOLANO - CHOCÓ),2025,1,58.482,16.265,122.21,viernes,2025-01-10 19:45:00,238952.0
27,CHOCÓ,27077,BAJO BAUDÓ,27077000,PIZARRO(BAJO BAUDÓ - CHOCÓ),2025,1,218.298,77.3,460.42,miércoles,2025-01-15 19:15:00,214597.0
27,CHOCÓ,27077,BAJO BAUDÓ,27077002,BELEN DE DOCAMPADO(BAJO BAUDÓ - CHOCÓ),2025,1,8.794,2.914,37.36,martes,2025-01-28 19:15:00,104839.0
27,CHOCÓ,27077,BAJO BAUDÓ,27077008,ORPUA(BAJO BAUDÓ - CHOCÓ),2025,1,348.0,265.0,5.1,martes,2025-01-07 18:30:00,41048.0
27,CHOCÓ,27077,BAJO BAUDÓ,27077011,PILIZA - BELLAVISTA - VILLA LUZ(BAJO BAUDÓ - CHOCÓ),2025,1,3.01,764.0,28.8,sábado,2025-01-04 12:45:00,48065.0
27,CHOCÓ,27077,BAJO BAUDÓ,27077016,SIVIRU(BAJO BAUDÓ - CHOCÓ),2025,1,4.5,1.787,43.4,martes,2025-01-21 19:00:00,51774.0
27,CHOCÓ,27077,BAJO BAUDÓ,27077019,VIRUDO(BAJO BAUDÓ - CHOCÓ),2025,1,0.0,0.0,59.975,No registra,2025-12-02 12:00:00,0.0
27,CHOCÓ,27077,BAJO BAUDÓ,27077026,GUINEAL(BAJO BAUDÓ - CHOCÓ),2025,1,4.183,4.01,21.6,sábado,2025-01-25 11:00:00,100887.0
27,CHOCÓ,27077,BAJO BAUDÓ,27077029,FIRME DE USARGA(BAJO BAUDÓ - CHOCÓ),2025,1,1.056,496.0,6.49,martes,2025-01-07 18:30:00,73306.0
27,CHOCÓ,27077,BAJO BAUDÓ,27077905,BUENAVISTA(BAJO BAUDÓ - CHOCÓ),2025,1,2.283,811.0,19.52,jueves,2025-01-23 18:45:00,51613.0
27,CHOCÓ,27077,BAJO BAUDÓ,27077916,TERRON(BAJO BAUDÓ - CHOCÓ),2025,1,1.926,849.0,24.58,sábado,2025-01-25 12:00:00,39839.0
27,CHOCÓ,27099,BOJAYÁ,27099005,NAPIPI(BOJAYÁ - CHOCÓ),2025,1,9.758,3.276,64.0,sábado,2025-01-11 19:15:00,625.0
27,CHOCÓ,27099,BOJAYÁ,27099012,POGUE(BOJAYÁ - CHOCÓ),2025,1,0.0,0.0,59.975,No registra,2025-06-20 21:15:00,0.0
27,CHOCÓ,27099,BOJAYÁ,27099030,PIEDRA CANDELA(BOJAYÁ - CHOCÓ),2025,1,8.04,3.602,38.78,viernes,2025-01-31 19:45:00,96935.0
27,CHOCÓ,27250,EL LITORAL DEL SAN JUAN,27250000,SANTA GENOVEVA DE DOCORDO(EL LITORAL DEL SAN JUAN - CHOCÓ),2025,1,83.135,40.325,237.07,miércoles,2025-01-22 18:45:00,150887.0
27,CHOCÓ,27250,EL LITORAL DEL SAN JUAN,27250023,PAPAYO(EL LITORAL DEL SAN JUAN - CHOCÓ),2025,1,3.505,1.268,16.85,lunes,2025-01-20 16:30:00,79435.0
27,CHOCÓ,27361,ISTMINA,27361023,POTEDÓ(ISTMINA - CHOCÓ),2025,1,0.0,0.0,59.975,No registra,2025-02-07 15:30:00,0.0
27,CHOCÓ,27361,ISTMINA,27361048,UNION CHOCO(ISTMINA - CHOCÓ),2025,1,675.0,265.0,8.8,miércoles,2025-01-15 08:30:00,46613.0
27,CHOCÓ,27372,JURADO,27372000,JURADO(JURADO - CHOCÓ),2025,1,183.724,60.518,336.96,jueves,2025-01-23 11:30:00,236048.0
27,CHOCÓ,27372,JURADO,27372901,SANTA TERESITA(JURADO - CHOCÓ),2025,1,562.0,30.0,20.84,miércoles,2025-01-15 11:45:00,24919.0
27,CHOCÓ,27372,JURADO,27372902,BUENAVISTA(JURADO - CHOCÓ),2025,1,1.407,392.0,13.42,jueves,2025-01-09 17:45:00,94677.0
27,CHOCÓ,27372,JURADO,27372905,DICHARDI(JURADO - CHOCÓ),2025,1,1.254,750.0,14.07,martes,2025-01-14 10:45:00,81694.0
27,CHOCÓ,27372,JURADO,27372907,EYASAKE(JURADO - CHOCÓ),2025,1,4.759,2.194,18.34,jueves,2025-01-02 14:00:00,109274.0
27,CHOCÓ,27372,JURADO,27372930,DOS BOCAS(JURADO - CHOCÓ),2025,1,386.0,149.0,16.73,jueves,2025-01-02 08:30:00,17258.0
27,CHOCÓ,27425,MEDIO ATRATO,27425000,BETE(MEDIO ATRATO - CHOCÓ),2025,1,11.191,4.784,88.0,viernes,2025-01-03 18:45:00,59839.0
27,CHOCÓ,27425,MEDIO ATRATO,27425008,SAN ROQUE(MEDIO ATRATO - CHOCÓ),2025,1,1.726,810.0,21.77,lunes,2025-01-06 21:15:00,38468.0
27,CHOCÓ,27491,NOVITA,27491004,JUNTAS DE TAMANA(NOVITA - CHOCÓ),2025,1,0.0,0.0,59.975,No registra,2025-09-07 11:15:00,0.0
27,CHOCÓ,27495,NUQUÍ,27495000,NUQUÍ(NUQUÍ - CHOCÓ),2025,1,307.255,96.616,571.65,viernes,2025-01-31 19:30:00,237742.0
27,CHOCÓ,27495,NUQUÍ,27495001,ARUSI(NUQUÍ - CHOCÓ),2025,1,19.917,7.897,55.2,lunes,2025-01-13 12:30:00,154919.0
27,CHOCÓ,27495,NUQUÍ,27495003,JURUBIRA(NUQUÍ - CHOCÓ),2025,1,0.0,0.0,59.975,No registra,2025-09-11 14:15:00,0.0
27,CHOCÓ,27495,NUQUÍ,27495008,JOVI(NUQUÍ - CHOCÓ),2025,1,8.428,3.183,28.23,martes,2025-01-21 20:00:00,156855.0
27,CHOCÓ,27495,NUQUÍ,27495010,TERMALES(NUQUÍ - CHOCÓ),2025,1,6.194,2.841,28.05,viernes,2025-01-24 12:15:00,109758.0
27,CHOCÓ,27495,NUQUÍ,27495011,COMUNIDAD DE PUERTO JAGUA(NUQUÍ - CHOCÓ),2025,1,966.0,325.0,5.86,jueves,2025-01-02 19:45:00,67903.0
27,CHOCÓ,27495,NUQUÍ,27495012,COMUNIDAD INDIG. PUERTO INDIO(NUQUÍ - CHOCÓ),2025,1,0.0,0.0,59.975,No registra,2025-11-07 19:00:00,0.0
27,CHOCÓ,27495,NUQUÍ,27495910,COMUNIDAD INDIG. DE RIO NUQUÍ(NUQUÍ - CHOCÓ),2025,1,957.0,163.0,4.35,jueves,2025-01-02 19:00:00,1075.0
27,CHOCÓ,27495,NUQUÍ,27495912,COMUNIDAD INDÍGENA DE PANGUI - EL YUCAL(NUQUÍ - CHOCÓ),2025,1,6.929,1.853,11.63,domingo,2025-01-12 06:45:00,221532.0
27,CHOCÓ,27600,RIO QUITO,27600001,BOCA DE APARTADO(RIO QUITO - CHOCÓ),2025,1,91.0,35.0,5.99,viernes,2025-01-03 18:45:00,629.0
27,CHOCÓ,27615,RIOSUCIO,27615011,SAN JOSE TAMBORAL(RIOSUCIO - CHOCÓ),2025,1,0.0,0.0,59.975,No registra,2025-10-29 08:00:00,0.0
27,CHOCÓ,27800,UNGUÍA,27800000,UNGUÍA(UNGUÍA - CHOCÓ),2025,1,483.641,150.6,979.97,jueves,2025-01-30 21:00:00,224194.0
27,CHOCÓ,27800,UNGUÍA,27800001,BALBOA(UNGUÍA - CHOCÓ),2025,1,28.264,10.382,90.29,lunes,2025-01-06 20:30:00,130645.0
27,CHOCÓ,27800,UNGUÍA,27800005,TITUMATE(UNGUÍA - CHOCÓ),2025,1,15.305,3.175,66.79,martes,2025-01-21 22:00:00,95968.0
44,LA GUAJIRA,44847,URIBIA,44847003,CABO DE LA VELA(URIBIA - LA GUAJIRA),2025,1,7.386,761.0,96.83,domingo,2025-01-12 19:00:00,35.0
44,LA GUAJIRA,44847,URIBIA,44847012,NAZARETH(URIBIA - LA GUAJIRA),2025,1,31.884,7.532,224.64,domingo,2025-01-19 18:15:00,55645.0
47,MAGDALENA,47189,CIÉNAGA,47189018,PALMOR(CIÉNAGA - MAGDALENA),2025,1,108.064,42.274,204.54,sábado,2025-01-04 18:45:00,238145.0
50,META,50325,MAPIRIPAN,50325000,MAPIRIPAN(MAPIRIPAN - META),2025,1,188.054,64.239,345.4,lunes,2025-01-20 17:15:00,24.0
52,NARIÑO,52250,EL CHARCO,52250005,LAS MERCEDES(EL CHARCO - NARIÑO),2025,1,56.0,131.0,13.7,miércoles,2025-01-01 01:15:00,1532.0
52,NARIÑO,52250,EL CHARCO,52250007,SAN JOSE DEL TAPAJE(EL CHARCO - NARIÑO),2025,1,5.554,2.106,32.0,jueves,2025-01-02 19:15:00,76855.0
52,NARIÑO,52250,EL CHARCO,52250016,ALTERON - URIBE URIBE(EL CHARCO - NARIÑO),2025,1,116.0,81.0,6.02,viernes,2025-01-31 19:30:00,8387.0
52,NARIÑO,52250,EL CHARCO,52250022,EL CUIL PUEBLO NUEVO(EL CHARCO - NARIÑO),2025,1,4.183,1.885,32.59,martes,2025-01-07 19:00:00,52258.0
52,NARIÑO,52390,LA TOLA,52390003,LA VIGIA DE LA MAR(LA TOLA - NARIÑO),2025,1,6.029,3.363,31.16,sábado,2025-01-04 12:30:00,9121.0
52,NARIÑO,52390,LA TOLA,52390005,AGUACATAL(LA TOLA - NARIÑO),2025,1,1.585,346.0,10.94,sábado,2025-01-18 18:00:00,59919.0
52,NARIÑO,52390,LA TOLA,52390009,MULATOS(LA TOLA - NARIÑO),2025,1,3.916,1.598,23.52,sábado,2025-01-04 18:30:00,78871.0
52,NARIÑO,52390,LA TOLA,52390013,AMARALES(LA TOLA - NARIÑO),2025,1,7.855,3.426,56.13,lunes,2025-01-06 19:45:00,69758.0
52,NARIÑO,52390,LA TOLA,52390016,SAN PABLO DEL MAR(LA TOLA - NARIÑO),2025,1,5.899,1.888,25.63,domingo,2025-01-05 19:00:00,97016.0
52,NARIÑO,52473,MOSQUERA,52473010,EL BAJITO DE ECHANDIA(MOSQUERA - NARIÑO),2025,1,2.677,1.005,14.42,viernes,2025-01-10 18:45:00,87177.0
52,NARIÑO,52490,OLAYA HERRERA,52490913,BOCA DE PRIETA(OLAYA HERRERA - NARIÑO),2025,1,1.147,269.0,12.31,jueves,2025-01-02 21:15:00,57258.0
52,NARIÑO,52621,ROBERTO PAYAN,52621912,TAMAJE(ROBERTO PAYAN - NARIÑO),2025,1,5.482,2.338,22.87,lunes,2025-01-27 14:45:00,975.0
52,NARIÑO,52696,SANTA BÁRBARA,52696014,LA ENSENADA(SANTA BÁRBARA - NARIÑO),2025,1,3.325,1.653,19.81,domingo,2025-01-05 19:45:00,69677.0
52,NARIÑO,52696,SANTA BÁRBARA,52696017,SANTA RITA(SANTA BÁRBARA - NARIÑO),2025,1,4.252,1.92,39.0,jueves,2025-01-02 19:00:00,4871.0
52,NARIÑO,52835,SAN ANDRÉS DE TUMACO,52835055,BOCAS DE CURAY(SAN ANDRÉS DE TUMACO - NARIÑO),2025,1,8.284,2.364,62.4,jueves,2025-01-30 18:15:00,5629.0
52,NARIÑO,52835,SAN ANDRÉS DE TUMACO,52835217,SAN JUAN DE LA COSTA(SAN ANDRÉS DE TUMACO - NARIÑO),2025,1,27.354,10.597,112.0,sábado,2025-01-04 18:30:00,110403.0
76,VALLE DEL CAUCA,76109,BUENAVENTURA,76109011,PASTICO(BUENAVENTURA - VALLE DEL CAUCA),2025,1,2.762,1.03,15.02,miércoles,2025-01-08 19:30:00,72258.0
76,VALLE DEL CAUCA,76109,BUENAVENTURA,76109018,CONCEPCION(BUENAVENTURA - VALLE DEL CAUCA),2025,1,0.0,0.0,59.975,No registra,2025-03-18 05:00:00,0.0
76,VALLE DEL CAUCA,76109,BUENAVENTURA,76109028,PUERTO MERIZALDE(BUENAVENTURA - VALLE DEL CAUCA),2025,1,99.026,32.025,203.81,miércoles,2025-01-29 20:15:00,219194.0
76,VALLE DEL CAUCA,76109,BUENAVENTURA,76109030,PUNTA SOLDADO(BUENAVENTURA - VALLE DEL CAUCA),2025,1,3.132,1.776,24.68,jueves,2025-01-23 19:30:00,62258.0
76,VALLE DEL CAUCA,76109,BUENAVENTURA,76109032,SAN FRANCISCO NAYA(BUENAVENTURA - VALLE DEL CAUCA),2025,1,8.329,4.12,34.18,jueves,2025-01-16 11:45:00,105726.0
76,VALLE DEL CAUCA,76109,BUENAVENTURA,76109034,SAN ISIDRO - CALIMA(BUENAVENTURA - VALLE DEL CAUCA),2025,1,7.263,1.706,75.22,viernes,2025-01-31 19:00:00,76048.0
76,VALLE DEL CAUCA,76109,BUENAVENTURA,76109040,VENERAL(BUENAVENTURA - VALLE DEL CAUCA),2025,1,550.0,119.0,12.28,sábado,2025-01-18 19:45:00,20726.0
76,VALLE DEL CAUCA,76109,BUENAVENTURA,76109069,PAPAYAL 1(BUENAVENTURA - VALLE DEL CAUCA),2025,1,7.916,1.387,32.95,domingo,2025-01-12 19:45:00,95242.0
76,VALLE DEL CAUCA,76109,BUENAVENTURA,76109081,PUNTA BONITA(BUENAVENTURA - VALLE DEL CAUCA),2025,1,5.453,3.228,22.83,jueves,2025-01-09 18:45:00,93468.0
76,VALLE DEL CAUCA,76109,BUENAVENTURA,76109105,PITAL(BUENAVENTURA - VALLE DEL CAUCA),2025,1,2.865,537.0,17.26,viernes,2025-01-31 07:45:00,64194.0
76,VALLE DEL CAUCA,76109,BUENAVENTURA,76109817,SANTA MARIA 1 NAYA(BUENAVENTURA - VALLE DEL CAUCA),2025,1,1.012,334.0,10.31,sábado,2025-01-18 19:15:00,39194.0
76,VALLE DEL CAUCA,76109,BUENAVENTURA,76109863,SAN ANTONIO (BUENAVENTURA - VALLE DEL CAUCA),2025,1,2.138,552.0,8.14,viernes,2025-01-10 01:00:00,122016.0
76,VALLE DEL CAUCA,76109,BUENAVENTURA,76109904,SAN ANTONIO (RIO CAJAMBRE)(BUENAVENTURA - VALLE DEL CAUCA),2025,1,5.178,1.418,30.2,miércoles,2025-01-22 19:15:00,69758.0
76,VALLE DEL CAUCA,76109,BUENAVENTURA,76109913,MAYORQUIN(BUENAVENTURA - VALLE DEL CAUCA),2025,1,2.377,894.0,15.37,domingo,2025-01-26 20:30:00,6129.0
76,VALLE DEL CAUCA,76109,BUENAVENTURA,76109930,GALVEZ(BUENAVENTURA - VALLE DEL CAUCA),2025,1,2.696,468.0,9.69,viernes,2025-01-03 18:30:00,105806.0
76,VALLE DEL CAUCA,76109,BUENAVENTURA,76109957,HUMANES MAR(BUENAVENTURA - VALLE DEL CAUCA),2025,1,2.02,219.0,13.19,sábado,2025-01-25 10:45:00,94919.0
86,PUTUMAYO,86573,PUERTO LEGUIZAMO,86573000,PUERTO LEGUIZAMO(PUERTO LEGUIZAMO - PUTUMAYO),2025,1,988.628,280.577,1978.42,jueves,2025-01-23 13:45:00,237823.0
86,PUTUMAYO,86573,PUERTO LEGUIZAMO,86573009,PIÑUÑA NEGRO(PUERTO LEGUIZAMO - PUTUMAYO),2025,1,2.928,1.717,22.4,miércoles,2025-01-01 00:15:00,55.0
88,ARCHIPIÉLAGO DE SAN ANDRÉS y PROVIDENCIA,88001,SAN ANDRÉS,88001000,SAN ANDRÉS(SAN ANDRÉS - ARCHIPIÉLAGO DE SAN ANDRÉS y PROVIDENCIA ),2025,1,,,29993.08,miércoles,2025-01-29 16:00:00,24.0
88,ARCHIPIÉLAGO DE SAN ANDRÉS y PROVIDENCIA,88564,PROVIDENCIA,88564000,PROVIDENCIA(PROVIDENCIA - ARCHIPIÉLAGO DE SAN ANDRÉS y PROVIDENCIA ),2025,1,,220.252,1841.87,lunes,2025-01-27 14:15:00,24.0
91,AMAZONAS,91001,LETICIA,91001000,LETICIA(LETICIA - AMAZONAS),2025,1,,983.686,8037.52,viernes,2025-01-17 15:30:00,24.0
91,AMAZONAS,91540,PUERTO NARIÑO,91540000,PUERTO NARIÑO(PUERTO NARIÑO - AMAZONAS),2025,1,133.145,42.384,260.8,viernes,2025-01-17 18:45:00,24.0
91,AMAZONAS,91798,TARAPACA (ANM),91798000,TARAPACA(TARAPACA (ANM) - AMAZONAS),2025,1,25.128,11.309,92.79,lunes,2025-01-20 19:15:00,102661.0
94,GUAINÍA,94001,INÍRIDA,94001000,INÍRIDA(INÍRIDA - GUAINÍA),2025,1,,623.725,4364.8,miércoles,2025-01-29 14:30:00,24.0
94,GUAINÍA,94001,INÍRIDA,94001905,CHORRO BOCON(INÍRIDA - GUAINÍA),2025,1,4.719,358.0,16.03,domingo,2025-01-05 19:45:00,166935.0
94,GUAINÍA,94001,INÍRIDA,94001916,VENADO(INÍRIDA - GUAINÍA),2025,1,3.246,781.0,10.79,sábado,2025-01-11 21:15:00,227419.0
94,GUAINÍA,94001,INÍRIDA,94001966,LAGUNA COLORADA ALTA(INÍRIDA - GUAINÍA),2025,1,9.095,449.0,28.37,domingo,2025-01-19 18:30:00,160645.0
94,GUAINÍA,94343,BARRANCO MINAS,94343900,CARPINTERO(BARRANCO MINAS - GUAINÍA),2025,1,1.35,602.0,4.01,viernes,2025-01-31 19:00:00,97984.0
94,GUAINÍA,94343,BARRANCO MINAS,94343901,CHATARE(BARRANCO MINAS - GUAINÍA),2025,1,1.828,166.0,4.35,lunes,2025-01-20 18:45:00,227177.0
95,GUAVIARE,95001,SAN JOSÉ DEL GUAVIARE,95001012,CACHICAMO(SAN JOSÉ DEL GUAVIARE - GUAVIARE),2025,1,11.228,4.673,36.99,sábado,2025-01-11 18:30:00,140323.0
95,GUAVIARE,95200,MIRAFLORES,95200000,MIRAFLORES(MIRAFLORES - GUAVIARE),2025,1,116.405,19.002,224.11,viernes,2025-01-10 18:45:00,24.0
97,VAUPÉS,97001,MITÚ,97001000,MITÚ(MITÚ - VAUPÉS),2025,1,,375.51,3248.54,lunes,2025-01-20 12:00:00,24.0
97,VAUPÉS,97161,CARURÚ,97161000,CARURÚ(CARURÚ - VAUPÉS),2025,1,34.438,5.807,90.02,miércoles,2025-01-22 16:00:00,169839.0
97,VAUPÉS,97666,TARAIRA,97666000,TARAIRA(TARAIRA - VAUPÉS),2025,1,41.498,11.122,129.54,lunes,2025-01-27 12:30:00,144435.0
99,VICHADA,99001,PUERTO CARREÑO,99001000,PUERTO CARREÑO(PUERTO CARREÑO - VICHADA),2025,1,,711.768,5138.32,miércoles,2025-01-29 14:15:00,234516.0
99,VICHADA,99773,CUMARIBO,99773000,CUMARIBO(CUMARIBO - VICHADA),2025,1,370.705,140.716,749.46,miércoles,2025-01-29 14:30:00,237419.0
5,ANTIOQUIA,5873,VIGÍA DEL FUERTE,5873001,SAN ANTONIO DE PADUA(VIGÍA DEL FUERTE - ANTIOQUIA),2025,2,9.416,0.0,37.98,jueves,2025-02-20 19:15:00,137411.0
5,ANTIOQUIA,5873,VIGÍA DEL FUERTE,5873005,SAN MIGUEL(VIGÍA DEL FUERTE - ANTIOQUIA),2025,2,4.162,1.989,16.67,domingo,2025-02-02 15:00:00,111786.0
5,ANTIOQUIA,5873,VIGÍA DEL FUERTE,5873010,LA PLAYA MURRI (VIGÍA DEL FUERTE - ANTIOQUIA),2025,2,3.438,1.318,23.14,domingo,2025-02-23 18:45:00,99911.0
5,ANTIOQUIA,5873,VIGÍA DEL FUERTE,5873013,LOMA MURRI(VIGÍA DEL FUERTE - ANTIOQUIA),2025,2,2.542,1.057,29.97,domingo,2025-02-02 19:00:00,44464.0
5,ANTIOQUIA,5873,VIGÍA DEL FUERTE,5873910,PUERTO MEDELLÍN(VIGÍA DEL FUERTE - ANTIOQUIA),2025,2,2.146,736.0,13.35,viernes,2025-02-28 12:00:00,105268.0
5,ANTIOQUIA,5873,VIGÍA DEL FUERTE,5873913,JARAPETO (RESGUARDO INDÍGENA)(VIGÍA DEL FUERTE - ANTIOQUIA),2025,2,365.0,216.0,2.62,domingo,2025-02-09 19:45:00,27232.0
13,BOLÍVAR,13001,CARTAGENA DE INDIAS,13001017,SANTA CRUZ DEL ISLOTE(CARTAGENA DE INDIAS - BOLÍVAR),2025,2,11.224,3.035,49.6,jueves,2025-02-20 22:15:00,106429.0
13,BOLÍVAR,13001,CARTAGENA DE INDIAS,13001037,ISLA MUCURA(CARTAGENA DE INDIAS - BOLÍVAR),2025,2,5.255,1.783,19.36,martes,2025-02-25 23:30:00,117143.0
5,ANTIOQUIA,5873,VIGÍA DEL FUERTE,5873910,PUERTO MEDELLÍN,2025,12,1.055,456.0,109868.0,martes,2025-12-16 18:30:00,480.0
18,CAQUETÁ,18150,CARTAGENA DEL CHAIRA,18150001,REMOLINO DEL CAGUAN(CARTAGENA DEL CHAIRA - CAQUETÁ),2025,2,8.8,3.204,103.01,sábado,2025-02-15 19:15:00,37232.0
18,CAQUETÁ,18150,CARTAGENA DEL CHAIRA,18150002,SANTA FE DEL CAGUAN(CARTAGENA DEL CHAIRA - CAQUETÁ),2025,2,2.991,1.221,41.48,jueves,2025-02-13 19:15:00,35446.0
18,CAQUETÁ,18753,SAN VICENTE DEL CAGUÁN,18753009,PUERTO BETANIA(SAN VICENTE DEL CAGUÁN - CAQUETÁ),2025,2,5.257,1.793,39.76,jueves,2025-02-27 19:15:00,66964.0
18,CAQUETÁ,18753,SAN VICENTE DEL CAGUÁN,18753012,SANTA ROSA(SAN VICENTE DEL CAGUÁN - CAQUETÁ),2025,2,2.563,1.104,28.21,sábado,2025-02-22 18:15:00,72589.0
18,CAQUETÁ,18753,SAN VICENTE DEL CAGUÁN,18753033,VILLA LOBOS(SAN VICENTE DEL CAGUÁN - CAQUETÁ),2025,2,6.176,2.198,56.17,viernes,2025-02-21 19:45:00,50982.0
19,CAUCA,19318,GUAPI,19318008,LIMONES(GUAPI - CAUCA),2025,2,7.909,3.975,39.63,sábado,2025-02-01 19:30:00,9375.0
19,CAUCA,19318,GUAPI,19318013,SAN ANTONIO DE GUAJUI(GUAPI - CAUCA),2025,2,10.034,5.646,52.21,miércoles,2025-02-05 20:15:00,83661.0
19,CAUCA,19418,LÓPEZ DE MICAY,19418009,NOANAMITO(LÓPEZ DE MICAY - CAUCA),2025,2,6.602,3.088,36.0,sábado,2025-02-01 18:45:00,82054.0
19,CAUCA,19418,LÓPEZ DE MICAY,19418033,BOCA GRANDE(LÓPEZ DE MICAY - CAUCA),2025,2,3.752,1.164,54.92,viernes,2025-02-28 19:30:00,42768.0
19,CAUCA,19809,TIMBIQUÍ,19809003,COTEJE(TIMBIQUÍ - CAUCA),2025,2,4.888,3.733,29.0,jueves,2025-02-13 19:15:00,74286.0
19,CAUCA,19809,TIMBIQUÍ,19809007,SAN JOSE(TIMBIQUÍ - CAUCA),2025,2,5.656,3.181,34.85,martes,2025-02-18 19:30:00,71161.0
19,CAUCA,19809,TIMBIQUÍ,19809009,SANTA ROSA DE SAIJA(TIMBIQUÍ - CAUCA),2025,2,3.215,1.004,22.3,sábado,2025-02-22 20:45:00,64643.0
19,CAUCA,19809,TIMBIQUÍ,19809010,COMUNIDAD DE CHETE(TIMBIQUÍ - CAUCA),2025,2,3.893,1.53,30.66,viernes,2025-02-07 18:15:00,54732.0
19,CAUCA,19809,TIMBIQUÍ,19809014,CHACON(TIMBIQUÍ - CAUCA),2025,2,3.422,420.0,18.54,sábado,2025-02-15 16:45:00,82321.0
27,CHOCÓ,27001,QUIBDÓ,27001029,TAGACHI(QUIBDÓ - CHOCÓ),2025,2,5.139,1.804,47.69,domingo,2025-02-02 19:30:00,53839.0
27,CHOCÓ,27006,ACANDÍ,27006000,ACANDÍ(ACANDÍ - CHOCÓ),2025,2,601.137,169.131,1381.25,martes,2025-02-18 21:15:00,199196.0
27,CHOCÓ,27006,ACANDÍ,27006007,SAN FRANCISCO(ACANDÍ - CHOCÓ),2025,2,22.355,8.796,114.88,sábado,2025-02-08 20:00:00,94018.0
27,CHOCÓ,27025,ALTO BAUDO,27025000,CIUDAD BAUDO - PIE DE PATO(ALTO BAUDO - CHOCÓ),2025,2,48.289,16.66,123.29,sábado,2025-02-08 12:45:00,239554.0
27,CHOCÓ,27025,ALTO BAUDO,27025033,MIACORA(ALTO BAUDO - CHOCÓ),2025,2,64.0,0.0,2.21,jueves,2025-02-20 18:45:00,804.0
27,CHOCÓ,27025,ALTO BAUDO,27025035,PUERTO ALEGRE(ALTO BAUDO - CHOCÓ),2025,2,417.0,137.0,4.7,lunes,2025-02-24 19:00:00,39464.0
27,CHOCÓ,27025,ALTO BAUDO,27025920,EL MORRO(ALTO BAUDO - CHOCÓ),2025,2,508.0,140.0,4.35,jueves,2025-02-06 20:00:00,63125.0
27,CHOCÓ,27025,ALTO BAUDO,27025937,VILLA CECILIA(ALTO BAUDO - CHOCÓ),2025,2,248.0,85.0,3.37,sábado,2025-02-15 15:15:00,15893.0
27,CHOCÓ,27075,BAHÍA SOLANO,27075000,CIUDAD MUTIS(BAHÍA SOLANO - CHOCÓ),2025,2,782.425,223.67,1800.48,miércoles,2025-02-05 13:00:00,232857.0
27,CHOCÓ,27075,BAHÍA SOLANO,27075001,CUPICA(BAHÍA SOLANO - CHOCÓ),2025,2,58.536,17.537,140.34,miércoles,2025-02-19 12:15:00,24.0
27,CHOCÓ,27077,BAJO BAUDÓ,27077000,PIZARRO(BAJO BAUDÓ - CHOCÓ),2025,2,182.176,64.837,524.83,miércoles,2025-02-26 20:30:00,1925.0
27,CHOCÓ,27077,BAJO BAUDÓ,27077002,BELEN DE DOCAMPADO(BAJO BAUDÓ - CHOCÓ),2025,2,7.747,2.549,38.74,domingo,2025-02-16 20:00:00,99107.0
27,CHOCÓ,27077,BAJO BAUDÓ,27077008,ORPUA(BAJO BAUDÓ - CHOCÓ),2025,2,514.0,338.0,5.25,sábado,2025-02-22 12:15:00,55804.0
27,CHOCÓ,27077,BAJO BAUDÓ,27077011,PILIZA - BELLAVISTA - VILLA LUZ(BAJO BAUDÓ - CHOCÓ),2025,2,3.459,895.0,25.6,sábado,2025-02-01 19:00:00,65536.0
27,CHOCÓ,27077,BAJO BAUDÓ,27077016,SIVIRU(BAJO BAUDÓ - CHOCÓ),2025,2,6.259,2.602,43.07,domingo,2025-02-16 11:45:00,76161.0
27,CHOCÓ,27077,BAJO BAUDÓ,27077019,VIRUDO(BAJO BAUDÓ - CHOCÓ),2025,2,3.78,1.817,28.84,miércoles,2025-02-12 21:45:00,58929.0
27,CHOCÓ,27077,BAJO BAUDÓ,27077026,GUINEAL(BAJO BAUDÓ - CHOCÓ),2025,2,3.803,3.796,22.17,martes,2025-02-25 19:00:00,10.0
27,CHOCÓ,27077,BAJO BAUDÓ,27077029,FIRME DE USARGA(BAJO BAUDÓ - CHOCÓ),2025,2,602.0,266.0,6.44,sábado,2025-02-22 19:00:00,44821.0
27,CHOCÓ,27077,BAJO BAUDÓ,27077905,BUENAVISTA(BAJO BAUDÓ - CHOCÓ),2025,2,4.108,1.581,17.44,sábado,2025-02-15 11:45:00,102054.0
27,CHOCÓ,27077,BAJO BAUDÓ,27077911,PLAYA NUEVA(BAJO BAUDÓ - CHOCÓ),2025,2,3.055,1.3,17.08,jueves,2025-02-27 08:15:00,88125.0
27,CHOCÓ,27077,BAJO BAUDÓ,27077916,TERRON(BAJO BAUDÓ - CHOCÓ),2025,2,80.0,35.0,19.31,sábado,2025-02-01 13:45:00,1696.0
27,CHOCÓ,27099,BOJAYÁ,27099002,LA LOMA DE BOJAYA(BOJAYÁ - CHOCÓ),2025,2,12.398,5.373,70.02,viernes,2025-02-14 18:45:00,84554.0
27,CHOCÓ,27099,BOJAYÁ,27099005,NAPIPI(BOJAYÁ - CHOCÓ),2025,2,9.01,3.041,67.2,sábado,2025-02-22 18:45:00,64554.0
27,CHOCÓ,27099,BOJAYÁ,27099012,POGUE(BOJAYÁ - CHOCÓ),2025,2,0.0,0.0,59.975,No registra,2025-09-30 17:00:00,0.0
27,CHOCÓ,27099,BOJAYÁ,27099030,PIEDRA CANDELA(BOJAYÁ - CHOCÓ),2025,2,7.409,3.118,37.83,sábado,2025-02-01 20:00:00,96518.0
27,CHOCÓ,27099,BOJAYÁ,27099905,CHANO(BOJAYÁ - CHOCÓ),2025,2,773.0,30.0,7.68,viernes,2025-02-07 20:15:00,60446.0
27,CHOCÓ,27250,EL LITORAL DEL SAN JUAN,27250000,SANTA GENOVEVA DE DOCORDO(EL LITORAL DEL SAN JUAN - CHOCÓ),2025,2,84.098,41.169,249.22,miércoles,2025-02-19 19:45:00,162946.0
27,CHOCÓ,27250,EL LITORAL DEL SAN JUAN,27250023,PAPAYO(EL LITORAL DEL SAN JUAN - CHOCÓ),2025,2,1.879,668.0,16.73,sábado,2025-02-15 19:00:00,47321.0
27,CHOCÓ,27361,ISTMINA,27361023,POTEDÓ(ISTMINA - CHOCÓ),2025,2,0.0,0.0,59.975,No registra,2025-08-30 07:00:00,0.0
27,CHOCÓ,27361,ISTMINA,27361048,UNION CHOCO(ISTMINA - CHOCÓ),2025,2,0.0,0.0,59.975,No registra,2025-04-16 03:00:00,0.0
27,CHOCÓ,27372,JURADO,27372000,JURADO(JURADO - CHOCÓ),2025,2,173.888,57.746,362.72,jueves,2025-02-06 19:00:00,24.0
27,CHOCÓ,27372,JURADO,27372901,SANTA TERESITA(JURADO - CHOCÓ),2025,2,1.321,9.0,20.57,domingo,2025-02-16 10:45:00,57946.0
27,CHOCÓ,27372,JURADO,27372902,BUENAVISTA(JURADO - CHOCÓ),2025,2,1.123,333.0,12.68,martes,2025-02-18 18:45:00,7375.0
27,CHOCÓ,27372,JURADO,27372905,DICHARDI(JURADO - CHOCÓ),2025,2,805.0,552.0,13.46,viernes,2025-02-21 18:45:00,55.0
27,CHOCÓ,27372,JURADO,27372907,EYASAKE(JURADO - CHOCÓ),2025,2,2.707,1.315,18.44,domingo,2025-02-09 17:00:00,66429.0
27,CHOCÓ,27372,JURADO,27372930,DOS BOCAS(JURADO - CHOCÓ),2025,2,0.0,0.0,59.975,No registra,2025-08-09 16:45:00,0.0
27,CHOCÓ,27425,MEDIO ATRATO,27425000,BETE(MEDIO ATRATO - CHOCÓ),2025,2,8.692,3.605,80.0,domingo,2025-02-02 20:00:00,51339.0
27,CHOCÓ,27425,MEDIO ATRATO,27425008,SAN ROQUE(MEDIO ATRATO - CHOCÓ),2025,2,505.0,244.0,16.51,martes,2025-02-04 19:30:00,14821.0
27,CHOCÓ,27491,NOVITA,27491004,JUNTAS DE TAMANA(NOVITA - CHOCÓ),2025,2,0.0,0.0,59.975,No registra,2025-01-09 10:15:00,0.0
27,CHOCÓ,27495,NUQUÍ,27495000,NUQUÍ(NUQUÍ - CHOCÓ),2025,2,273.998,86.216,539.26,jueves,2025-02-13 19:45:00,239554.0
27,CHOCÓ,27495,NUQUÍ,27495001,ARUSI(NUQUÍ - CHOCÓ),2025,2,21.101,8.248,60.0,jueves,2025-02-27 19:15:00,182768.0
27,CHOCÓ,27495,NUQUÍ,27495003,JURUBIRA(NUQUÍ - CHOCÓ),2025,2,0.0,0.0,59.975,No registra,2025-11-20 10:00:00,0.0
27,CHOCÓ,27495,NUQUÍ,27495008,JOVI(NUQUÍ - CHOCÓ),2025,2,7.443,2.864,23.16,lunes,2025-02-10 19:45:00,155268.0
27,CHOCÓ,27495,NUQUÍ,27495010,TERMALES(NUQUÍ - CHOCÓ),2025,2,8.257,4.097,27.21,viernes,2025-02-14 20:00:00,1425.0
27,CHOCÓ,27495,NUQUÍ,27495011,COMUNIDAD DE PUERTO JAGUA(NUQUÍ - CHOCÓ),2025,2,838.0,289.0,7.32,domingo,2025-02-16 19:45:00,62321.0
27,CHOCÓ,27495,NUQUÍ,27495012,COMUNIDAD INDIG. PUERTO INDIO(NUQUÍ - CHOCÓ),2025,2,0.0,0.0,59.975,No registra,2025-03-18 12:15:00,0.0
27,CHOCÓ,27495,NUQUÍ,27495910,COMUNIDAD INDIG. DE RIO NUQUÍ(NUQUÍ - CHOCÓ),2025,2,738.0,154.0,3.81,martes,2025-02-18 21:00:00,96607.0
27,CHOCÓ,27495,NUQUÍ,27495912,COMUNIDAD INDÍGENA DE PANGUI - EL YUCAL(NUQUÍ - CHOCÓ),2025,2,7.503,1.796,11.6,sábado,2025-02-08 16:15:00,237589.0
27,CHOCÓ,27600,RIO QUITO,27600001,BOCA DE APARTADO(RIO QUITO - CHOCÓ),2025,2,160.0,69.0,6.41,viernes,2025-02-28 19:30:00,13304.0
27,CHOCÓ,27615,RIOSUCIO,27615011,SAN JOSE TAMBORAL(RIOSUCIO - CHOCÓ),2025,2,0.0,0.0,59.975,No registra,2025-06-05 10:45:00,0.0
27,CHOCÓ,27800,UNGUÍA,27800000,UNGUÍA(UNGUÍA - CHOCÓ),2025,2,439.068,137.718,986.3,miércoles,2025-02-12 21:15:00,224196.0
27,CHOCÓ,27800,UNGUÍA,27800001,BALBOA(UNGUÍA - CHOCÓ),2025,2,24.813,9.328,89.62,martes,2025-02-11 19:45:00,127589.0
27,CHOCÓ,27800,UNGUÍA,27800005,TITUMATE(UNGUÍA - CHOCÓ),2025,2,14.149,2.895,66.09,martes,2025-02-04 21:15:00,109464.0
44,LA GUAJIRA,44847,URIBIA,44847003,CABO DE LA VELA(URIBIA - LA GUAJIRA),2025,2,4.417,404.0,92.85,martes,2025-02-25 20:30:00,21875.0
44,LA GUAJIRA,44847,URIBIA,44847012,NAZARETH(URIBIA - LA GUAJIRA),2025,2,30.237,7.062,244.8,miércoles,2025-02-19 18:45:00,53393.0
47,MAGDALENA,47189,CIÉNAGA,47189018,PALMOR(CIÉNAGA - MAGDALENA),2025,2,98.016,34.33,205.57,sábado,2025-02-01 18:45:00,234911.0
50,META,50325,MAPIRIPAN,50325000,MAPIRIPAN(MAPIRIPAN - META),2025,2,176.906,58.075,370.48,miércoles,2025-02-26 16:30:00,239643.0
52,NARIÑO,52250,EL CHARCO,52250005,LAS MERCEDES(EL CHARCO - NARIÑO),2025,2,0.0,0.0,59.975,No registra,2025-10-04 15:30:00,0.0
52,NARIÑO,52250,EL CHARCO,52250007,SAN JOSE DEL TAPAJE(EL CHARCO - NARIÑO),2025,2,5.832,1.308,56.0,viernes,2025-02-07 18:15:00,50268.0
52,NARIÑO,52250,EL CHARCO,52250016,ALTERON - URIBE URIBE(EL CHARCO - NARIÑO),2025,2,1.017,626.0,8.14,miércoles,2025-02-26 19:30:00,73482.0
52,NARIÑO,52250,EL CHARCO,52250022,EL CUIL PUEBLO NUEVO(EL CHARCO - NARIÑO),2025,2,2.933,1.328,32.42,sábado,2025-02-22 19:00:00,40714.0
52,NARIÑO,52390,LA TOLA,52390003,LA VIGIA DE LA MAR(LA TOLA - NARIÑO),2025,2,4.388,2.798,28.84,miércoles,2025-02-19 18:45:00,70179.0
52,NARIÑO,52390,LA TOLA,52390005,AGUACATAL(LA TOLA - NARIÑO),2025,2,2.501,568.0,10.29,lunes,2025-02-10 19:45:00,110089.0
52,NARIÑO,52390,LA TOLA,52390009,MULATOS(LA TOLA - NARIÑO),2025,2,3.719,1.831,23.74,sábado,2025-02-15 16:45:00,79286.0
52,NARIÑO,52390,LA TOLA,52390013,AMARALES(LA TOLA - NARIÑO),2025,2,6.548,2.761,55.65,lunes,2025-02-10 19:30:00,63482.0
52,NARIÑO,52390,LA TOLA,52390016,SAN PABLO DEL MAR(LA TOLA - NARIÑO),2025,2,4.541,1.405,24.29,domingo,2025-02-16 19:00:00,83125.0
52,NARIÑO,52473,MOSQUERA,52473010,EL BAJITO DE ECHANDIA(MOSQUERA - NARIÑO),2025,2,0.0,0.0,59.975,No registra,2025-10-22 15:15:00,0.0
52,NARIÑO,52490,OLAYA HERRERA,52490913,BOCA DE PRIETA(OLAYA HERRERA - NARIÑO),2025,2,642.0,232.0,10.54,viernes,2025-02-07 16:45:00,26518.0
52,NARIÑO,52621,ROBERTO PAYAN,52621912,TAMAJE(ROBERTO PAYAN - NARIÑO),2025,2,5.024,1.963,24.12,sábado,2025-02-01 19:15:00,94464.0
52,NARIÑO,52696,SANTA BÁRBARA,52696014,LA ENSENADA(SANTA BÁRBARA - NARIÑO),2025,2,2.922,1.538,20.45,martes,2025-02-25 19:30:00,65446.0
52,NARIÑO,52696,SANTA BÁRBARA,52696017,SANTA RITA(SANTA BÁRBARA - NARIÑO),2025,2,296.0,153.0,31.6,domingo,2025-02-02 20:15:00,375.0
52,NARIÑO,52835,SAN ANDRÉS DE TUMACO,52835055,BOCAS DE CURAY(SAN ANDRÉS DE TUMACO - NARIÑO),2025,2,6.07,2.134,50.4,miércoles,2025-02-05 19:15:00,57054.0
52,NARIÑO,52835,SAN ANDRÉS DE TUMACO,52835217,SAN JUAN DE LA COSTA(SAN ANDRÉS DE TUMACO - NARIÑO),2025,2,22.148,8.394,121.6,lunes,2025-02-24 19:15:00,99375.0
76,VALLE DEL CAUCA,76109,BUENAVENTURA,76109011,PASTICO(BUENAVENTURA - VALLE DEL CAUCA),2025,2,3.232,1.323,21.14,domingo,2025-02-23 13:45:00,97679.0
76,VALLE DEL CAUCA,76109,BUENAVENTURA,76109018,CONCEPCION(BUENAVENTURA - VALLE DEL CAUCA),2025,2,0.0,0.0,59.975,No registra,2025-12-22 11:15:00,0.0
5,ANTIOQUIA,5873,VIGÍA DEL FUERTE,5873910,PUERTO MEDELLÍN,2026,1,1.595,651.0,130536.0,viernes,2026-01-09 18:00:00,722.0
76,VALLE DEL CAUCA,76109,BUENAVENTURA,76109028,PUERTO MERIZALDE(BUENAVENTURA - VALLE DEL CAUCA),2025,2,79.358,27.491,209.09,miércoles,2025-02-19 20:00:00,197232.0
76,VALLE DEL CAUCA,76109,BUENAVENTURA,76109030,PUNTA SOLDADO(BUENAVENTURA - VALLE DEL CAUCA),2025,2,8.296,2.865,54.23,domingo,2025-02-16 18:30:00,108571.0
76,VALLE DEL CAUCA,76109,BUENAVENTURA,76109032,SAN FRANCISCO NAYA(BUENAVENTURA - VALLE DEL CAUCA),2025,2,6.789,2.755,32.48,domingo,2025-02-23 11:30:00,96518.0
76,VALLE DEL CAUCA,76109,BUENAVENTURA,76109034,SAN ISIDRO - CALIMA(BUENAVENTURA - VALLE DEL CAUCA),2025,2,19.168,3.767,95.17,jueves,2025-02-20 19:00:00,89375.0
76,VALLE DEL CAUCA,76109,BUENAVENTURA,76109040,VENERAL(BUENAVENTURA - VALLE DEL CAUCA),2025,2,3.936,406.0,28.39,jueves,2025-02-13 20:00:00,65804.0
76,VALLE DEL CAUCA,76109,BUENAVENTURA,76109069,PAPAYAL 1(BUENAVENTURA - VALLE DEL CAUCA),2025,2,8.952,1.51,51.61,jueves,2025-02-13 19:30:00,104464.0
76,VALLE DEL CAUCA,76109,BUENAVENTURA,76109081,PUNTA BONITA(BUENAVENTURA - VALLE DEL CAUCA),2025,2,5.169,3.216,21.2,sábado,2025-02-08 17:45:00,105714.0
76,VALLE DEL CAUCA,76109,BUENAVENTURA,76109105,PITAL(BUENAVENTURA - VALLE DEL CAUCA),2025,2,2.89,600.0,19.03,sábado,2025-02-01 18:00:00,6875.0
76,VALLE DEL CAUCA,76109,BUENAVENTURA,76109863,SAN ANTONIO (BUENAVENTURA - VALLE DEL CAUCA),2025,2,1.623,377.0,8.09,miércoles,2025-02-12 15:45:00,95179.0
76,VALLE DEL CAUCA,76109,BUENAVENTURA,76109904,SAN ANTONIO (RIO CAJAMBRE)(BUENAVENTURA - VALLE DEL CAUCA),2025,2,4.317,1.296,31.68,jueves,2025-02-06 11:15:00,68661.0
76,VALLE DEL CAUCA,76109,BUENAVENTURA,76109913,MAYORQUIN(BUENAVENTURA - VALLE DEL CAUCA),2025,2,2.737,1.152,15.98,domingo,2025-02-09 20:30:00,77946.0
76,VALLE DEL CAUCA,76109,BUENAVENTURA,76109930,GALVEZ(BUENAVENTURA - VALLE DEL CAUCA),2025,2,4.253,750.0,19.68,sábado,2025-02-22 20:00:00,104018.0
76,VALLE DEL CAUCA,76109,BUENAVENTURA,76109957,HUMANES MAR(BUENAVENTURA - VALLE DEL CAUCA),2025,2,1.336,153.0,11.97,sábado,2025-02-01 11:00:00,85446.0
86,PUTUMAYO,86573,PUERTO LEGUIZAMO,86573000,PUERTO LEGUIZAMO(PUERTO LEGUIZAMO - PUTUMAYO),2025,2,880.009,247.118,2025.06,miércoles,2025-02-05 15:00:00,235357.0
86,PUTUMAYO,86573,PUERTO LEGUIZAMO,86573009,PIÑUÑA NEGRO(PUERTO LEGUIZAMO - PUTUMAYO),2025,2,4.325,2.474,35.2,domingo,2025-02-16 17:15:00,76607.0
88,ARCHIPIÉLAGO DE SAN ANDRÉS y PROVIDENCIA,88001,SAN ANDRÉS,88001000,SAN ANDRÉS(SAN ANDRÉS - ARCHIPIÉLAGO DE SAN ANDRÉS y PROVIDENCIA ),2025,2,,,29805.72,viernes,2025-02-28 16:15:00,24.0
88,ARCHIPIÉLAGO DE SAN ANDRÉS y PROVIDENCIA,88564,PROVIDENCIA,88564000,PROVIDENCIA(PROVIDENCIA - ARCHIPIÉLAGO DE SAN ANDRÉS y PROVIDENCIA ),2025,2,,203.998,1904.02,viernes,2025-02-28 15:00:00,239554.0
91,AMAZONAS,91001,LETICIA,91001000,LETICIA(LETICIA - AMAZONAS),2025,2,,845.293,7851.44,martes,2025-02-04 15:45:00,24.0
91,AMAZONAS,91540,PUERTO NARIÑO,91540000,PUERTO NARIÑO(PUERTO NARIÑO - AMAZONAS),2025,2,116.955,36.836,262.4,martes,2025-02-04 14:30:00,24.0
91,AMAZONAS,91798,TARAPACA (ANM),91798000,TARAPACA(TARAPACA (ANM) - AMAZONAS),2025,2,22.861,10.287,95.28,miércoles,2025-02-19 20:00:00,102411.0
94,GUAINÍA,94001,INÍRIDA,94001000,INÍRIDA(INÍRIDA - GUAINÍA),2025,2,,594.152,4552.24,miércoles,2025-02-26 14:45:00,24.0
94,GUAINÍA,94001,INÍRIDA,94001905,CHORRO BOCON(INÍRIDA - GUAINÍA),2025,2,4.79,7.0,17.36,jueves,2025-02-27 20:00:00,163571.0
94,GUAINÍA,94001,INÍRIDA,94001916,VENADO(INÍRIDA - GUAINÍA),2025,2,2.918,681.0,9.81,miércoles,2025-02-26 19:00:00,239821.0
94,GUAINÍA,94001,INÍRIDA,94001966,LAGUNA COLORADA ALTA(INÍRIDA - GUAINÍA),2025,2,8.569,329.0,28.13,lunes,2025-02-17 20:00:00,158125.0
94,GUAINÍA,94343,BARRANCO MINAS,94343900,CARPINTERO(BARRANCO MINAS - GUAINÍA),2025,2,1.382,596.0,5.22,sábado,2025-02-15 18:30:00,143929.0
94,GUAINÍA,94343,BARRANCO MINAS,94343901,CHATARE(BARRANCO MINAS - GUAINÍA),2025,2,1.773,238.0,4.29,sábado,2025-02-08 19:15:00,230714.0
95,GUAVIARE,95001,SAN JOSÉ DEL GUAVIARE,95001012,CACHICAMO(SAN JOSÉ DEL GUAVIARE - GUAVIARE),2025,2,10.295,4.35,38.61,domingo,2025-02-16 19:30:00,134107.0
95,GUAVIARE,95200,MIRAFLORES,95200000,MIRAFLORES(MIRAFLORES - GUAVIARE),2025,2,112.669,18.241,241.41,sábado,2025-02-15 18:45:00,24.0
97,VAUPÉS,97001,MITÚ,97001000,MITÚ(MITÚ - VAUPÉS),2025,2,,342.875,3247.5,miércoles,2025-02-26 11:15:00,239821.0
97,VAUPÉS,97161,CARURÚ,97161000,CARURÚ(CARURÚ - VAUPÉS),2025,2,34.419,5.586,96.45,martes,2025-02-25 18:15:00,169911.0
97,VAUPÉS,97666,TARAIRA,97666000,TARAIRA(TARAIRA - VAUPÉS),2025,2,34.97,9.325,130.06,lunes,2025-02-24 19:15:00,133214.0
99,VICHADA,99001,PUERTO CARREÑO,99001000,PUERTO CARREÑO(PUERTO CARREÑO - VICHADA),2025,2,,701.498,5645.2,miércoles,2025-02-26 13:45:00,24.0
99,VICHADA,99773,CUMARIBO,99773000,CUMARIBO(CUMARIBO - VICHADA),2025,2,381.265,137.958,812.94,lunes,2025-02-17 14:45:00,238839.0
5,ANTIOQUIA,5873,VIGÍA DEL FUERTE,5873001,SAN ANTONIO DE PADUA(VIGÍA DEL FUERTE - ANTIOQUIA),2025,3,7.102,0.0,48.7,martes,2025-03-18 18:45:00,81855.0
5,ANTIOQUIA,5873,VIGÍA DEL FUERTE,5873005,SAN MIGUEL(VIGÍA DEL FUERTE - ANTIOQUIA),2025,3,2.976,1.413,18.06,miércoles,2025-03-19 19:30:00,68548.0
5,ANTIOQUIA,5873,VIGÍA DEL FUERTE,5873010,LA PLAYA MURRI (VIGÍA DEL FUERTE - ANTIOQUIA),2025,3,1.324,484.0,22.5,sábado,2025-03-01 19:45:00,63871.0
5,ANTIOQUIA,5873,VIGÍA DEL FUERTE,5873013,LOMA MURRI(VIGÍA DEL FUERTE - ANTIOQUIA),2025,3,4.261,1.47,25.42,sábado,2025-03-08 19:30:00,70484.0
5,ANTIOQUIA,5873,VIGÍA DEL FUERTE,5873910,PUERTO MEDELLÍN(VIGÍA DEL FUERTE - ANTIOQUIA),2025,3,1.965,718.0,13.53,miércoles,2025-03-12 11:15:00,87903.0
5,ANTIOQUIA,5873,VIGÍA DEL FUERTE,5873913,JARAPETO (RESGUARDO INDÍGENA)(VIGÍA DEL FUERTE - ANTIOQUIA),2025,3,111.0,71.0,2.58,lunes,2025-03-03 15:45:00,14919.0
13,BOLÍVAR,13001,CARTAGENA DE INDIAS,13001017,SANTA CRUZ DEL ISLOTE(CARTAGENA DE INDIAS - BOLÍVAR),2025,3,13.103,3.556,49.86,viernes,2025-03-28 22:00:00,110887.0
27,CHOCÓ,27372,JURADO,27372901,SANTA TERESITA,2026,1,549.0,109.0,7014.0,viernes,2026-01-30 11:45:00,578.0
13,BOLÍVAR,13001,CARTAGENA DE INDIAS,13001037,ISLA MUCURA(CARTAGENA DE INDIAS - BOLÍVAR),2025,3,5.606,1.821,18.37,jueves,2025-03-06 22:45:00,116774.0
18,CAQUETÁ,18150,CARTAGENA DEL CHAIRA,18150001,REMOLINO DEL CAGUAN(CARTAGENA DEL CHAIRA - CAQUETÁ),2025,3,14.642,5.971,99.18,martes,2025-03-25 19:00:00,6121.0
18,CAQUETÁ,18150,CARTAGENA DEL CHAIRA,18150002,SANTA FE DEL CAGUAN(CARTAGENA DEL CHAIRA - CAQUETÁ),2025,3,3.28,1.301,37.68,viernes,2025-03-21 18:30:00,3629.0
18,CAQUETÁ,18753,SAN VICENTE DEL CAGUÁN,18753002,GUACAMAYAS(SAN VICENTE DEL CAGUÁN - CAQUETÁ),2025,3,12.786,4.12,36.29,miércoles,2025-03-26 19:45:00,175565.0
18,CAQUETÁ,18753,SAN VICENTE DEL CAGUÁN,18753009,PUERTO BETANIA(SAN VICENTE DEL CAGUÁN - CAQUETÁ),2025,3,5.75,1.886,40.6,jueves,2025-03-27 19:00:00,63952.0
18,CAQUETÁ,18753,SAN VICENTE DEL CAGUÁN,18753012,SANTA ROSA(SAN VICENTE DEL CAGUÁN - CAQUETÁ),2025,3,2.68,1.135,20.32,lunes,2025-03-10 15:45:00,725.0
18,CAQUETÁ,18753,SAN VICENTE DEL CAGUÁN,18753033,VILLA LOBOS(SAN VICENTE DEL CAGUÁN - CAQUETÁ),2025,3,6.258,2.236,52.03,jueves,2025-03-20 19:00:00,48468.0
19,CAUCA,19318,GUAPI,19318008,LIMONES(GUAPI - CAUCA),2025,3,8.446,4.615,42.18,martes,2025-03-25 19:30:00,86694.0
19,CAUCA,19318,GUAPI,19318013,SAN ANTONIO DE GUAJUI(GUAPI - CAUCA),2025,3,10.491,5.756,59.25,domingo,2025-03-30 19:15:00,76855.0
19,CAUCA,19418,LÓPEZ DE MICAY,19418009,NOANAMITO(LÓPEZ DE MICAY - CAUCA),2025,3,5.602,2.55,44.0,martes,2025-03-11 19:00:00,57742.0
19,CAUCA,19418,LÓPEZ DE MICAY,19418033,BOCA GRANDE(LÓPEZ DE MICAY - CAUCA),2025,3,4.066,1.229,51.96,sábado,2025-03-01 20:30:00,425.0
19,CAUCA,19809,TIMBIQUÍ,19809003,COTEJE(TIMBIQUÍ - CAUCA),2025,3,5.267,3.94,30.16,domingo,2025-03-02 20:00:00,69919.0
19,CAUCA,19809,TIMBIQUÍ,19809007,SAN JOSE(TIMBIQUÍ - CAUCA),2025,3,6.401,3.606,35.83,martes,2025-03-04 19:00:00,71532.0
19,CAUCA,19809,TIMBIQUÍ,19809009,SANTA ROSA DE SAIJA(TIMBIQUÍ - CAUCA),2025,3,3.526,1.034,23.45,martes,2025-03-25 19:15:00,59758.0
19,CAUCA,19809,TIMBIQUÍ,19809010,COMUNIDAD DE CHETE(TIMBIQUÍ - CAUCA),2025,3,4.846,1.834,31.17,lunes,2025-03-24 19:15:00,60968.0
19,CAUCA,19809,TIMBIQUÍ,19809014,CHACON(TIMBIQUÍ - CAUCA),2025,3,3.487,518.0,21.87,jueves,2025-03-20 19:00:00,69677.0
27,CHOCÓ,27001,QUIBDÓ,27001029,TAGACHI(QUIBDÓ - CHOCÓ),2025,3,2.365,771.0,43.27,sábado,2025-03-29 19:45:00,2379.0
27,CHOCÓ,27006,ACANDÍ,27006000,ACANDÍ(ACANDÍ - CHOCÓ),2025,3,658.858,180.822,1356.96,lunes,2025-03-24 21:45:00,206855.0
27,CHOCÓ,27006,ACANDÍ,27006007,SAN FRANCISCO(ACANDÍ - CHOCÓ),2025,3,23.506,9.416,111.17,domingo,2025-03-23 19:30:00,94032.0
27,CHOCÓ,27025,ALTO BAUDO,27025000,CIUDAD BAUDO - PIE DE PATO(ALTO BAUDO - CHOCÓ),2025,3,54.383,18.389,127.69,sábado,2025-03-08 12:00:00,238306.0
27,CHOCÓ,27025,ALTO BAUDO,27025033,MIACORA(ALTO BAUDO - CHOCÓ),2025,3,116.0,1.0,2.45,sábado,2025-03-15 19:15:00,9597.0
27,CHOCÓ,27025,ALTO BAUDO,27025035,PUERTO ALEGRE(ALTO BAUDO - CHOCÓ),2025,3,1.059,328.0,5.38,domingo,2025-03-09 16:30:00,79355.0
27,CHOCÓ,27025,ALTO BAUDO,27025920,EL MORRO(ALTO BAUDO - CHOCÓ),2025,3,597.0,147.0,4.03,jueves,2025-03-06 18:15:00,64435.0
27,CHOCÓ,27025,ALTO BAUDO,27025937,VILLA CECILIA(ALTO BAUDO - CHOCÓ),2025,3,322.0,102.0,3.48,martes,2025-03-18 16:00:00,20242.0
27,CHOCÓ,27075,BAHÍA SOLANO,27075000,CIUDAD MUTIS(BAHÍA SOLANO - CHOCÓ),2025,3,895.959,243.273,1847.12,sábado,2025-03-29 20:45:00,2325.0
27,CHOCÓ,27075,BAHÍA SOLANO,27075001,CUPICA(BAHÍA SOLANO - CHOCÓ),2025,3,70.483,22.22,145.16,sábado,2025-03-22 19:45:00,238952.0
27,CHOCÓ,27077,BAJO BAUDÓ,27077000,PIZARRO(BAJO BAUDÓ - CHOCÓ),2025,3,197.456,72.025,497.9,martes,2025-03-18 13:00:00,171129.0
27,CHOCÓ,27077,BAJO BAUDÓ,27077002,BELEN DE DOCAMPADO(BAJO BAUDÓ - CHOCÓ),2025,3,8.725,2.761,37.84,sábado,2025-03-08 11:00:00,101613.0
27,CHOCÓ,27077,BAJO BAUDÓ,27077008,ORPUA(BAJO BAUDÓ - CHOCÓ),2025,3,450.0,423.0,6.59,lunes,2025-03-24 19:00:00,4371.0
27,CHOCÓ,27077,BAJO BAUDÓ,27077011,PILIZA - BELLAVISTA - VILLA LUZ(BAJO BAUDÓ - CHOCÓ),2025,3,3.046,711.0,25.6,lunes,2025-03-03 18:45:00,49516.0
27,CHOCÓ,27077,BAJO BAUDÓ,27077016,SIVIRU(BAJO BAUDÓ - CHOCÓ),2025,3,5.426,2.311,42.25,viernes,2025-03-21 19:15:00,61048.0
27,CHOCÓ,27077,BAJO BAUDÓ,27077019,VIRUDO(BAJO BAUDÓ - CHOCÓ),2025,3,6.775,3.172,31.58,viernes,2025-03-14 20:15:00,91855.0
27,CHOCÓ,27077,BAJO BAUDÓ,27077026,GUINEAL(BAJO BAUDÓ - CHOCÓ),2025,3,3.393,3.938,29.53,lunes,2025-03-31 18:45:00,83145.0
27,CHOCÓ,27077,BAJO BAUDÓ,27077029,FIRME DE USARGA(BAJO BAUDÓ - CHOCÓ),2025,3,0.0,0.0,59.975,No registra,2025-07-11 09:30:00,0.0
27,CHOCÓ,27077,BAJO BAUDÓ,27077905,BUENAVISTA(BAJO BAUDÓ - CHOCÓ),2025,3,2.966,989.0,22.37,domingo,2025-03-02 17:45:00,64274.0
27,CHOCÓ,27077,BAJO BAUDÓ,27077911,PLAYA NUEVA(BAJO BAUDÓ - CHOCÓ),2025,3,3.317,1.368,18.04,sábado,2025-03-08 10:30:00,83226.0
27,CHOCÓ,27077,BAJO BAUDÓ,27077916,TERRON(BAJO BAUDÓ - CHOCÓ),2025,3,619.0,598.0,16.91,jueves,2025-03-20 19:45:00,15323.0
27,CHOCÓ,27099,BOJAYÁ,27099000,BELLAVISTA(BOJAYÁ - CHOCÓ),2025,3,118.219,44.005,326.79,sábado,2025-03-15 19:00:00,143629.0
27,CHOCÓ,27099,BOJAYÁ,27099002,LA LOMA DE BOJAYA(BOJAYÁ - CHOCÓ),2025,3,14.014,6.032,70.07,sábado,2025-03-01 18:30:00,87823.0
27,CHOCÓ,27099,BOJAYÁ,27099005,NAPIPI(BOJAYÁ - CHOCÓ),2025,3,6.374,2.209,51.2,jueves,2025-03-06 15:45:00,46935.0
27,CHOCÓ,27099,BOJAYÁ,27099012,POGUE(BOJAYÁ - CHOCÓ),2025,3,2.743,1.382,21.7,sábado,2025-03-15 11:45:00,52742.0
27,CHOCÓ,27099,BOJAYÁ,27099030,PIEDRA CANDELA(BOJAYÁ - CHOCÓ),2025,3,8.011,3.425,36.55,viernes,2025-03-14 16:15:00,92419.0
27,CHOCÓ,27099,BOJAYÁ,27099905,CHANO(BOJAYÁ - CHOCÓ),2025,3,767.0,35.0,6.21,miércoles,2025-03-26 19:45:00,57339.0
27,CHOCÓ,27250,EL LITORAL DEL SAN JUAN,27250000,SANTA GENOVEVA DE DOCORDO(EL LITORAL DEL SAN JUAN - CHOCÓ),2025,3,95.006,45.945,257.14,sábado,2025-03-22 11:30:00,159677.0
27,CHOCÓ,27250,EL LITORAL DEL SAN JUAN,27250023,PAPAYO(EL LITORAL DEL SAN JUAN - CHOCÓ),2025,3,0.0,0.0,59.975,No registra,2025-05-08 16:00:00,0.0
27,CHOCÓ,27361,ISTMINA,27361023,POTEDÓ(ISTMINA - CHOCÓ),2025,3,0.0,0.0,59.975,No registra,2025-07-02 12:00:00,0.0
27,CHOCÓ,27361,ISTMINA,27361048,UNION CHOCO(ISTMINA - CHOCÓ),2025,3,751.0,303.0,5.91,lunes,2025-03-31 18:30:00,50242.0
27,CHOCÓ,27372,JURADO,27372000,JURADO(JURADO - CHOCÓ),2025,3,197.515,65.371,360.0,sábado,2025-03-29 19:30:00,236774.0
27,CHOCÓ,27372,JURADO,27372901,SANTA TERESITA(JURADO - CHOCÓ),2025,3,2.883,21.0,16.89,viernes,2025-03-07 19:30:00,120726.0
27,CHOCÓ,27372,JURADO,27372902,BUENAVISTA(JURADO - CHOCÓ),2025,3,1.545,436.0,14.42,lunes,2025-03-31 19:00:00,92339.0
27,CHOCÓ,27372,JURADO,27372905,DICHARDI(JURADO - CHOCÓ),2025,3,2.048,1.831,14.83,domingo,2025-03-09 06:30:00,121694.0
27,CHOCÓ,27372,JURADO,27372907,EYASAKE(JURADO - CHOCÓ),2025,3,5.978,2.559,17.13,sábado,2025-03-15 08:00:00,142339.0
27,CHOCÓ,27372,JURADO,27372930,DOS BOCAS(JURADO - CHOCÓ),2025,3,634.0,288.0,14.18,miércoles,2025-03-19 19:45:00,26694.0
27,CHOCÓ,27425,MEDIO ATRATO,27425000,BETE(MEDIO ATRATO - CHOCÓ),2025,3,11.295,4.498,100.0,miércoles,2025-03-26 19:15:00,58387.0
27,CHOCÓ,27425,MEDIO ATRATO,27425008,SAN ROQUE(MEDIO ATRATO - CHOCÓ),2025,3,1.152,580.0,18.86,domingo,2025-03-16 19:00:00,28629.0
27,CHOCÓ,27491,NOVITA,27491004,JUNTAS DE TAMANA(NOVITA - CHOCÓ),2025,3,0.0,0.0,59.975,No registra,2025-06-17 22:45:00,0.0
27,CHOCÓ,27495,NUQUÍ,27495000,NUQUÍ(NUQUÍ - CHOCÓ),2025,3,304.872,96.692,616.7,martes,2025-03-25 19:15:00,235.0
27,CHOCÓ,27495,NUQUÍ,27495001,ARUSI(NUQUÍ - CHOCÓ),2025,3,23.912,10.51,69.6,sábado,2025-03-29 14:00:00,170565.0
27,CHOCÓ,27495,NUQUÍ,27495003,JURUBIRA(NUQUÍ - CHOCÓ),2025,3,12.301,4.542,62.23,sábado,2025-03-29 19:30:00,134113.0
27,CHOCÓ,27495,NUQUÍ,27495008,JOVI(NUQUÍ - CHOCÓ),2025,3,8.108,3.161,25.19,lunes,2025-03-31 20:15:00,148306.0
27,CHOCÓ,27495,NUQUÍ,27495010,TERMALES(NUQUÍ - CHOCÓ),2025,3,7.524,3.867,28.07,sábado,2025-03-29 14:30:00,117258.0
27,CHOCÓ,27495,NUQUÍ,27495011,COMUNIDAD DE PUERTO JAGUA(NUQUÍ - CHOCÓ),2025,3,1.101,371.0,6.36,jueves,2025-03-20 19:00:00,74113.0
27,CHOCÓ,27495,NUQUÍ,27495012,COMUNIDAD INDIG. PUERTO INDIO(NUQUÍ - CHOCÓ),2025,3,0.0,0.0,59.975,No registra,2025-07-09 18:15:00,0.0
27,CHOCÓ,27495,NUQUÍ,27495910,COMUNIDAD INDIG. DE RIO NUQUÍ(NUQUÍ - CHOCÓ),2025,3,816.0,149.0,5.09,viernes,2025-03-28 19:15:00,95323.0
27,CHOCÓ,27495,NUQUÍ,27495912,COMUNIDAD INDÍGENA DE PANGUI - EL YUCAL(NUQUÍ - CHOCÓ),2025,3,6.864,1.81,11.5,domingo,2025-03-02 09:45:00,216855.0
27,CHOCÓ,27600,RIO QUITO,27600001,BOCA DE APARTADO(RIO QUITO - CHOCÓ),2025,3,464.0,201.0,6.01,domingo,2025-03-02 19:30:00,35081.0
27,CHOCÓ,27615,RIOSUCIO,27615011,SAN JOSE TAMBORAL(RIOSUCIO - CHOCÓ),2025,3,0.0,0.0,59.975,No registra,2025-05-31 08:30:00,0.0
27,CHOCÓ,27800,UNGUÍA,27800000,UNGUÍA(UNGUÍA - CHOCÓ),2025,3,468.469,148.841,975.74,lunes,2025-03-24 21:30:00,223548.0
27,CHOCÓ,27800,UNGUÍA,27800001,BALBOA(UNGUÍA - CHOCÓ),2025,3,26.807,9.815,86.8,sábado,2025-03-08 20:15:00,129435.0
27,CHOCÓ,27800,UNGUÍA,27800005,TITUMATE(UNGUÍA - CHOCÓ),2025,3,15.154,3.268,65.65,lunes,2025-03-24 19:45:00,112419.0
44,LA GUAJIRA,44847,URIBIA,44847003,CABO DE LA VELA(URIBIA - LA GUAJIRA),2025,3,13.728,1.827,94.37,jueves,2025-03-06 20:15:00,58065.0
44,LA GUAJIRA,44847,URIBIA,44847012,NAZARETH(URIBIA - LA GUAJIRA),2025,3,35.001,8.022,267.36,lunes,2025-03-31 18:15:00,52903.0
47,MAGDALENA,47189,CIÉNAGA,47189018,PALMOR(CIÉNAGA - MAGDALENA),2025,3,106.376,35.328,192.77,lunes,2025-03-10 12:00:00,234597.0
50,META,50325,MAPIRIPAN,50325000,MAPIRIPAN(MAPIRIPAN - META),2025,3,201.633,64.069,384.12,jueves,2025-03-27 18:45:00,24.0
52,NARIÑO,52250,EL CHARCO,52250005,LAS MERCEDES(EL CHARCO - NARIÑO),2025,3,0.0,0.0,59.975,No registra,2025-01-05 09:45:00,0.0
52,NARIÑO,52250,EL CHARCO,52250007,SAN JOSE DEL TAPAJE(EL CHARCO - NARIÑO),2025,3,4.394,1.754,32.0,martes,2025-03-04 18:00:00,61129.0
52,NARIÑO,52250,EL CHARCO,52250016,ALTERON - URIBE URIBE(EL CHARCO - NARIÑO),2025,3,859.0,479.0,7.9,domingo,2025-03-16 21:00:00,50081.0
52,NARIÑO,52250,EL CHARCO,52250022,EL CUIL PUEBLO NUEVO(EL CHARCO - NARIÑO),2025,3,402.0,189.0,29.62,sábado,2025-03-01 20:45:00,5161.0
52,NARIÑO,52390,LA TOLA,52390003,LA VIGIA DE LA MAR(LA TOLA - NARIÑO),2025,3,7.093,3.462,30.88,domingo,2025-03-02 11:45:00,103952.0
52,NARIÑO,52390,LA TOLA,52390005,AGUACATAL(LA TOLA - NARIÑO),2025,3,1.896,401.0,10.77,jueves,2025-03-13 20:00:00,69516.0
52,NARIÑO,52390,LA TOLA,52390009,MULATOS(LA TOLA - NARIÑO),2025,3,4.437,2.213,26.02,domingo,2025-03-23 18:30:00,80323.0
52,NARIÑO,52390,LA TOLA,52390013,AMARALES(LA TOLA - NARIÑO),2025,3,6.819,2.462,57.79,miércoles,2025-03-12 19:45:00,59435.0
52,NARIÑO,52390,LA TOLA,52390016,SAN PABLO DEL MAR(LA TOLA - NARIÑO),2025,3,6.062,1.952,25.5,sábado,2025-03-08 19:00:00,97581.0
52,NARIÑO,52473,MOSQUERA,52473010,EL BAJITO DE ECHANDIA(MOSQUERA - NARIÑO),2025,3,3.335,1.184,16.1,viernes,2025-03-07 19:30:00,97258.0
52,NARIÑO,52490,OLAYA HERRERA,52490913,BOCA DE PRIETA(OLAYA HERRERA - NARIÑO),2025,3,325.0,108.0,10.9,miércoles,2025-03-05 20:30:00,12258.0
52,NARIÑO,52621,ROBERTO PAYAN,52621912,TAMAJE(ROBERTO PAYAN - NARIÑO),2025,3,4.941,1.971,26.35,jueves,2025-03-27 19:30:00,80403.0
52,NARIÑO,52696,SANTA BÁRBARA,52696014,LA ENSENADA(SANTA BÁRBARA - NARIÑO),2025,3,3.009,1.494,21.06,miércoles,2025-03-12 19:15:00,6129.0
52,NARIÑO,52696,SANTA BÁRBARA,52696017,SANTA RITA(SANTA BÁRBARA - NARIÑO),2025,3,4.578,2.588,33.4,lunes,2025-03-24 20:15:00,56129.0
52,NARIÑO,52835,SAN ANDRÉS DE TUMACO,52835055,BOCAS DE CURAY(SAN ANDRÉS DE TUMACO - NARIÑO),2025,3,6.351,2.252,55.2,lunes,2025-03-03 18:00:00,58306.0
52,NARIÑO,52835,SAN ANDRÉS DE TUMACO,52835217,SAN JUAN DE LA COSTA(SAN ANDRÉS DE TUMACO - NARIÑO),2025,3,12.478,4.386,121.6,viernes,2025-03-14 19:00:00,46694.0
76,VALLE DEL CAUCA,76109,BUENAVENTURA,76109011,PASTICO(BUENAVENTURA - VALLE DEL CAUCA),2025,3,3.826,1.592,15.45,sábado,2025-03-22 19:00:00,102419.0
76,VALLE DEL CAUCA,76109,BUENAVENTURA,76109018,CONCEPCION(BUENAVENTURA - VALLE DEL CAUCA),2025,3,0.0,0.0,59.975,No registra,2025-12-30 11:30:00,0.0
76,VALLE DEL CAUCA,76109,BUENAVENTURA,76109028,PUERTO MERIZALDE(BUENAVENTURA - VALLE DEL CAUCA),2025,3,100.946,43.716,244.99,martes,2025-03-25 19:15:00,202903.0
76,VALLE DEL CAUCA,76109,BUENAVENTURA,76109030,PUNTA SOLDADO(BUENAVENTURA - VALLE DEL CAUCA),2025,3,9.434,2.65,57.68,sábado,2025-03-01 18:30:00,83226.0
76,VALLE DEL CAUCA,76109,BUENAVENTURA,76109032,SAN FRANCISCO NAYA(BUENAVENTURA - VALLE DEL CAUCA),2025,3,8.254,3.424,34.98,domingo,2025-03-16 11:45:00,105645.0
76,VALLE DEL CAUCA,76109,BUENAVENTURA,76109034,SAN ISIDRO - CALIMA(BUENAVENTURA - VALLE DEL CAUCA),2025,3,24.109,4.456,93.34,jueves,2025-03-13 18:30:00,99355.0
76,VALLE DEL CAUCA,76109,BUENAVENTURA,76109040,VENERAL(BUENAVENTURA - VALLE DEL CAUCA),2025,3,6.47,666.0,28.34,lunes,2025-03-10 19:15:00,98065.0
76,VALLE DEL CAUCA,76109,BUENAVENTURA,76109069,PAPAYAL 1(BUENAVENTURA - VALLE DEL CAUCA),2025,3,9.552,1.599,48.46,jueves,2025-03-13 18:45:00,105242.0
76,VALLE DEL CAUCA,76109,BUENAVENTURA,76109081,PUNTA BONITA(BUENAVENTURA - VALLE DEL CAUCA),2025,3,5.755,3.634,21.29,lunes,2025-03-31 19:00:00,104919.0
76,VALLE DEL CAUCA,76109,BUENAVENTURA,76109105,PITAL(BUENAVENTURA - VALLE DEL CAUCA),2025,3,4.047,943.0,17.69,sábado,2025-03-29 18:30:00,92823.0
76,VALLE DEL CAUCA,76109,BUENAVENTURA,76109817,SANTA MARIA 1 NAYA(BUENAVENTURA - VALLE DEL CAUCA),2025,3,1.624,583.0,10.87,sábado,2025-03-15 18:15:00,59435.0
76,VALLE DEL CAUCA,76109,BUENAVENTURA,76109863,SAN ANTONIO (BUENAVENTURA - VALLE DEL CAUCA),2025,3,1.97,546.0,7.64,martes,2025-03-18 07:00:00,112097.0
76,VALLE DEL CAUCA,76109,BUENAVENTURA,76109904,SAN ANTONIO (RIO CAJAMBRE)(BUENAVENTURA - VALLE DEL CAUCA),2025,3,4.307,1.29,29.77,viernes,2025-03-21 11:30:00,62984.0
76,VALLE DEL CAUCA,76109,BUENAVENTURA,76109907,SAN PABLO( CAJAMBRE)(BUENAVENTURA - VALLE DEL CAUCA),2025,3,1.965,0.0,19.25,sábado,2025-03-29 20:30:00,37903.0
76,VALLE DEL CAUCA,76109,BUENAVENTURA,76109913,MAYORQUIN(BUENAVENTURA - VALLE DEL CAUCA),2025,3,2.966,1.193,14.84,sábado,2025-03-01 18:30:00,8379.0
76,VALLE DEL CAUCA,76109,BUENAVENTURA,76109930,GALVEZ(BUENAVENTURA - VALLE DEL CAUCA),2025,3,3.731,610.0,35.77,viernes,2025-03-07 19:45:00,69435.0
76,VALLE DEL CAUCA,76109,BUENAVENTURA,76109957,HUMANES MAR(BUENAVENTURA - VALLE DEL CAUCA),2025,3,2.362,320.0,46.44,lunes,2025-03-31 17:15:00,89113.0
86,PUTUMAYO,86573,PUERTO LEGUIZAMO,86573000,PUERTO LEGUIZAMO(PUERTO LEGUIZAMO - PUTUMAYO),2025,3,969.98,260.775,1853.98,viernes,2025-03-07 15:15:00,24.0
86,PUTUMAYO,86573,PUERTO LEGUIZAMO,86573009,PIÑUÑA NEGRO(PUERTO LEGUIZAMO - PUTUMAYO),2025,3,4.498,2.57,38.4,sábado,2025-03-01 19:00:00,54355.0
88,ARCHIPIÉLAGO DE SAN ANDRÉS y PROVIDENCIA,88001,SAN ANDRÉS,88001000,SAN ANDRÉS(SAN ANDRÉS - ARCHIPIÉLAGO DE SAN ANDRÉS y PROVIDENCIA ),2025,3,,,30903.8,martes,2025-03-25 15:45:00,24.0
88,ARCHIPIÉLAGO DE SAN ANDRÉS y PROVIDENCIA,88564,PROVIDENCIA,88564000,PROVIDENCIA(PROVIDENCIA - ARCHIPIÉLAGO DE SAN ANDRÉS y PROVIDENCIA ),2025,3,,242.254,1918.49,miércoles,2025-03-26 21:30:00,239919.0
91,AMAZONAS,91001,LETICIA,91001000,LETICIA(LETICIA - AMAZONAS),2025,3,,982.33,8064.04,jueves,2025-03-20 15:15:00,24.0
91,AMAZONAS,91540,PUERTO NARIÑO,91540000,PUERTO NARIÑO(PUERTO NARIÑO - AMAZONAS),2025,3,132.111,41.862,272.0,martes,2025-03-04 18:30:00,24.0
91,AMAZONAS,91798,TARAPACA (ANM),91798000,TARAPACA(TARAPACA (ANM) - AMAZONAS),2025,3,26.384,11.753,97.11,jueves,2025-03-20 20:00:00,102581.0
94,GUAINÍA,94001,INÍRIDA,94001000,INÍRIDA(INÍRIDA - GUAINÍA),2025,3,,666.506,4745.84,martes,2025-03-25 14:15:00,24.0
94,GUAINÍA,94001,INÍRIDA,94001905,CHORRO BOCON(INÍRIDA - GUAINÍA),2025,3,5.706,139.0,19.44,jueves,2025-03-20 20:15:00,162177.0
94,GUAINÍA,94001,INÍRIDA,94001916,VENADO(INÍRIDA - GUAINÍA),2025,3,3.29,540.0,9.92,martes,2025-03-25 19:30:00,239919.0
94,GUAINÍA,94001,INÍRIDA,94001966,LAGUNA COLORADA ALTA(INÍRIDA - GUAINÍA),2025,3,9.289,385.0,29.91,domingo,2025-03-09 18:30:00,150403.0
94,GUAINÍA,94343,BARRANCO MINAS,94343900,CARPINTERO(BARRANCO MINAS - GUAINÍA),2025,3,1.949,914.0,6.12,domingo,2025-03-30 19:30:00,191774.0
94,GUAINÍA,94343,BARRANCO MINAS,94343901,CHATARE(BARRANCO MINAS - GUAINÍA),2025,3,1.143,142.0,4.36,sábado,2025-03-01 19:15:00,141613.0
95,GUAVIARE,95001,SAN JOSÉ DEL GUAVIARE,95001012,CACHICAMO(SAN JOSÉ DEL GUAVIARE - GUAVIARE),2025,3,11.618,4.962,43.09,domingo,2025-03-30 19:30:00,124032.0
95,GUAVIARE,95200,MIRAFLORES,95200000,MIRAFLORES(MIRAFLORES - GUAVIARE),2025,3,127.733,18.367,260.54,martes,2025-03-25 18:15:00,24.0
97,VAUPÉS,97001,MITÚ,97001000,MITÚ(MITÚ - VAUPÉS),2025,3,,387.915,3409.98,jueves,2025-03-13 11:45:00,23879.0
97,VAUPÉS,97161,CARURÚ,97161000,CARURÚ(CARURÚ - VAUPÉS),2025,3,38.728,6.806,95.3,martes,2025-03-25 18:30:00,170565.0
97,VAUPÉS,97666,TARAIRA,97666000,TARAIRA(TARAIRA - VAUPÉS),2025,3,45.876,12.716,134.82,jueves,2025-03-20 18:30:00,145081.0
99,VICHADA,99001,PUERTO CARREÑO,99001000,PUERTO CARREÑO(PUERTO CARREÑO - VICHADA),2025,3,,768.017,5734.08,jueves,2025-03-13 14:00:00,239758.0
99,VICHADA,99773,CUMARIBO,99773000,CUMARIBO(CUMARIBO - VICHADA),2025,3,426.253,150.92,831.8,miércoles,2025-03-26 15:00:00,237258.0
5,ANTIOQUIA,5873,VIGÍA DEL FUERTE,5873001,SAN ANTONIO DE PADUA(VIGÍA DEL FUERTE - ANTIOQUIA),2025,4,8.394,0.0,43.17,martes,2025-04-29 18:45:00,104.0
5,ANTIOQUIA,5873,VIGÍA DEL FUERTE,5873005,SAN MIGUEL(VIGÍA DEL FUERTE - ANTIOQUIA),2025,4,3.527,1.594,17.73,miércoles,2025-04-30 19:00:00,80833.0
5,ANTIOQUIA,5873,VIGÍA DEL FUERTE,5873010,LA PLAYA MURRI (VIGÍA DEL FUERTE - ANTIOQUIA),2025,4,1.365,533.0,7.68,sábado,2025-04-26 19:30:00,9325.0
5,ANTIOQUIA,5873,VIGÍA DEL FUERTE,5873013,LOMA MURRI(VIGÍA DEL FUERTE - ANTIOQUIA),2025,4,5.221,2.073,29.02,miércoles,2025-04-30 20:00:00,81917.0
5,ANTIOQUIA,5873,VIGÍA DEL FUERTE,5873910,PUERTO MEDELLÍN(VIGÍA DEL FUERTE - ANTIOQUIA),2025,4,1.436,564.0,10.84,sábado,2025-04-05 19:30:00,70083.0
5,ANTIOQUIA,5873,VIGÍA DEL FUERTE,5873913,JARAPETO (RESGUARDO INDÍGENA)(VIGÍA DEL FUERTE - ANTIOQUIA),2025,4,154.0,90.0,4.13,sábado,2025-04-26 20:15:00,7667.0
13,BOLÍVAR,13001,CARTAGENA DE INDIAS,13001017,SANTA CRUZ DEL ISLOTE(CARTAGENA DE INDIAS - BOLÍVAR),2025,4,13.492,3.464,54.14,miércoles,2025-04-16 22:30:00,107917.0
13,BOLÍVAR,13001,CARTAGENA DE INDIAS,13001037,ISLA MUCURA(CARTAGENA DE INDIAS - BOLÍVAR),2025,4,4.24,1.307,19.94,viernes,2025-04-18 02:00:00,88667.0
18,CAQUETÁ,18150,CARTAGENA DEL CHAIRA,18150001,REMOLINO DEL CAGUAN(CARTAGENA DEL CHAIRA - CAQUETÁ),2025,4,13.702,5.607,95.11,sábado,2025-04-12 19:15:00,585.0
18,CAQUETÁ,18150,CARTAGENA DEL CHAIRA,18150002,SANTA FE DEL CAGUAN(CARTAGENA DEL CHAIRA - CAQUETÁ),2025,4,2.993,1.181,40.12,martes,2025-04-01 18:45:00,34667.0
18,CAQUETÁ,18753,SAN VICENTE DEL CAGUÁN,18753002,GUACAMAYAS(SAN VICENTE DEL CAGUÁN - CAQUETÁ),2025,4,12.439,3.936,35.98,sábado,2025-04-26 19:30:00,17175.0
18,CAQUETÁ,18753,SAN VICENTE DEL CAGUÁN,18753009,PUERTO BETANIA(SAN VICENTE DEL CAGUÁN - CAQUETÁ),2025,4,5.646,1.797,41.36,viernes,2025-04-25 19:00:00,61583.0
18,CAQUETÁ,18753,SAN VICENTE DEL CAGUÁN,18753012,SANTA ROSA(SAN VICENTE DEL CAGUÁN - CAQUETÁ),2025,4,2.733,1.114,17.07,martes,2025-04-08 19:30:00,7375.0
19,CAUCA,19318,GUAPI,19318008,LIMONES(GUAPI - CAUCA),2025,4,9.516,6.201,42.35,domingo,2025-04-27 18:15:00,98917.0
19,CAUCA,19318,GUAPI,19318013,SAN ANTONIO DE GUAJUI(GUAPI - CAUCA),2025,4,6.979,3.63,58.86,domingo,2025-04-06 19:00:00,48833.0
19,CAUCA,19418,LÓPEZ DE MICAY,19418009,NOANAMITO(LÓPEZ DE MICAY - CAUCA),2025,4,6.33,2.992,40.0,viernes,2025-04-04 19:30:00,71417.0
19,CAUCA,19418,LÓPEZ DE MICAY,19418033,BOCA GRANDE(LÓPEZ DE MICAY - CAUCA),2025,4,4.738,1.513,37.68,sábado,2025-04-05 19:45:00,525.0
19,CAUCA,19809,TIMBIQUÍ,19809003,COTEJE(TIMBIQUÍ - CAUCA),2025,4,6.242,4.735,31.8,jueves,2025-04-17 19:45:00,85417.0
19,CAUCA,19809,TIMBIQUÍ,19809007,SAN JOSE(TIMBIQUÍ - CAUCA),2025,4,6.59,3.833,40.08,miércoles,2025-04-16 19:30:00,755.0
19,CAUCA,19809,TIMBIQUÍ,19809009,SANTA ROSA DE SAIJA(TIMBIQUÍ - CAUCA),2025,4,3.959,1.088,22.87,sábado,2025-04-26 20:15:00,73833.0
19,CAUCA,19809,TIMBIQUÍ,19809010,COMUNIDAD DE CHETE(TIMBIQUÍ - CAUCA),2025,4,5.255,2.086,30.88,miércoles,2025-04-30 19:00:00,70333.0
19,CAUCA,19809,TIMBIQUÍ,19809014,CHACON(TIMBIQUÍ - CAUCA),2025,4,3.555,779.0,22.46,martes,2025-04-29 20:00:00,69417.0
27,CHOCÓ,27001,QUIBDÓ,27001029,TAGACHI(QUIBDÓ - CHOCÓ),2025,4,4.72,1.544,44.93,sábado,2025-04-19 20:15:00,45417.0
27,CHOCÓ,27006,ACANDÍ,27006000,ACANDÍ(ACANDÍ - CHOCÓ),2025,4,625.064,171.072,1370.51,miércoles,2025-04-09 22:15:00,200583.0
27,CHOCÓ,27006,ACANDÍ,27006007,SAN FRANCISCO(ACANDÍ - CHOCÓ),2025,4,25.5,9.911,138.82,jueves,2025-04-17 21:30:00,9425.0
27,CHOCÓ,27025,ALTO BAUDO,27025000,CIUDAD BAUDO - PIE DE PATO(ALTO BAUDO - CHOCÓ),2025,4,52.85,18.216,122.14,sábado,2025-04-26 12:00:00,23625.0
27,CHOCÓ,27025,ALTO BAUDO,27025033,MIACORA(ALTO BAUDO - CHOCÓ),2025,4,21.0,1.0,3.04,miércoles,2025-04-16 19:00:00,2667.0
27,CHOCÓ,27025,ALTO BAUDO,27025035,PUERTO ALEGRE(ALTO BAUDO - CHOCÓ),2025,4,1.159,381.0,7.44,miércoles,2025-04-02 12:30:00,93333.0
27,CHOCÓ,27025,ALTO BAUDO,27025920,EL MORRO(ALTO BAUDO - CHOCÓ),2025,4,642.0,170.0,4.26,domingo,2025-04-27 21:00:00,7375.0
27,CHOCÓ,27025,ALTO BAUDO,27025937,VILLA CECILIA(ALTO BAUDO - CHOCÓ),2025,4,311.0,105.0,3.17,domingo,2025-04-20 14:00:00,19.0
27,CHOCÓ,27075,BAHÍA SOLANO,27075000,CIUDAD MUTIS(BAHÍA SOLANO - CHOCÓ),2025,4,921.799,246.345,1840.96,jueves,2025-04-03 19:15:00,235083.0
27,CHOCÓ,27075,BAHÍA SOLANO,27075001,CUPICA(BAHÍA SOLANO - CHOCÓ),2025,4,74.868,22.127,160.12,miércoles,2025-04-02 19:30:00,238333.0
27,CHOCÓ,27077,BAJO BAUDÓ,27077000,PIZARRO(BAJO BAUDÓ - CHOCÓ),2025,4,163.939,61.435,485.76,lunes,2025-04-14 20:00:00,179833.0
27,CHOCÓ,27077,BAJO BAUDÓ,27077002,BELEN DE DOCAMPADO(BAJO BAUDÓ - CHOCÓ),2025,4,8.319,2.126,36.15,sábado,2025-04-19 11:30:00,102667.0
27,CHOCÓ,27077,BAJO BAUDÓ,27077008,ORPUA(BAJO BAUDÓ - CHOCÓ),2025,4,207.0,145.0,4.3,jueves,2025-04-10 19:30:00,2525.0
27,CHOCÓ,27077,BAJO BAUDÓ,27077011,PILIZA - BELLAVISTA - VILLA LUZ(BAJO BAUDÓ - CHOCÓ),2025,4,2.47,525.0,25.6,martes,2025-04-01 18:45:00,41667.0
27,CHOCÓ,27077,BAJO BAUDÓ,27077016,SIVIRU(BAJO BAUDÓ - CHOCÓ),2025,4,992.0,363.0,41.14,jueves,2025-04-03 18:45:00,11.0
27,CHOCÓ,27077,BAJO BAUDÓ,27077019,VIRUDO(BAJO BAUDÓ - CHOCÓ),2025,4,4.923,2.264,31.7,miércoles,2025-04-23 19:30:00,67667.0
27,CHOCÓ,27077,BAJO BAUDÓ,27077026,GUINEAL(BAJO BAUDÓ - CHOCÓ),2025,4,1.522,1.573,36.86,martes,2025-04-08 19:15:00,3325.0
27,CHOCÓ,27077,BAJO BAUDÓ,27077029,FIRME DE USARGA(BAJO BAUDÓ - CHOCÓ),2025,4,0.0,0.0,59.975,No registra,2025-10-23 05:00:00,0.0
27,CHOCÓ,27077,BAJO BAUDÓ,27077905,BUENAVISTA(BAJO BAUDÓ - CHOCÓ),2025,4,2.507,920.0,17.86,domingo,2025-04-06 19:15:00,5925.0
27,CHOCÓ,27077,BAJO BAUDÓ,27077911,PLAYA NUEVA(BAJO BAUDÓ - CHOCÓ),2025,4,2.929,1.222,18.33,sábado,2025-04-05 19:30:00,72167.0
27,CHOCÓ,27077,BAJO BAUDÓ,27077916,TERRON(BAJO BAUDÓ - CHOCÓ),2025,4,0.0,0.0,59.975,No registra,2025-05-29 12:30:00,0.0
27,CHOCÓ,27099,BOJAYÁ,27099000,BELLAVISTA(BOJAYÁ - CHOCÓ),2025,4,100.38,36.632,356.5,lunes,2025-04-14 19:15:00,12425.0
27,CHOCÓ,27099,BOJAYÁ,27099002,LA LOMA DE BOJAYA(BOJAYÁ - CHOCÓ),2025,4,11.411,4.885,71.01,miércoles,2025-04-09 18:45:00,73167.0
27,CHOCÓ,27099,BOJAYÁ,27099005,NAPIPI(BOJAYÁ - CHOCÓ),2025,4,11.206,3.894,54.4,viernes,2025-04-04 16:45:00,86667.0
27,CHOCÓ,27099,BOJAYÁ,27099012,POGUE(BOJAYÁ - CHOCÓ),2025,4,4.16,1.861,21.74,viernes,2025-04-11 14:45:00,8575.0
27,CHOCÓ,27099,BOJAYÁ,27099030,PIEDRA CANDELA(BOJAYÁ - CHOCÓ),2025,4,6.1,2.688,34.95,martes,2025-04-15 20:00:00,72667.0
27,CHOCÓ,27099,BOJAYÁ,27099905,CHANO(BOJAYÁ - CHOCÓ),2025,4,829.0,41.0,9.25,martes,2025-04-29 19:45:00,565.0
27,CHOCÓ,27250,EL LITORAL DEL SAN JUAN,27250000,SANTA GENOVEVA DE DOCORDO(EL LITORAL DEL SAN JUAN - CHOCÓ),2025,4,82.993,40.398,263.87,jueves,2025-04-24 19:15:00,143083.0
27,CHOCÓ,27250,EL LITORAL DEL SAN JUAN,27250023,PAPAYO(EL LITORAL DEL SAN JUAN - CHOCÓ),2025,4,0.0,0.0,59.975,No registra,2025-09-28 15:15:00,0.0
27,CHOCÓ,27361,ISTMINA,27361023,POTEDÓ(ISTMINA - CHOCÓ),2025,4,2.609,1.484,14.09,martes,2025-04-22 17:00:00,80083.0
27,CHOCÓ,27361,ISTMINA,27361048,UNION CHOCO(ISTMINA - CHOCÓ),2025,4,891.0,87.0,6.18,jueves,2025-04-03 19:00:00,81917.0
27,CHOCÓ,27372,JURADO,27372000,JURADO(JURADO - CHOCÓ),2025,4,193.196,63.216,360.16,jueves,2025-04-10 19:45:00,2345.0
27,CHOCÓ,27372,JURADO,27372901,SANTA TERESITA(JURADO - CHOCÓ),2025,4,3.084,89.0,16.34,miércoles,2025-04-30 11:30:00,1305.0
27,CHOCÓ,27372,JURADO,27372902,BUENAVISTA(JURADO - CHOCÓ),2025,4,1.633,468.0,17.14,martes,2025-04-29 11:45:00,93667.0
27,CHOCÓ,27372,JURADO,27372905,DICHARDI(JURADO - CHOCÓ),2025,4,2.085,2.208,12.53,jueves,2025-04-24 11:45:00,12975.0
27,CHOCÓ,27372,JURADO,27372907,EYASAKE(JURADO - CHOCÓ),2025,4,4.54,1.964,21.73,miércoles,2025-04-09 20:15:00,99417.0
27,CHOCÓ,27372,JURADO,27372930,DOS BOCAS(JURADO - CHOCÓ),2025,4,2.153,835.0,18.41,lunes,2025-04-28 18:45:00,895.0
27,CHOCÓ,27425,MEDIO ATRATO,27425000,BETE(MEDIO ATRATO - CHOCÓ),2025,4,12.108,4.703,100.0,miércoles,2025-04-02 19:15:00,61083.0
27,CHOCÓ,27425,MEDIO ATRATO,27425008,SAN ROQUE(MEDIO ATRATO - CHOCÓ),2025,4,1.166,562.0,18.94,jueves,2025-04-03 19:00:00,30833.0
27,CHOCÓ,27491,NOVITA,27491004,JUNTAS DE TAMANA(NOVITA - CHOCÓ),2025,4,176.0,57.0,11.48,sábado,2025-04-12 19:45:00,6833.0
27,CHOCÓ,27495,NUQUÍ,27495000,NUQUÍ(NUQUÍ - CHOCÓ),2025,4,299.587,95.265,568.48,lunes,2025-04-14 19:30:00,23275.0
27,CHOCÓ,27495,NUQUÍ,27495001,ARUSI(NUQUÍ - CHOCÓ),2025,4,21.304,9.548,74.4,sábado,2025-04-05 13:00:00,151917.0
27,CHOCÓ,27495,NUQUÍ,27495002,COQUI(NUQUÍ - CHOCÓ),2025,4,5.414,1.066,13.56,miércoles,2025-04-09 19:15:00,238417.0
27,CHOCÓ,27495,NUQUÍ,27495003,JURUBIRA(NUQUÍ - CHOCÓ),2025,4,21.126,7.746,64.49,miércoles,2025-04-16 19:00:00,14025.0
27,CHOCÓ,27495,NUQUÍ,27495008,JOVI(NUQUÍ - CHOCÓ),2025,4,8.11,3.253,25.41,viernes,2025-04-18 20:15:00,144417.0
27,CHOCÓ,27495,NUQUÍ,27495010,TERMALES(NUQUÍ - CHOCÓ),2025,4,8.695,4.517,29.78,miércoles,2025-04-09 19:15:00,128083.0
27,CHOCÓ,27495,NUQUÍ,27495011,COMUNIDAD DE PUERTO JAGUA(NUQUÍ - CHOCÓ),2025,4,1.14,362.0,6.82,martes,2025-04-22 19:45:00,74917.0
27,CHOCÓ,27495,NUQUÍ,27495012,COMUNIDAD INDIG. PUERTO INDIO(NUQUÍ - CHOCÓ),2025,4,643.0,143.0,5.96,domingo,2025-04-27 11:15:00,465.0
27,CHOCÓ,27495,NUQUÍ,27495910,COMUNIDAD INDIG. DE RIO NUQUÍ(NUQUÍ - CHOCÓ),2025,4,797.0,174.0,4.96,miércoles,2025-04-16 19:45:00,8975.0
27,CHOCÓ,27495,NUQUÍ,27495912,COMUNIDAD INDÍGENA DE PANGUI - EL YUCAL(NUQUÍ - CHOCÓ),2025,4,6.836,1.716,11.54,martes,2025-04-29 03:00:00,22075.0
27,CHOCÓ,27600,RIO QUITO,27600001,BOCA DE APARTADO(RIO QUITO - CHOCÓ),2025,4,307.0,122.0,6.06,domingo,2025-04-27 19:15:00,23167.0
27,CHOCÓ,27615,RIOSUCIO,27615011,SAN JOSE TAMBORAL(RIOSUCIO - CHOCÓ),2025,4,0.0,0.0,59.975,No registra,2025-01-24 14:15:00,0.0
27,CHOCÓ,27800,UNGUÍA,27800000,UNGUÍA(UNGUÍA - CHOCÓ),2025,4,447.834,140.246,959.38,martes,2025-04-15 21:45:00,2235.0
27,CHOCÓ,27800,UNGUÍA,27800001,BALBOA(UNGUÍA - CHOCÓ),2025,4,24.86,8.617,85.72,sábado,2025-04-05 19:00:00,123583.0
27,CHOCÓ,27800,UNGUÍA,27800005,TITUMATE(UNGUÍA - CHOCÓ),2025,4,15.702,3.377,71.37,lunes,2025-04-14 22:30:00,10425.0
44,LA GUAJIRA,44847,URIBIA,44847003,CABO DE LA VELA(URIBIA - LA GUAJIRA),2025,4,9.626,671.0,99.57,miércoles,2025-04-02 19:15:00,46167.0
44,LA GUAJIRA,44847,URIBIA,44847012,NAZARETH(URIBIA - LA GUAJIRA),2025,4,34.793,8.034,267.84,lunes,2025-04-14 18:15:00,52167.0
47,MAGDALENA,47189,CIÉNAGA,47189018,PALMOR(CIÉNAGA - MAGDALENA),2025,4,97.117,31.847,198.78,sábado,2025-04-05 12:00:00,225167.0
50,META,50325,MAPIRIPAN,50325000,MAPIRIPAN(MAPIRIPAN - META),2025,4,191.989,60.062,363.44,lunes,2025-04-28 15:45:00,239833.0
52,NARIÑO,52250,EL CHARCO,52250005,LAS MERCEDES(EL CHARCO - NARIÑO),2025,4,0.0,0.0,59.975,No registra,2025-04-04 10:15:00,0.0
52,NARIÑO,52250,EL CHARCO,52250007,SAN JOSE DEL TAPAJE(EL CHARCO - NARIÑO),2025,4,7.646,2.024,64.0,jueves,2025-04-17 20:00:00,69083.0
52,NARIÑO,52250,EL CHARCO,52250016,ALTERON - URIBE URIBE(EL CHARCO - NARIÑO),2025,4,559.0,304.0,7.73,domingo,2025-04-20 20:15:00,32667.0
52,NARIÑO,52250,EL CHARCO,52250022,EL CUIL PUEBLO NUEVO(EL CHARCO - NARIÑO),2025,4,865.0,495.0,27.1,domingo,2025-04-27 20:30:00,1275.0
52,NARIÑO,52390,LA TOLA,52390003,LA VIGIA DE LA MAR(LA TOLA - NARIÑO),2025,4,4.548,2.114,31.52,martes,2025-04-15 20:45:00,6375.0
52,NARIÑO,52390,LA TOLA,52390005,AGUACATAL(LA TOLA - NARIÑO),2025,4,1.076,218.0,11.17,sábado,2025-04-12 12:45:00,40667.0
52,NARIÑO,52390,LA TOLA,52390009,MULATOS(LA TOLA - NARIÑO),2025,4,4.327,2.037,26.98,sábado,2025-04-12 18:15:00,78833.0
52,NARIÑO,52390,LA TOLA,52390013,AMARALES(LA TOLA - NARIÑO),2025,4,4.997,1.745,55.33,martes,2025-04-29 19:30:00,45.0
52,NARIÑO,52390,LA TOLA,52390016,SAN PABLO DEL MAR(LA TOLA - NARIÑO),2025,4,5.719,1.404,24.22,domingo,2025-04-27 18:30:00,99917.0
52,NARIÑO,52473,MOSQUERA,52473010,EL BAJITO DE ECHANDIA(MOSQUERA - NARIÑO),2025,4,3.308,1.244,16.82,jueves,2025-04-10 18:00:00,95417.0
52,NARIÑO,52490,OLAYA HERRERA,52490913,BOCA DE PRIETA(OLAYA HERRERA - NARIÑO),2025,4,342.0,87.0,16.42,miércoles,2025-04-16 19:00:00,1075.0
52,NARIÑO,52621,ROBERTO PAYAN,52621912,TAMAJE(ROBERTO PAYAN - NARIÑO),2025,4,5.596,2.643,26.5,miércoles,2025-04-30 19:00:00,87333.0
27,CHOCÓ,27425,MEDIO ATRATO,27425000,BETE,2025,12,18.352,8.45,80.0,miércoles,2025-12-31 11:15:00,1.22
52,NARIÑO,52696,SANTA BÁRBARA,52696014,LA ENSENADA(SANTA BÁRBARA - NARIÑO),2025,4,2.897,1.309,19.94,viernes,2025-04-04 19:30:00,61833.0
52,NARIÑO,52696,SANTA BÁRBARA,52696017,SANTA RITA(SANTA BÁRBARA - NARIÑO),2025,4,2.469,1.37,32.92,martes,2025-04-01 19:15:00,30833.0
52,NARIÑO,52835,SAN ANDRÉS DE TUMACO,52835055,BOCAS DE CURAY(SAN ANDRÉS DE TUMACO - NARIÑO),2025,4,6.198,2.082,45.6,martes,2025-04-01 18:30:00,56.0
76,VALLE DEL CAUCA,76109,BUENAVENTURA,76109011,PASTICO(BUENAVENTURA - VALLE DEL CAUCA),2025,4,3.691,1.498,17.1,martes,2025-04-15 19:00:00,95833.0
76,VALLE DEL CAUCA,76109,BUENAVENTURA,76109018,CONCEPCION(BUENAVENTURA - VALLE DEL CAUCA),2025,4,0.0,0.0,59.975,No registra,2025-10-24 10:45:00,0.0
76,VALLE DEL CAUCA,76109,BUENAVENTURA,76109028,PUERTO MERIZALDE(BUENAVENTURA - VALLE DEL CAUCA),2025,4,113.833,45.615,229.86,sábado,2025-04-05 20:00:00,23325.0
76,VALLE DEL CAUCA,76109,BUENAVENTURA,76109030,PUNTA SOLDADO(BUENAVENTURA - VALLE DEL CAUCA),2025,4,3.721,1.137,48.04,miércoles,2025-04-02 19:30:00,39417.0
76,VALLE DEL CAUCA,76109,BUENAVENTURA,76109032,SAN FRANCISCO NAYA(BUENAVENTURA - VALLE DEL CAUCA),2025,4,8.198,3.505,32.48,jueves,2025-04-17 11:15:00,108333.0
76,VALLE DEL CAUCA,76109,BUENAVENTURA,76109034,SAN ISIDRO - CALIMA(BUENAVENTURA - VALLE DEL CAUCA),2025,4,4.291,850.0,89.11,miércoles,2025-04-02 19:00:00,38.0
76,VALLE DEL CAUCA,76109,BUENAVENTURA,76109040,VENERAL(BUENAVENTURA - VALLE DEL CAUCA),2025,4,2.932,476.0,28.08,jueves,2025-04-03 18:15:00,64083.0
76,VALLE DEL CAUCA,76109,BUENAVENTURA,76109069,PAPAYAL 1(BUENAVENTURA - VALLE DEL CAUCA),2025,4,2.868,512.0,23.33,martes,2025-04-01 10:00:00,6225.0
76,VALLE DEL CAUCA,76109,BUENAVENTURA,76109081,PUNTA BONITA(BUENAVENTURA - VALLE DEL CAUCA),2025,4,4.12,3.474,22.58,lunes,2025-04-21 13:45:00,76.0
76,VALLE DEL CAUCA,76109,BUENAVENTURA,76109105,PITAL(BUENAVENTURA - VALLE DEL CAUCA),2025,4,1.271,301.0,16.5,sábado,2025-04-05 20:00:00,29083.0
76,VALLE DEL CAUCA,76109,BUENAVENTURA,76109817,SANTA MARIA 1 NAYA(BUENAVENTURA - VALLE DEL CAUCA),2025,4,1.635,522.0,11.84,martes,2025-04-15 20:15:00,59417.0
76,VALLE DEL CAUCA,76109,BUENAVENTURA,76109863,SAN ANTONIO (BUENAVENTURA - VALLE DEL CAUCA),2025,4,1.9,497.0,7.56,viernes,2025-04-11 16:30:00,111917.0
76,VALLE DEL CAUCA,76109,BUENAVENTURA,76109904,SAN ANTONIO (RIO CAJAMBRE)(BUENAVENTURA - VALLE DEL CAUCA),2025,4,4.946,1.475,31.14,lunes,2025-04-07 11:30:00,7475.0
76,VALLE DEL CAUCA,76109,BUENAVENTURA,76109907,SAN PABLO( CAJAMBRE)(BUENAVENTURA - VALLE DEL CAUCA),2025,4,2.098,0.0,19.59,sábado,2025-04-26 14:15:00,37917.0
76,VALLE DEL CAUCA,76109,BUENAVENTURA,76109913,MAYORQUIN(BUENAVENTURA - VALLE DEL CAUCA),2025,4,2.319,856.0,14.88,domingo,2025-04-20 18:45:00,66083.0
76,VALLE DEL CAUCA,76109,BUENAVENTURA,76109930,GALVEZ(BUENAVENTURA - VALLE DEL CAUCA),2025,4,5.394,1.029,35.45,viernes,2025-04-11 19:45:00,9175.0
76,VALLE DEL CAUCA,76109,BUENAVENTURA,76109957,HUMANES MAR(BUENAVENTURA - VALLE DEL CAUCA),2025,4,9.238,1.342,46.85,viernes,2025-04-04 18:45:00,91833.0
86,PUTUMAYO,86573,PUERTO LEGUIZAMO,86573000,PUERTO LEGUIZAMO(PUERTO LEGUIZAMO - PUTUMAYO),2025,4,952.64,257.798,1979.21,miércoles,2025-04-30 14:45:00,238167.0
86,PUTUMAYO,86573,PUERTO LEGUIZAMO,86573009,PIÑUÑA NEGRO(PUERTO LEGUIZAMO - PUTUMAYO),2025,4,4.289,2.443,38.4,sábado,2025-04-26 19:00:00,5775.0
88,ARCHIPIÉLAGO DE SAN ANDRÉS y PROVIDENCIA,88001,SAN ANDRÉS,88001000,SAN ANDRÉS(SAN ANDRÉS - ARCHIPIÉLAGO DE SAN ANDRÉS y PROVIDENCIA ),2025,4,,,31755.08,miércoles,2025-04-30 15:30:00,24.0
88,ARCHIPIÉLAGO DE SAN ANDRÉS y PROVIDENCIA,88564,PROVIDENCIA,88564000,PROVIDENCIA(PROVIDENCIA - ARCHIPIÉLAGO DE SAN ANDRÉS y PROVIDENCIA ),2025,4,,246.098,2012.24,martes,2025-04-08 15:00:00,24.0
91,AMAZONAS,91001,LETICIA,91001000,LETICIA(LETICIA - AMAZONAS),2025,4,,946.308,8242.32,miércoles,2025-04-23 14:30:00,24.0
91,AMAZONAS,91540,PUERTO NARIÑO,91540000,PUERTO NARIÑO(PUERTO NARIÑO - AMAZONAS),2025,4,129.667,41.797,278.4,miércoles,2025-04-23 18:15:00,24.0
91,AMAZONAS,91798,TARAPACA (ANM),91798000,TARAPACA(TARAPACA (ANM) - AMAZONAS),2025,4,25.928,11.514,100.1,miércoles,2025-04-23 15:00:00,102667.0
94,GUAINÍA,94001,INÍRIDA,94001000,INÍRIDA(INÍRIDA - GUAINÍA),2025,4,,607.518,4447.52,martes,2025-04-01 14:30:00,24.0
94,GUAINÍA,94001,INÍRIDA,94001905,CHORRO BOCON(INÍRIDA - GUAINÍA),2025,4,5.86,760.0,18.82,viernes,2025-04-18 19:00:00,1605.0
94,GUAINÍA,94001,INÍRIDA,94001916,VENADO(INÍRIDA - GUAINÍA),2025,4,3.143,519.0,11.01,miércoles,2025-04-16 19:15:00,24.0
94,GUAINÍA,94001,INÍRIDA,94001966,LAGUNA COLORADA ALTA(INÍRIDA - GUAINÍA),2025,4,9.373,294.0,30.38,jueves,2025-04-03 12:30:00,157.0
94,GUAINÍA,94343,BARRANCO MINAS,94343900,CARPINTERO(BARRANCO MINAS - GUAINÍA),2025,4,2.149,993.0,6.4,domingo,2025-04-27 18:15:00,208667.0
94,GUAINÍA,94343,BARRANCO MINAS,94343901,CHATARE(BARRANCO MINAS - GUAINÍA),2025,4,180.0,0.0,3.99,domingo,2025-04-27 19:00:00,1875.0
95,GUAVIARE,95001,SAN JOSÉ DEL GUAVIARE,95001012,CACHICAMO(SAN JOSÉ DEL GUAVIARE - GUAVIARE),2025,4,11.135,4.947,44.5,sábado,2025-04-05 19:15:00,119167.0
95,GUAVIARE,95200,MIRAFLORES,95200000,MIRAFLORES(MIRAFLORES - GUAVIARE),2025,4,123.215,14.627,248.4,miércoles,2025-04-23 18:15:00,24.0
97,VAUPÉS,97001,MITÚ,97001000,MITÚ(MITÚ - VAUPÉS),2025,4,,359.944,3247.23,lunes,2025-04-14 11:30:00,239667.0
97,VAUPÉS,97161,CARURÚ,97161000,CARURÚ(CARURÚ - VAUPÉS),2025,4,36.017,6.279,97.33,lunes,2025-04-14 14:45:00,169083.0
97,VAUPÉS,97666,TARAIRA,97666000,TARAIRA(TARAIRA - VAUPÉS),2025,4,44.65,12.274,139.66,miércoles,2025-04-23 19:00:00,141833.0
99,VICHADA,99001,PUERTO CARREÑO,99001000,PUERTO CARREÑO(PUERTO CARREÑO - VICHADA),2025,4,,711.457,5641.68,lunes,2025-04-14 14:15:00,239917.0
99,VICHADA,99773,CUMARIBO,99773000,CUMARIBO(CUMARIBO - VICHADA),2025,4,381.844,137.282,793.84,sábado,2025-04-12 19:00:00,234583.0
5,ANTIOQUIA,5873,VIGÍA DEL FUERTE,5873001,SAN ANTONIO DE PADUA(VIGÍA DEL FUERTE - ANTIOQUIA),2025,5,2.478,0.0,47.36,jueves,2025-05-01 19:00:00,27177.0
5,ANTIOQUIA,5873,VIGÍA DEL FUERTE,5873005,SAN MIGUEL(VIGÍA DEL FUERTE - ANTIOQUIA),2025,5,1.393,602.0,19.9,viernes,2025-05-23 19:15:00,29919.0
5,ANTIOQUIA,5873,VIGÍA DEL FUERTE,5873010,LA PLAYA MURRI (VIGÍA DEL FUERTE - ANTIOQUIA),2025,5,1.176,471.0,26.33,viernes,2025-05-30 19:00:00,43145.0
5,ANTIOQUIA,5873,VIGÍA DEL FUERTE,5873013,LOMA MURRI(VIGÍA DEL FUERTE - ANTIOQUIA),2025,5,4.016,1.596,30.25,martes,2025-05-20 19:30:00,55403.0
5,ANTIOQUIA,5873,VIGÍA DEL FUERTE,5873910,PUERTO MEDELLÍN(VIGÍA DEL FUERTE - ANTIOQUIA),2025,5,945.0,418.0,10.91,sábado,2025-05-31 18:30:00,45565.0
13,BOLÍVAR,13001,CARTAGENA DE INDIAS,13001017,SANTA CRUZ DEL ISLOTE(CARTAGENA DE INDIAS - BOLÍVAR),2025,5,14.301,3.702,54.46,jueves,2025-05-29 22:30:00,109597.0
13,BOLÍVAR,13001,CARTAGENA DE INDIAS,13001037,ISLA MUCURA(CARTAGENA DE INDIAS - BOLÍVAR),2025,5,4.684,1.221,17.06,viernes,2025-05-30 22:45:00,108468.0
18,CAQUETÁ,18150,CARTAGENA DEL CHAIRA,18150001,REMOLINO DEL CAGUAN(CARTAGENA DEL CHAIRA - CAQUETÁ),2025,5,14.562,5.731,97.36,viernes,2025-05-02 18:45:00,58548.0
18,CAQUETÁ,18150,CARTAGENA DEL CHAIRA,18150002,SANTA FE DEL CAGUAN(CARTAGENA DEL CHAIRA - CAQUETÁ),2025,5,3.257,1.273,37.6,miércoles,2025-05-28 18:45:00,36694.0
18,CAQUETÁ,18753,SAN VICENTE DEL CAGUÁN,18753002,GUACAMAYAS(SAN VICENTE DEL CAGUÁN - CAQUETÁ),2025,5,13.19,4.237,34.68,domingo,2025-05-11 19:00:00,180484.0
18,CAQUETÁ,18753,SAN VICENTE DEL CAGUÁN,18753009,PUERTO BETANIA(SAN VICENTE DEL CAGUÁN - CAQUETÁ),2025,5,6.294,1.96,43.36,sábado,2025-05-03 19:30:00,64597.0
18,CAQUETÁ,18753,SAN VICENTE DEL CAGUÁN,18753012,SANTA ROSA(SAN VICENTE DEL CAGUÁN - CAQUETÁ),2025,5,2.507,1.044,16.23,miércoles,2025-05-07 17:15:00,67177.0
18,CAQUETÁ,18753,SAN VICENTE DEL CAGUÁN,18753033,VILLA LOBOS(SAN VICENTE DEL CAGUÁN - CAQUETÁ),2025,5,3.064,977.0,51.06,domingo,2025-05-11 20:00:00,24113.0
19,CAUCA,19318,GUAPI,19318008,LIMONES(GUAPI - CAUCA),2025,5,9.732,4.872,47.5,jueves,2025-05-29 18:00:00,95887.0
19,CAUCA,19318,GUAPI,19318013,SAN ANTONIO DE GUAJUI(GUAPI - CAUCA),2025,5,12.165,6.504,56.81,lunes,2025-05-12 18:45:00,83468.0
19,CAUCA,19418,LÓPEZ DE MICAY,19418009,NOANAMITO(LÓPEZ DE MICAY - CAUCA),2025,5,19.0,13.0,36.0,martes,2025-05-06 12:30:00,323.0
19,CAUCA,19418,LÓPEZ DE MICAY,19418033,BOCA GRANDE(LÓPEZ DE MICAY - CAUCA),2025,5,4.582,1.422,38.64,jueves,2025-05-29 19:45:00,45565.0
19,CAUCA,19809,TIMBIQUÍ,19809003,COTEJE(TIMBIQUÍ - CAUCA),2025,5,6.106,4.689,29.08,martes,2025-05-13 18:45:00,82903.0
19,CAUCA,19809,TIMBIQUÍ,19809007,SAN JOSE(TIMBIQUÍ - CAUCA),2025,5,6.512,4.031,35.71,sábado,2025-05-10 20:30:00,72258.0
19,CAUCA,19809,TIMBIQUÍ,19809009,SANTA ROSA DE SAIJA(TIMBIQUÍ - CAUCA),2025,5,4.237,1.14,23.26,domingo,2025-05-18 19:15:00,77339.0
19,CAUCA,19809,TIMBIQUÍ,19809010,COMUNIDAD DE CHETE(TIMBIQUÍ - CAUCA),2025,5,5.215,1.963,32.03,lunes,2025-05-12 19:00:00,64677.0
19,CAUCA,19809,TIMBIQUÍ,19809014,CHACON(TIMBIQUÍ - CAUCA),2025,5,3.878,1.079,23.5,sábado,2025-05-17 19:45:00,70484.0
27,CHOCÓ,27001,QUIBDÓ,27001029,TAGACHI(QUIBDÓ - CHOCÓ),2025,5,255.0,76.0,43.82,sábado,2025-05-03 20:15:00,25.0
27,CHOCÓ,27006,ACANDÍ,27006000,ACANDÍ(ACANDÍ - CHOCÓ),2025,5,470.832,128.557,1315.6,miércoles,2025-05-14 22:15:00,191371.0
27,CHOCÓ,27006,ACANDÍ,27006007,SAN FRANCISCO(ACANDÍ - CHOCÓ),2025,5,20.957,8.012,120.58,jueves,2025-05-29 20:00:00,84274.0
27,CHOCÓ,27025,ALTO BAUDO,27025000,CIUDAD BAUDO - PIE DE PATO(ALTO BAUDO - CHOCÓ),2025,5,55.179,18.675,127.34,lunes,2025-05-12 11:45:00,236048.0
27,CHOCÓ,27025,ALTO BAUDO,27025033,MIACORA(ALTO BAUDO - CHOCÓ),2025,5,273.0,10.0,2.38,viernes,2025-05-30 18:45:00,20806.0
27,CHOCÓ,27025,ALTO BAUDO,27025035,PUERTO ALEGRE(ALTO BAUDO - CHOCÓ),2025,5,1.232,403.0,5.12,lunes,2025-05-26 10:30:00,94919.0
27,CHOCÓ,27025,ALTO BAUDO,27025920,EL MORRO(ALTO BAUDO - CHOCÓ),2025,5,396.0,122.0,3.72,lunes,2025-05-05 19:45:00,48226.0
27,CHOCÓ,27025,ALTO BAUDO,27025937,VILLA CECILIA(ALTO BAUDO - CHOCÓ),2025,5,399.0,150.0,3.85,jueves,2025-05-01 10:30:00,24597.0
27,CHOCÓ,27075,BAHÍA SOLANO,27075000,CIUDAD MUTIS(BAHÍA SOLANO - CHOCÓ),2025,5,921.307,252.833,1683.44,miércoles,2025-05-21 19:30:00,232581.0
27,CHOCÓ,27075,BAHÍA SOLANO,27075001,CUPICA(BAHÍA SOLANO - CHOCÓ),2025,5,73.14,21.741,152.48,sábado,2025-05-17 19:30:00,235403.0
27,CHOCÓ,27075,BAHÍA SOLANO,27075002,EL VALLE(BAHÍA SOLANO - CHOCÓ),2025,5,192.894,60.702,458.7,domingo,2025-05-04 20:00:00,237419.0
27,CHOCÓ,27077,BAJO BAUDÓ,27077000,PIZARRO(BAJO BAUDÓ - CHOCÓ),2025,5,210.122,72.479,463.58,jueves,2025-05-29 11:45:00,180887.0
27,CHOCÓ,27077,BAJO BAUDÓ,27077002,BELEN DE DOCAMPADO(BAJO BAUDÓ - CHOCÓ),2025,5,8.975,2.1,38.68,sábado,2025-05-24 11:45:00,10379.0
27,CHOCÓ,27077,BAJO BAUDÓ,27077008,ORPUA(BAJO BAUDÓ - CHOCÓ),2025,5,380.0,473.0,4.14,jueves,2025-05-22 18:15:00,33145.0
27,CHOCÓ,27077,BAJO BAUDÓ,27077011,PILIZA - BELLAVISTA - VILLA LUZ(BAJO BAUDÓ - CHOCÓ),2025,5,2.829,560.0,25.6,jueves,2025-05-01 19:15:00,45323.0
27,CHOCÓ,27077,BAJO BAUDÓ,27077019,VIRUDO(BAJO BAUDÓ - CHOCÓ),2025,5,5.268,2.486,35.6,viernes,2025-05-23 19:00:00,70161.0
27,CHOCÓ,27077,BAJO BAUDÓ,27077026,GUINEAL(BAJO BAUDÓ - CHOCÓ),2025,5,2.472,2.542,29.61,sábado,2025-05-31 19:00:00,49839.0
27,CHOCÓ,27077,BAJO BAUDÓ,27077029,FIRME DE USARGA(BAJO BAUDÓ - CHOCÓ),2025,5,158.0,152.0,5.08,viernes,2025-05-09 18:45:00,12177.0
27,CHOCÓ,27077,BAJO BAUDÓ,27077905,BUENAVISTA(BAJO BAUDÓ - CHOCÓ),2025,5,4.042,1.594,19.3,lunes,2025-05-26 19:45:00,87258.0
27,CHOCÓ,27077,BAJO BAUDÓ,27077911,PLAYA NUEVA(BAJO BAUDÓ - CHOCÓ),2025,5,3.024,1.289,16.9,martes,2025-05-06 12:30:00,73306.0
27,CHOCÓ,27077,BAJO BAUDÓ,27077916,TERRON(BAJO BAUDÓ - CHOCÓ),2025,5,0.0,0.0,59.975,No registra,2025-04-08 16:45:00,0.0
27,CHOCÓ,27099,BOJAYÁ,27099000,BELLAVISTA(BOJAYÁ - CHOCÓ),2025,5,116.499,43.015,344.66,jueves,2025-05-15 02:15:00,141048.0
27,CHOCÓ,27099,BOJAYÁ,27099002,LA LOMA DE BOJAYA(BOJAYÁ - CHOCÓ),2025,5,13.223,5.825,73.52,domingo,2025-05-11 19:00:00,8379.0
27,CHOCÓ,27099,BOJAYÁ,27099005,NAPIPI(BOJAYÁ - CHOCÓ),2025,5,9.294,3.161,57.6,viernes,2025-05-23 17:30:00,64435.0
27,CHOCÓ,27099,BOJAYÁ,27099012,POGUE(BOJAYÁ - CHOCÓ),2025,5,5.257,2.597,25.24,lunes,2025-05-12 13:15:00,97661.0
27,CHOCÓ,27099,BOJAYÁ,27099030,PIEDRA CANDELA(BOJAYÁ - CHOCÓ),2025,5,7.813,3.582,34.34,miércoles,2025-05-07 14:45:00,92177.0
27,CHOCÓ,27099,BOJAYÁ,27099905,CHANO(BOJAYÁ - CHOCÓ),2025,5,313.0,17.0,6.91,sábado,2025-05-24 19:45:00,20242.0
27,CHOCÓ,27250,EL LITORAL DEL SAN JUAN,27250000,SANTA GENOVEVA DE DOCORDO(EL LITORAL DEL SAN JUAN - CHOCÓ),2025,5,29.761,14.301,250.8,sábado,2025-05-10 11:30:00,5129.0
27,CHOCÓ,27250,EL LITORAL DEL SAN JUAN,27250023,PAPAYO(EL LITORAL DEL SAN JUAN - CHOCÓ),2025,5,0.0,0.0,59.975,No registra,2025-10-10 17:15:00,0.0
27,CHOCÓ,27361,ISTMINA,27361023,POTEDÓ(ISTMINA - CHOCÓ),2025,5,2.685,1.395,15.56,martes,2025-05-06 18:45:00,75806.0
27,CHOCÓ,27361,ISTMINA,27361048,UNION CHOCO(ISTMINA - CHOCÓ),2025,5,958.0,177.0,7.44,jueves,2025-05-29 18:30:00,79435.0
27,CHOCÓ,27372,JURADO,27372000,JURADO(JURADO - CHOCÓ),2025,5,204.346,66.289,363.36,lunes,2025-05-12 18:45:00,239677.0
27,CHOCÓ,27372,JURADO,27372901,SANTA TERESITA(JURADO - CHOCÓ),2025,5,2.326,88.0,15.82,jueves,2025-05-01 11:15:00,150242.0
27,CHOCÓ,27372,JURADO,27372902,BUENAVISTA(JURADO - CHOCÓ),2025,5,2.378,419.0,18.29,viernes,2025-05-30 19:15:00,122258.0
27,CHOCÓ,27372,JURADO,27372905,DICHARDI(JURADO - CHOCÓ),2025,5,2.552,2.252,11.51,viernes,2025-05-09 18:45:00,154032.0
27,CHOCÓ,27372,JURADO,27372907,EYASAKE(JURADO - CHOCÓ),2025,5,5.382,2.447,20.14,sábado,2025-05-10 19:00:00,108629.0
27,CHOCÓ,27372,JURADO,27372930,DOS BOCAS(JURADO - CHOCÓ),2025,5,4.273,1.528,24.42,martes,2025-05-06 19:00:00,137742.0
27,CHOCÓ,27425,MEDIO ATRATO,27425000,BETE(MEDIO ATRATO - CHOCÓ),2025,5,12.347,5.103,96.0,jueves,2025-05-29 19:30:00,67581.0
27,CHOCÓ,27425,MEDIO ATRATO,27425008,SAN ROQUE(MEDIO ATRATO - CHOCÓ),2025,5,1.419,727.0,19.34,jueves,2025-05-22 19:45:00,35161.0
27,CHOCÓ,27491,NOVITA,27491004,JUNTAS DE TAMANA(NOVITA - CHOCÓ),2025,5,3.407,1.048,16.77,lunes,2025-05-12 19:00:00,102016.0
27,CHOCÓ,27495,NUQUÍ,27495000,NUQUÍ(NUQUÍ - CHOCÓ),2025,5,317.868,100.982,574.11,lunes,2025-05-12 20:15:00,238871.0
27,CHOCÓ,27495,NUQUÍ,27495001,ARUSI(NUQUÍ - CHOCÓ),2025,5,21.057,9.981,69.6,martes,2025-05-27 19:00:00,180403.0
27,CHOCÓ,27495,NUQUÍ,27495002,COQUI(NUQUÍ - CHOCÓ),2025,5,3.633,759.0,13.2,lunes,2025-05-19 19:30:00,151855.0
27,CHOCÓ,27495,NUQUÍ,27495003,JURUBIRA(NUQUÍ - CHOCÓ),2025,5,22.476,7.968,60.88,martes,2025-05-27 19:15:00,15879.0
27,CHOCÓ,27495,NUQUÍ,27495008,JOVI(NUQUÍ - CHOCÓ),2025,5,8.598,3.416,24.61,jueves,2025-05-08 19:00:00,156613.0
27,CHOCÓ,27495,NUQUÍ,27495010,TERMALES(NUQUÍ - CHOCÓ),2025,5,10.229,5.361,29.76,sábado,2025-05-24 18:45:00,151694.0
27,CHOCÓ,27495,NUQUÍ,27495011,COMUNIDAD DE PUERTO JAGUA(NUQUÍ - CHOCÓ),2025,5,1.037,335.0,5.98,jueves,2025-05-01 19:30:00,68629.0
27,CHOCÓ,27495,NUQUÍ,27495012,COMUNIDAD INDIG. PUERTO INDIO(NUQUÍ - CHOCÓ),2025,5,1.806,343.0,5.94,jueves,2025-05-15 09:30:00,129839.0
27,CHOCÓ,27495,NUQUÍ,27495910,COMUNIDAD INDIG. DE RIO NUQUÍ(NUQUÍ - CHOCÓ),2025,5,808.0,209.0,5.25,viernes,2025-05-02 19:15:00,85403.0
27,CHOCÓ,27495,NUQUÍ,27495912,COMUNIDAD INDÍGENA DE PANGUI - EL YUCAL(NUQUÍ - CHOCÓ),2025,5,7.399,1.869,11.55,domingo,2025-05-18 10:00:00,229839.0
27,CHOCÓ,27615,RIOSUCIO,27615011,SAN JOSE TAMBORAL(RIOSUCIO - CHOCÓ),2025,5,0.0,0.0,59.975,No registra,2025-08-23 17:30:00,0.0
27,CHOCÓ,27800,UNGUÍA,27800000,UNGUÍA(UNGUÍA - CHOCÓ),2025,5,492.657,151.195,1042.8,lunes,2025-05-12 21:00:00,226452.0
27,CHOCÓ,27800,UNGUÍA,27800001,BALBOA(UNGUÍA - CHOCÓ),2025,5,28.092,9.724,90.7,lunes,2025-05-12 20:45:00,131452.0
27,CHOCÓ,27800,UNGUÍA,27800005,TITUMATE(UNGUÍA - CHOCÓ),2025,5,15.631,3.565,69.96,miércoles,2025-05-14 20:15:00,106855.0
44,LA GUAJIRA,44847,URIBIA,44847003,CABO DE LA VELA(URIBIA - LA GUAJIRA),2025,5,6.048,520.0,97.16,martes,2025-05-20 19:00:00,25968.0
44,LA GUAJIRA,44847,URIBIA,44847012,NAZARETH(URIBIA - LA GUAJIRA),2025,5,38.849,9.068,273.12,jueves,2025-05-22 19:00:00,55161.0
47,MAGDALENA,47189,CIÉNAGA,47189018,PALMOR(CIÉNAGA - MAGDALENA),2025,5,84.747,27.479,181.95,sábado,2025-05-10 19:15:00,230403.0
50,META,50325,MAPIRIPAN,50325000,MAPIRIPAN(MAPIRIPAN - META),2025,5,193.226,59.968,361.68,martes,2025-05-06 18:15:00,239274.0
52,NARIÑO,52250,EL CHARCO,52250005,LAS MERCEDES(EL CHARCO - NARIÑO),2025,5,0.0,0.0,59.975,No registra,2025-12-01 09:45:00,0.0
52,NARIÑO,52250,EL CHARCO,52250007,SAN JOSE DEL TAPAJE(EL CHARCO - NARIÑO),2025,5,9.628,2.062,56.0,jueves,2025-05-01 18:30:00,69032.0
52,NARIÑO,52250,EL CHARCO,52250016,ALTERON - URIBE URIBE(EL CHARCO - NARIÑO),2025,5,342.0,189.0,6.96,sábado,2025-05-03 19:45:00,2879.0
52,NARIÑO,52250,EL CHARCO,52250022,EL CUIL PUEBLO NUEVO(EL CHARCO - NARIÑO),2025,5,3.081,1.576,27.89,sábado,2025-05-31 18:45:00,44919.0
52,NARIÑO,52390,LA TOLA,52390003,LA VIGIA DE LA MAR(LA TOLA - NARIÑO),2025,5,5.881,2.644,31.4,jueves,2025-05-29 18:45:00,83065.0
52,NARIÑO,52390,LA TOLA,52390005,AGUACATAL(LA TOLA - NARIÑO),2025,5,711.0,236.0,11.41,domingo,2025-05-25 15:30:00,24274.0
52,NARIÑO,52390,LA TOLA,52390009,MULATOS(LA TOLA - NARIÑO),2025,5,4.325,2.148,24.45,viernes,2025-05-23 16:30:00,8.0
52,NARIÑO,52390,LA TOLA,52390013,AMARALES(LA TOLA - NARIÑO),2025,5,5.692,1.629,53.25,viernes,2025-05-02 20:15:00,4879.0
52,NARIÑO,52390,LA TOLA,52390016,SAN PABLO DEL MAR(LA TOLA - NARIÑO),2025,5,2.756,805.0,23.58,sábado,2025-05-03 19:00:00,46371.0
52,NARIÑO,52473,MOSQUERA,52473010,EL BAJITO DE ECHANDIA(MOSQUERA - NARIÑO),2025,5,3.51,1.343,15.58,domingo,2025-05-25 10:45:00,100726.0
52,NARIÑO,52490,OLAYA HERRERA,52490913,BOCA DE PRIETA(OLAYA HERRERA - NARIÑO),2025,5,176.0,41.0,14.95,domingo,2025-05-04 19:00:00,7339.0
52,NARIÑO,52621,ROBERTO PAYAN,52621912,TAMAJE(ROBERTO PAYAN - NARIÑO),2025,5,5.736,2.744,25.13,domingo,2025-05-04 16:45:00,91532.0
52,NARIÑO,52696,SANTA BÁRBARA,52696014,LA ENSENADA(SANTA BÁRBARA - NARIÑO),2025,5,3.158,1.537,20.58,jueves,2025-05-15 19:45:00,64919.0
52,NARIÑO,52696,SANTA BÁRBARA,52696017,SANTA RITA(SANTA BÁRBARA - NARIÑO),2025,5,4.761,2.654,34.6,lunes,2025-05-19 20:15:00,54597.0
52,NARIÑO,52835,SAN ANDRÉS DE TUMACO,52835055,BOCAS DE CURAY(SAN ANDRÉS DE TUMACO - NARIÑO),2025,5,7.667,2.726,50.4,viernes,2025-05-09 18:45:00,68952.0
76,VALLE DEL CAUCA,76109,BUENAVENTURA,76109011,PASTICO(BUENAVENTURA - VALLE DEL CAUCA),2025,5,5.262,1.757,20.75,jueves,2025-05-22 19:00:00,104919.0
76,VALLE DEL CAUCA,76109,BUENAVENTURA,76109018,CONCEPCION(BUENAVENTURA - VALLE DEL CAUCA),2025,5,0.0,0.0,59.975,No registra,2025-09-01 12:00:00,0.0
76,VALLE DEL CAUCA,76109,BUENAVENTURA,76109028,PUERTO MERIZALDE(BUENAVENTURA - VALLE DEL CAUCA),2025,5,111.442,40.19,226.34,miércoles,2025-05-14 20:00:00,223387.0
76,VALLE DEL CAUCA,76109,BUENAVENTURA,76109030,PUNTA SOLDADO(BUENAVENTURA - VALLE DEL CAUCA),2025,5,5.111,2.009,50.57,lunes,2025-05-05 21:00:00,10129.0
76,VALLE DEL CAUCA,76109,BUENAVENTURA,76109032,SAN FRANCISCO NAYA(BUENAVENTURA - VALLE DEL CAUCA),2025,5,8.375,3.654,33.47,viernes,2025-05-09 11:30:00,106452.0
76,VALLE DEL CAUCA,76109,BUENAVENTURA,76109034,SAN ISIDRO - CALIMA(BUENAVENTURA - VALLE DEL CAUCA),2025,5,3.59,796.0,27.47,domingo,2025-05-18 08:30:00,50806.0
76,VALLE DEL CAUCA,76109,BUENAVENTURA,76109040,VENERAL(BUENAVENTURA - VALLE DEL CAUCA),2025,5,5.7,574.0,28.45,jueves,2025-05-22 19:30:00,79516.0
76,VALLE DEL CAUCA,76109,BUENAVENTURA,76109069,PAPAYAL 1(BUENAVENTURA - VALLE DEL CAUCA),2025,5,4.028,784.0,26.27,viernes,2025-05-30 18:45:00,89032.0
76,VALLE DEL CAUCA,76109,BUENAVENTURA,76109081,PUNTA BONITA(BUENAVENTURA - VALLE DEL CAUCA),2025,5,6.041,6.211,23.11,viernes,2025-05-23 14:15:00,108145.0
76,VALLE DEL CAUCA,76109,BUENAVENTURA,76109105,PITAL(BUENAVENTURA - VALLE DEL CAUCA),2025,5,3.677,871.0,16.15,viernes,2025-05-09 19:15:00,85565.0
76,VALLE DEL CAUCA,76109,BUENAVENTURA,76109817,SANTA MARIA 1 NAYA(BUENAVENTURA - VALLE DEL CAUCA),2025,5,1.717,536.0,11.55,martes,2025-05-27 19:45:00,5879.0
76,VALLE DEL CAUCA,76109,BUENAVENTURA,76109863,SAN ANTONIO (BUENAVENTURA - VALLE DEL CAUCA),2025,5,1.71,471.0,8.49,viernes,2025-05-09 13:15:00,100726.0
76,VALLE DEL CAUCA,76109,BUENAVENTURA,76109904,SAN ANTONIO (RIO CAJAMBRE)(BUENAVENTURA - VALLE DEL CAUCA),2025,5,4.58,1.366,27.13,martes,2025-05-20 11:30:00,68871.0
76,VALLE DEL CAUCA,76109,BUENAVENTURA,76109907,SAN PABLO( CAJAMBRE)(BUENAVENTURA - VALLE DEL CAUCA),2025,5,2.43,0.0,19.83,viernes,2025-05-16 18:30:00,43306.0
76,VALLE DEL CAUCA,76109,BUENAVENTURA,76109913,MAYORQUIN(BUENAVENTURA - VALLE DEL CAUCA),2025,5,3.238,974.0,16.39,domingo,2025-05-18 10:45:00,83387.0
76,VALLE DEL CAUCA,76109,BUENAVENTURA,76109930,GALVEZ(BUENAVENTURA - VALLE DEL CAUCA),2025,5,3.988,632.0,32.9,sábado,2025-05-17 08:15:00,62258.0
76,VALLE DEL CAUCA,76109,BUENAVENTURA,76109957,HUMANES MAR(BUENAVENTURA - VALLE DEL CAUCA),2025,5,8.259,1.421,43.83,lunes,2025-05-19 19:15:00,91935.0
86,PUTUMAYO,86573,PUERTO LEGUIZAMO,86573000,PUERTO LEGUIZAMO(PUERTO LEGUIZAMO - PUTUMAYO),2025,5,923.489,258.226,1909.34,martes,2025-05-06 14:45:00,24.0
86,PUTUMAYO,86573,PUERTO LEGUIZAMO,86573009,PIÑUÑA NEGRO(PUERTO LEGUIZAMO - PUTUMAYO),2025,5,4.402,2.947,35.2,sábado,2025-05-03 18:45:00,5621.0
88,ARCHIPIÉLAGO DE SAN ANDRÉS y PROVIDENCIA,88001,SAN ANDRÉS,88001000,SAN ANDRÉS(SAN ANDRÉS - ARCHIPIÉLAGO DE SAN ANDRÉS y PROVIDENCIA ),2025,5,,,33600.96,viernes,2025-05-23 15:30:00,24.0
88,ARCHIPIÉLAGO DE SAN ANDRÉS y PROVIDENCIA,88564,PROVIDENCIA,88564000,PROVIDENCIA(PROVIDENCIA - ARCHIPIÉLAGO DE SAN ANDRÉS y PROVIDENCIA ),2025,5,,265.355,2184.36,miércoles,2025-05-28 22:30:00,24.0
91,AMAZONAS,91001,LETICIA,91001000,LETICIA(LETICIA - AMAZONAS),2025,5,,981.493,7764.4,lunes,2025-05-05 15:00:00,24.0
91,AMAZONAS,91540,PUERTO NARIÑO,91540000,PUERTO NARIÑO(PUERTO NARIÑO - AMAZONAS),2025,5,132.386,42.473,268.8,miércoles,2025-05-07 18:15:00,24.0
91,AMAZONAS,91798,TARAPACA (ANM),91798000,TARAPACA(TARAPACA (ANM) - AMAZONAS),2025,5,26.771,11.682,98.6,martes,2025-05-20 15:45:00,1025.0
94,GUAINÍA,94001,INÍRIDA,94001000,INÍRIDA(INÍRIDA - GUAINÍA),2025,5,,611.747,4363.04,lunes,2025-05-05 14:30:00,24.0
94,GUAINÍA,94001,INÍRIDA,94001905,CHORRO BOCON(INÍRIDA - GUAINÍA),2025,5,6.292,861.0,21.74,sábado,2025-05-10 19:30:00,16.0
94,GUAINÍA,94001,INÍRIDA,94001916,VENADO(INÍRIDA - GUAINÍA),2025,5,2.923,376.0,9.16,lunes,2025-05-26 19:15:00,239355.0
94,GUAINÍA,94001,INÍRIDA,94001966,LAGUNA COLORADA ALTA(INÍRIDA - GUAINÍA),2025,5,8.604,144.0,31.14,miércoles,2025-05-07 18:15:00,155242.0
94,GUAINÍA,94343,BARRANCO MINAS,94343900,CARPINTERO(BARRANCO MINAS - GUAINÍA),2025,5,2.299,1.029,7.72,jueves,2025-05-29 18:00:00,192258.0
94,GUAINÍA,94343,BARRANCO MINAS,94343901,CHATARE(BARRANCO MINAS - GUAINÍA),2025,5,382.0,18.0,4.99,miércoles,2025-05-14 19:15:00,34435.0
95,GUAVIARE,95001,SAN JOSÉ DEL GUAVIARE,95001012,CACHICAMO(SAN JOSÉ DEL GUAVIARE - GUAVIARE),2025,5,11.179,4.942,45.57,viernes,2025-05-30 18:45:00,118871.0
95,GUAVIARE,95200,MIRAFLORES,95200000,MIRAFLORES(MIRAFLORES - GUAVIARE),2025,5,128.806,15.135,252.45,lunes,2025-05-26 18:15:00,24.0
97,VAUPÉS,97001,MITÚ,97001000,MITÚ(MITÚ - VAUPÉS),2025,5,,356.973,3146.3,viernes,2025-05-09 11:45:00,239677.0
97,VAUPÉS,97161,CARURÚ,97161000,CARURÚ(CARURÚ - VAUPÉS),2025,5,38.239,6.377,98.91,jueves,2025-05-29 14:45:00,169032.0
97,VAUPÉS,97666,TARAIRA,97666000,TARAIRA(TARAIRA - VAUPÉS),2025,5,46.54,13.139,135.78,viernes,2025-05-09 12:45:00,142903.0
99,VICHADA,99001,PUERTO CARREÑO,99001000,PUERTO CARREÑO(PUERTO CARREÑO - VICHADA),2025,5,,666.426,5252.72,viernes,2025-05-02 14:15:00,239839.0
99,VICHADA,99773,CUMARIBO,99773000,CUMARIBO(CUMARIBO - VICHADA),2025,5,386.57,137.365,768.43,viernes,2025-05-09 13:15:00,235081.0
5,ANTIOQUIA,5873,VIGÍA DEL FUERTE,5873001,SAN ANTONIO DE PADUA(VIGÍA DEL FUERTE - ANTIOQUIA),2025,6,1.925,0.0,43.97,lunes,2025-06-30 19:00:00,23083.0
5,ANTIOQUIA,5873,VIGÍA DEL FUERTE,5873005,SAN MIGUEL(VIGÍA DEL FUERTE - ANTIOQUIA),2025,6,367.0,157.0,16.8,sábado,2025-06-28 18:30:00,8583.0
5,ANTIOQUIA,5873,VIGÍA DEL FUERTE,5873910,PUERTO MEDELLÍN(VIGÍA DEL FUERTE - ANTIOQUIA),2025,6,466.0,194.0,12.55,martes,2025-06-24 18:45:00,22583.0
13,BOLÍVAR,13001,CARTAGENA DE INDIAS,13001017,SANTA CRUZ DEL ISLOTE(CARTAGENA DE INDIAS - BOLÍVAR),2025,6,12.89,3.544,57.22,jueves,2025-06-26 20:30:00,95333.0
13,BOLÍVAR,13001,CARTAGENA DE INDIAS,13001037,ISLA MUCURA(CARTAGENA DE INDIAS - BOLÍVAR),2025,6,4.867,1.044,22.62,miércoles,2025-06-11 23:00:00,97417.0
18,CAQUETÁ,18150,CARTAGENA DEL CHAIRA,18150002,SANTA FE DEL CAGUAN(CARTAGENA DEL CHAIRA - CAQUETÁ),2025,6,3.295,1.346,36.48,viernes,2025-06-06 18:30:00,40333.0
18,CAQUETÁ,18753,SAN VICENTE DEL CAGUÁN,18753002,GUACAMAYAS(SAN VICENTE DEL CAGUÁN - CAQUETÁ),2025,6,0.0,0.0,59.975,No registra,2025-06-13 03:45:00,0.0
18,CAQUETÁ,18753,SAN VICENTE DEL CAGUÁN,18753009,PUERTO BETANIA(SAN VICENTE DEL CAGUÁN - CAQUETÁ),2025,6,6.32,1.999,42.76,sábado,2025-06-21 18:30:00,68083.0
18,CAQUETÁ,18753,SAN VICENTE DEL CAGUÁN,18753012,SANTA ROSA(SAN VICENTE DEL CAGUÁN - CAQUETÁ),2025,6,2.659,1.135,15.41,domingo,2025-06-29 18:00:00,76417.0
18,CAQUETÁ,18753,SAN VICENTE DEL CAGUÁN,18753033,VILLA LOBOS(SAN VICENTE DEL CAGUÁN - CAQUETÁ),2025,6,3.27,1.118,44.09,sábado,2025-06-28 19:30:00,30167.0
19,CAUCA,19318,GUAPI,19318008,LIMONES(GUAPI - CAUCA),2025,6,5.576,2.91,43.34,domingo,2025-06-15 12:30:00,5675.0
19,CAUCA,19318,GUAPI,19318013,SAN ANTONIO DE GUAJUI(GUAPI - CAUCA),2025,6,13.011,7.056,59.08,sábado,2025-06-21 18:45:00,94833.0
19,CAUCA,19418,LÓPEZ DE MICAY,19418009,NOANAMITO(LÓPEZ DE MICAY - CAUCA),2025,6,2.058,1.127,36.0,lunes,2025-06-23 19:45:00,25833.0
19,CAUCA,19418,LÓPEZ DE MICAY,19418033,BOCA GRANDE(LÓPEZ DE MICAY - CAUCA),2025,6,4.984,1.503,40.08,lunes,2025-06-02 19:45:00,53083.0
19,CAUCA,19809,TIMBIQUÍ,19809003,COTEJE(TIMBIQUÍ - CAUCA),2025,6,5.888,4.526,27.88,miércoles,2025-06-11 19:15:00,85.0
19,CAUCA,19809,TIMBIQUÍ,19809007,SAN JOSE(TIMBIQUÍ - CAUCA),2025,6,1.391,866.0,35.11,viernes,2025-06-06 19:00:00,1575.0
19,CAUCA,19809,TIMBIQUÍ,19809009,SANTA ROSA DE SAIJA(TIMBIQUÍ - CAUCA),2025,6,3.265,853.0,22.8,sábado,2025-06-07 19:00:00,6275.0
19,CAUCA,19809,TIMBIQUÍ,19809010,COMUNIDAD DE CHETE(TIMBIQUÍ - CAUCA),2025,6,4.947,1.87,31.49,lunes,2025-06-30 18:00:00,63667.0
19,CAUCA,19809,TIMBIQUÍ,19809014,CHACON(TIMBIQUÍ - CAUCA),2025,6,2.944,513.0,25.06,lunes,2025-06-02 19:45:00,61417.0
27,CHOCÓ,27001,QUIBDÓ,27001029,TAGACHI(QUIBDÓ - CHOCÓ),2025,6,0.0,0.0,59.975,No registra,2025-01-16 18:00:00,0.0
27,CHOCÓ,27006,ACANDÍ,27006000,ACANDÍ(ACANDÍ - CHOCÓ),2025,6,592.207,160.849,1391.63,viernes,2025-06-06 20:15:00,209.0
27,CHOCÓ,27006,ACANDÍ,27006007,SAN FRANCISCO(ACANDÍ - CHOCÓ),2025,6,26.61,9.255,153.15,sábado,2025-06-28 21:30:00,93833.0
27,CHOCÓ,27025,ALTO BAUDO,27025000,CIUDAD BAUDO - PIE DE PATO(ALTO BAUDO - CHOCÓ),2025,6,53.001,17.812,122.41,viernes,2025-06-06 11:45:00,2395.0
27,CHOCÓ,27025,ALTO BAUDO,27025033,MIACORA(ALTO BAUDO - CHOCÓ),2025,6,174.0,0.0,2.23,miércoles,2025-06-18 18:45:00,875.0
27,CHOCÓ,27025,ALTO BAUDO,27025035,PUERTO ALEGRE(ALTO BAUDO - CHOCÓ),2025,6,1.083,331.0,5.11,domingo,2025-06-01 13:15:00,8875.0
27,CHOCÓ,27025,ALTO BAUDO,27025920,EL MORRO(ALTO BAUDO - CHOCÓ),2025,6,462.0,158.0,3.42,viernes,2025-06-27 19:00:00,65.0
27,CHOCÓ,27025,ALTO BAUDO,27025937,VILLA CECILIA(ALTO BAUDO - CHOCÓ),2025,6,470.0,164.0,3.59,miércoles,2025-06-04 17:15:00,36333.0
27,CHOCÓ,27075,BAHÍA SOLANO,27075000,CIUDAD MUTIS(BAHÍA SOLANO - CHOCÓ),2025,6,873.365,242.722,1692.24,jueves,2025-06-19 19:45:00,236417.0
27,CHOCÓ,27075,BAHÍA SOLANO,27075001,CUPICA(BAHÍA SOLANO - CHOCÓ),2025,6,66.296,19.966,140.17,miércoles,2025-06-04 19:30:00,23975.0
27,CHOCÓ,27075,BAHÍA SOLANO,27075002,EL VALLE(BAHÍA SOLANO - CHOCÓ),2025,6,185.051,57.988,375.8,viernes,2025-06-20 19:30:00,235583.0
27,CHOCÓ,27077,BAJO BAUDÓ,27077000,PIZARRO(BAJO BAUDÓ - CHOCÓ),2025,6,171.529,59.334,497.38,miércoles,2025-06-18 20:15:00,151917.0
27,CHOCÓ,27077,BAJO BAUDÓ,27077002,BELEN DE DOCAMPADO(BAJO BAUDÓ - CHOCÓ),2025,6,7.217,1.703,36.15,lunes,2025-06-16 10:30:00,92583.0
27,CHOCÓ,27077,BAJO BAUDÓ,27077011,PILIZA - BELLAVISTA - VILLA LUZ(BAJO BAUDÓ - CHOCÓ),2025,6,2.845,515.0,25.6,lunes,2025-06-02 19:00:00,49833.0
27,CHOCÓ,27077,BAJO BAUDÓ,27077019,VIRUDO(BAJO BAUDÓ - CHOCÓ),2025,6,3.693,1.668,35.32,miércoles,2025-06-04 18:45:00,495.0
27,CHOCÓ,27077,BAJO BAUDÓ,27077026,GUINEAL(BAJO BAUDÓ - CHOCÓ),2025,6,1.965,2.088,30.29,domingo,2025-06-01 18:45:00,42917.0
27,CHOCÓ,27077,BAJO BAUDÓ,27077029,FIRME DE USARGA(BAJO BAUDÓ - CHOCÓ),2025,6,0.0,0.0,59.975,No registra,2025-10-03 07:00:00,0.0
27,CHOCÓ,27077,BAJO BAUDÓ,27077905,BUENAVISTA(BAJO BAUDÓ - CHOCÓ),2025,6,3.743,1.463,18.88,martes,2025-06-03 20:15:00,85083.0
27,CHOCÓ,27077,BAJO BAUDÓ,27077916,TERRON(BAJO BAUDÓ - CHOCÓ),2025,6,45.0,0.0,9.85,miércoles,2025-06-25 20:45:00,1917.0
27,CHOCÓ,27099,BOJAYÁ,27099000,BELLAVISTA(BOJAYÁ - CHOCÓ),2025,6,105.133,39.066,336.84,lunes,2025-06-30 19:15:00,13425.0
27,CHOCÓ,27099,BOJAYÁ,27099002,LA LOMA DE BOJAYA(BOJAYÁ - CHOCÓ),2025,6,11.533,5.402,72.18,lunes,2025-06-02 19:15:00,84833.0
27,CHOCÓ,27099,BOJAYÁ,27099005,NAPIPI(BOJAYÁ - CHOCÓ),2025,6,12.346,4.19,54.4,domingo,2025-06-01 18:15:00,92083.0
27,CHOCÓ,27099,BOJAYÁ,27099012,POGUE(BOJAYÁ - CHOCÓ),2025,6,5.248,2.559,22.54,miércoles,2025-06-18 14:30:00,104667.0
27,CHOCÓ,27099,BOJAYÁ,27099030,PIEDRA CANDELA(BOJAYÁ - CHOCÓ),2025,6,7.538,3.601,33.11,viernes,2025-06-20 15:15:00,95417.0
27,CHOCÓ,27099,BOJAYÁ,27099905,CHANO(BOJAYÁ - CHOCÓ),2025,6,787.0,42.0,6.75,jueves,2025-06-05 18:30:00,55917.0
27,CHOCÓ,27250,EL LITORAL DEL SAN JUAN,27250000,SANTA GENOVEVA DE DOCORDO(EL LITORAL DEL SAN JUAN - CHOCÓ),2025,6,72.794,35.069,225.98,viernes,2025-06-06 18:30:00,135.0
27,CHOCÓ,27250,EL LITORAL DEL SAN JUAN,27250023,PAPAYO(EL LITORAL DEL SAN JUAN - CHOCÓ),2025,6,0.0,0.0,0.0,viernes,2025-06-06 11:45:00,0.0
27,CHOCÓ,27361,ISTMINA,27361023,POTEDÓ(ISTMINA - CHOCÓ),2025,6,2.002,900.0,14.65,lunes,2025-06-02 18:15:00,59083.0
27,CHOCÓ,27361,ISTMINA,27361048,UNION CHOCO(ISTMINA - CHOCÓ),2025,6,1.206,601.0,7.87,lunes,2025-06-09 10:45:00,84667.0
27,CHOCÓ,27372,JURADO,27372000,JURADO(JURADO - CHOCÓ),2025,6,179.553,58.988,367.04,sábado,2025-06-14 19:00:00,228417.0
27,CHOCÓ,27372,JURADO,27372901,SANTA TERESITA(JURADO - CHOCÓ),2025,6,911.0,20.0,10.01,sábado,2025-06-07 11:45:00,6575.0
27,CHOCÓ,27372,JURADO,27372902,BUENAVISTA(JURADO - CHOCÓ),2025,6,1.943,427.0,17.22,jueves,2025-06-19 11:45:00,9525.0
27,CHOCÓ,27372,JURADO,27372905,DICHARDI(JURADO - CHOCÓ),2025,6,2.106,1.601,9.95,lunes,2025-06-02 06:30:00,150583.0
27,CHOCÓ,27372,JURADO,27372907,EYASAKE(JURADO - CHOCÓ),2025,6,2.803,865.0,21.9,sábado,2025-06-07 18:30:00,76417.0
27,CHOCÓ,27372,JURADO,27372930,DOS BOCAS(JURADO - CHOCÓ),2025,6,1.795,601.0,19.74,sábado,2025-06-07 18:45:00,58583.0
27,CHOCÓ,27425,MEDIO ATRATO,27425000,BETE(MEDIO ATRATO - CHOCÓ),2025,6,8.247,3.274,104.0,miércoles,2025-06-04 19:15:00,38583.0
27,CHOCÓ,27425,MEDIO ATRATO,27425008,SAN ROQUE(MEDIO ATRATO - CHOCÓ),2025,6,821.0,407.0,17.95,sábado,2025-06-14 20:15:00,2075.0
27,CHOCÓ,27491,NOVITA,27491004,JUNTAS DE TAMANA(NOVITA - CHOCÓ),2025,6,2.062,615.0,19.54,jueves,2025-06-12 19:45:00,67917.0
27,CHOCÓ,27495,NUQUÍ,27495000,NUQUÍ(NUQUÍ - CHOCÓ),2025,6,298.366,96.196,575.17,jueves,2025-06-19 19:45:00,237583.0
27,CHOCÓ,27495,NUQUÍ,27495001,ARUSI(NUQUÍ - CHOCÓ),2025,6,18.565,7.229,57.6,lunes,2025-06-09 18:45:00,185333.0
27,CHOCÓ,27495,NUQUÍ,27495003,JURUBIRA(NUQUÍ - CHOCÓ),2025,6,22.152,7.842,61.49,jueves,2025-06-19 20:15:00,168333.0
27,CHOCÓ,27495,NUQUÍ,27495008,JOVI(NUQUÍ - CHOCÓ),2025,6,7.784,2.896,25.21,miércoles,2025-06-18 19:45:00,14775.0
27,CHOCÓ,27495,NUQUÍ,27495011,COMUNIDAD DE PUERTO JAGUA(NUQUÍ - CHOCÓ),2025,6,1.114,371.0,5.38,martes,2025-06-10 20:00:00,81667.0
27,CHOCÓ,27495,NUQUÍ,27495012,COMUNIDAD INDIG. PUERTO INDIO(NUQUÍ - CHOCÓ),2025,6,1.495,359.0,7.59,domingo,2025-06-29 19:45:00,105583.0
27,CHOCÓ,27495,NUQUÍ,27495910,COMUNIDAD INDIG. DE RIO NUQUÍ(NUQUÍ - CHOCÓ),2025,6,815.0,197.0,5.5,sábado,2025-06-28 19:30:00,83083.0
27,CHOCÓ,27495,NUQUÍ,27495912,COMUNIDAD INDÍGENA DE PANGUI - EL YUCAL(NUQUÍ - CHOCÓ),2025,6,8.04,1.853,11.56,lunes,2025-06-09 09:45:00,2365.0
27,CHOCÓ,27615,RIOSUCIO,27615011,SAN JOSE TAMBORAL(RIOSUCIO - CHOCÓ),2025,6,5.0,2.0,2.22,domingo,2025-06-29 20:15:00,75.0
27,CHOCÓ,27800,UNGUÍA,27800000,UNGUÍA(UNGUÍA - CHOCÓ),2025,6,471.881,143.072,988.42,domingo,2025-06-08 20:30:00,224583.0
27,CHOCÓ,27800,UNGUÍA,27800001,BALBOA(UNGUÍA - CHOCÓ),2025,6,26.92,9.508,89.62,sábado,2025-06-14 20:30:00,13075.0
27,CHOCÓ,27800,UNGUÍA,27800005,TITUMATE(UNGUÍA - CHOCÓ),2025,6,15.118,3.425,67.32,viernes,2025-06-06 20:45:00,11125.0
44,LA GUAJIRA,44847,URIBIA,44847012,NAZARETH(URIBIA - LA GUAJIRA),2025,6,35.892,8.582,269.28,miércoles,2025-06-18 19:00:00,54.0
47,MAGDALENA,47189,CIÉNAGA,47189018,PALMOR(CIÉNAGA - MAGDALENA),2025,6,93.638,30.596,172.93,sábado,2025-06-21 12:45:00,23525.0
50,META,50325,MAPIRIPAN,50325000,MAPIRIPAN(MAPIRIPAN - META),2025,6,180.728,56.301,365.2,miércoles,2025-06-25 19:00:00,238667.0
52,NARIÑO,52250,EL CHARCO,52250005,LAS MERCEDES(EL CHARCO - NARIÑO),2025,6,900.0,4.851,9.92,martes,2025-06-17 17:45:00,35833.0
52,NARIÑO,52250,EL CHARCO,52250007,SAN JOSE DEL TAPAJE(EL CHARCO - NARIÑO),2025,6,10.802,2.416,56.0,miércoles,2025-06-04 18:45:00,80833.0
52,NARIÑO,52250,EL CHARCO,52250016,ALTERON - URIBE URIBE(EL CHARCO - NARIÑO),2025,6,754.0,404.0,6.62,sábado,2025-06-28 20:15:00,5225.0
52,NARIÑO,52250,EL CHARCO,52250022,EL CUIL PUEBLO NUEVO(EL CHARCO - NARIÑO),2025,6,4.728,2.463,28.22,lunes,2025-06-30 18:30:00,67667.0
52,NARIÑO,52390,LA TOLA,52390003,LA VIGIA DE LA MAR(LA TOLA - NARIÑO),2025,6,4.794,2.433,31.2,miércoles,2025-06-25 18:45:00,7225.0
52,NARIÑO,52390,LA TOLA,52390005,AGUACATAL(LA TOLA - NARIÑO),2025,6,3.334,1.169,12.53,sábado,2025-06-07 14:15:00,113083.0
52,NARIÑO,52390,LA TOLA,52390009,MULATOS(LA TOLA - NARIÑO),2025,6,4.507,2.1,27.55,domingo,2025-06-22 17:45:00,80083.0
52,NARIÑO,52390,LA TOLA,52390013,AMARALES(LA TOLA - NARIÑO),2025,6,3.247,953.0,53.86,viernes,2025-06-13 19:45:00,29917.0
52,NARIÑO,52390,LA TOLA,52390016,SAN PABLO DEL MAR(LA TOLA - NARIÑO),2025,6,3.034,1.214,22.56,jueves,2025-06-19 14:30:00,575.0
52,NARIÑO,52473,MOSQUERA,52473010,EL BAJITO DE ECHANDIA(MOSQUERA - NARIÑO),2025,6,3.268,1.257,18.96,viernes,2025-06-20 13:45:00,101167.0
52,NARIÑO,52490,OLAYA HERRERA,52490913,BOCA DE PRIETA(OLAYA HERRERA - NARIÑO),2025,6,296.0,82.0,9.55,viernes,2025-06-27 21:00:00,1825.0
52,NARIÑO,52621,ROBERTO PAYAN,52621912,TAMAJE(ROBERTO PAYAN - NARIÑO),2025,6,5.247,2.538,26.83,domingo,2025-06-29 21:15:00,85083.0
52,NARIÑO,52696,SANTA BÁRBARA,52696014,LA ENSENADA(SANTA BÁRBARA - NARIÑO),2025,6,2.296,989.0,20.06,lunes,2025-06-23 19:30:00,51167.0
52,NARIÑO,52696,SANTA BÁRBARA,52696017,SANTA RITA(SANTA BÁRBARA - NARIÑO),2025,6,4.975,2.772,34.72,jueves,2025-06-19 20:00:00,61167.0
52,NARIÑO,52835,SAN ANDRÉS DE TUMACO,52835016,PITAL DE LA COSTA(SAN ANDRÉS DE TUMACO - NARIÑO),2025,6,27.562,13.55,91.46,miércoles,2025-06-18 19:00:00,124667.0
52,NARIÑO,52835,SAN ANDRÉS DE TUMACO,52835055,BOCAS DE CURAY(SAN ANDRÉS DE TUMACO - NARIÑO),2025,6,8.106,2.889,48.0,lunes,2025-06-30 18:45:00,75833.0
76,VALLE DEL CAUCA,76109,BUENAVENTURA,76109011,PASTICO(BUENAVENTURA - VALLE DEL CAUCA),2025,6,4.781,1.54,21.12,lunes,2025-06-16 14:15:00,9225.0
76,VALLE DEL CAUCA,76109,BUENAVENTURA,76109018,CONCEPCION(BUENAVENTURA - VALLE DEL CAUCA),2025,6,747.0,278.0,37.96,lunes,2025-06-30 19:30:00,9583.0
76,VALLE DEL CAUCA,76109,BUENAVENTURA,76109028,PUERTO MERIZALDE(BUENAVENTURA - VALLE DEL CAUCA),2025,6,97.264,37.011,245.17,sábado,2025-06-28 20:30:00,191333.0
76,VALLE DEL CAUCA,76109,BUENAVENTURA,76109030,PUNTA SOLDADO(BUENAVENTURA - VALLE DEL CAUCA),2025,6,4.6,1.511,38.13,miércoles,2025-06-18 20:45:00,71667.0
76,VALLE DEL CAUCA,76109,BUENAVENTURA,76109032,SAN FRANCISCO NAYA(BUENAVENTURA - VALLE DEL CAUCA),2025,6,8.535,3.447,32.35,sábado,2025-06-28 11:45:00,113583.0
76,VALLE DEL CAUCA,76109,BUENAVENTURA,76109034,SAN ISIDRO - CALIMA(BUENAVENTURA - VALLE DEL CAUCA),2025,6,7.107,1.548,29.94,sábado,2025-06-28 19:00:00,101333.0
76,VALLE DEL CAUCA,76109,BUENAVENTURA,76109040,VENERAL(BUENAVENTURA - VALLE DEL CAUCA),2025,6,4.96,537.0,26.92,domingo,2025-06-29 19:15:00,1065.0
76,VALLE DEL CAUCA,76109,BUENAVENTURA,76109069,PAPAYAL 1(BUENAVENTURA - VALLE DEL CAUCA),2025,6,5.055,720.0,36.87,viernes,2025-06-20 10:15:00,87167.0
76,VALLE DEL CAUCA,76109,BUENAVENTURA,76109081,PUNTA BONITA(BUENAVENTURA - VALLE DEL CAUCA),2025,6,7.097,5.321,40.04,martes,2025-06-24 12:45:00,99917.0
76,VALLE DEL CAUCA,76109,BUENAVENTURA,76109105,PITAL(BUENAVENTURA - VALLE DEL CAUCA),2025,6,2.601,570.0,33.4,jueves,2025-06-26 17:30:00,61.0
76,VALLE DEL CAUCA,76109,BUENAVENTURA,76109817,SANTA MARIA 1 NAYA(BUENAVENTURA - VALLE DEL CAUCA),2025,6,998.0,312.0,11.2,martes,2025-06-10 19:15:00,3575.0
76,VALLE DEL CAUCA,76109,BUENAVENTURA,76109863,SAN ANTONIO (BUENAVENTURA - VALLE DEL CAUCA),2025,6,7.2,807.0,37.96,lunes,2025-06-16 05:45:00,105333.0
76,VALLE DEL CAUCA,76109,BUENAVENTURA,76109904,SAN ANTONIO (RIO CAJAMBRE)(BUENAVENTURA - VALLE DEL CAUCA),2025,6,4.922,1.47,29.73,viernes,2025-06-20 11:45:00,765.0
76,VALLE DEL CAUCA,76109,BUENAVENTURA,76109907,SAN PABLO( CAJAMBRE)(BUENAVENTURA - VALLE DEL CAUCA),2025,6,3.13,0.0,19.65,domingo,2025-06-08 19:45:00,58333.0
76,VALLE DEL CAUCA,76109,BUENAVENTURA,76109913,MAYORQUIN(BUENAVENTURA - VALLE DEL CAUCA),2025,6,4.908,945.0,34.46,viernes,2025-06-06 10:45:00,7825.0
76,VALLE DEL CAUCA,76109,BUENAVENTURA,76109930,GALVEZ(BUENAVENTURA - VALLE DEL CAUCA),2025,6,1.717,246.0,12.77,lunes,2025-06-23 19:15:00,54833.0
76,VALLE DEL CAUCA,76109,BUENAVENTURA,76109957,HUMANES MAR(BUENAVENTURA - VALLE DEL CAUCA),2025,6,8.849,1.658,35.74,jueves,2025-06-05 10:30:00,104667.0
86,PUTUMAYO,86573,PUERTO LEGUIZAMO,86573000,PUERTO LEGUIZAMO(PUERTO LEGUIZAMO - PUTUMAYO),2025,6,896.654,237.663,1853.81,miércoles,2025-06-18 15:00:00,24.0
86,PUTUMAYO,86573,PUERTO LEGUIZAMO,86573009,PIÑUÑA NEGRO(PUERTO LEGUIZAMO - PUTUMAYO),2025,6,4.371,2.279,32.0,sábado,2025-06-07 18:45:00,59167.0
88,ARCHIPIÉLAGO DE SAN ANDRÉS y PROVIDENCIA,88001,SAN ANDRÉS,88001000,SAN ANDRÉS(SAN ANDRÉS - ARCHIPIÉLAGO DE SAN ANDRÉS y PROVIDENCIA ),2025,6,,,33001.76,martes,2025-06-03 16:00:00,24.0
88,ARCHIPIÉLAGO DE SAN ANDRÉS y PROVIDENCIA,88564,PROVIDENCIA,88564000,PROVIDENCIA(PROVIDENCIA - ARCHIPIÉLAGO DE SAN ANDRÉS y PROVIDENCIA ),2025,6,,241.513,2183.73,sábado,2025-06-28 19:45:00,239917.0
91,AMAZONAS,91001,LETICIA,91001000,LETICIA(LETICIA - AMAZONAS),2025,6,,911.002,7857.56,martes,2025-06-10 14:30:00,24.0
91,AMAZONAS,91540,PUERTO NARIÑO,91540000,PUERTO NARIÑO(PUERTO NARIÑO - AMAZONAS),2025,6,126.077,41.005,251.2,jueves,2025-06-05 18:15:00,24.0
91,AMAZONAS,91798,TARAPACA (ANM),91798000,TARAPACA(TARAPACA (ANM) - AMAZONAS),2025,6,24.806,10.749,103.76,lunes,2025-06-30 13:45:00,102333.0
94,GUAINÍA,94001,INÍRIDA,94001000,INÍRIDA(INÍRIDA - GUAINÍA),2025,6,,574.014,4138.64,lunes,2025-06-16 14:30:00,24.0
94,GUAINÍA,94001,INÍRIDA,94001905,CHORRO BOCON(INÍRIDA - GUAINÍA),2025,6,6.033,700.0,19.68,domingo,2025-06-08 20:00:00,163667.0
94,GUAINÍA,94001,INÍRIDA,94001916,VENADO(INÍRIDA - GUAINÍA),2025,6,2.869,352.0,9.7,martes,2025-06-24 21:15:00,24.0
94,GUAINÍA,94001,INÍRIDA,94001966,LAGUNA COLORADA ALTA(INÍRIDA - GUAINÍA),2025,6,8.613,276.0,30.84,martes,2025-06-10 18:15:00,138917.0
94,GUAINÍA,94343,BARRANCO MINAS,94343900,CARPINTERO(BARRANCO MINAS - GUAINÍA),2025,6,2.317,1.168,8.73,miércoles,2025-06-18 19:00:00,185667.0
94,GUAINÍA,94343,BARRANCO MINAS,94343901,CHATARE(BARRANCO MINAS - GUAINÍA),2025,6,952.0,40.0,4.92,domingo,2025-06-29 19:00:00,109833.0
95,GUAVIARE,95001,SAN JOSÉ DEL GUAVIARE,95001012,CACHICAMO(SAN JOSÉ DEL GUAVIARE - GUAVIARE),2025,6,10.01,4.327,47.35,viernes,2025-06-13 19:15:00,106333.0
95,GUAVIARE,95200,MIRAFLORES,95200000,MIRAFLORES(MIRAFLORES - GUAVIARE),2025,6,116.126,12.32,241.04,martes,2025-06-10 18:30:00,24.0
97,VAUPÉS,97001,MITÚ,97001000,MITÚ(MITÚ - VAUPÉS),2025,6,,321.703,3161.0,martes,2025-06-24 11:30:00,234833.0
97,VAUPÉS,97161,CARURÚ,97161000,CARURÚ(CARURÚ - VAUPÉS),2025,6,34.965,5.984,96.18,viernes,2025-06-06 16:15:00,170583.0
97,VAUPÉS,97666,TARAIRA,97666000,TARAIRA(TARAIRA - VAUPÉS),2025,6,44.456,12.414,137.72,jueves,2025-06-26 12:00:00,142083.0
99,VICHADA,99001,PUERTO CARREÑO,99001000,PUERTO CARREÑO(PUERTO CARREÑO - VICHADA),2025,6,,626.345,4971.12,jueves,2025-06-05 14:15:00,239417.0
99,VICHADA,99773,CUMARIBO,99773000,CUMARIBO(CUMARIBO - VICHADA),2025,6,362.23,130.624,749.92,viernes,2025-06-13 15:15:00,237667.0
5,ANTIOQUIA,5873,VIGÍA DEL FUERTE,5873001,SAN ANTONIO DE PADUA(VIGÍA DEL FUERTE - ANTIOQUIA),2025,7,3.556,0.0,45.7,domingo,2025-07-06 19:15:00,40323.0
5,ANTIOQUIA,5873,VIGÍA DEL FUERTE,5873005,SAN MIGUEL(VIGÍA DEL FUERTE - ANTIOQUIA),2025,7,1.914,839.0,20.03,viernes,2025-07-18 19:00:00,41452.0
5,ANTIOQUIA,5873,VIGÍA DEL FUERTE,5873013,LOMA MURRI(VIGÍA DEL FUERTE - ANTIOQUIA),2025,7,3.874,1.491,32.62,lunes,2025-07-14 19:45:00,52016.0
5,ANTIOQUIA,5873,VIGÍA DEL FUERTE,5873910,PUERTO MEDELLÍN(VIGÍA DEL FUERTE - ANTIOQUIA),2025,7,712.0,289.0,13.05,viernes,2025-07-25 19:00:00,31774.0
13,BOLÍVAR,13001,CARTAGENA DE INDIAS,13001017,SANTA CRUZ DEL ISLOTE(CARTAGENA DE INDIAS - BOLÍVAR),2025,7,13.647,3.612,56.19,martes,2025-07-22 20:30:00,100726.0
13,BOLÍVAR,13001,CARTAGENA DE INDIAS,13001037,ISLA MUCURA(CARTAGENA DE INDIAS - BOLÍVAR),2025,7,5.58,1.573,20.54,martes,2025-07-01 23:00:00,111613.0
18,CAQUETÁ,18150,CARTAGENA DEL CHAIRA,18150001,REMOLINO DEL CAGUAN(CARTAGENA DEL CHAIRA - CAQUETÁ),2025,7,15.875,6.152,89.12,viernes,2025-07-11 19:15:00,69677.0
18,CAQUETÁ,18150,CARTAGENA DEL CHAIRA,18150002,SANTA FE DEL CAGUAN(CARTAGENA DEL CHAIRA - CAQUETÁ),2025,7,2.582,1.035,38.28,martes,2025-07-15 19:00:00,30161.0
18,CAQUETÁ,18753,SAN VICENTE DEL CAGUÁN,18753002,GUACAMAYAS(SAN VICENTE DEL CAGUÁN - CAQUETÁ),2025,7,0.0,0.0,59.975,No registra,2025-09-10 10:45:00,0.0
18,CAQUETÁ,18753,SAN VICENTE DEL CAGUÁN,18753012,SANTA ROSA(SAN VICENTE DEL CAGUÁN - CAQUETÁ),2025,7,2.193,983.0,16.7,martes,2025-07-29 18:15:00,625.0
18,CAQUETÁ,18753,SAN VICENTE DEL CAGUÁN,18753033,VILLA LOBOS(SAN VICENTE DEL CAGUÁN - CAQUETÁ),2025,7,5.926,1.892,50.83,miércoles,2025-07-30 19:00:00,46855.0
19,CAUCA,19318,GUAPI,19318008,LIMONES(GUAPI - CAUCA),2025,7,9.185,5.076,42.29,domingo,2025-07-06 20:15:00,89435.0
19,CAUCA,19318,GUAPI,19318013,SAN ANTONIO DE GUAJUI(GUAPI - CAUCA),2025,7,10.523,5.536,63.52,martes,2025-07-22 19:15:00,71694.0
19,CAUCA,19418,LÓPEZ DE MICAY,19418009,NOANAMITO(LÓPEZ DE MICAY - CAUCA),2025,7,7.982,4.528,40.0,jueves,2025-07-10 18:45:00,82097.0
19,CAUCA,19418,LÓPEZ DE MICAY,19418033,BOCA GRANDE(LÓPEZ DE MICAY - CAUCA),2025,7,4.217,1.195,37.8,jueves,2025-07-24 20:00:00,44919.0
19,CAUCA,19809,TIMBIQUÍ,19809003,COTEJE(TIMBIQUÍ - CAUCA),2025,7,6.565,4.787,31.24,sábado,2025-07-19 19:00:00,85.0
19,CAUCA,19809,TIMBIQUÍ,19809007,SAN JOSE(TIMBIQUÍ - CAUCA),2025,7,3.512,2.158,36.29,jueves,2025-07-24 19:15:00,39839.0
19,CAUCA,19809,TIMBIQUÍ,19809009,SANTA ROSA DE SAIJA(TIMBIQUÍ - CAUCA),2025,7,2.913,753.0,23.02,miércoles,2025-07-30 19:45:00,51452.0
19,CAUCA,19809,TIMBIQUÍ,19809010,COMUNIDAD DE CHETE(TIMBIQUÍ - CAUCA),2025,7,6.058,2.232,33.57,martes,2025-07-29 19:30:00,73387.0
19,CAUCA,19809,TIMBIQUÍ,19809014,CHACON(TIMBIQUÍ - CAUCA),2025,7,3.751,573.0,20.43,sábado,2025-07-12 20:15:00,73629.0
27,CHOCÓ,27001,QUIBDÓ,27001029,TAGACHI(QUIBDÓ - CHOCÓ),2025,7,1.856,583.0,41.88,miércoles,2025-07-16 20:30:00,18306.0
27,CHOCÓ,27006,ACANDÍ,27006000,ACANDÍ(ACANDÍ - CHOCÓ),2025,7,669.559,181.146,1437.22,miércoles,2025-07-16 21:15:00,21371.0
27,CHOCÓ,27006,ACANDÍ,27006007,SAN FRANCISCO(ACANDÍ - CHOCÓ),2025,7,25.406,9.474,128.19,domingo,2025-07-13 21:00:00,94032.0
27,CHOCÓ,27025,ALTO BAUDO,27025000,CIUDAD BAUDO - PIE DE PATO(ALTO BAUDO - CHOCÓ),2025,7,56.67,18.913,127.42,lunes,2025-07-21 12:00:00,239032.0
27,CHOCÓ,27025,ALTO BAUDO,27025033,MIACORA(ALTO BAUDO - CHOCÓ),2025,7,192.0,11.0,4.01,miércoles,2025-07-23 17:45:00,1629.0
27,CHOCÓ,27025,ALTO BAUDO,27025035,PUERTO ALEGRE(ALTO BAUDO - CHOCÓ),2025,7,1.346,458.0,5.73,martes,2025-07-29 15:45:00,109597.0
27,CHOCÓ,27025,ALTO BAUDO,27025920,EL MORRO(ALTO BAUDO - CHOCÓ),2025,7,489.0,149.0,3.68,viernes,2025-07-04 16:45:00,66048.0
27,CHOCÓ,27025,ALTO BAUDO,27025937,VILLA CECILIA(ALTO BAUDO - CHOCÓ),2025,7,362.0,131.0,3.56,lunes,2025-07-28 16:00:00,2371.0
27,CHOCÓ,27075,BAHÍA SOLANO,27075000,CIUDAD MUTIS(BAHÍA SOLANO - CHOCÓ),2025,7,932.769,252.157,1711.16,martes,2025-07-29 19:30:00,234758.0
27,CHOCÓ,27075,BAHÍA SOLANO,27075001,CUPICA(BAHÍA SOLANO - CHOCÓ),2025,7,66.516,17.552,158.46,domingo,2025-07-27 19:30:00,2375.0
27,CHOCÓ,27075,BAHÍA SOLANO,27075002,EL VALLE(BAHÍA SOLANO - CHOCÓ),2025,7,199.609,61.662,387.55,jueves,2025-07-17 19:15:00,23129.0
27,CHOCÓ,27077,BAJO BAUDÓ,27077000,PIZARRO(BAJO BAUDÓ - CHOCÓ),2025,7,191.269,66.252,491.57,miércoles,2025-07-09 13:15:00,162581.0
27,CHOCÓ,27077,BAJO BAUDÓ,27077002,BELEN DE DOCAMPADO(BAJO BAUDÓ - CHOCÓ),2025,7,4.818,1.185,35.05,sábado,2025-07-12 19:00:00,64113.0
27,CHOCÓ,27077,BAJO BAUDÓ,27077011,PILIZA - BELLAVISTA - VILLA LUZ(BAJO BAUDÓ - CHOCÓ),2025,7,2.869,497.0,22.4,martes,2025-07-01 19:30:00,49839.0
27,CHOCÓ,27077,BAJO BAUDÓ,27077019,VIRUDO(BAJO BAUDÓ - CHOCÓ),2025,7,2.235,1.026,34.35,sábado,2025-07-19 19:15:00,30081.0
27,CHOCÓ,27077,BAJO BAUDÓ,27077026,GUINEAL(BAJO BAUDÓ - CHOCÓ),2025,7,1.956,2.316,21.83,sábado,2025-07-12 19:45:00,45081.0
27,CHOCÓ,27077,BAJO BAUDÓ,27077029,FIRME DE USARGA(BAJO BAUDÓ - CHOCÓ),2025,7,36.0,22.0,3.85,jueves,2025-07-31 19:45:00,3468.0
27,CHOCÓ,27077,BAJO BAUDÓ,27077905,BUENAVISTA(BAJO BAUDÓ - CHOCÓ),2025,7,4.103,1.525,19.65,jueves,2025-07-10 19:45:00,84032.0
27,CHOCÓ,27077,BAJO BAUDÓ,27077916,TERRON(BAJO BAUDÓ - CHOCÓ),2025,7,3.0,0.0,0.7,sábado,2025-07-19 12:45:00,0.0
27,CHOCÓ,27099,BOJAYÁ,27099000,BELLAVISTA(BOJAYÁ - CHOCÓ),2025,7,84.72,31.076,433.93,miércoles,2025-07-02 05:15:00,1025.0
27,CHOCÓ,27099,BOJAYÁ,27099002,LA LOMA DE BOJAYA(BOJAYÁ - CHOCÓ),2025,7,11.971,5.425,68.47,sábado,2025-07-19 19:45:00,79032.0
27,CHOCÓ,27099,BOJAYÁ,27099005,NAPIPI(BOJAYÁ - CHOCÓ),2025,7,13.22,4.543,54.4,domingo,2025-07-06 16:30:00,94032.0
27,CHOCÓ,27099,BOJAYÁ,27099012,POGUE(BOJAYÁ - CHOCÓ),2025,7,5.304,2.461,22.61,lunes,2025-07-21 13:15:00,99839.0
27,CHOCÓ,27099,BOJAYÁ,27099030,PIEDRA CANDELA(BOJAYÁ - CHOCÓ),2025,7,7.024,3.37,35.04,jueves,2025-07-17 19:15:00,82097.0
27,CHOCÓ,27099,BOJAYÁ,27099905,CHANO(BOJAYÁ - CHOCÓ),2025,7,379.0,31.0,7.89,jueves,2025-07-24 19:45:00,23468.0
27,CHOCÓ,27250,EL LITORAL DEL SAN JUAN,27250000,SANTA GENOVEVA DE DOCORDO(EL LITORAL DEL SAN JUAN - CHOCÓ),2025,7,97.007,44.624,253.84,lunes,2025-07-14 21:00:00,167581.0
27,CHOCÓ,27250,EL LITORAL DEL SAN JUAN,27250023,PAPAYO(EL LITORAL DEL SAN JUAN - CHOCÓ),2025,7,0.0,0.0,59.975,No registra,2025-01-01 23:15:00,0.0
27,CHOCÓ,27361,ISTMINA,27361023,POTEDÓ(ISTMINA - CHOCÓ),2025,7,3.558,1.266,17.62,domingo,2025-07-27 21:00:00,96129.0
27,CHOCÓ,27361,ISTMINA,27361048,UNION CHOCO(ISTMINA - CHOCÓ),2025,7,1.244,390.0,7.51,sábado,2025-07-19 18:30:00,75806.0
27,CHOCÓ,27372,JURADO,27372000,JURADO(JURADO - CHOCÓ),2025,7,181.37,57.09,378.08,sábado,2025-07-12 19:00:00,220806.0
27,CHOCÓ,27372,JURADO,27372901,SANTA TERESITA(JURADO - CHOCÓ),2025,7,293.0,14.0,10.35,miércoles,2025-07-30 19:15:00,19677.0
27,CHOCÓ,27372,JURADO,27372902,BUENAVISTA(JURADO - CHOCÓ),2025,7,1.77,398.0,13.63,domingo,2025-07-13 11:30:00,10879.0
27,CHOCÓ,27372,JURADO,27372905,DICHARDI(JURADO - CHOCÓ),2025,7,1.848,1.411,8.1,viernes,2025-07-04 11:00:00,153145.0
27,CHOCÓ,27372,JURADO,27372907,EYASAKE(JURADO - CHOCÓ),2025,7,5.091,2.313,17.26,martes,2025-07-22 19:30:00,117097.0
27,CHOCÓ,27372,JURADO,27372930,DOS BOCAS(JURADO - CHOCÓ),2025,7,1.907,770.0,21.35,lunes,2025-07-07 19:15:00,60565.0
27,CHOCÓ,27425,MEDIO ATRATO,27425000,BETE(MEDIO ATRATO - CHOCÓ),2025,7,7.221,3.008,92.0,lunes,2025-07-07 19:45:00,3871.0
27,CHOCÓ,27425,MEDIO ATRATO,27425008,SAN ROQUE(MEDIO ATRATO - CHOCÓ),2025,7,306.0,146.0,17.04,jueves,2025-07-31 20:15:00,7903.0
27,CHOCÓ,27491,NOVITA,27491004,JUNTAS DE TAMANA(NOVITA - CHOCÓ),2025,7,413.0,105.0,15.47,domingo,2025-07-27 18:30:00,12258.0
27,CHOCÓ,27495,NUQUÍ,27495000,NUQUÍ(NUQUÍ - CHOCÓ),2025,7,329.001,106.314,642.75,miércoles,2025-07-16 20:15:00,239274.0
27,CHOCÓ,27495,NUQUÍ,27495001,ARUSI(NUQUÍ - CHOCÓ),2025,7,18.818,6.377,55.2,miércoles,2025-07-02 20:45:00,175484.0
27,CHOCÓ,27495,NUQUÍ,27495002,COQUI(NUQUÍ - CHOCÓ),2025,7,10.834,2.556,26.42,jueves,2025-07-17 19:15:00,24.0
27,CHOCÓ,27495,NUQUÍ,27495003,JURUBIRA(NUQUÍ - CHOCÓ),2025,7,22.775,7.862,59.56,lunes,2025-07-07 19:15:00,169839.0
27,CHOCÓ,27495,NUQUÍ,27495008,JOVI(NUQUÍ - CHOCÓ),2025,7,8.227,3.245,25.09,martes,2025-07-15 19:00:00,149597.0
27,CHOCÓ,27495,NUQUÍ,27495011,COMUNIDAD DE PUERTO JAGUA(NUQUÍ - CHOCÓ),2025,7,986.0,309.0,6.91,jueves,2025-07-17 19:00:00,69194.0
27,CHOCÓ,27495,NUQUÍ,27495012,COMUNIDAD INDIG. PUERTO INDIO(NUQUÍ - CHOCÓ),2025,7,3.02,1.621,8.19,viernes,2025-07-11 09:45:00,153629.0
27,CHOCÓ,27495,NUQUÍ,27495910,COMUNIDAD INDIG. DE RIO NUQUÍ(NUQUÍ - CHOCÓ),2025,7,653.0,146.0,5.0,sábado,2025-07-05 19:00:00,67984.0
27,CHOCÓ,27495,NUQUÍ,27495912,COMUNIDAD INDÍGENA DE PANGUI - EL YUCAL(NUQUÍ - CHOCÓ),2025,7,7.659,1.793,11.59,martes,2025-07-29 15:45:00,221129.0
27,CHOCÓ,27615,RIOSUCIO,27615011,SAN JOSE TAMBORAL(RIOSUCIO - CHOCÓ),2025,7,9.0,3.0,4.5,martes,2025-07-15 13:15:00,726.0
27,CHOCÓ,27800,UNGUÍA,27800001,BALBOA(UNGUÍA - CHOCÓ),2025,7,28.494,9.921,95.03,sábado,2025-07-19 21:00:00,131452.0
27,CHOCÓ,27800,UNGUÍA,27800005,TITUMATE(UNGUÍA - CHOCÓ),2025,7,15.983,3.53,73.48,martes,2025-07-15 21:00:00,1025.0
44,LA GUAJIRA,44847,URIBIA,44847012,NAZARETH(URIBIA - LA GUAJIRA),2025,7,39.571,9.036,272.64,domingo,2025-07-27 19:00:00,57016.0
47,MAGDALENA,47189,CIÉNAGA,47189018,PALMOR(CIÉNAGA - MAGDALENA),2025,7,96.904,31.656,174.27,sábado,2025-07-19 12:00:00,228387.0
50,META,50325,MAPIRIPAN,50325000,MAPIRIPAN(MAPIRIPAN - META),2025,7,187.13,56.328,371.8,viernes,2025-07-25 18:30:00,239677.0
52,NARIÑO,52250,EL CHARCO,52250005,LAS MERCEDES(EL CHARCO - NARIÑO),2025,7,161.0,891.0,9.54,domingo,2025-07-13 19:30:00,629.0
52,NARIÑO,52250,EL CHARCO,52250007,SAN JOSE DEL TAPAJE(EL CHARCO - NARIÑO),2025,7,7.206,1.93,56.0,martes,2025-07-01 20:30:00,63468.0
52,NARIÑO,52250,EL CHARCO,52250016,ALTERON - URIBE URIBE(EL CHARCO - NARIÑO),2025,7,932.0,453.0,7.66,jueves,2025-07-17 18:15:00,58952.0
52,NARIÑO,52390,LA TOLA,52390003,LA VIGIA DE LA MAR(LA TOLA - NARIÑO),2025,7,5.924,2.927,44.64,miércoles,2025-07-23 19:15:00,82661.0
52,NARIÑO,52390,LA TOLA,52390005,AGUACATAL(LA TOLA - NARIÑO),2025,7,2.07,740.0,13.7,viernes,2025-07-11 17:00:00,64355.0
52,NARIÑO,52390,LA TOLA,52390009,MULATOS(LA TOLA - NARIÑO),2025,7,4.73,2.093,27.23,domingo,2025-07-20 20:00:00,78952.0
52,NARIÑO,52390,LA TOLA,52390013,AMARALES(LA TOLA - NARIÑO),2025,7,6.633,2.714,48.29,jueves,2025-07-24 19:45:00,64758.0
52,NARIÑO,52390,LA TOLA,52390016,SAN PABLO DEL MAR(LA TOLA - NARIÑO),2025,7,5.569,2.191,22.37,miércoles,2025-07-30 20:30:00,10371.0
52,NARIÑO,52473,MOSQUERA,52473010,EL BAJITO DE ECHANDIA(MOSQUERA - NARIÑO),2025,7,3.362,1.277,15.24,viernes,2025-07-25 12:45:00,96532.0
52,NARIÑO,52621,ROBERTO PAYAN,52621912,TAMAJE(ROBERTO PAYAN - NARIÑO),2025,7,5.917,3.092,30.12,jueves,2025-07-17 19:45:00,90403.0
52,NARIÑO,52696,SANTA BÁRBARA,52696014,LA ENSENADA(SANTA BÁRBARA - NARIÑO),2025,7,2.524,516.0,19.33,lunes,2025-07-14 19:00:00,55484.0
52,NARIÑO,52696,SANTA BÁRBARA,52696017,SANTA RITA(SANTA BÁRBARA - NARIÑO),2025,7,4.666,3.178,32.76,martes,2025-07-01 19:45:00,58226.0
52,NARIÑO,52835,SAN ANDRÉS DE TUMACO,52835016,PITAL DE LA COSTA(SAN ANDRÉS DE TUMACO - NARIÑO),2025,7,36.819,19.37,94.85,lunes,2025-07-14 19:00:00,179032.0
52,NARIÑO,52835,SAN ANDRÉS DE TUMACO,52835055,BOCAS DE CURAY(SAN ANDRÉS DE TUMACO - NARIÑO),2025,7,5.78,1.891,50.4,viernes,2025-07-11 18:45:00,47984.0
52,NARIÑO,52835,SAN ANDRÉS DE TUMACO,52835217,SAN JUAN DE LA COSTA(SAN ANDRÉS DE TUMACO - NARIÑO),2025,7,0.0,0.0,59.975,No registra,2025-06-11 14:45:00,0.0
76,VALLE DEL CAUCA,76109,BUENAVENTURA,76109011,PASTICO(BUENAVENTURA - VALLE DEL CAUCA),2025,7,2.299,773.0,19.87,martes,2025-07-01 16:15:00,46855.0
76,VALLE DEL CAUCA,76109,BUENAVENTURA,76109018,CONCEPCION(BUENAVENTURA - VALLE DEL CAUCA),2025,7,4.878,1.615,51.98,jueves,2025-07-31 19:00:00,42258.0
76,VALLE DEL CAUCA,76109,BUENAVENTURA,76109028,PUERTO MERIZALDE(BUENAVENTURA - VALLE DEL CAUCA),2025,7,95.404,33.465,284.06,miércoles,2025-07-02 20:30:00,189435.0
76,VALLE DEL CAUCA,76109,BUENAVENTURA,76109030,PUNTA SOLDADO(BUENAVENTURA - VALLE DEL CAUCA),2025,7,4.231,1.313,37.87,lunes,2025-07-28 22:00:00,49919.0
27,CHOCÓ,27425,MEDIO ATRATO,27425000,BETE,2026,1,22.435,9.698,96.0,domingo,2026-01-31 20:00:00,1.156
76,VALLE DEL CAUCA,76109,BUENAVENTURA,76109032,SAN FRANCISCO NAYA(BUENAVENTURA - VALLE DEL CAUCA),2025,7,8.522,3.195,33.92,sábado,2025-07-26 12:15:00,103548.0
76,VALLE DEL CAUCA,76109,BUENAVENTURA,76109034,SAN ISIDRO - CALIMA(BUENAVENTURA - VALLE DEL CAUCA),2025,7,9.05,1.666,32.25,sábado,2025-07-26 13:00:00,109194.0
76,VALLE DEL CAUCA,76109,BUENAVENTURA,76109038,SILVA(BUENAVENTURA - VALLE DEL CAUCA),2025,7,4.646,1.668,18.87,viernes,2025-07-04 16:30:00,100403.0
76,VALLE DEL CAUCA,76109,BUENAVENTURA,76109040,VENERAL(BUENAVENTURA - VALLE DEL CAUCA),2025,7,5.223,411.0,30.14,lunes,2025-07-21 19:45:00,72097.0
76,VALLE DEL CAUCA,76109,BUENAVENTURA,76109069,PAPAYAL 1(BUENAVENTURA - VALLE DEL CAUCA),2025,7,4.548,887.0,19.06,sábado,2025-07-12 19:30:00,96129.0
76,VALLE DEL CAUCA,76109,BUENAVENTURA,76109081,PUNTA BONITA(BUENAVENTURA - VALLE DEL CAUCA),2025,7,7.253,4.21,39.6,domingo,2025-07-20 20:00:00,83065.0
76,VALLE DEL CAUCA,76109,BUENAVENTURA,76109817,SANTA MARIA 1 NAYA(BUENAVENTURA - VALLE DEL CAUCA),2025,7,0.0,0.0,59.975,No registra,2025-02-16 16:00:00,0.0
76,VALLE DEL CAUCA,76109,BUENAVENTURA,76109863,SAN ANTONIO (BUENAVENTURA - VALLE DEL CAUCA),2025,7,3.886,938.0,28.08,miércoles,2025-07-23 21:00:00,115484.0
76,VALLE DEL CAUCA,76109,BUENAVENTURA,76109904,SAN ANTONIO (RIO CAJAMBRE)(BUENAVENTURA - VALLE DEL CAUCA),2025,7,3.814,1.153,30.8,lunes,2025-07-28 11:45:00,55403.0
76,VALLE DEL CAUCA,76109,BUENAVENTURA,76109907,SAN PABLO( CAJAMBRE)(BUENAVENTURA - VALLE DEL CAUCA),2025,7,889.0,0.0,19.21,martes,2025-07-01 17:00:00,47177.0
76,VALLE DEL CAUCA,76109,BUENAVENTURA,76109913,MAYORQUIN(BUENAVENTURA - VALLE DEL CAUCA),2025,7,3.359,787.0,30.25,jueves,2025-07-10 19:45:00,72419.0
76,VALLE DEL CAUCA,76109,BUENAVENTURA,76109930,GALVEZ(BUENAVENTURA - VALLE DEL CAUCA),2025,7,2.83,488.0,12.25,miércoles,2025-07-23 18:30:00,90565.0
76,VALLE DEL CAUCA,76109,BUENAVENTURA,76109957,HUMANES MAR(BUENAVENTURA - VALLE DEL CAUCA),2025,7,10.22,1.95,36.24,martes,2025-07-15 12:45:00,116694.0
86,PUTUMAYO,86573,PUERTO LEGUIZAMO,86573000,PUERTO LEGUIZAMO(PUERTO LEGUIZAMO - PUTUMAYO),2025,7,882.056,232.59,1963.28,miércoles,2025-07-30 15:30:00,24.0
86,PUTUMAYO,86573,PUERTO LEGUIZAMO,86573009,PIÑUÑA NEGRO(PUERTO LEGUIZAMO - PUTUMAYO),2025,7,4.696,2.574,35.2,sábado,2025-07-26 18:45:00,61048.0
88,ARCHIPIÉLAGO DE SAN ANDRÉS y PROVIDENCIA,88001,SAN ANDRÉS,88001000,SAN ANDRÉS(SAN ANDRÉS - ARCHIPIÉLAGO DE SAN ANDRÉS y PROVIDENCIA ),2025,7,,,33230.12,jueves,2025-07-24 15:30:00,24.0
88,ARCHIPIÉLAGO DE SAN ANDRÉS y PROVIDENCIA,88564,PROVIDENCIA,88564000,PROVIDENCIA(PROVIDENCIA - ARCHIPIÉLAGO DE SAN ANDRÉS y PROVIDENCIA ),2025,7,,271.563,2198.41,miércoles,2025-07-30 22:30:00,24.0
91,AMAZONAS,91001,LETICIA,91001000,LETICIA(LETICIA - AMAZONAS),2025,7,,950.415,8197.16,viernes,2025-07-25 14:45:00,24.0
91,AMAZONAS,91540,PUERTO NARIÑO,91540000,PUERTO NARIÑO(PUERTO NARIÑO - AMAZONAS),2025,7,130.501,43.206,260.8,martes,2025-07-29 18:30:00,239919.0
91,AMAZONAS,91798,TARAPACA (ANM),91798000,TARAPACA(TARAPACA (ANM) - AMAZONAS),2025,7,26.78,11.516,101.27,martes,2025-07-01 14:00:00,1025.0
94,GUAINÍA,94001,INÍRIDA,94001000,INÍRIDA(INÍRIDA - GUAINÍA),2025,7,,573.271,4132.48,miércoles,2025-07-30 14:45:00,24.0
94,GUAINÍA,94001,INÍRIDA,94001905,CHORRO BOCON(INÍRIDA - GUAINÍA),2025,7,5.987,673.0,20.61,sábado,2025-07-19 19:30:00,162177.0
94,GUAINÍA,94001,INÍRIDA,94001916,VENADO(INÍRIDA - GUAINÍA),2025,7,2.811,578.0,13.24,lunes,2025-07-07 20:00:00,226774.0
94,GUAINÍA,94001,INÍRIDA,94001966,LAGUNA COLORADA ALTA(INÍRIDA - GUAINÍA),2025,7,8.841,221.0,31.29,jueves,2025-07-31 11:00:00,142661.0
94,GUAINÍA,94343,BARRANCO MINAS,94343900,CARPINTERO(BARRANCO MINAS - GUAINÍA),2025,7,2.038,975.0,6.61,miércoles,2025-07-02 18:00:00,164839.0
94,GUAINÍA,94343,BARRANCO MINAS,94343901,CHATARE(BARRANCO MINAS - GUAINÍA),2025,7,1.716,123.0,5.04,martes,2025-07-01 19:00:00,189919.0
95,GUAVIARE,95001,SAN JOSÉ DEL GUAVIARE,95001012,CACHICAMO(SAN JOSÉ DEL GUAVIARE - GUAVIARE),2025,7,10.141,4.554,47.76,viernes,2025-07-18 19:30:00,103226.0
95,GUAVIARE,95200,MIRAFLORES,95200000,MIRAFLORES(MIRAFLORES - GUAVIARE),2025,7,120.927,13.651,245.09,lunes,2025-07-28 18:15:00,239355.0
97,VAUPÉS,97001,MITÚ,97001000,MITÚ(MITÚ - VAUPÉS),2025,7,,329.593,3166.42,lunes,2025-07-28 13:15:00,239597.0
97,VAUPÉS,97161,CARURÚ,97161000,CARURÚ(CARURÚ - VAUPÉS),2025,7,34.007,5.616,95.39,viernes,2025-07-25 18:30:00,165323.0
97,VAUPÉS,97666,TARAIRA,97666000,TARAIRA(TARAIRA - VAUPÉS),2025,7,46.237,12.352,146.87,martes,2025-07-29 19:00:00,144194.0
99,VICHADA,99001,PUERTO CARREÑO,99001000,PUERTO CARREÑO(PUERTO CARREÑO - VICHADA),2025,7,,642.303,4835.6,lunes,2025-07-28 14:15:00,239194.0
99,VICHADA,99001,PUERTO CARREÑO,99001002,CASUARITO(PUERTO CARREÑO - VICHADA),2025,7,38.76,15.285,78.01,jueves,2025-07-31 20:30:00,237823.0
99,VICHADA,99773,CUMARIBO,99773000,CUMARIBO(CUMARIBO - VICHADA),2025,7,358.606,130.543,751.41,lunes,2025-07-28 15:00:00,231935.0
5,ANTIOQUIA,5873,VIGÍA DEL FUERTE,5873001,SAN ANTONIO DE PADUA(VIGÍA DEL FUERTE - ANTIOQUIA),2025,8,160.0,0.0,26.24,lunes,2025-08-11 22:30:00,2419.0
5,ANTIOQUIA,5873,VIGÍA DEL FUERTE,5873005,SAN MIGUEL(VIGÍA DEL FUERTE - ANTIOQUIA),2025,8,373.0,160.0,18.95,viernes,2025-08-01 19:30:00,8226.0
5,ANTIOQUIA,5873,VIGÍA DEL FUERTE,5873013,LOMA MURRI(VIGÍA DEL FUERTE - ANTIOQUIA),2025,8,4.052,1.616,30.7,sábado,2025-08-16 19:30:00,54194.0
5,ANTIOQUIA,5873,VIGÍA DEL FUERTE,5873910,PUERTO MEDELLÍN(VIGÍA DEL FUERTE - ANTIOQUIA),2025,8,475.0,189.0,13.4,sábado,2025-08-16 19:00:00,2121.0
13,BOLÍVAR,13001,CARTAGENA DE INDIAS,13001037,ISLA MUCURA(CARTAGENA DE INDIAS - BOLÍVAR),2025,8,6.235,1.967,21.02,martes,2025-08-26 22:30:00,119758.0
18,CAQUETÁ,18150,CARTAGENA DEL CHAIRA,18150001,REMOLINO DEL CAGUAN(CARTAGENA DEL CHAIRA - CAQUETÁ),2025,8,8.954,3.54,88.96,viernes,2025-08-15 19:45:00,40806.0
18,CAQUETÁ,18150,CARTAGENA DEL CHAIRA,18150002,SANTA FE DEL CAGUAN(CARTAGENA DEL CHAIRA - CAQUETÁ),2025,8,274.0,101.0,34.36,miércoles,2025-08-20 20:45:00,3065.0
18,CAQUETÁ,18753,SAN VICENTE DEL CAGUÁN,18753002,GUACAMAYAS(SAN VICENTE DEL CAGUÁN - CAQUETÁ),2025,8,0.0,0.0,59.975,No registra,2025-08-03 17:30:00,0.0
18,CAQUETÁ,18753,SAN VICENTE DEL CAGUÁN,18753012,SANTA ROSA(SAN VICENTE DEL CAGUÁN - CAQUETÁ),2025,8,1.062,410.0,16.58,viernes,2025-08-01 19:00:00,25968.0
18,CAQUETÁ,18753,SAN VICENTE DEL CAGUÁN,18753033,VILLA LOBOS(SAN VICENTE DEL CAGUÁN - CAQUETÁ),2025,8,2.716,832.0,51.81,domingo,2025-08-03 18:45:00,20323.0
19,CAUCA,19318,GUAPI,19318008,LIMONES(GUAPI - CAUCA),2025,8,9.992,4.983,47.06,viernes,2025-08-29 20:15:00,94516.0
19,CAUCA,19318,GUAPI,19318013,SAN ANTONIO DE GUAJUI(GUAPI - CAUCA),2025,8,6.949,3.574,64.9,miércoles,2025-08-20 20:15:00,47419.0
19,CAUCA,19418,LÓPEZ DE MICAY,19418009,NOANAMITO(LÓPEZ DE MICAY - CAUCA),2025,8,7.087,3.828,40.0,viernes,2025-08-01 19:00:00,71452.0
19,CAUCA,19418,LÓPEZ DE MICAY,19418033,BOCA GRANDE(LÓPEZ DE MICAY - CAUCA),2025,8,0.0,0.0,59.975,No registra,2025-03-16 15:00:00,0.0
19,CAUCA,19809,TIMBIQUÍ,19809003,COTEJE(TIMBIQUÍ - CAUCA),2025,8,6.502,4.61,31.48,sábado,2025-08-16 20:00:00,8371.0
19,CAUCA,19809,TIMBIQUÍ,19809007,SAN JOSE(TIMBIQUÍ - CAUCA),2025,8,5.336,3.309,36.82,sábado,2025-08-16 19:15:00,56452.0
19,CAUCA,19809,TIMBIQUÍ,19809009,SANTA ROSA DE SAIJA(TIMBIQUÍ - CAUCA),2025,8,3.516,1.035,25.68,viernes,2025-08-29 22:30:00,59597.0
19,CAUCA,19809,TIMBIQUÍ,19809010,COMUNIDAD DE CHETE(TIMBIQUÍ - CAUCA),2025,8,5.075,1.893,33.22,sábado,2025-08-23 19:00:00,58871.0
19,CAUCA,19809,TIMBIQUÍ,19809014,CHACON(TIMBIQUÍ - CAUCA),2025,8,2.866,419.0,20.75,viernes,2025-08-01 19:15:00,55242.0
27,CHOCÓ,27001,QUIBDÓ,27001029,TAGACHI(QUIBDÓ - CHOCÓ),2025,8,0.0,0.0,59.975,No registra,2025-08-18 12:30:00,0.0
27,CHOCÓ,27006,ACANDÍ,27006000,ACANDÍ(ACANDÍ - CHOCÓ),2025,8,651.931,185.607,1299.06,lunes,2025-08-25 21:45:00,21.0
27,CHOCÓ,27006,ACANDÍ,27006007,SAN FRANCISCO(ACANDÍ - CHOCÓ),2025,8,25.896,9.701,143.36,sábado,2025-08-16 20:30:00,92258.0
27,CHOCÓ,27025,ALTO BAUDO,27025000,CIUDAD BAUDO - PIE DE PATO(ALTO BAUDO - CHOCÓ),2025,8,56.83,18.53,127.86,viernes,2025-08-08 11:45:00,239113.0
27,CHOCÓ,27025,ALTO BAUDO,27025033,MIACORA(ALTO BAUDO - CHOCÓ),2025,8,142.0,6.0,2.37,domingo,2025-08-03 18:45:00,16935.0
27,CHOCÓ,27025,ALTO BAUDO,27025035,PUERTO ALEGRE(ALTO BAUDO - CHOCÓ),2025,8,1.33,522.0,5.45,jueves,2025-08-21 11:45:00,107661.0
27,CHOCÓ,27025,ALTO BAUDO,27025920,EL MORRO(ALTO BAUDO - CHOCÓ),2025,8,242.0,69.0,3.56,jueves,2025-08-21 19:15:00,3121.0
27,CHOCÓ,27025,ALTO BAUDO,27025937,VILLA CECILIA(ALTO BAUDO - CHOCÓ),2025,8,388.0,158.0,2.96,miércoles,2025-08-20 09:00:00,20323.0
27,CHOCÓ,27075,BAHÍA SOLANO,27075000,CIUDAD MUTIS(BAHÍA SOLANO - CHOCÓ),2025,8,946.512,186.205,1744.6,viernes,2025-08-08 19:30:00,237419.0
27,CHOCÓ,27075,BAHÍA SOLANO,27075001,CUPICA(BAHÍA SOLANO - CHOCÓ),2025,8,66.958,16.666,132.52,viernes,2025-08-01 20:30:00,23879.0
27,CHOCÓ,27075,BAHÍA SOLANO,27075002,EL VALLE(BAHÍA SOLANO - CHOCÓ),2025,8,202.978,62.164,388.54,viernes,2025-08-29 19:00:00,237903.0
27,CHOCÓ,27077,BAJO BAUDÓ,27077000,PIZARRO(BAJO BAUDÓ - CHOCÓ),2025,8,205.584,71.451,474.14,sábado,2025-08-30 12:00:00,18129.0
27,CHOCÓ,27077,BAJO BAUDÓ,27077002,BELEN DE DOCAMPADO(BAJO BAUDÓ - CHOCÓ),2025,8,24.0,7.0,14.07,domingo,2025-08-10 08:45:00,806.0
27,CHOCÓ,27077,BAJO BAUDÓ,27077011,PILIZA - BELLAVISTA - VILLA LUZ(BAJO BAUDÓ - CHOCÓ),2025,8,2.634,496.0,22.4,viernes,2025-08-01 19:00:00,49032.0
27,CHOCÓ,27077,BAJO BAUDÓ,27077019,VIRUDO(BAJO BAUDÓ - CHOCÓ),2025,8,0.0,0.0,59.975,No registra,2025-09-01 16:30:00,0.0
27,CHOCÓ,27077,BAJO BAUDÓ,27077026,GUINEAL(BAJO BAUDÓ - CHOCÓ),2025,8,2.34,2.718,24.93,martes,2025-08-19 18:45:00,56371.0
27,CHOCÓ,27077,BAJO BAUDÓ,27077905,BUENAVISTA(BAJO BAUDÓ - CHOCÓ),2025,8,4.18,1.565,20.06,lunes,2025-08-11 19:15:00,8371.0
27,CHOCÓ,27077,BAJO BAUDÓ,27077911,PLAYA NUEVA(BAJO BAUDÓ - CHOCÓ),2025,8,2.58,1.056,16.28,sábado,2025-08-09 13:15:00,66613.0
27,CHOCÓ,27077,BAJO BAUDÓ,27077916,TERRON(BAJO BAUDÓ - CHOCÓ),2025,8,0.0,0.0,59.975,No registra,2025-05-26 15:15:00,0.0
27,CHOCÓ,27099,BOJAYÁ,27099000,BELLAVISTA(BOJAYÁ - CHOCÓ),2025,8,54.151,19.905,318.06,viernes,2025-08-08 19:00:00,66452.0
27,CHOCÓ,27099,BOJAYÁ,27099002,LA LOMA DE BOJAYA(BOJAYÁ - CHOCÓ),2025,8,13.206,5.793,65.61,viernes,2025-08-01 19:00:00,83629.0
27,CHOCÓ,27099,BOJAYÁ,27099005,NAPIPI(BOJAYÁ - CHOCÓ),2025,8,13.369,4.6,54.4,viernes,2025-08-01 16:15:00,91048.0
27,CHOCÓ,27099,BOJAYÁ,27099012,POGUE(BOJAYÁ - CHOCÓ),2025,8,5.381,2.571,23.23,sábado,2025-08-23 13:15:00,99597.0
27,CHOCÓ,27099,BOJAYÁ,27099030,PIEDRA CANDELA(BOJAYÁ - CHOCÓ),2025,8,8.175,3.997,34.17,viernes,2025-08-22 19:15:00,95726.0
27,CHOCÓ,27099,BOJAYÁ,27099905,CHANO(BOJAYÁ - CHOCÓ),2025,8,544.0,57.0,7.26,miércoles,2025-08-06 19:30:00,35403.0
27,CHOCÓ,27250,EL LITORAL DEL SAN JUAN,27250000,SANTA GENOVEVA DE DOCORDO(EL LITORAL DEL SAN JUAN - CHOCÓ),2025,8,90.346,42.103,253.31,lunes,2025-08-25 19:15:00,155403.0
27,CHOCÓ,27250,EL LITORAL DEL SAN JUAN,27250023,PAPAYO(EL LITORAL DEL SAN JUAN - CHOCÓ),2025,8,0.0,0.0,59.975,No registra,2025-01-25 08:00:00,0.0
27,CHOCÓ,27361,ISTMINA,27361021,PANAMACITO(ISTMINA - CHOCÓ),2025,8,1.507,614.0,9.29,sábado,2025-08-09 17:00:00,68387.0
27,CHOCÓ,27361,ISTMINA,27361023,POTEDÓ(ISTMINA - CHOCÓ),2025,8,3.425,1.163,18.45,lunes,2025-08-04 18:00:00,82984.0
27,CHOCÓ,27361,ISTMINA,27361048,UNION CHOCO(ISTMINA - CHOCÓ),2025,8,1.506,519.0,7.43,martes,2025-08-05 18:45:00,89355.0
27,CHOCÓ,27372,JURADO,27372000,JURADO(JURADO - CHOCÓ),2025,8,204.548,62.052,382.56,miércoles,2025-08-13 20:15:00,24.0
27,CHOCÓ,27372,JURADO,27372901,SANTA TERESITA(JURADO - CHOCÓ),2025,8,1.844,63.0,10.57,martes,2025-08-12 19:15:00,133871.0
27,CHOCÓ,27372,JURADO,27372902,BUENAVISTA(JURADO - CHOCÓ),2025,8,1.581,359.0,15.51,miércoles,2025-08-27 10:45:00,96048.0
27,CHOCÓ,27372,JURADO,27372905,DICHARDI(JURADO - CHOCÓ),2025,8,1.869,1.556,7.94,sábado,2025-08-16 11:15:00,188387.0
27,CHOCÓ,27372,JURADO,27372907,EYASAKE(JURADO - CHOCÓ),2025,8,5.53,2.496,18.13,sábado,2025-08-30 08:45:00,127097.0
27,CHOCÓ,27372,JURADO,27372930,DOS BOCAS(JURADO - CHOCÓ),2025,8,1.959,863.0,19.66,jueves,2025-08-07 19:15:00,65403.0
27,CHOCÓ,27425,MEDIO ATRATO,27425000,BETE(MEDIO ATRATO - CHOCÓ),2025,8,9.185,3.939,76.0,domingo,2025-08-24 19:30:00,53387.0
27,CHOCÓ,27425,MEDIO ATRATO,27425008,SAN ROQUE(MEDIO ATRATO - CHOCÓ),2025,8,1.627,658.0,29.83,sábado,2025-08-16 22:00:00,30484.0
27,CHOCÓ,27491,NOVITA,27491004,JUNTAS DE TAMANA(NOVITA - CHOCÓ),2025,8,2.46,767.0,18.06,miércoles,2025-08-27 19:00:00,71048.0
27,CHOCÓ,27495,NUQUÍ,27495000,NUQUÍ(NUQUÍ - CHOCÓ),2025,8,325.533,105.951,606.14,viernes,2025-08-01 20:00:00,239677.0
27,CHOCÓ,27495,NUQUÍ,27495001,ARUSI(NUQUÍ - CHOCÓ),2025,8,26.857,8.068,84.0,viernes,2025-08-29 18:45:00,232097.0
27,CHOCÓ,27495,NUQUÍ,27495002,COQUI(NUQUÍ - CHOCÓ),2025,8,9.123,2.657,29.15,jueves,2025-08-28 18:30:00,175887.0
27,CHOCÓ,27495,NUQUÍ,27495003,JURUBIRA(NUQUÍ - CHOCÓ),2025,8,25.861,8.812,57.47,viernes,2025-08-01 20:00:00,236855.0
27,CHOCÓ,27495,NUQUÍ,27495008,JOVI(NUQUÍ - CHOCÓ),2025,8,9.013,3.612,25.99,domingo,2025-08-10 13:00:00,155484.0
27,CHOCÓ,27495,NUQUÍ,27495010,TERMALES(NUQUÍ - CHOCÓ),2025,8,4.744,2.103,32.03,jueves,2025-08-14 14:15:00,62581.0
27,CHOCÓ,27495,NUQUÍ,27495011,COMUNIDAD DE PUERTO JAGUA(NUQUÍ - CHOCÓ),2025,8,1.355,455.0,5.21,viernes,2025-08-29 20:00:00,101452.0
27,CHOCÓ,27495,NUQUÍ,27495012,COMUNIDAD INDIG. PUERTO INDIO(NUQUÍ - CHOCÓ),2025,8,2.954,1.616,8.34,miércoles,2025-08-06 12:30:00,154355.0
27,CHOCÓ,27495,NUQUÍ,27495910,COMUNIDAD INDIG. DE RIO NUQUÍ(NUQUÍ - CHOCÓ),2025,8,723.0,185.0,4.5,martes,2025-08-19 19:15:00,83629.0
27,CHOCÓ,27495,NUQUÍ,27495912,COMUNIDAD INDÍGENA DE PANGUI - EL YUCAL(NUQUÍ - CHOCÓ),2025,8,7.185,1.678,11.62,miércoles,2025-08-06 15:00:00,215645.0
27,CHOCÓ,27615,RIOSUCIO,27615011,SAN JOSE TAMBORAL(RIOSUCIO - CHOCÓ),2025,8,0.0,0.0,59.975,No registra,2025-02-06 12:00:00,0.0
27,CHOCÓ,27800,UNGUÍA,27800000,UNGUÍA(UNGUÍA - CHOCÓ),2025,8,487.102,151.044,979.97,viernes,2025-08-29 21:00:00,224274.0
27,CHOCÓ,27800,UNGUÍA,27800001,BALBOA(UNGUÍA - CHOCÓ),2025,8,30.132,10.099,89.37,miércoles,2025-08-13 20:15:00,146613.0
27,CHOCÓ,27800,UNGUÍA,27800005,TITUMATE(UNGUÍA - CHOCÓ),2025,8,16.785,4.012,65.74,jueves,2025-08-07 20:15:00,121774.0
44,LA GUAJIRA,44847,URIBIA,44847012,NAZARETH(URIBIA - LA GUAJIRA),2025,8,39.083,8.753,276.48,domingo,2025-08-31 19:00:00,54113.0
47,MAGDALENA,47189,CIÉNAGA,47189018,PALMOR(CIÉNAGA - MAGDALENA),2025,8,100.268,32.349,178.11,lunes,2025-08-25 19:45:00,236129.0
50,META,50325,MAPIRIPAN,50325000,MAPIRIPAN(MAPIRIPAN - META),2025,8,200.648,61.23,417.56,miércoles,2025-08-20 18:45:00,24.0
52,NARIÑO,52250,EL CHARCO,52250005,LAS MERCEDES(EL CHARCO - NARIÑO),2025,8,0.0,0.0,59.975,No registra,2025-09-20 09:15:00,0.0
52,NARIÑO,52250,EL CHARCO,52250007,SAN JOSE DEL TAPAJE(EL CHARCO - NARIÑO),2025,8,3.786,1.614,32.0,viernes,2025-08-01 18:45:00,52258.0
52,NARIÑO,52250,EL CHARCO,52250016,ALTERON - URIBE URIBE(EL CHARCO - NARIÑO),2025,8,1.104,487.0,12.24,sábado,2025-08-30 17:45:00,58952.0
52,NARIÑO,52390,LA TOLA,52390003,LA VIGIA DE LA MAR(LA TOLA - NARIÑO),2025,8,5.861,3.124,31.76,miércoles,2025-08-06 20:00:00,80484.0
52,NARIÑO,52390,LA TOLA,52390005,AGUACATAL(LA TOLA - NARIÑO),2025,8,3.023,1.14,12.72,sábado,2025-08-02 18:30:00,93952.0
52,NARIÑO,52390,LA TOLA,52390009,MULATOS(LA TOLA - NARIÑO),2025,8,4.491,2.277,25.25,lunes,2025-08-04 17:30:00,79435.0
52,NARIÑO,52390,LA TOLA,52390013,AMARALES(LA TOLA - NARIÑO),2025,8,9.328,3.741,47.46,domingo,2025-08-03 20:45:00,91532.0
52,NARIÑO,52390,LA TOLA,52390016,SAN PABLO DEL MAR(LA TOLA - NARIÑO),2025,8,6.012,2.092,24.86,viernes,2025-08-01 18:45:00,101613.0
52,NARIÑO,52473,MOSQUERA,52473010,EL BAJITO DE ECHANDIA(MOSQUERA - NARIÑO),2025,8,3.231,1.154,16.78,jueves,2025-08-14 19:30:00,8629.0
52,NARIÑO,52621,ROBERTO PAYAN,52621912,TAMAJE(ROBERTO PAYAN - NARIÑO),2025,8,5.632,2.896,28.46,sábado,2025-08-09 20:45:00,84919.0
52,NARIÑO,52696,SANTA BÁRBARA,52696014,LA ENSENADA(SANTA BÁRBARA - NARIÑO),2025,8,2.67,2.769,22.59,sábado,2025-08-09 19:15:00,49032.0
52,NARIÑO,52696,SANTA BÁRBARA,52696017,SANTA RITA(SANTA BÁRBARA - NARIÑO),2025,8,5.124,2.557,34.4,viernes,2025-08-29 20:00:00,65403.0
52,NARIÑO,52835,SAN ANDRÉS DE TUMACO,52835016,PITAL DE LA COSTA(SAN ANDRÉS DE TUMACO - NARIÑO),2025,8,40.26,22.459,87.21,miércoles,2025-08-27 17:30:00,221371.0
52,NARIÑO,52835,SAN ANDRÉS DE TUMACO,52835055,BOCAS DE CURAY(SAN ANDRÉS DE TUMACO - NARIÑO),2025,8,8.762,3.014,50.4,miércoles,2025-08-13 17:45:00,7371.0
52,NARIÑO,52835,SAN ANDRÉS DE TUMACO,52835217,SAN JUAN DE LA COSTA(SAN ANDRÉS DE TUMACO - NARIÑO),2025,8,0.0,0.0,59.975,No registra,2025-12-25 15:15:00,0.0
76,VALLE DEL CAUCA,76109,BUENAVENTURA,76109011,PASTICO(BUENAVENTURA - VALLE DEL CAUCA),2025,8,4.725,1.711,17.88,domingo,2025-08-31 15:00:00,104032.0
76,VALLE DEL CAUCA,76109,BUENAVENTURA,76109018,CONCEPCION(BUENAVENTURA - VALLE DEL CAUCA),2025,8,6.753,2.202,54.8,viernes,2025-08-15 19:15:00,525.0
76,VALLE DEL CAUCA,76109,BUENAVENTURA,76109028,PUERTO MERIZALDE(BUENAVENTURA - VALLE DEL CAUCA),2025,8,117.892,40.037,231.97,sábado,2025-08-23 19:45:00,236774.0
76,VALLE DEL CAUCA,76109,BUENAVENTURA,76109030,PUNTA SOLDADO(BUENAVENTURA - VALLE DEL CAUCA),2025,8,7.939,2.295,36.36,jueves,2025-08-07 20:30:00,102984.0
76,VALLE DEL CAUCA,76109,BUENAVENTURA,76109032,SAN FRANCISCO NAYA(BUENAVENTURA - VALLE DEL CAUCA),2025,8,8.742,3.128,33.95,lunes,2025-08-18 11:45:00,104355.0
76,VALLE DEL CAUCA,76109,BUENAVENTURA,76109034,SAN ISIDRO - CALIMA(BUENAVENTURA - VALLE DEL CAUCA),2025,8,7.114,1.29,32.01,viernes,2025-08-22 19:15:00,83952.0
76,VALLE DEL CAUCA,76109,BUENAVENTURA,76109038,SILVA(BUENAVENTURA - VALLE DEL CAUCA),2025,8,4.914,1.799,19.76,sábado,2025-08-23 19:15:00,105645.0
76,VALLE DEL CAUCA,76109,BUENAVENTURA,76109040,VENERAL(BUENAVENTURA - VALLE DEL CAUCA),2025,8,4.909,753.0,29.79,lunes,2025-08-04 10:30:00,1025.0
76,VALLE DEL CAUCA,76109,BUENAVENTURA,76109069,PAPAYAL 1(BUENAVENTURA - VALLE DEL CAUCA),2025,8,4.038,905.0,19.3,martes,2025-08-12 19:00:00,87419.0
76,VALLE DEL CAUCA,76109,BUENAVENTURA,76109081,PUNTA BONITA(BUENAVENTURA - VALLE DEL CAUCA),2025,8,7.945,5.046,38.0,jueves,2025-08-14 19:00:00,96774.0
76,VALLE DEL CAUCA,76109,BUENAVENTURA,76109105,PITAL(BUENAVENTURA - VALLE DEL CAUCA),2025,8,5.641,921.0,29.17,jueves,2025-08-14 18:45:00,79839.0
76,VALLE DEL CAUCA,76109,BUENAVENTURA,76109817,SANTA MARIA 1 NAYA(BUENAVENTURA - VALLE DEL CAUCA),2025,8,0.0,0.0,59.975,No registra,2025-12-01 12:45:00,0.0
76,VALLE DEL CAUCA,76109,BUENAVENTURA,76109863,SAN ANTONIO (BUENAVENTURA - VALLE DEL CAUCA),2025,8,3.313,812.0,14.45,miércoles,2025-08-27 19:30:00,102984.0
76,VALLE DEL CAUCA,76109,BUENAVENTURA,76109904,SAN ANTONIO (RIO CAJAMBRE)(BUENAVENTURA - VALLE DEL CAUCA),2025,8,5.097,1.499,29.34,lunes,2025-08-04 11:15:00,7621.0
76,VALLE DEL CAUCA,76109,BUENAVENTURA,76109907,SAN PABLO( CAJAMBRE)(BUENAVENTURA - VALLE DEL CAUCA),2025,8,961.0,0.0,6.25,sábado,2025-08-02 13:30:00,60645.0
76,VALLE DEL CAUCA,76109,BUENAVENTURA,76109913,MAYORQUIN(BUENAVENTURA - VALLE DEL CAUCA),2025,8,5.354,897.0,32.2,domingo,2025-08-17 10:30:00,80161.0
76,VALLE DEL CAUCA,76109,BUENAVENTURA,76109930,GALVEZ(BUENAVENTURA - VALLE DEL CAUCA),2025,8,3.986,664.0,12.59,jueves,2025-08-28 20:30:00,119355.0
76,VALLE DEL CAUCA,76109,BUENAVENTURA,76109957,HUMANES MAR(BUENAVENTURA - VALLE DEL CAUCA),2025,8,9.371,1.871,34.34,domingo,2025-08-24 08:30:00,109435.0
86,PUTUMAYO,86573,PUERTO LEGUIZAMO,86573000,PUERTO LEGUIZAMO(PUERTO LEGUIZAMO - PUTUMAYO),2025,8,893.794,237.856,2062.02,miércoles,2025-08-20 14:45:00,236935.0
86,PUTUMAYO,86573,PUERTO LEGUIZAMO,86573009,PIÑUÑA NEGRO(PUERTO LEGUIZAMO - PUTUMAYO),2025,8,5.252,3.428,38.4,sábado,2025-08-30 18:15:00,62742.0
88,ARCHIPIÉLAGO DE SAN ANDRÉS y PROVIDENCIA,88001,SAN ANDRÉS,88001000,SAN ANDRÉS(SAN ANDRÉS - ARCHIPIÉLAGO DE SAN ANDRÉS y PROVIDENCIA ),2025,8,,,33603.4,martes,2025-08-26 15:45:00,24.0
88,ARCHIPIÉLAGO DE SAN ANDRÉS y PROVIDENCIA,88564,PROVIDENCIA,88564000,PROVIDENCIA(PROVIDENCIA - ARCHIPIÉLAGO DE SAN ANDRÉS y PROVIDENCIA ),2025,8,,257.657,2147.79,jueves,2025-08-21 22:45:00,24.0
91,AMAZONAS,91001,LETICIA,91001000,LETICIA(LETICIA - AMAZONAS),2025,8,,966.438,8275.56,viernes,2025-08-22 15:15:00,24.0
91,AMAZONAS,91540,PUERTO NARIÑO,91540000,PUERTO NARIÑO(PUERTO NARIÑO - AMAZONAS),2025,8,135.552,44.405,284.8,jueves,2025-08-21 14:00:00,24.0
91,AMAZONAS,91798,TARAPACA (ANM),91798000,TARAPACA(TARAPACA (ANM) - AMAZONAS),2025,8,27.06,11.589,100.27,jueves,2025-08-21 14:30:00,102581.0
94,GUAINÍA,94001,INÍRIDA,94001000,INÍRIDA(INÍRIDA - GUAINÍA),2025,8,,587.787,4610.32,miércoles,2025-08-20 14:45:00,24.0
94,GUAINÍA,94001,INÍRIDA,94001905,CHORRO BOCON(INÍRIDA - GUAINÍA),2025,8,6.954,1.009,21.46,domingo,2025-08-31 18:45:00,169032.0
94,GUAINÍA,94001,INÍRIDA,94001916,VENADO(INÍRIDA - GUAINÍA),2025,8,2.669,579.0,8.75,sábado,2025-08-09 18:15:00,237339.0
94,GUAINÍA,94001,INÍRIDA,94001966,LAGUNA COLORADA ALTA(INÍRIDA - GUAINÍA),2025,8,9.381,334.0,34.85,martes,2025-08-19 11:00:00,151129.0
94,GUAINÍA,94343,BARRANCO MINAS,94343900,CARPINTERO(BARRANCO MINAS - GUAINÍA),2025,8,2.202,1.064,6.63,domingo,2025-08-31 18:15:00,171129.0
94,GUAINÍA,94343,BARRANCO MINAS,94343901,CHATARE(BARRANCO MINAS - GUAINÍA),2025,8,693.0,35.0,5.09,domingo,2025-08-10 19:45:00,69113.0
95,GUAVIARE,95001,SAN JOSÉ DEL GUAVIARE,95001012,CACHICAMO(SAN JOSÉ DEL GUAVIARE - GUAVIARE),2025,8,11.475,5.117,45.98,domingo,2025-08-24 18:15:00,115806.0
95,GUAVIARE,95200,MIRAFLORES,95200000,MIRAFLORES(MIRAFLORES - GUAVIARE),2025,8,125.695,16.755,249.14,miércoles,2025-08-20 18:15:00,24.0
97,VAUPÉS,97001,MITÚ,97001000,MITÚ(MITÚ - VAUPÉS),2025,8,,340.391,3257.67,miércoles,2025-08-20 11:30:00,24.0
97,VAUPÉS,97161,CARURÚ,97161000,CARURÚ(CARURÚ - VAUPÉS),2025,8,38.68,7.41,102.08,viernes,2025-08-29 11:45:00,172419.0
97,VAUPÉS,97666,TARAIRA,97666000,TARAIRA(TARAIRA - VAUPÉS),2025,8,47.38,12.844,145.82,miércoles,2025-08-20 12:45:00,140242.0
99,VICHADA,99001,PUERTO CARREÑO,99001000,PUERTO CARREÑO(PUERTO CARREÑO - VICHADA),2025,8,,640.431,5099.6,miércoles,2025-08-20 13:30:00,234758.0
99,VICHADA,99001,PUERTO CARREÑO,99001002,CASUARITO(PUERTO CARREÑO - VICHADA),2025,8,39.57,15.568,77.22,lunes,2025-08-04 20:15:00,233306.0
99,VICHADA,99773,CUMARIBO,99773000,CUMARIBO(CUMARIBO - VICHADA),2025,8,379.696,136.546,797.52,miércoles,2025-08-20 14:30:00,237823.0
5,ANTIOQUIA,5873,VIGÍA DEL FUERTE,5873001,SAN ANTONIO DE PADUA(VIGÍA DEL FUERTE - ANTIOQUIA),2025,9,0.0,0.0,59.975,No registra,2025-11-11 17:30:00,0.0
5,ANTIOQUIA,5873,VIGÍA DEL FUERTE,5873005,SAN MIGUEL(VIGÍA DEL FUERTE - ANTIOQUIA),2025,9,1.209,550.0,17.35,jueves,2025-09-04 18:30:00,29417.0
5,ANTIOQUIA,5873,VIGÍA DEL FUERTE,5873013,LOMA MURRI(VIGÍA DEL FUERTE - ANTIOQUIA),2025,9,3.895,1.588,31.95,miércoles,2025-09-03 18:45:00,52583.0
5,ANTIOQUIA,5873,VIGÍA DEL FUERTE,5873910,PUERTO MEDELLÍN(VIGÍA DEL FUERTE - ANTIOQUIA),2025,9,619.0,232.0,11.5,viernes,2025-09-05 18:30:00,28417.0
13,BOLÍVAR,13001,CARTAGENA DE INDIAS,13001037,ISLA MUCURA(CARTAGENA DE INDIAS - BOLÍVAR),2025,9,6.329,2.193,21.02,miércoles,2025-09-10 22:30:00,119333.0
18,CAQUETÁ,18150,CARTAGENA DEL CHAIRA,18150001,REMOLINO DEL CAGUAN(CARTAGENA DEL CHAIRA - CAQUETÁ),2025,9,12.89,4.199,89.62,viernes,2025-09-19 19:30:00,59667.0
18,CAQUETÁ,18150,CARTAGENA DEL CHAIRA,18150002,SANTA FE DEL CAGUAN(CARTAGENA DEL CHAIRA - CAQUETÁ),2025,9,0.0,0.0,59.975,No registra,2025-04-11 06:30:00,0.0
18,CAQUETÁ,18753,SAN VICENTE DEL CAGUÁN,18753002,GUACAMAYAS(SAN VICENTE DEL CAGUÁN - CAQUETÁ),2025,9,0.0,0.0,59.975,No registra,2025-12-26 10:00:00,0.0
18,CAQUETÁ,18753,SAN VICENTE DEL CAGUÁN,18753012,SANTA ROSA(SAN VICENTE DEL CAGUÁN - CAQUETÁ),2025,9,0.0,0.0,59.975,No registra,2025-11-16 11:30:00,0.0
18,CAQUETÁ,18753,SAN VICENTE DEL CAGUÁN,18753033,VILLA LOBOS(SAN VICENTE DEL CAGUÁN - CAQUETÁ),2025,9,0.0,0.0,59.975,No registra,2025-06-25 13:45:00,0.0
19,CAUCA,19318,GUAPI,19318008,LIMONES(GUAPI - CAUCA),2025,9,8.124,3.831,52.66,domingo,2025-09-28 23:45:00,83917.0
19,CAUCA,19318,GUAPI,19318013,SAN ANTONIO DE GUAJUI(GUAPI - CAUCA),2025,9,6.717,3.458,62.41,miércoles,2025-09-10 19:45:00,45583.0
19,CAUCA,19418,LÓPEZ DE MICAY,19418009,NOANAMITO(LÓPEZ DE MICAY - CAUCA),2025,9,6.188,3.533,44.0,martes,2025-09-16 17:45:00,6.0
19,CAUCA,19418,LÓPEZ DE MICAY,19418033,BOCA GRANDE(LÓPEZ DE MICAY - CAUCA),2025,9,0.0,0.0,0.04,martes,2025-09-16 18:15:00,0.0
19,CAUCA,19809,TIMBIQUÍ,19809003,COTEJE(TIMBIQUÍ - CAUCA),2025,9,6.88,4.627,33.4,martes,2025-09-23 21:00:00,87833.0
19,CAUCA,19809,TIMBIQUÍ,19809007,SAN JOSE(TIMBIQUÍ - CAUCA),2025,9,5.566,3.433,40.08,sábado,2025-09-27 19:15:00,62.0
19,CAUCA,19809,TIMBIQUÍ,19809009,SANTA ROSA DE SAIJA(TIMBIQUÍ - CAUCA),2025,9,3.236,1.077,25.39,domingo,2025-09-07 19:30:00,5625.0
19,CAUCA,19809,TIMBIQUÍ,19809010,COMUNIDAD DE CHETE(TIMBIQUÍ - CAUCA),2025,9,4.616,1.704,34.5,sábado,2025-09-13 19:15:00,58083.0
19,CAUCA,19809,TIMBIQUÍ,19809014,CHACON(TIMBIQUÍ - CAUCA),2025,9,2.148,301.0,20.05,jueves,2025-09-04 20:15:00,4575.0
27,CHOCÓ,27001,QUIBDÓ,27001029,TAGACHI(QUIBDÓ - CHOCÓ),2025,9,0.0,0.0,0.02,miércoles,2025-09-03 19:00:00,0.0
27,CHOCÓ,27006,ACANDÍ,27006000,ACANDÍ(ACANDÍ - CHOCÓ),2025,9,624.006,169.905,1268.43,martes,2025-09-30 20:45:00,208333.0
27,CHOCÓ,27006,ACANDÍ,27006007,SAN FRANCISCO(ACANDÍ - CHOCÓ),2025,9,22.564,8.856,105.98,domingo,2025-09-07 20:30:00,9425.0
27,CHOCÓ,27025,ALTO BAUDO,27025000,CIUDAD BAUDO - PIE DE PATO(ALTO BAUDO - CHOCÓ),2025,9,54.169,17.218,128.22,domingo,2025-09-14 12:15:00,239667.0
27,CHOCÓ,27025,ALTO BAUDO,27025033,MIACORA(ALTO BAUDO - CHOCÓ),2025,9,111.0,3.0,2.52,sábado,2025-09-13 19:15:00,12583.0
27,CHOCÓ,27025,ALTO BAUDO,27025035,PUERTO ALEGRE(ALTO BAUDO - CHOCÓ),2025,9,1.156,428.0,6.11,miércoles,2025-09-10 16:45:00,96417.0
27,CHOCÓ,27025,ALTO BAUDO,27025920,EL MORRO(ALTO BAUDO - CHOCÓ),2025,9,158.0,46.0,3.5,sábado,2025-09-13 20:00:00,1675.0
27,CHOCÓ,27025,ALTO BAUDO,27025937,VILLA CECILIA(ALTO BAUDO - CHOCÓ),2025,9,216.0,95.0,2.46,domingo,2025-09-28 18:15:00,8917.0
27,CHOCÓ,27075,BAHÍA SOLANO,27075000,CIUDAD MUTIS(BAHÍA SOLANO - CHOCÓ),2025,9,864.947,206.413,1643.84,miércoles,2025-09-10 18:45:00,23575.0
27,CHOCÓ,27075,BAHÍA SOLANO,27075001,CUPICA(BAHÍA SOLANO - CHOCÓ),2025,9,59.647,14.271,129.36,jueves,2025-09-11 19:30:00,2385.0
27,CHOCÓ,27077,BAJO BAUDÓ,27077000,PIZARRO(BAJO BAUDÓ - CHOCÓ),2025,9,206.832,72.557,464.11,viernes,2025-09-12 19:15:00,186333.0
27,CHOCÓ,27077,BAJO BAUDÓ,27077002,BELEN DE DOCAMPADO(BAJO BAUDÓ - CHOCÓ),2025,9,4.591,1.527,34.32,martes,2025-09-30 11:00:00,66417.0
27,CHOCÓ,27077,BAJO BAUDÓ,27077011,PILIZA - BELLAVISTA - VILLA LUZ(BAJO BAUDÓ - CHOCÓ),2025,9,3.17,522.0,22.4,sábado,2025-09-06 19:15:00,60667.0
27,CHOCÓ,27077,BAJO BAUDÓ,27077019,VIRUDO(BAJO BAUDÓ - CHOCÓ),2025,9,1.465,710.0,30.71,martes,2025-09-02 19:15:00,24.0
27,CHOCÓ,27077,BAJO BAUDÓ,27077026,GUINEAL(BAJO BAUDÓ - CHOCÓ),2025,9,3.205,3.961,23.98,lunes,2025-09-15 18:30:00,84417.0
27,CHOCÓ,27077,BAJO BAUDÓ,27077905,BUENAVISTA(BAJO BAUDÓ - CHOCÓ),2025,9,3.736,1.417,20.86,viernes,2025-09-12 20:45:00,7675.0
27,CHOCÓ,27077,BAJO BAUDÓ,27077911,PLAYA NUEVA(BAJO BAUDÓ - CHOCÓ),2025,9,2.223,868.0,16.22,domingo,2025-09-21 12:30:00,6375.0
27,CHOCÓ,27077,BAJO BAUDÓ,27077916,TERRON(BAJO BAUDÓ - CHOCÓ),2025,9,14.0,0.0,1.22,jueves,2025-09-18 22:45:00,0.0
27,CHOCÓ,27099,BOJAYÁ,27099000,BELLAVISTA(BOJAYÁ - CHOCÓ),2025,9,54.527,16.713,289.38,jueves,2025-09-25 19:15:00,107.0
27,CHOCÓ,27099,BOJAYÁ,27099002,LA LOMA DE BOJAYA(BOJAYÁ - CHOCÓ),2025,9,12.851,5.77,70.15,lunes,2025-09-29 19:00:00,9.0
27,CHOCÓ,27099,BOJAYÁ,27099005,NAPIPI(BOJAYÁ - CHOCÓ),2025,9,12.499,4.467,54.4,miércoles,2025-09-03 16:00:00,91333.0
27,CHOCÓ,27099,BOJAYÁ,27099012,POGUE(BOJAYÁ - CHOCÓ),2025,9,5.317,2.491,24.59,domingo,2025-09-07 12:15:00,1045.0
27,CHOCÓ,27099,BOJAYÁ,27099030,PIEDRA CANDELA(BOJAYÁ - CHOCÓ),2025,9,7.596,3.678,35.46,jueves,2025-09-04 18:45:00,91417.0
27,CHOCÓ,27099,BOJAYÁ,27099905,CHANO(BOJAYÁ - CHOCÓ),2025,9,1.047,11.0,11.11,martes,2025-09-23 21:15:00,44.0
27,CHOCÓ,27250,EL LITORAL DEL SAN JUAN,27250000,SANTA GENOVEVA DE DOCORDO(EL LITORAL DEL SAN JUAN - CHOCÓ),2025,9,63.508,29.401,293.96,jueves,2025-09-11 19:00:00,106417.0
27,CHOCÓ,27250,EL LITORAL DEL SAN JUAN,27250023,PAPAYO(EL LITORAL DEL SAN JUAN - CHOCÓ),2025,9,0.0,0.0,59.975,No registra,2025-04-10 10:15:00,0.0
27,CHOCÓ,27361,ISTMINA,27361021,PANAMACITO(ISTMINA - CHOCÓ),2025,9,1.37,526.0,8.88,lunes,2025-09-29 19:15:00,645.0
27,CHOCÓ,27361,ISTMINA,27361023,POTEDÓ(ISTMINA - CHOCÓ),2025,9,1.581,540.0,17.18,jueves,2025-09-11 16:30:00,42667.0
27,CHOCÓ,27361,ISTMINA,27361048,UNION CHOCO(ISTMINA - CHOCÓ),2025,9,1.439,516.0,7.57,miércoles,2025-09-03 18:00:00,88.0
27,CHOCÓ,27372,JURADO,27372000,JURADO(JURADO - CHOCÓ),2025,9,189.754,57.296,362.08,lunes,2025-09-15 20:00:00,238667.0
27,CHOCÓ,27372,JURADO,27372901,SANTA TERESITA(JURADO - CHOCÓ),2025,9,1.509,80.0,11.69,sábado,2025-09-06 12:00:00,101333.0
27,CHOCÓ,27372,JURADO,27372902,BUENAVISTA(JURADO - CHOCÓ),2025,9,1.873,390.0,13.49,sábado,2025-09-06 11:30:00,126583.0
27,CHOCÓ,27372,JURADO,27372905,DICHARDI(JURADO - CHOCÓ),2025,9,1.649,1.074,7.09,sábado,2025-09-20 11:15:00,171167.0
27,CHOCÓ,27372,JURADO,27372907,EYASAKE(JURADO - CHOCÓ),2025,9,5.246,2.294,17.89,sábado,2025-09-20 08:00:00,126833.0
27,CHOCÓ,27372,JURADO,27372930,DOS BOCAS(JURADO - CHOCÓ),2025,9,1.91,856.0,20.3,martes,2025-09-30 19:15:00,68333.0
27,CHOCÓ,27425,MEDIO ATRATO,27425000,BETE(MEDIO ATRATO - CHOCÓ),2025,9,16.684,7.638,68.0,martes,2025-09-02 19:00:00,112167.0
27,CHOCÓ,27425,MEDIO ATRATO,27425008,SAN ROQUE(MEDIO ATRATO - CHOCÓ),2025,9,2.243,1.083,24.1,jueves,2025-09-25 19:30:00,51167.0
27,CHOCÓ,27491,NOVITA,27491004,JUNTAS DE TAMANA(NOVITA - CHOCÓ),2025,9,2.957,873.0,18.57,martes,2025-09-23 18:45:00,81417.0
27,CHOCÓ,27495,NUQUÍ,27495000,NUQUÍ(NUQUÍ - CHOCÓ),2025,9,309.512,98.516,582.21,viernes,2025-09-19 19:30:00,239333.0
27,CHOCÓ,27495,NUQUÍ,27495001,ARUSI(NUQUÍ - CHOCÓ),2025,9,31.769,7.826,86.4,sábado,2025-09-06 19:15:00,239167.0
27,CHOCÓ,27495,NUQUÍ,27495002,COQUI(NUQUÍ - CHOCÓ),2025,9,9.946,2.848,29.99,sábado,2025-09-20 18:45:00,198667.0
27,CHOCÓ,27495,NUQUÍ,27495003,JURUBIRA(NUQUÍ - CHOCÓ),2025,9,24.156,7.075,53.94,lunes,2025-09-01 19:30:00,232833.0
27,CHOCÓ,27495,NUQUÍ,27495008,JOVI(NUQUÍ - CHOCÓ),2025,9,8.87,3.488,26.07,domingo,2025-09-21 12:00:00,153583.0
27,CHOCÓ,27495,NUQUÍ,27495010,TERMALES(NUQUÍ - CHOCÓ),2025,9,0.0,0.0,59.975,No registra,2025-05-17 14:00:00,0.0
27,CHOCÓ,27495,NUQUÍ,27495011,COMUNIDAD DE PUERTO JAGUA(NUQUÍ - CHOCÓ),2025,9,1.429,485.0,5.83,martes,2025-09-30 19:15:00,107.0
27,CHOCÓ,27495,NUQUÍ,27495012,COMUNIDAD INDIG. PUERTO INDIO(NUQUÍ - CHOCÓ),2025,9,2.854,1.625,9.6,lunes,2025-09-15 13:45:00,152417.0
27,CHOCÓ,27495,NUQUÍ,27495910,COMUNIDAD INDIG. DE RIO NUQUÍ(NUQUÍ - CHOCÓ),2025,9,818.0,194.0,5.09,martes,2025-09-23 19:15:00,91333.0
27,CHOCÓ,27495,NUQUÍ,27495912,COMUNIDAD INDÍGENA DE PANGUI - EL YUCAL(NUQUÍ - CHOCÓ),2025,9,7.762,1.824,11.59,viernes,2025-09-12 08:45:00,229417.0
27,CHOCÓ,27615,RIOSUCIO,27615011,SAN JOSE TAMBORAL(RIOSUCIO - CHOCÓ),2025,9,0.0,0.0,59.975,No registra,2025-09-29 12:30:00,0.0
27,CHOCÓ,27800,UNGUÍA,27800000,UNGUÍA(UNGUÍA - CHOCÓ),2025,9,472.962,145.855,1014.29,sábado,2025-09-20 19:30:00,22275.0
27,CHOCÓ,27800,UNGUÍA,27800001,BALBOA(UNGUÍA - CHOCÓ),2025,9,30.429,9.723,89.12,sábado,2025-09-20 20:30:00,16.0
27,CHOCÓ,27800,UNGUÍA,27800005,TITUMATE(UNGUÍA - CHOCÓ),2025,9,17.132,4.202,77.26,jueves,2025-09-25 19:00:00,125167.0
44,LA GUAJIRA,44847,URIBIA,44847012,NAZARETH(URIBIA - LA GUAJIRA),2025,9,37.72,8.513,284.64,martes,2025-09-09 19:15:00,54583.0
47,MAGDALENA,47189,CIÉNAGA,47189018,PALMOR(CIÉNAGA - MAGDALENA),2025,9,92.251,28.865,197.95,domingo,2025-09-28 08:30:00,218667.0
50,META,50325,MAPIRIPAN,50325000,MAPIRIPAN(MAPIRIPAN - META),2025,9,206.523,61.901,410.52,jueves,2025-09-18 18:45:00,239833.0
52,NARIÑO,52250,EL CHARCO,52250005,LAS MERCEDES(EL CHARCO - NARIÑO),2025,9,0.0,0.0,59.975,No registra,2025-12-08 14:45:00,0.0
52,NARIÑO,52250,EL CHARCO,52250007,SAN JOSE DEL TAPAJE(EL CHARCO - NARIÑO),2025,9,3.016,1.252,32.0,lunes,2025-09-01 18:30:00,4175.0
52,NARIÑO,52250,EL CHARCO,52250016,ALTERON - URIBE URIBE(EL CHARCO - NARIÑO),2025,9,984.0,475.0,12.72,lunes,2025-09-01 18:30:00,66667.0
52,NARIÑO,52390,LA TOLA,52390003,LA VIGIA DE LA MAR(LA TOLA - NARIÑO),2025,9,5.745,2.928,32.88,jueves,2025-09-25 18:30:00,82667.0
52,NARIÑO,52390,LA TOLA,52390005,AGUACATAL(LA TOLA - NARIÑO),2025,9,2.161,773.0,13.78,sábado,2025-09-06 18:30:00,65917.0
52,NARIÑO,52390,LA TOLA,52390009,MULATOS(LA TOLA - NARIÑO),2025,9,4.325,2.152,25.6,lunes,2025-09-29 17:30:00,78417.0
52,NARIÑO,52390,LA TOLA,52390013,AMARALES(LA TOLA - NARIÑO),2025,9,9.668,4.02,46.37,sábado,2025-09-06 19:00:00,97167.0
52,NARIÑO,52473,MOSQUERA,52473010,EL BAJITO DE ECHANDIA(MOSQUERA - NARIÑO),2025,9,3.157,1.253,25.7,lunes,2025-09-29 18:00:00,875.0
52,NARIÑO,52621,ROBERTO PAYAN,52621912,TAMAJE(ROBERTO PAYAN - NARIÑO),2025,9,4.812,2.41,28.01,jueves,2025-09-25 18:15:00,72417.0
52,NARIÑO,52696,SANTA BÁRBARA,52696014,LA ENSENADA(SANTA BÁRBARA - NARIÑO),2025,9,3.311,3.237,21.79,martes,2025-09-16 18:30:00,64583.0
52,NARIÑO,52696,SANTA BÁRBARA,52696017,SANTA RITA(SANTA BÁRBARA - NARIÑO),2025,9,5.094,2.408,35.76,viernes,2025-09-12 19:15:00,63583.0
52,NARIÑO,52835,SAN ANDRÉS DE TUMACO,52835016,PITAL DE LA COSTA(SAN ANDRÉS DE TUMACO - NARIÑO),2025,9,39.354,22.69,93.23,martes,2025-09-02 19:15:00,219917.0
52,NARIÑO,52835,SAN ANDRÉS DE TUMACO,52835055,BOCAS DE CURAY(SAN ANDRÉS DE TUMACO - NARIÑO),2025,9,8.781,3.093,52.8,miércoles,2025-09-24 19:15:00,7575.0
52,NARIÑO,52835,SAN ANDRÉS DE TUMACO,52835217,SAN JUAN DE LA COSTA(SAN ANDRÉS DE TUMACO - NARIÑO),2025,9,0.0,0.0,59.975,No registra,2025-11-09 08:15:00,0.0
76,VALLE DEL CAUCA,76109,BUENAVENTURA,76109011,PASTICO(BUENAVENTURA - VALLE DEL CAUCA),2025,9,5.099,1.771,17.92,miércoles,2025-09-10 16:30:00,115.0
76,VALLE DEL CAUCA,76109,BUENAVENTURA,76109018,CONCEPCION(BUENAVENTURA - VALLE DEL CAUCA),2025,9,2.182,861.0,50.98,martes,2025-09-16 19:30:00,20167.0
76,VALLE DEL CAUCA,76109,BUENAVENTURA,76109028,PUERTO MERIZALDE(BUENAVENTURA - VALLE DEL CAUCA),2025,9,113.891,38.448,234.96,lunes,2025-09-15 19:45:00,2345.0
76,VALLE DEL CAUCA,76109,BUENAVENTURA,76109032,SAN FRANCISCO NAYA(BUENAVENTURA - VALLE DEL CAUCA),2025,9,8.136,2.751,34.11,sábado,2025-09-20 11:45:00,102917.0
76,VALLE DEL CAUCA,76109,BUENAVENTURA,76109034,SAN ISIDRO - CALIMA(BUENAVENTURA - VALLE DEL CAUCA),2025,9,7.604,1.447,32.05,lunes,2025-09-15 10:00:00,94.0
76,VALLE DEL CAUCA,76109,BUENAVENTURA,76109038,SILVA(BUENAVENTURA - VALLE DEL CAUCA),2025,9,5.047,1.833,20.0,sábado,2025-09-20 15:45:00,106667.0
76,VALLE DEL CAUCA,76109,BUENAVENTURA,76109040,VENERAL(BUENAVENTURA - VALLE DEL CAUCA),2025,9,7.196,1.001,33.2,sábado,2025-09-20 18:15:00,106083.0
76,VALLE DEL CAUCA,76109,BUENAVENTURA,76109069,PAPAYAL 1(BUENAVENTURA - VALLE DEL CAUCA),2025,9,4.575,991.0,19.08,sábado,2025-09-27 18:30:00,102833.0
76,VALLE DEL CAUCA,76109,BUENAVENTURA,76109081,PUNTA BONITA(BUENAVENTURA - VALLE DEL CAUCA),2025,9,3.713,4.369,36.04,sábado,2025-09-06 12:30:00,72167.0
76,VALLE DEL CAUCA,76109,BUENAVENTURA,76109105,PITAL(BUENAVENTURA - VALLE DEL CAUCA),2025,9,3.051,533.0,24.45,miércoles,2025-09-10 18:30:00,55667.0
76,VALLE DEL CAUCA,76109,BUENAVENTURA,76109817,SANTA MARIA 1 NAYA(BUENAVENTURA - VALLE DEL CAUCA),2025,9,377.0,106.0,10.94,sábado,2025-09-27 18:45:00,145.0
76,VALLE DEL CAUCA,76109,BUENAVENTURA,76109863,SAN ANTONIO (BUENAVENTURA - VALLE DEL CAUCA),2025,9,3.656,886.0,17.87,sábado,2025-09-13 19:45:00,110667.0
76,VALLE DEL CAUCA,76109,BUENAVENTURA,76109904,SAN ANTONIO (RIO CAJAMBRE)(BUENAVENTURA - VALLE DEL CAUCA),2025,9,4.668,1.464,29.42,martes,2025-09-23 11:45:00,73583.0
76,VALLE DEL CAUCA,76109,BUENAVENTURA,76109907,SAN PABLO( CAJAMBRE)(BUENAVENTURA - VALLE DEL CAUCA),2025,9,2.109,0.0,19.84,jueves,2025-09-11 19:00:00,68.0
76,VALLE DEL CAUCA,76109,BUENAVENTURA,76109913,MAYORQUIN(BUENAVENTURA - VALLE DEL CAUCA),2025,9,4.921,991.0,28.61,domingo,2025-09-28 18:30:00,9625.0
76,VALLE DEL CAUCA,76109,BUENAVENTURA,76109930,GALVEZ(BUENAVENTURA - VALLE DEL CAUCA),2025,9,4.767,537.0,23.1,lunes,2025-09-29 18:30:00,115583.0
76,VALLE DEL CAUCA,76109,BUENAVENTURA,76109957,HUMANES MAR(BUENAVENTURA - VALLE DEL CAUCA),2025,9,8.743,1.977,34.57,jueves,2025-09-11 18:30:00,11.0
86,PUTUMAYO,86573,PUERTO LEGUIZAMO,86573000,PUERTO LEGUIZAMO(PUERTO LEGUIZAMO - PUTUMAYO),2025,9,990.366,256.699,2099.86,lunes,2025-09-22 11:45:00,24.0
86,PUTUMAYO,86573,PUERTO LEGUIZAMO,86573009,PIÑUÑA NEGRO(PUERTO LEGUIZAMO - PUTUMAYO),2025,9,1.982,1.636,35.2,lunes,2025-09-01 19:15:00,2425.0
88,ARCHIPIÉLAGO DE SAN ANDRÉS y PROVIDENCIA,88001,SAN ANDRÉS,88001000,SAN ANDRÉS(SAN ANDRÉS - ARCHIPIÉLAGO DE SAN ANDRÉS y PROVIDENCIA ),2025,9,,,34045.4,viernes,2025-09-26 15:45:00,23775.0
88,ARCHIPIÉLAGO DE SAN ANDRÉS y PROVIDENCIA,88564,PROVIDENCIA,88564000,PROVIDENCIA(PROVIDENCIA - ARCHIPIÉLAGO DE SAN ANDRÉS y PROVIDENCIA ),2025,9,,245.718,2127.02,jueves,2025-09-04 14:30:00,24.0
91,AMAZONAS,91001,LETICIA,91001000,LETICIA(LETICIA - AMAZONAS),2025,9,,991.015,8954.2,martes,2025-09-23 15:15:00,24.0
91,AMAZONAS,91540,PUERTO NARIÑO,91540000,PUERTO NARIÑO(PUERTO NARIÑO - AMAZONAS),2025,9,137.182,43.936,286.4,lunes,2025-09-22 18:45:00,24.0
91,AMAZONAS,91798,TARAPACA (ANM),91798000,TARAPACA(TARAPACA (ANM) - AMAZONAS),2025,9,27.181,11.516,103.93,lunes,2025-09-08 14:30:00,102583.0
94,GUAINÍA,94001,INÍRIDA,94001000,INÍRIDA(INÍRIDA - GUAINÍA),2025,9,,602.772,4861.12,miércoles,2025-09-24 14:30:00,24.0
94,GUAINÍA,94001,INÍRIDA,94001905,CHORRO BOCON(INÍRIDA - GUAINÍA),2025,9,6.826,914.0,21.54,lunes,2025-09-22 20:30:00,1685.0
94,GUAINÍA,94001,INÍRIDA,94001916,VENADO(INÍRIDA - GUAINÍA),2025,9,3.248,772.0,10.64,domingo,2025-09-28 18:30:00,236417.0
94,GUAINÍA,94001,INÍRIDA,94001966,LAGUNA COLORADA ALTA(INÍRIDA - GUAINÍA),2025,9,9.689,806.0,38.49,lunes,2025-09-22 10:45:00,143.0
94,GUAINÍA,94343,BARRANCO MINAS,94343900,CARPINTERO(BARRANCO MINAS - GUAINÍA),2025,9,2.332,1.195,6.85,miércoles,2025-09-24 19:00:00,190583.0
94,GUAINÍA,94343,BARRANCO MINAS,94343901,CHATARE(BARRANCO MINAS - GUAINÍA),2025,9,140.0,5.0,3.89,jueves,2025-09-04 19:45:00,14167.0
95,GUAVIARE,95001,SAN JOSÉ DEL GUAVIARE,95001012,CACHICAMO(SAN JOSÉ DEL GUAVIARE - GUAVIARE),2025,9,11.74,5.086,46.69,miércoles,2025-09-17 19:00:00,118833.0
95,GUAVIARE,95200,MIRAFLORES,95200000,MIRAFLORES(MIRAFLORES - GUAVIARE),2025,9,123.471,17.089,256.86,viernes,2025-09-19 18:45:00,24.0
97,VAUPÉS,97001,MITÚ,97001000,MITÚ(MITÚ - VAUPÉS),2025,9,,342.085,3304.07,lunes,2025-09-22 13:15:00,24.0
97,VAUPÉS,97161,CARURÚ,97161000,CARURÚ(CARURÚ - VAUPÉS),2025,9,38.918,7.098,103.49,sábado,2025-09-13 18:45:00,1665.0
97,VAUPÉS,97666,TARAIRA,97666000,TARAIRA(TARAIRA - VAUPÉS),2025,9,48.869,12.412,155.5,lunes,2025-09-22 12:45:00,141833.0
99,VICHADA,99001,PUERTO CARREÑO,99001000,PUERTO CARREÑO(PUERTO CARREÑO - VICHADA),2025,9,,672.497,5557.2,lunes,2025-09-22 13:30:00,24.0
99,VICHADA,99001,PUERTO CARREÑO,99001002,CASUARITO(PUERTO CARREÑO - VICHADA),2025,9,28.258,12.898,85.25,lunes,2025-09-22 22:30:00,155917.0
99,VICHADA,99773,CUMARIBO,99773000,CUMARIBO(CUMARIBO - VICHADA),2025,9,387.733,133.58,792.92,miércoles,2025-09-24 17:45:00,234167.0
5,ANTIOQUIA,5873,VIGÍA DEL FUERTE,5873001,SAN ANTONIO DE PADUA(VIGÍA DEL FUERTE - ANTIOQUIA),2025,10,0.0,0.0,59.975,No registra,2025-03-27 08:45:00,0.0
5,ANTIOQUIA,5873,VIGÍA DEL FUERTE,5873005,SAN MIGUEL(VIGÍA DEL FUERTE - ANTIOQUIA),2025,10,1.374,609.0,17.48,jueves,2025-10-30 19:15:00,31371.0
5,ANTIOQUIA,5873,VIGÍA DEL FUERTE,5873013,LOMA MURRI(VIGÍA DEL FUERTE - ANTIOQUIA),2025,10,3.895,1.643,31.37,domingo,2025-10-26 18:00:00,51452.0
5,ANTIOQUIA,5873,VIGÍA DEL FUERTE,5873910,PUERTO MEDELLÍN(VIGÍA DEL FUERTE - ANTIOQUIA),2025,10,602.0,232.0,11.7,viernes,2025-10-24 18:15:00,3.0
13,BOLÍVAR,13001,CARTAGENA DE INDIAS,13001037,ISLA MUCURA(CARTAGENA DE INDIAS - BOLÍVAR),2025,10,6.54,2.474,22.59,miércoles,2025-10-08 23:00:00,118226.0
18,CAQUETÁ,18150,CARTAGENA DEL CHAIRA,18150001,REMOLINO DEL CAGUAN(CARTAGENA DEL CHAIRA - CAQUETÁ),2025,10,13.559,4.331,97.19,lunes,2025-10-27 19:15:00,60484.0
18,CAQUETÁ,18150,CARTAGENA DEL CHAIRA,18150002,SANTA FE DEL CAGUAN(CARTAGENA DEL CHAIRA - CAQUETÁ),2025,10,449.0,190.0,37.52,domingo,2025-10-19 18:30:00,5806.0
18,CAQUETÁ,18753,SAN VICENTE DEL CAGUÁN,18753012,SANTA ROSA(SAN VICENTE DEL CAGUÁN - CAQUETÁ),2025,10,0.0,0.0,59.975,No registra,2025-05-07 17:15:00,0.0
18,CAQUETÁ,18753,SAN VICENTE DEL CAGUÁN,18753033,VILLA LOBOS(SAN VICENTE DEL CAGUÁN - CAQUETÁ),2025,10,987.0,292.0,52.63,lunes,2025-10-20 18:15:00,7258.0
19,CAUCA,19318,GUAPI,19318008,LIMONES(GUAPI - CAUCA),2025,10,8.568,4.243,72.5,viernes,2025-10-31 18:15:00,78871.0
19,CAUCA,19318,GUAPI,19318013,SAN ANTONIO DE GUAJUI(GUAPI - CAUCA),2025,10,8.472,4.278,66.4,sábado,2025-10-25 19:30:00,52984.0
19,CAUCA,19418,LÓPEZ DE MICAY,19418009,NOANAMITO(LÓPEZ DE MICAY - CAUCA),2025,10,237.0,129.0,44.0,viernes,2025-10-31 18:30:00,2177.0
19,CAUCA,19418,LÓPEZ DE MICAY,19418033,BOCA GRANDE(LÓPEZ DE MICAY - CAUCA),2025,10,0.0,0.0,59.975,No registra,2025-04-16 19:00:00,0.0
19,CAUCA,19809,TIMBIQUÍ,19809003,COTEJE(TIMBIQUÍ - CAUCA),2025,10,5.825,3.831,33.24,viernes,2025-10-24 19:15:00,69677.0
19,CAUCA,19809,TIMBIQUÍ,19809007,SAN JOSE(TIMBIQUÍ - CAUCA),2025,10,5.495,3.281,38.76,sábado,2025-10-18 18:45:00,59274.0
19,CAUCA,19809,TIMBIQUÍ,19809009,SANTA ROSA DE SAIJA(TIMBIQUÍ - CAUCA),2025,10,3.061,1.228,24.38,domingo,2025-10-19 19:15:00,51048.0
19,CAUCA,19809,TIMBIQUÍ,19809010,COMUNIDAD DE CHETE(TIMBIQUÍ - CAUCA),2025,10,4.69,1.688,34.08,sábado,2025-10-11 18:45:00,55806.0
19,CAUCA,19809,TIMBIQUÍ,19809014,CHACON(TIMBIQUÍ - CAUCA),2025,10,2.356,343.0,20.8,sábado,2025-10-18 20:00:00,47984.0
27,CHOCÓ,27001,QUIBDÓ,27001029,TAGACHI(QUIBDÓ - CHOCÓ),2025,10,640.0,329.0,28.49,jueves,2025-10-30 19:30:00,10645.0
27,CHOCÓ,27006,ACANDÍ,27006000,ACANDÍ(ACANDÍ - CHOCÓ),2025,10,624.836,170.352,1236.93,jueves,2025-10-02 21:30:00,206935.0
27,CHOCÓ,27006,ACANDÍ,27006007,SAN FRANCISCO(ACANDÍ - CHOCÓ),2025,10,25.056,10.428,121.22,jueves,2025-10-09 19:15:00,92661.0
27,CHOCÓ,27025,ALTO BAUDO,27025000,CIUDAD BAUDO - PIE DE PATO(ALTO BAUDO - CHOCÓ),2025,10,54.501,17.515,133.32,sábado,2025-10-25 12:15:00,229597.0
27,CHOCÓ,27025,ALTO BAUDO,27025033,MIACORA(ALTO BAUDO - CHOCÓ),2025,10,273.0,7.0,5.64,martes,2025-10-14 14:15:00,24274.0
27,CHOCÓ,27025,ALTO BAUDO,27025035,PUERTO ALEGRE(ALTO BAUDO - CHOCÓ),2025,10,1.488,514.0,5.26,sábado,2025-10-25 12:00:00,122903.0
27,CHOCÓ,27025,ALTO BAUDO,27025920,EL MORRO(ALTO BAUDO - CHOCÓ),2025,10,90.0,25.0,1.81,domingo,2025-10-12 19:00:00,81.0
27,CHOCÓ,27025,ALTO BAUDO,27025937,VILLA CECILIA(ALTO BAUDO - CHOCÓ),2025,10,361.0,142.0,3.24,miércoles,2025-10-29 19:30:00,2379.0
27,CHOCÓ,27075,BAHÍA SOLANO,27075000,CIUDAD MUTIS(BAHÍA SOLANO - CHOCÓ),2025,10,903.648,238.444,1642.08,miércoles,2025-10-22 19:30:00,238145.0
27,CHOCÓ,27075,BAHÍA SOLANO,27075001,CUPICA(BAHÍA SOLANO - CHOCÓ),2025,10,49.14,17.037,128.37,sábado,2025-10-11 19:30:00,201613.0
27,CHOCÓ,27077,BAJO BAUDÓ,27077000,PIZARRO(BAJO BAUDÓ - CHOCÓ),2025,10,192.801,68.287,519.55,miércoles,2025-10-22 19:45:00,164516.0
27,CHOCÓ,27077,BAJO BAUDÓ,27077002,BELEN DE DOCAMPADO(BAJO BAUDÓ - CHOCÓ),2025,10,8.554,1.984,39.28,sábado,2025-10-25 11:45:00,102419.0
27,CHOCÓ,27077,BAJO BAUDÓ,27077011,PILIZA - BELLAVISTA - VILLA LUZ(BAJO BAUDÓ - CHOCÓ),2025,10,2.594,358.0,22.4,miércoles,2025-10-01 18:45:00,5129.0
27,CHOCÓ,27077,BAJO BAUDÓ,27077019,VIRUDO(BAJO BAUDÓ - CHOCÓ),2025,10,6.458,2.942,29.18,viernes,2025-10-31 13:15:00,93226.0
27,CHOCÓ,27077,BAJO BAUDÓ,27077026,GUINEAL(BAJO BAUDÓ - CHOCÓ),2025,10,3.126,3.867,20.74,viernes,2025-10-17 19:15:00,74355.0
27,CHOCÓ,27077,BAJO BAUDÓ,27077905,BUENAVISTA(BAJO BAUDÓ - CHOCÓ),2025,10,4.807,1.818,20.77,jueves,2025-10-02 19:45:00,98226.0
27,CHOCÓ,27077,BAJO BAUDÓ,27077916,TERRON(BAJO BAUDÓ - CHOCÓ),2025,10,0.0,562.0,59.975,No registra,2025-02-18 10:00:00,0.0
27,CHOCÓ,27099,BOJAYÁ,27099000,BELLAVISTA(BOJAYÁ - CHOCÓ),2025,10,86.815,32.785,325.12,miércoles,2025-10-29 18:45:00,113629.0
27,CHOCÓ,27099,BOJAYÁ,27099002,LA LOMA DE BOJAYA(BOJAYÁ - CHOCÓ),2025,10,14.356,6.506,76.28,sábado,2025-10-11 19:45:00,89597.0
27,CHOCÓ,27099,BOJAYÁ,27099005,NAPIPI(BOJAYÁ - CHOCÓ),2025,10,10.047,3.756,54.4,jueves,2025-10-02 15:30:00,70726.0
27,CHOCÓ,27099,BOJAYÁ,27099030,PIEDRA CANDELA(BOJAYÁ - CHOCÓ),2025,10,7.069,3.375,37.8,sábado,2025-10-18 18:15:00,81774.0
27,CHOCÓ,27250,EL LITORAL DEL SAN JUAN,27250000,SANTA GENOVEVA DE DOCORDO(EL LITORAL DEL SAN JUAN - CHOCÓ),2025,10,66.778,30.497,301.49,viernes,2025-10-10 19:15:00,10371.0
27,CHOCÓ,27250,EL LITORAL DEL SAN JUAN,27250023,PAPAYO(EL LITORAL DEL SAN JUAN - CHOCÓ),2025,10,0.0,0.0,0.28,viernes,2025-10-31 11:30:00,0.0
27,CHOCÓ,27361,ISTMINA,27361021,PANAMACITO(ISTMINA - CHOCÓ),2025,10,1.45,566.0,8.67,martes,2025-10-14 17:45:00,69839.0
27,CHOCÓ,27361,ISTMINA,27361023,POTEDÓ(ISTMINA - CHOCÓ),2025,10,1.105,329.0,18.24,miércoles,2025-10-29 19:15:00,275.0
27,CHOCÓ,27372,JURADO,27372901,SANTA TERESITA(JURADO - CHOCÓ),2025,10,1.884,124.0,16.38,jueves,2025-10-16 11:00:00,116532.0
27,CHOCÓ,27372,JURADO,27372902,BUENAVISTA(JURADO - CHOCÓ),2025,10,1.969,397.0,7.86,lunes,2025-10-13 07:00:00,135242.0
27,CHOCÓ,27372,JURADO,27372905,DICHARDI(JURADO - CHOCÓ),2025,10,1.654,1.066,7.32,miércoles,2025-10-29 12:00:00,146855.0
27,CHOCÓ,27372,JURADO,27372907,EYASAKE(JURADO - CHOCÓ),2025,10,4.619,2.019,18.2,miércoles,2025-10-29 18:15:00,111452.0
27,CHOCÓ,27372,JURADO,27372930,DOS BOCAS(JURADO - CHOCÓ),2025,10,2.124,914.0,21.64,viernes,2025-10-31 18:15:00,68468.0
27,CHOCÓ,27425,MEDIO ATRATO,27425000,BETE(MEDIO ATRATO - CHOCÓ),2025,10,16.782,8.152,64.0,miércoles,2025-10-01 19:30:00,115726.0
27,CHOCÓ,27425,MEDIO ATRATO,27425008,SAN ROQUE(MEDIO ATRATO - CHOCÓ),2025,10,2.381,1.223,24.36,sábado,2025-10-04 19:15:00,53065.0
27,CHOCÓ,27491,NOVITA,27491004,JUNTAS DE TAMANA(NOVITA - CHOCÓ),2025,10,2.404,687.0,21.48,lunes,2025-10-20 18:45:00,58065.0
27,CHOCÓ,27495,NUQUÍ,27495000,NUQUÍ(NUQUÍ - CHOCÓ),2025,10,308.889,94.868,555.1,martes,2025-10-07 19:30:00,24.0
27,CHOCÓ,27495,NUQUÍ,27495001,ARUSI(NUQUÍ - CHOCÓ),2025,10,33.428,7.921,81.6,jueves,2025-10-09 19:00:00,239758.0
27,CHOCÓ,27495,NUQUÍ,27495002,COQUI(NUQUÍ - CHOCÓ),2025,10,10.607,2.428,28.56,miércoles,2025-10-22 19:45:00,212661.0
27,CHOCÓ,27495,NUQUÍ,27495003,JURUBIRA(NUQUÍ - CHOCÓ),2025,10,23.248,6.548,53.64,martes,2025-10-28 19:15:00,227742.0
27,CHOCÓ,27495,NUQUÍ,27495008,JOVI(NUQUÍ - CHOCÓ),2025,10,8.792,3.425,23.96,lunes,2025-10-13 11:30:00,160887.0
27,CHOCÓ,27495,NUQUÍ,27495010,TERMALES(NUQUÍ - CHOCÓ),2025,10,0.0,0.0,59.975,No registra,2025-12-03 08:00:00,0.0
27,CHOCÓ,27495,NUQUÍ,27495011,COMUNIDAD DE PUERTO JAGUA(NUQUÍ - CHOCÓ),2025,10,1.583,585.0,6.48,domingo,2025-10-12 19:45:00,108226.0
27,CHOCÓ,27495,NUQUÍ,27495012,COMUNIDAD INDIG. PUERTO INDIO(NUQUÍ - CHOCÓ),2025,10,3.154,1.757,8.79,jueves,2025-10-30 18:45:00,16879.0
27,CHOCÓ,27495,NUQUÍ,27495910,COMUNIDAD INDIG. DE RIO NUQUÍ(NUQUÍ - CHOCÓ),2025,10,641.0,146.0,3.92,martes,2025-10-28 19:00:00,76694.0
27,CHOCÓ,27495,NUQUÍ,27495912,COMUNIDAD INDÍGENA DE PANGUI - EL YUCAL(NUQUÍ - CHOCÓ),2025,10,8.094,1.974,11.63,lunes,2025-10-06 17:15:00,231452.0
27,CHOCÓ,27615,RIOSUCIO,27615011,SAN JOSE TAMBORAL(RIOSUCIO - CHOCÓ),2025,10,0.0,0.0,59.975,No registra,2025-02-10 19:30:00,0.0
27,CHOCÓ,27800,UNGUÍA,27800000,UNGUÍA(UNGUÍA - CHOCÓ),2025,10,467.07,143.017,1076.59,viernes,2025-10-03 18:30:00,215726.0
27,CHOCÓ,27800,UNGUÍA,27800001,BALBOA(UNGUÍA - CHOCÓ),2025,10,31.415,9.868,84.39,sábado,2025-10-11 18:45:00,162258.0
27,CHOCÓ,27800,UNGUÍA,27800005,TITUMATE(UNGUÍA - CHOCÓ),2025,10,18.64,4.46,68.64,viernes,2025-10-24 21:00:00,129677.0
44,LA GUAJIRA,44847,URIBIA,44847012,NAZARETH(URIBIA - LA GUAJIRA),2025,10,31.567,7.014,264.96,jueves,2025-10-02 18:00:00,47419.0
47,MAGDALENA,47189,CIÉNAGA,47189018,PALMOR(CIÉNAGA - MAGDALENA),2025,10,70.223,22.422,195.07,lunes,2025-10-06 11:45:00,222984.0
50,META,50325,MAPIRIPAN,50325000,MAPIRIPAN(MAPIRIPAN - META),2025,10,219.419,65.114,421.08,martes,2025-10-28 18:00:00,24.0
52,NARIÑO,52250,EL CHARCO,52250005,LAS MERCEDES(EL CHARCO - NARIÑO),2025,10,0.0,0.0,59.975,No registra,2025-04-01 16:30:00,0.0
52,NARIÑO,52250,EL CHARCO,52250016,ALTERON - URIBE URIBE(EL CHARCO - NARIÑO),2025,10,237.0,92.0,6.22,sábado,2025-10-04 18:30:00,1621.0
52,NARIÑO,52390,LA TOLA,52390003,LA VIGIA DE LA MAR(LA TOLA - NARIÑO),2025,10,5.023,2.573,31.32,viernes,2025-10-03 19:00:00,70242.0
52,NARIÑO,52390,LA TOLA,52390005,AGUACATAL(LA TOLA - NARIÑO),2025,10,1.84,653.0,13.68,miércoles,2025-10-22 19:30:00,56613.0
52,NARIÑO,52390,LA TOLA,52390009,MULATOS(LA TOLA - NARIÑO),2025,10,4.772,2.268,27.36,lunes,2025-10-20 16:30:00,79113.0
52,NARIÑO,52390,LA TOLA,52390013,AMARALES(LA TOLA - NARIÑO),2025,10,8.697,3.166,47.49,miércoles,2025-10-15 19:15:00,84274.0
52,NARIÑO,52473,MOSQUERA,52473010,EL BAJITO DE ECHANDIA(MOSQUERA - NARIÑO),2025,10,2.947,1.065,16.39,miércoles,2025-10-08 17:00:00,80806.0
52,NARIÑO,52621,ROBERTO PAYAN,52621912,TAMAJE(ROBERTO PAYAN - NARIÑO),2025,10,5.399,2.85,27.29,lunes,2025-10-27 18:30:00,79919.0
52,NARIÑO,52696,SANTA BÁRBARA,52696014,LA ENSENADA(SANTA BÁRBARA - NARIÑO),2025,10,2.774,2.273,24.03,sábado,2025-10-04 20:00:00,51532.0
52,NARIÑO,52835,SAN ANDRÉS DE TUMACO,52835016,PITAL DE LA COSTA(SAN ANDRÉS DE TUMACO - NARIÑO),2025,10,37.606,20.597,98.81,viernes,2025-10-24 19:15:00,194435.0
52,NARIÑO,52835,SAN ANDRÉS DE TUMACO,52835055,BOCAS DE CURAY(SAN ANDRÉS DE TUMACO - NARIÑO),2025,10,8.011,2.65,52.8,domingo,2025-10-19 18:45:00,64355.0
52,NARIÑO,52835,SAN ANDRÉS DE TUMACO,52835217,SAN JUAN DE LA COSTA(SAN ANDRÉS DE TUMACO - NARIÑO),2025,10,0.0,0.0,59.975,No registra,2025-02-25 12:45:00,0.0
76,VALLE DEL CAUCA,76109,BUENAVENTURA,76109011,PASTICO(BUENAVENTURA - VALLE DEL CAUCA),2025,10,3.979,1.49,18.5,viernes,2025-10-10 18:45:00,89435.0
76,VALLE DEL CAUCA,76109,BUENAVENTURA,76109018,CONCEPCION(BUENAVENTURA - VALLE DEL CAUCA),2025,10,1.954,559.0,50.04,lunes,2025-10-27 18:45:00,16452.0
76,VALLE DEL CAUCA,76109,BUENAVENTURA,76109028,PUERTO MERIZALDE(BUENAVENTURA - VALLE DEL CAUCA),2025,10,118.692,40.176,227.04,viernes,2025-10-17 19:00:00,237177.0
76,VALLE DEL CAUCA,76109,BUENAVENTURA,76109032,SAN FRANCISCO NAYA(BUENAVENTURA - VALLE DEL CAUCA),2025,10,8.602,2.843,34.5,viernes,2025-10-03 21:30:00,101774.0
76,VALLE DEL CAUCA,76109,BUENAVENTURA,76109034,SAN ISIDRO - CALIMA(BUENAVENTURA - VALLE DEL CAUCA),2025,10,7.847,1.446,33.86,miércoles,2025-10-15 20:00:00,87097.0
76,VALLE DEL CAUCA,76109,BUENAVENTURA,76109038,SILVA(BUENAVENTURA - VALLE DEL CAUCA),2025,10,5.681,1.928,20.8,domingo,2025-10-26 07:00:00,107581.0
76,VALLE DEL CAUCA,76109,BUENAVENTURA,76109040,VENERAL(BUENAVENTURA - VALLE DEL CAUCA),2025,10,4.281,878.0,19.37,viernes,2025-10-17 12:00:00,95645.0
76,VALLE DEL CAUCA,76109,BUENAVENTURA,76109069,PAPAYAL 1(BUENAVENTURA - VALLE DEL CAUCA),2025,10,4.076,888.0,18.52,sábado,2025-10-18 19:30:00,92419.0
76,VALLE DEL CAUCA,76109,BUENAVENTURA,76109081,PUNTA BONITA(BUENAVENTURA - VALLE DEL CAUCA),2025,10,3.111,1.825,22.65,lunes,2025-10-27 11:15:00,56694.0
76,VALLE DEL CAUCA,76109,BUENAVENTURA,76109105,PITAL(BUENAVENTURA - VALLE DEL CAUCA),2025,10,2.198,580.0,15.23,miércoles,2025-10-29 19:00:00,59435.0
76,VALLE DEL CAUCA,76109,BUENAVENTURA,76109817,SANTA MARIA 1 NAYA(BUENAVENTURA - VALLE DEL CAUCA),2025,10,2.098,510.0,11.14,domingo,2025-10-26 19:15:00,75565.0
76,VALLE DEL CAUCA,76109,BUENAVENTURA,76109863,SAN ANTONIO (BUENAVENTURA - VALLE DEL CAUCA),2025,10,3.503,997.0,16.57,miércoles,2025-10-29 18:15:00,98226.0
76,VALLE DEL CAUCA,76109,BUENAVENTURA,76109904,SAN ANTONIO (RIO CAJAMBRE)(BUENAVENTURA - VALLE DEL CAUCA),2025,10,4.947,1.552,28.93,martes,2025-10-07 11:30:00,75645.0
76,VALLE DEL CAUCA,76109,BUENAVENTURA,76109907,SAN PABLO( CAJAMBRE)(BUENAVENTURA - VALLE DEL CAUCA),2025,10,3.356,0.0,20.11,domingo,2025-10-12 17:30:00,65726.0
76,VALLE DEL CAUCA,76109,BUENAVENTURA,76109913,MAYORQUIN(BUENAVENTURA - VALLE DEL CAUCA),2025,10,3.677,901.0,27.78,domingo,2025-10-26 12:30:00,69677.0
76,VALLE DEL CAUCA,76109,BUENAVENTURA,76109930,GALVEZ(BUENAVENTURA - VALLE DEL CAUCA),2025,10,4.492,600.0,23.48,sábado,2025-10-04 09:00:00,117097.0
76,VALLE DEL CAUCA,76109,BUENAVENTURA,76109957,HUMANES MAR(BUENAVENTURA - VALLE DEL CAUCA),2025,10,8.077,1.775,32.58,viernes,2025-10-03 11:00:00,105726.0
86,PUTUMAYO,86573,PUERTO LEGUIZAMO,86573000,PUERTO LEGUIZAMO(PUERTO LEGUIZAMO - PUTUMAYO),2025,10,956.114,257.024,2172.19,martes,2025-10-21 15:15:00,232097.0
86,PUTUMAYO,86573,PUERTO LEGUIZAMO,86573009,PIÑUÑA NEGRO(PUERTO LEGUIZAMO - PUTUMAYO),2025,10,4.868,2.362,38.4,sábado,2025-10-04 19:15:00,61774.0
88,ARCHIPIÉLAGO DE SAN ANDRÉS y PROVIDENCIA,88001,SAN ANDRÉS,88001000,SAN ANDRÉS(SAN ANDRÉS - ARCHIPIÉLAGO DE SAN ANDRÉS y PROVIDENCIA ),2025,10,,,33372.68,miércoles,2025-10-01 15:45:00,24.0
88,ARCHIPIÉLAGO DE SAN ANDRÉS y PROVIDENCIA,88564,PROVIDENCIA,88564000,PROVIDENCIA(PROVIDENCIA - ARCHIPIÉLAGO DE SAN ANDRÉS y PROVIDENCIA ),2025,10,,248.013,2112.58,jueves,2025-10-02 14:00:00,24.0
91,AMAZONAS,91001,LETICIA,91001000,LETICIA(LETICIA - AMAZONAS),2025,10,,987.763,8005.36,miércoles,2025-10-08 15:15:00,239516.0
91,AMAZONAS,91540,PUERTO NARIÑO,91540000,PUERTO NARIÑO(PUERTO NARIÑO - AMAZONAS),2025,10,136.406,42.99,268.8,miércoles,2025-10-08 17:45:00,239919.0
91,AMAZONAS,91798,TARAPACA (ANM),91798000,TARAPACA(TARAPACA (ANM) - AMAZONAS),2025,10,28.378,11.677,112.74,martes,2025-10-28 16:00:00,102177.0
94,GUAINÍA,94001,INÍRIDA,94001000,INÍRIDA(INÍRIDA - GUAINÍA),2025,10,,633.845,4869.04,jueves,2025-10-02 15:15:00,24.0
94,GUAINÍA,94001,INÍRIDA,94001905,CHORRO BOCON(INÍRIDA - GUAINÍA),2025,10,7.098,1.1,22.02,martes,2025-10-21 19:45:00,163468.0
94,GUAINÍA,94001,INÍRIDA,94001916,VENADO(INÍRIDA - GUAINÍA),2025,10,3.815,815.0,9.91,sábado,2025-10-25 19:45:00,239435.0
94,GUAINÍA,94001,INÍRIDA,94001966,LAGUNA COLORADA ALTA(INÍRIDA - GUAINÍA),2025,10,8.572,402.0,32.6,jueves,2025-10-30 19:45:00,143065.0
94,GUAINÍA,94343,BARRANCO MINAS,94343900,CARPINTERO(BARRANCO MINAS - GUAINÍA),2025,10,2.461,1.278,7.36,sábado,2025-10-25 18:00:00,21.0
95,GUAVIARE,95001,SAN JOSÉ DEL GUAVIARE,95001012,CACHICAMO(SAN JOSÉ DEL GUAVIARE - GUAVIARE),2025,10,11.992,5.263,54.09,sábado,2025-10-25 18:45:00,106855.0
95,GUAVIARE,95200,MIRAFLORES,95200000,MIRAFLORES(MIRAFLORES - GUAVIARE),2025,10,131.363,17.272,256.13,lunes,2025-10-27 17:45:00,24.0
97,VAUPÉS,97001,MITÚ,97001000,MITÚ(MITÚ - VAUPÉS),2025,10,,353.416,3275.93,lunes,2025-10-06 12:30:00,23871.0
97,VAUPÉS,97161,CARURÚ,97161000,CARURÚ(CARURÚ - VAUPÉS),2025,10,42.909,8.069,109.3,martes,2025-10-21 14:30:00,170242.0
97,VAUPÉS,97666,TARAIRA,97666000,TARAIRA(TARAIRA - VAUPÉS),2025,10,52.529,13.454,154.26,lunes,2025-10-27 12:00:00,141935.0
99,VICHADA,99001,PUERTO CARREÑO,99001000,PUERTO CARREÑO(PUERTO CARREÑO - VICHADA),2025,10,,712.956,5208.72,miércoles,2025-10-01 13:30:00,24.0
99,VICHADA,99001,PUERTO CARREÑO,99001002,CASUARITO(PUERTO CARREÑO - VICHADA),2025,10,11.301,5.544,88.55,miércoles,2025-10-29 17:00:00,57339.0
99,VICHADA,99773,CUMARIBO,99773000,CUMARIBO(CUMARIBO - VICHADA),2025,10,415.422,138.942,813.16,miércoles,2025-10-15 13:45:00,238226.0
5,ANTIOQUIA,5873,VIGÍA DEL FUERTE,5873001,SAN ANTONIO DE PADUA(VIGÍA DEL FUERTE - ANTIOQUIA),2025,11,454.0,0.0,36.26,jueves,2025-11-27 20:15:00,6333.0
5,ANTIOQUIA,5873,VIGÍA DEL FUERTE,5873005,SAN MIGUEL(VIGÍA DEL FUERTE - ANTIOQUIA),2025,11,0.0,327.0,59.975,No registra,2025-04-05 09:30:00,0.0
5,ANTIOQUIA,5873,VIGÍA DEL FUERTE,5873013,LOMA MURRI(VIGÍA DEL FUERTE - ANTIOQUIA),2025,11,4.345,1.997,32.32,sábado,2025-11-08 19:15:00,60083.0
5,ANTIOQUIA,5873,VIGÍA DEL FUERTE,5873910,PUERTO MEDELLÍN(VIGÍA DEL FUERTE - ANTIOQUIA),2025,11,530.0,212.0,10.57,martes,2025-11-11 18:15:00,2525.0
13,BOLÍVAR,13001,CARTAGENA DE INDIAS,13001017,SANTA CRUZ DEL ISLOTE(CARTAGENA DE INDIAS - BOLÍVAR),2025,11,1.528,502.0,40.99,jueves,2025-11-27 22:15:00,14583.0
13,BOLÍVAR,13001,CARTAGENA DE INDIAS,13001037,ISLA MUCURA(CARTAGENA DE INDIAS - BOLÍVAR),2025,11,6.347,2.435,21.63,sábado,2025-11-22 22:30:00,121.0
18,CAQUETÁ,18150,CARTAGENA DEL CHAIRA,18150001,REMOLINO DEL CAGUAN(CARTAGENA DEL CHAIRA - CAQUETÁ),2025,11,13.352,4.066,94.03,sábado,2025-11-08 19:15:00,6225.0
18,CAQUETÁ,18150,CARTAGENA DEL CHAIRA,18150002,SANTA FE DEL CAGUAN(CARTAGENA DEL CHAIRA - CAQUETÁ),2025,11,191.0,66.0,30.88,domingo,2025-11-30 19:15:00,25.0
18,CAQUETÁ,18753,SAN VICENTE DEL CAGUÁN,18753012,SANTA ROSA(SAN VICENTE DEL CAGUÁN - CAQUETÁ),2025,11,0.0,0.0,59.975,No registra,2025-12-22 12:00:00,0.0
18,CAQUETÁ,18753,SAN VICENTE DEL CAGUÁN,18753033,VILLA LOBOS(SAN VICENTE DEL CAGUÁN - CAQUETÁ),2025,11,1.618,465.0,52.32,lunes,2025-11-17 18:15:00,12167.0
19,CAUCA,19318,GUAPI,19318008,LIMONES(GUAPI - CAUCA),2025,11,9.07,4.653,47.33,domingo,2025-11-16 19:00:00,865.0
19,CAUCA,19318,GUAPI,19318013,SAN ANTONIO DE GUAJUI(GUAPI - CAUCA),2025,11,11.324,5.863,64.4,miércoles,2025-11-05 19:30:00,74667.0
19,CAUCA,19418,LÓPEZ DE MICAY,19418009,NOANAMITO(LÓPEZ DE MICAY - CAUCA),2025,11,7.594,4.303,48.0,jueves,2025-11-27 18:45:00,76.0
19,CAUCA,19418,LÓPEZ DE MICAY,19418033,BOCA GRANDE(LÓPEZ DE MICAY - CAUCA),2025,11,0.0,0.0,59.975,No registra,2025-02-14 09:45:00,0.0
19,CAUCA,19809,TIMBIQUÍ,19809003,COTEJE(TIMBIQUÍ - CAUCA),2025,11,6.091,4.007,33.92,domingo,2025-11-02 19:30:00,75167.0
19,CAUCA,19809,TIMBIQUÍ,19809007,SAN JOSE(TIMBIQUÍ - CAUCA),2025,11,6.993,4.414,40.78,miércoles,2025-11-19 18:45:00,79917.0
19,CAUCA,19809,TIMBIQUÍ,19809010,COMUNIDAD DE CHETE(TIMBIQUÍ - CAUCA),2025,11,5.194,1.87,32.96,sábado,2025-11-01 19:00:00,64083.0
19,CAUCA,19809,TIMBIQUÍ,19809014,CHACON(TIMBIQUÍ - CAUCA),2025,11,1.907,286.0,19.76,viernes,2025-11-07 18:15:00,41833.0
27,CHOCÓ,27001,QUIBDÓ,27001029,TAGACHI(QUIBDÓ - CHOCÓ),2025,11,7.275,3.597,45.58,sábado,2025-11-08 18:30:00,8775.0
27,CHOCÓ,27006,ACANDÍ,27006000,ACANDÍ(ACANDÍ - CHOCÓ),2025,11,605.065,162.389,1267.55,sábado,2025-11-08 19:00:00,203083.0
27,CHOCÓ,27006,ACANDÍ,27006007,SAN FRANCISCO(ACANDÍ - CHOCÓ),2025,11,25.121,10.07,121.15,sábado,2025-11-22 19:30:00,9225.0
27,CHOCÓ,27025,ALTO BAUDO,27025000,CIUDAD BAUDO - PIE DE PATO(ALTO BAUDO - CHOCÓ),2025,11,55.555,17.286,125.4,sábado,2025-11-15 11:45:00,236.0
27,CHOCÓ,27025,ALTO BAUDO,27025033,MIACORA(ALTO BAUDO - CHOCÓ),2025,11,207.0,8.0,3.49,martes,2025-11-18 18:15:00,23583.0
27,CHOCÓ,27025,ALTO BAUDO,27025035,PUERTO ALEGRE(ALTO BAUDO - CHOCÓ),2025,11,757.0,258.0,5.5,sábado,2025-11-08 19:30:00,57667.0
27,CHOCÓ,27025,ALTO BAUDO,27025937,VILLA CECILIA(ALTO BAUDO - CHOCÓ),2025,11,398.0,144.0,3.49,jueves,2025-11-27 12:45:00,22.0
27,CHOCÓ,27075,BAHÍA SOLANO,27075000,CIUDAD MUTIS(BAHÍA SOLANO - CHOCÓ),2025,11,753.202,221.483,1547.04,sábado,2025-11-01 18:45:00,234583.0
27,CHOCÓ,27075,BAHÍA SOLANO,27075001,CUPICA(BAHÍA SOLANO - CHOCÓ),2025,11,56.531,18.057,124.04,martes,2025-11-18 18:45:00,2345.0
27,CHOCÓ,27077,BAJO BAUDÓ,27077000,PIZARRO(BAJO BAUDÓ - CHOCÓ),2025,11,198.366,68.113,481.01,martes,2025-11-25 12:00:00,179.0
27,CHOCÓ,27077,BAJO BAUDÓ,27077002,BELEN DE DOCAMPADO(BAJO BAUDÓ - CHOCÓ),2025,11,7.938,2.396,40.72,lunes,2025-11-10 19:15:00,87333.0
27,CHOCÓ,27077,BAJO BAUDÓ,27077011,PILIZA - BELLAVISTA - VILLA LUZ(BAJO BAUDÓ - CHOCÓ),2025,11,3.074,487.0,22.4,sábado,2025-11-01 18:30:00,59833.0
27,CHOCÓ,27077,BAJO BAUDÓ,27077019,VIRUDO(BAJO BAUDÓ - CHOCÓ),2025,11,6.332,2.717,29.77,domingo,2025-11-16 11:45:00,92083.0
27,CHOCÓ,27077,BAJO BAUDÓ,27077026,GUINEAL(BAJO BAUDÓ - CHOCÓ),2025,11,3.326,4.197,20.97,sábado,2025-11-22 11:30:00,80167.0
27,CHOCÓ,27077,BAJO BAUDÓ,27077905,BUENAVISTA(BAJO BAUDÓ - CHOCÓ),2025,11,4.282,1.735,22.46,jueves,2025-11-06 18:45:00,86583.0
27,CHOCÓ,27077,BAJO BAUDÓ,27077916,TERRON(BAJO BAUDÓ - CHOCÓ),2025,11,0.0,0.0,59.975,No registra,2025-09-20 10:15:00,0.0
27,CHOCÓ,27099,BOJAYÁ,27099000,BELLAVISTA(BOJAYÁ - CHOCÓ),2025,11,52.7,16.315,317.52,sábado,2025-11-08 19:30:00,82.0
27,CHOCÓ,27099,BOJAYÁ,27099002,LA LOMA DE BOJAYA(BOJAYÁ - CHOCÓ),2025,11,9.68,4.497,74.17,miércoles,2025-11-12 18:45:00,5925.0
27,CHOCÓ,27099,BOJAYÁ,27099005,NAPIPI(BOJAYÁ - CHOCÓ),2025,11,12.881,4.556,57.6,domingo,2025-11-16 16:00:00,91083.0
27,CHOCÓ,27099,BOJAYÁ,27099012,POGUE(BOJAYÁ - CHOCÓ),2025,11,3.941,1.909,22.21,miércoles,2025-11-12 16:15:00,78333.0
27,CHOCÓ,27099,BOJAYÁ,27099030,PIEDRA CANDELA(BOJAYÁ - CHOCÓ),2025,11,5.827,2.872,38.37,martes,2025-11-18 19:15:00,65833.0
27,CHOCÓ,27250,EL LITORAL DEL SAN JUAN,27250000,SANTA GENOVEVA DE DOCORDO(EL LITORAL DEL SAN JUAN - CHOCÓ),2025,11,69.762,32.153,261.76,lunes,2025-11-24 10:30:00,114917.0
27,CHOCÓ,27250,EL LITORAL DEL SAN JUAN,27250023,PAPAYO(EL LITORAL DEL SAN JUAN - CHOCÓ),2025,11,1.661,369.0,19.22,sábado,2025-11-29 18:30:00,3675.0
27,CHOCÓ,27361,ISTMINA,27361021,PANAMACITO(ISTMINA - CHOCÓ),2025,11,1.519,547.0,10.29,viernes,2025-11-21 14:45:00,7275.0
27,CHOCÓ,27372,JURADO,27372901,SANTA TERESITA(JURADO - CHOCÓ),2025,11,2.111,131.0,10.75,domingo,2025-11-09 18:45:00,146583.0
27,CHOCÓ,27372,JURADO,27372902,BUENAVISTA(JURADO - CHOCÓ),2025,11,2.107,377.0,14.45,lunes,2025-11-10 10:45:00,138833.0
27,CHOCÓ,27372,JURADO,27372905,DICHARDI(JURADO - CHOCÓ),2025,11,1.356,890.0,6.62,lunes,2025-11-17 11:30:00,111833.0
27,CHOCÓ,27372,JURADO,27372907,EYASAKE(JURADO - CHOCÓ),2025,11,4.184,1.593,19.27,sábado,2025-11-08 19:30:00,106667.0
27,CHOCÓ,27425,MEDIO ATRATO,27425000,BETE(MEDIO ATRATO - CHOCÓ),2025,11,16.243,7.943,64.0,martes,2025-11-04 19:00:00,116917.0
27,CHOCÓ,27425,MEDIO ATRATO,27425008,SAN ROQUE(MEDIO ATRATO - CHOCÓ),2025,11,2.625,1.351,22.97,lunes,2025-11-03 19:00:00,59083.0
27,CHOCÓ,27491,NOVITA,27491004,JUNTAS DE TAMANA(NOVITA - CHOCÓ),2025,11,1.693,486.0,21.07,lunes,2025-11-03 19:45:00,38167.0
27,CHOCÓ,27495,NUQUÍ,27495000,NUQUÍ(NUQUÍ - CHOCÓ),2025,11,293.149,87.268,544.19,viernes,2025-11-07 19:30:00,239667.0
27,CHOCÓ,27495,NUQUÍ,27495001,ARUSI(NUQUÍ - CHOCÓ),2025,11,30.675,5.927,76.8,viernes,2025-11-07 18:45:00,23975.0
27,CHOCÓ,27495,NUQUÍ,27495003,JURUBIRA(NUQUÍ - CHOCÓ),2025,11,23.4,8.272,51.13,viernes,2025-11-21 19:45:00,23825.0
27,CHOCÓ,27495,NUQUÍ,27495008,JOVI(NUQUÍ - CHOCÓ),2025,11,7.774,2.972,23.6,jueves,2025-11-06 14:00:00,1535.0
27,CHOCÓ,27495,NUQUÍ,27495011,COMUNIDAD DE PUERTO JAGUA(NUQUÍ - CHOCÓ),2025,11,1.273,465.0,6.19,domingo,2025-11-23 18:30:00,95417.0
27,CHOCÓ,27495,NUQUÍ,27495012,COMUNIDAD INDIG. PUERTO INDIO(NUQUÍ - CHOCÓ),2025,11,2.855,1.742,8.22,martes,2025-11-18 18:30:00,1605.0
27,CHOCÓ,27495,NUQUÍ,27495910,COMUNIDAD INDIG. DE RIO NUQUÍ(NUQUÍ - CHOCÓ),2025,11,782.0,194.0,4.17,viernes,2025-11-28 21:00:00,88.0
27,CHOCÓ,27495,NUQUÍ,27495912,COMUNIDAD INDÍGENA DE PANGUI - EL YUCAL(NUQUÍ - CHOCÓ),2025,11,7.71,2.071,11.76,martes,2025-11-11 12:15:00,226833.0
27,CHOCÓ,27615,RIOSUCIO,27615011,SAN JOSE TAMBORAL(RIOSUCIO - CHOCÓ),2025,11,11.0,3.0,3.52,lunes,2025-11-17 20:00:00,1083.0
27,CHOCÓ,27800,UNGUÍA,27800000,UNGUÍA(UNGUÍA - CHOCÓ),2025,11,480.483,142.322,984.72,viernes,2025-11-21 18:45:00,226583.0
27,CHOCÓ,27800,UNGUÍA,27800001,BALBOA(UNGUÍA - CHOCÓ),2025,11,32.184,10.188,89.54,domingo,2025-11-09 18:45:00,163333.0
27,CHOCÓ,27800,UNGUÍA,27800005,TITUMATE(UNGUÍA - CHOCÓ),2025,11,18.39,4.291,66.26,sábado,2025-11-01 18:45:00,134.0
44,LA GUAJIRA,44847,URIBIA,44847012,NAZARETH(URIBIA - LA GUAJIRA),2025,11,33.934,7.288,260.64,domingo,2025-11-09 18:00:00,52083.0
47,MAGDALENA,47189,CIÉNAGA,47189018,PALMOR(CIÉNAGA - MAGDALENA),2025,11,84.128,31.409,204.48,domingo,2025-11-16 18:45:00,231083.0
50,META,50325,MAPIRIPAN,50325000,MAPIRIPAN(MAPIRIPAN - META),2025,11,214.91,63.666,420.64,martes,2025-11-18 18:15:00,23925.0
52,NARIÑO,52250,EL CHARCO,52250005,LAS MERCEDES(EL CHARCO - NARIÑO),2025,11,125.0,541.0,10.14,sábado,2025-11-15 18:15:00,4833.0
52,NARIÑO,52250,EL CHARCO,52250007,SAN JOSE DEL TAPAJE(EL CHARCO - NARIÑO),2025,11,0.0,0.0,59.975,No registra,2025-09-21 10:45:00,0.0
52,NARIÑO,52250,EL CHARCO,52250016,ALTERON - URIBE URIBE(EL CHARCO - NARIÑO),2025,11,10.0,7.0,2.86,sábado,2025-11-29 13:45:00,125.0
52,NARIÑO,52390,LA TOLA,52390003,LA VIGIA DE LA MAR(LA TOLA - NARIÑO),2025,11,6.524,3.239,29.92,jueves,2025-11-27 19:00:00,10325.0
52,NARIÑO,52390,LA TOLA,52390005,AGUACATAL(LA TOLA - NARIÑO),2025,11,3.065,1.081,14.0,sábado,2025-11-22 18:45:00,94083.0
52,NARIÑO,52390,LA TOLA,52390009,MULATOS(LA TOLA - NARIÑO),2025,11,4.603,2.197,25.92,sábado,2025-11-01 21:00:00,79833.0
52,NARIÑO,52390,LA TOLA,52390013,AMARALES(LA TOLA - NARIÑO),2025,11,1.257,453.0,48.38,miércoles,2025-11-05 19:00:00,125.0
52,NARIÑO,52473,MOSQUERA,52473010,EL BAJITO DE ECHANDIA(MOSQUERA - NARIÑO),2025,11,3.081,1.061,19.44,sábado,2025-11-22 14:30:00,88917.0
52,NARIÑO,52621,ROBERTO PAYAN,52621912,TAMAJE(ROBERTO PAYAN - NARIÑO),2025,11,5.186,2.636,31.32,domingo,2025-11-16 19:30:00,7825.0
52,NARIÑO,52696,SANTA BÁRBARA,52696014,LA ENSENADA(SANTA BÁRBARA - NARIÑO),2025,11,3.048,2.585,21.86,jueves,2025-11-06 18:30:00,61083.0
52,NARIÑO,52835,SAN ANDRÉS DE TUMACO,52835016,PITAL DE LA COSTA(SAN ANDRÉS DE TUMACO - NARIÑO),2025,11,40.247,22.441,89.26,miércoles,2025-11-12 12:30:00,22275.0
52,NARIÑO,52835,SAN ANDRÉS DE TUMACO,52835055,BOCAS DE CURAY(SAN ANDRÉS DE TUMACO - NARIÑO),2025,11,8.402,2.785,52.8,jueves,2025-11-27 19:45:00,68083.0
52,NARIÑO,52835,SAN ANDRÉS DE TUMACO,52835217,SAN JUAN DE LA COSTA(SAN ANDRÉS DE TUMACO - NARIÑO),2025,11,2.987,987.0,83.77,miércoles,2025-11-26 18:45:00,15833.0
76,VALLE DEL CAUCA,76109,BUENAVENTURA,76109011,PASTICO(BUENAVENTURA - VALLE DEL CAUCA),2025,11,3.844,1.447,16.94,jueves,2025-11-20 19:00:00,94.0
76,VALLE DEL CAUCA,76109,BUENAVENTURA,76109018,CONCEPCION(BUENAVENTURA - VALLE DEL CAUCA),2025,11,7.251,2.297,48.12,domingo,2025-11-02 20:45:00,77583.0
76,VALLE DEL CAUCA,76109,BUENAVENTURA,76109028,PUERTO MERIZALDE(BUENAVENTURA - VALLE DEL CAUCA),2025,11,107.49,35.9,251.86,lunes,2025-11-10 19:00:00,219417.0
76,VALLE DEL CAUCA,76109,BUENAVENTURA,76109032,SAN FRANCISCO NAYA(BUENAVENTURA - VALLE DEL CAUCA),2025,11,8.078,2.577,34.69,sábado,2025-11-15 12:15:00,98083.0
76,VALLE DEL CAUCA,76109,BUENAVENTURA,76109034,SAN ISIDRO - CALIMA(BUENAVENTURA - VALLE DEL CAUCA),2025,11,6.05,1.191,34.32,martes,2025-11-04 19:45:00,78833.0
76,VALLE DEL CAUCA,76109,BUENAVENTURA,76109038,SILVA(BUENAVENTURA - VALLE DEL CAUCA),2025,11,5.67,1.924,22.16,sábado,2025-11-15 08:45:00,107667.0
76,VALLE DEL CAUCA,76109,BUENAVENTURA,76109040,VENERAL(BUENAVENTURA - VALLE DEL CAUCA),2025,11,6.405,982.0,33.6,viernes,2025-11-14 11:15:00,102083.0
76,VALLE DEL CAUCA,76109,BUENAVENTURA,76109069,PAPAYAL 1(BUENAVENTURA - VALLE DEL CAUCA),2025,11,4.353,944.0,16.26,miércoles,2025-11-19 19:30:00,11175.0
76,VALLE DEL CAUCA,76109,BUENAVENTURA,76109081,PUNTA BONITA(BUENAVENTURA - VALLE DEL CAUCA),2025,11,5.63,1.731,22.04,viernes,2025-11-14 19:30:00,110167.0
76,VALLE DEL CAUCA,76109,BUENAVENTURA,76109105,PITAL(BUENAVENTURA - VALLE DEL CAUCA),2025,11,3.036,801.0,15.74,domingo,2025-11-02 19:15:00,8625.0
76,VALLE DEL CAUCA,76109,BUENAVENTURA,76109817,SANTA MARIA 1 NAYA(BUENAVENTURA - VALLE DEL CAUCA),2025,11,2.07,450.0,11.53,lunes,2025-11-03 19:00:00,75917.0
76,VALLE DEL CAUCA,76109,BUENAVENTURA,76109863,SAN ANTONIO (BUENAVENTURA - VALLE DEL CAUCA),2025,11,3.438,937.0,17.89,lunes,2025-11-17 13:30:00,100167.0
76,VALLE DEL CAUCA,76109,BUENAVENTURA,76109904,SAN ANTONIO (RIO CAJAMBRE)(BUENAVENTURA - VALLE DEL CAUCA),2025,11,5.16,1.657,29.85,miércoles,2025-11-19 12:00:00,82667.0
76,VALLE DEL CAUCA,76109,BUENAVENTURA,76109907,SAN PABLO( CAJAMBRE)(BUENAVENTURA - VALLE DEL CAUCA),2025,11,2.87,0.0,19.99,viernes,2025-11-28 15:00:00,6275.0
76,VALLE DEL CAUCA,76109,BUENAVENTURA,76109913,MAYORQUIN(BUENAVENTURA - VALLE DEL CAUCA),2025,11,3.939,1.161,28.06,lunes,2025-11-10 20:00:00,86083.0
76,VALLE DEL CAUCA,76109,BUENAVENTURA,76109930,GALVEZ(BUENAVENTURA - VALLE DEL CAUCA),2025,11,3.436,564.0,13.03,sábado,2025-11-01 18:00:00,106333.0
76,VALLE DEL CAUCA,76109,BUENAVENTURA,76109957,HUMANES MAR(BUENAVENTURA - VALLE DEL CAUCA),2025,11,8.064,1.807,29.71,sábado,2025-11-08 08:30:00,1135.0
86,PUTUMAYO,86573,PUERTO LEGUIZAMO,86573000,PUERTO LEGUIZAMO(PUERTO LEGUIZAMO - PUTUMAYO),2025,11,802.031,231.355,1885.75,miércoles,2025-11-26 21:00:00,2375.0
86,PUTUMAYO,86573,PUERTO LEGUIZAMO,86573009,PIÑUÑA NEGRO(PUERTO LEGUIZAMO - PUTUMAYO),2025,11,4.657,2.187,38.4,sábado,2025-11-01 21:45:00,595.0
88,ARCHIPIÉLAGO DE SAN ANDRÉS y PROVIDENCIA,88001,SAN ANDRÉS,88001000,SAN ANDRÉS(SAN ANDRÉS - ARCHIPIÉLAGO DE SAN ANDRÉS y PROVIDENCIA ),2025,11,,,31656.72,viernes,2025-11-21 15:45:00,24.0
88,ARCHIPIÉLAGO DE SAN ANDRÉS y PROVIDENCIA,88564,PROVIDENCIA,88564000,PROVIDENCIA(PROVIDENCIA - ARCHIPIÉLAGO DE SAN ANDRÉS y PROVIDENCIA ),2025,11,,233.748,1948.86,jueves,2025-11-20 14:15:00,24.0
91,AMAZONAS,91001,LETICIA,91001000,LETICIA(LETICIA - AMAZONAS),2025,11,,955.585,8255.4,martes,2025-11-18 15:30:00,24.0
91,AMAZONAS,91540,PUERTO NARIÑO,91540000,PUERTO NARIÑO(PUERTO NARIÑO - AMAZONAS),2025,11,136.58,41.674,278.4,jueves,2025-11-20 14:15:00,239917.0
91,AMAZONAS,91798,TARAPACA (ANM),91798000,TARAPACA(TARAPACA (ANM) - AMAZONAS),2025,11,28.243,11.158,105.59,viernes,2025-11-14 14:00:00,10275.0
94,GUAINÍA,94001,INÍRIDA,94001000,INÍRIDA(INÍRIDA - GUAINÍA),2025,11,,611.611,4810.96,jueves,2025-11-27 14:45:00,24.0
94,GUAINÍA,94001,INÍRIDA,94001905,CHORRO BOCON(INÍRIDA - GUAINÍA),2025,11,6.451,856.0,22.32,sábado,2025-11-15 19:00:00,15375.0
27,CHOCÓ,27425,MEDIO ATRATO,27425008,SAN ROQUE,2025,12,3.062,1.566,246.0,domingo,2025-12-06 19:30:00,677.0
94,GUAINÍA,94001,INÍRIDA,94001916,VENADO(INÍRIDA - GUAINÍA),2025,11,3.236,717.0,11.49,viernes,2025-11-07 21:30:00,200917.0
94,GUAINÍA,94001,INÍRIDA,94001966,LAGUNA COLORADA ALTA(INÍRIDA - GUAINÍA),2025,11,9.24,452.0,32.14,martes,2025-11-11 19:30:00,151917.0
94,GUAINÍA,94343,BARRANCO MINAS,94343900,CARPINTERO(BARRANCO MINAS - GUAINÍA),2025,11,2.852,1.493,7.58,domingo,2025-11-23 18:00:00,229417.0
94,GUAINÍA,94343,BARRANCO MINAS,94343901,CHATARE(BARRANCO MINAS - GUAINÍA),2025,11,0.0,0.0,0.11,miércoles,2025-11-19 06:00:00,0.0
95,GUAVIARE,95001,SAN JOSÉ DEL GUAVIARE,95001012,CACHICAMO(SAN JOSÉ DEL GUAVIARE - GUAVIARE),2025,11,11.804,5.106,54.63,sábado,2025-11-08 19:45:00,10575.0
95,GUAVIARE,95200,MIRAFLORES,95200000,MIRAFLORES(MIRAFLORES - GUAVIARE),2025,11,134.302,18.771,269.74,sábado,2025-11-22 18:15:00,24.0
97,VAUPÉS,97001,MITÚ,97001000,MITÚ(MITÚ - VAUPÉS),2025,11,,333.111,3231.79,martes,2025-11-18 11:45:00,239917.0
97,VAUPÉS,97161,CARURÚ,97161000,CARURÚ(CARURÚ - VAUPÉS),2025,11,40.64,7.582,106.04,viernes,2025-11-07 18:45:00,1705.0
97,VAUPÉS,97666,TARAIRA,97666000,TARAIRA(TARAIRA - VAUPÉS),2025,11,49.902,12.875,150.92,martes,2025-11-04 12:30:00,142833.0
99,VICHADA,99001,PUERTO CARREÑO,99001000,PUERTO CARREÑO(PUERTO CARREÑO - VICHADA),2025,11,,720.573,5522.0,miércoles,2025-11-19 13:30:00,2395.0
99,VICHADA,99001,PUERTO CARREÑO,99001002,CASUARITO(PUERTO CARREÑO - VICHADA),2025,11,14.567,7.108,85.05,viernes,2025-11-21 16:30:00,7625.0
99,VICHADA,99773,CUMARIBO,99773000,CUMARIBO(CUMARIBO - VICHADA),2025,11,400.807,131.759,830.07,viernes,2025-11-21 13:30:00,238667.0
5,ANTIOQUIA,5873,VIGÍA DEL FUERTE,5873001,SAN ANTONIO DE PADUA,2025,12,4.392,0.0,3968.0,lunes,2025-12-28 19:15:00,545.0
5,ANTIOQUIA,5873,VIGÍA DEL FUERTE,5873001,SAN ANTONIO DE PADUA,2026,1,5.582,0.0,45504.0,sábado,2026-01-09 19:15:00,640.0
5,ANTIOQUIA,5873,VIGÍA DEL FUERTE,5873005,SAN MIGUEL,2025,12,1.016,525.0,186624.0,miércoles,2025-12-30 20:15:00,234.0
5,ANTIOQUIA,5873,VIGÍA DEL FUERTE,5873005,SAN MIGUEL,2026,1,2.045,929.0,184448.0,viernes,2026-01-30 18:45:00,485.0
88,ARCHIPIÉLAGO DE SAN ANDRÉS y PROVIDENCIA,88564,PROVIDENCIA,88564000,PROVIDENCIA,2025,12,,240.074,18879919.0,viernes,2025-12-05 14:15:00,2.4
88,ARCHIPIÉLAGO DE SAN ANDRÉS y PROVIDENCIA,88564,PROVIDENCIA,88564000,PROVIDENCIA,2026,1,,234.829,19081479.0,jueves,2026-01-15 15:15:00,2.4
88,ARCHIPIÉLAGO DE SAN ANDRÉS y PROVIDENCIA,88001,SAN ANDRÉS,88001000,SAN ANDRÉS,2025,12,,,314570801.0,viernes,2025-12-12 15:45:00,2.4
88,ARCHIPIÉLAGO DE SAN ANDRÉS y PROVIDENCIA,88001,SAN ANDRÉS,88001000,SAN ANDRÉS,2026,1,,,302885195.0,martes,2026-01-20 16:00:00,2.4
13,BOLÍVAR,13001,CARTAGENA DE INDIAS,13001037,ISLA MUCURA,2025,12,6.558,2.357,20416.0,domingo,2025-12-13 22:15:00,1.213
13,BOLÍVAR,13001,CARTAGENA DE INDIAS,13001037,ISLA MUCURA,2026,1,6.58,2.246,20352.0,lunes,2026-01-04 23:30:00,1.217
18,CAQUETÁ,18150,CARTAGENA DEL CHAIRA,18150001,REMOLINO DEL CAGUAN,2025,12,13.878,4.989,99184.0,domingo,2025-12-06 19:15:00,569.0
18,CAQUETÁ,18150,CARTAGENA DEL CHAIRA,18150001,REMOLINO DEL CAGUAN,2026,1,14.522,5.296,1011796.0,domingo,2026-01-24 19:00:00,594.0
18,CAQUETÁ,18150,CARTAGENA DEL CHAIRA,18150002,SANTA FE DEL CAGUAN,2025,12,3.674,1.381,382.0,martes,2025-12-23 18:45:00,433.0
18,CAQUETÁ,18150,CARTAGENA DEL CHAIRA,18150002,SANTA FE DEL CAGUAN,2026,1,2.707,1.02,372.0,sábado,2026-01-10 18:45:00,315.0
18,CAQUETÁ,18753,SAN VICENTE DEL CAGUÁN,18753002,GUACAMAYAS,2025,12,10.738,3.685,33216.0,jueves,2025-12-31 20:45:00,1.777
18,CAQUETÁ,18753,SAN VICENTE DEL CAGUÁN,18753002,GUACAMAYAS,2026,1,10.433,2.795,30432.0,viernes,2026-01-01 19:45:00,1.744
18,CAQUETÁ,18753,SAN VICENTE DEL CAGUÁN,18753012,SANTA ROSA,2025,12,838.0,318.0,14246.0,miércoles,2025-12-30 19:15:00,248.0
18,CAQUETÁ,18753,SAN VICENTE DEL CAGUÁN,18753033,VILLA LOBOS,2025,12,2.887,930.0,507148.0,domingo,2025-12-06 19:00:00,297.0
18,CAQUETÁ,18753,SAN VICENTE DEL CAGUÁN,18753033,VILLA LOBOS,2026,1,724.0,240.0,53782.0,domingo,2026-01-17 19:00:00,57.0
19,CAUCA,19318,GUAPI,19318008,LIMONES,2025,12,8.65,4.314,527112.0,jueves,2025-12-31 19:15:00,776.0
19,CAUCA,19318,GUAPI,19318008,LIMONES,2026,1,7.791,3.73,473904.0,domingo,2026-01-10 19:15:00,667.0
19,CAUCA,19318,GUAPI,19318013,SAN ANTONIO DE GUAJUI,2025,12,9.557,4.918,641276.0,jueves,2025-12-24 19:30:00,606.0
19,CAUCA,19318,GUAPI,19318013,SAN ANTONIO DE GUAJUI,2026,1,7.679,3.836,67342.0,jueves,2026-01-21 19:45:00,471.0
19,CAUCA,19418,LÓPEZ DE MICAY,19418009,NOANAMITO,2025,12,8.552,4.843,44.0,martes,2025-12-02 18:45:00,844.0
19,CAUCA,19418,LÓPEZ DE MICAY,19418009,NOANAMITO,2026,1,7.75,4.33,52.0,sábado,2026-01-02 19:15:00,769.0
19,CAUCA,19809,TIMBIQUÍ,19809014,CHACON,2025,12,2.481,316.0,19808.0,jueves,2025-12-24 19:30:00,522.0
19,CAUCA,19809,TIMBIQUÍ,19809014,CHACON,2026,1,0.0,0.0,59.975,No registra,2025-08-29 12:15:00,0.0
19,CAUCA,19809,TIMBIQUÍ,19809010,COMUNIDAD DE CHETE,2025,12,5.07,2.259,32352.0,martes,2025-12-15 19:15:00,627.0
19,CAUCA,19809,TIMBIQUÍ,19809010,COMUNIDAD DE CHETE,2026,1,4.862,2.512,33632.0,domingo,2026-01-17 19:15:00,587.0
19,CAUCA,19809,TIMBIQUÍ,19809003,COTEJE,2025,12,6.527,4.445,3328.0,sábado,2025-12-19 20:00:00,813.0
19,CAUCA,19809,TIMBIQUÍ,19809003,COTEJE,2026,1,6.018,4.013,296.0,martes,2026-01-19 19:30:00,786.0
19,CAUCA,19809,TIMBIQUÍ,19809007,SAN JOSE,2025,12,8.113,4.521,43896.0,jueves,2025-12-31 19:45:00,811.0
19,CAUCA,19809,TIMBIQUÍ,19809007,SAN JOSE,2026,1,8.074,4.112,44328.0,lunes,2026-01-04 19:00:00,776.0
27,CHOCÓ,27006,ACANDÍ,27006000,ACANDÍ,2025,12,605.166,161.504,1210176.0,jueves,2025-12-31 19:00:00,2.048
27,CHOCÓ,27006,ACANDÍ,27006000,ACANDÍ,2026,1,558.694,151.487,11105601.0,martes,2026-01-19 19:15:00,2.037
27,CHOCÓ,27025,ALTO BAUDO,27025000,CIUDAD BAUDO - PIE DE PATO,2025,12,54.426,17.392,121.0,sábado,2025-12-06 12:00:00,2.388
27,CHOCÓ,27025,ALTO BAUDO,27025000,CIUDAD BAUDO - PIE DE PATO,2026,1,53.771,16.773,122672.0,martes,2026-01-20 12:15:00,2.348
27,CHOCÓ,27025,ALTO BAUDO,27025033,MIACORA,2025,12,149.0,6.0,33632.0,lunes,2025-12-28 19:00:00,146.0
27,CHOCÓ,27025,ALTO BAUDO,27025035,PUERTO ALEGRE,2025,12,1.237,442.0,59196.0,miércoles,2025-12-31 12:00:00,935.0
27,CHOCÓ,27025,ALTO BAUDO,27025035,PUERTO ALEGRE,2026,1,1.346,452.0,57212.0,sábado,2026-01-09 19:30:00,952.0
27,CHOCÓ,27025,ALTO BAUDO,27025937,VILLA CECILIA,2025,12,540.0,212.0,33804.0,sábado,2025-12-06 09:30:00,1.067
27,CHOCÓ,27025,ALTO BAUDO,27025937,VILLA CECILIA,2026,1,497.0,170.0,34664.0,jueves,2026-01-08 12:30:00,1.044
27,CHOCÓ,27075,BAHÍA SOLANO,27075001,CUPICA,2025,12,64.834,20.724,1491496.0,jueves,2025-12-31 19:30:00,2.173
27,CHOCÓ,27075,BAHÍA SOLANO,27075001,CUPICA,2026,1,75.297,19.333,1479856.0,viernes,2026-01-29 20:15:00,2.39
27,CHOCÓ,27077,BAJO BAUDÓ,27077002,BELEN DE DOCAMPADO,2025,12,9.639,2.877,419068.0,lunes,2025-12-22 18:15:00,1.049
27,CHOCÓ,27077,BAJO BAUDÓ,27077002,BELEN DE DOCAMPADO,2026,1,8.259,1.781,377732.0,viernes,2026-01-02 12:45:00,959.0
27,CHOCÓ,27077,BAJO BAUDÓ,27077905,BUENAVISTA,2025,12,3.205,1.244,20512.0,miércoles,2025-12-31 18:00:00,692.0
27,CHOCÓ,27077,BAJO BAUDÓ,27077905,BUENAVISTA,2026,1,3.957,1.47,21344.0,miércoles,2026-01-28 18:00:00,825.0
27,CHOCÓ,27077,BAJO BAUDÓ,27077029,FIRME DE USARGA,2025,12,797.0,437.0,852.0,lunes,2025-12-15 18:45:00,486.0
27,CHOCÓ,27077,BAJO BAUDÓ,27077029,FIRME DE USARGA,2026,1,1.158,452.0,70288.0,domingo,2026-01-24 19:30:00,753.0
27,CHOCÓ,27077,BAJO BAUDÓ,27077026,GUINEAL,2025,12,3.989,3.217,35116.0,miércoles,2025-12-03 11:45:00,823.0
27,CHOCÓ,27077,BAJO BAUDÓ,27077026,GUINEAL,2026,1,3.524,1.669,23552.0,lunes,2026-01-19 18:30:00,706.0
27,CHOCÓ,27077,BAJO BAUDÓ,27077011,PILIZA - BELLAVISTA - VILLA LUZ,2025,12,3.734,925.0,32.0,viernes,2025-12-26 18:45:00,658.0
27,CHOCÓ,27077,BAJO BAUDÓ,27077011,PILIZA - BELLAVISTA - VILLA LUZ,2026,1,3.628,1.033,384.0,jueves,2026-01-08 18:45:00,531.0
27,CHOCÓ,27077,BAJO BAUDÓ,27077000,PIZARRO,2025,12,242.586,83.096,451968.0,jueves,2025-12-31 19:15:00,2.343
27,CHOCÓ,27077,BAJO BAUDÓ,27077000,PIZARRO,2026,1,214.175,72.095,49896.0,miércoles,2026-01-07 13:30:00,1.937
27,CHOCÓ,27077,BAJO BAUDÓ,27077911,PLAYA NUEVA,2025,12,282.0,0.0,2342.0,lunes,2025-12-29 13:45:00,30.0
27,CHOCÓ,27077,BAJO BAUDÓ,27077911,PLAYA NUEVA,2026,1,401.0,0.0,3164.0,lunes,2026-01-19 13:45:00,339.0
27,CHOCÓ,27077,BAJO BAUDÓ,27077924,PUERTO SAMARIA,2025,12,0.0,0.0,59.975,No registra,2025-08-12 17:45:00,0.0
27,CHOCÓ,27077,BAJO BAUDÓ,27077924,PUERTO SAMARIA,2026,1,0.0,0.0,59.975,No registra,2025-08-11 18:30:00,0.0
27,CHOCÓ,27077,BAJO BAUDÓ,27077916,TERRON,2025,12,1.0,0.0,2716.0,miércoles,2025-12-24 11:00:00,0.0
27,CHOCÓ,27077,BAJO BAUDÓ,27077916,TERRON,2026,1,9.0,0.0,41368.0,domingo,2026-01-03 21:15:00,3.0
27,CHOCÓ,27077,BAJO BAUDÓ,27077019,VIRUDO,2025,12,7.252,3.035,350712.0,martes,2025-12-30 18:45:00,965.0
27,CHOCÓ,27077,BAJO BAUDÓ,27077019,VIRUDO,2026,1,5.941,2.357,381816.0,lunes,2026-01-04 20:00:00,714.0
27,CHOCÓ,27099,BOJAYÁ,27099000,BELLAVISTA,2025,12,66.003,21.92,31303.0,sábado,2025-12-19 19:00:00,989.0
27,CHOCÓ,27099,BOJAYÁ,27099000,BELLAVISTA,2026,1,87.096,32.192,318142.0,jueves,2026-01-28 20:30:00,1.181
27,CHOCÓ,27099,BOJAYÁ,27099002,LA LOMA DE BOJAYA,2025,12,14.129,6.943,64504.0,lunes,2025-12-01 18:45:00,941.0
27,CHOCÓ,27099,BOJAYÁ,27099002,LA LOMA DE BOJAYA,2026,1,10.409,4.68,70904.0,viernes,2026-01-08 19:00:00,696.0
27,CHOCÓ,27099,BOJAYÁ,27099005,NAPIPI,2025,12,13.208,5.439,576.0,martes,2025-12-30 16:00:00,950.0
27,CHOCÓ,27099,BOJAYÁ,27099005,NAPIPI,2026,1,13.857,6.062,544.0,jueves,2026-01-01 02:15:00,960.0
27,CHOCÓ,27099,BOJAYÁ,27099030,PIEDRA CANDELA,2025,12,7.615,3.857,556244.0,martes,2025-12-29 20:45:00,881.0
27,CHOCÓ,27099,BOJAYÁ,27099030,PIEDRA CANDELA,2026,1,6.598,3.195,3746.0,sábado,2026-01-30 19:15:00,736.0
27,CHOCÓ,27099,BOJAYÁ,27099012,POGUE,2025,12,4.738,2.396,216808.0,jueves,2025-12-31 19:30:00,941.0
27,CHOCÓ,27099,BOJAYÁ,27099012,POGUE,2026,1,4.753,2.288,230432.0,jueves,2026-01-29 13:45:00,927.0
27,CHOCÓ,27250,EL LITORAL DEL SAN JUAN,27250023,PAPAYO,2025,12,3.822,804.0,193404.0,miércoles,2025-12-31 18:45:00,827.0
27,CHOCÓ,27250,EL LITORAL DEL SAN JUAN,27250023,PAPAYO,2026,1,2.981,653.0,255388.0,martes,2026-01-27 18:45:00,512.0
27,CHOCÓ,27250,EL LITORAL DEL SAN JUAN,27250000,SANTA GENOVEVA DE DOCORDO,2025,12,78.925,35.873,246972.0,jueves,2025-12-17 19:30:00,1.331
27,CHOCÓ,27250,EL LITORAL DEL SAN JUAN,27250000,SANTA GENOVEVA DE DOCORDO,2026,1,62.056,27.117,297792.0,miércoles,2026-01-21 18:45:00,971.0
27,CHOCÓ,27361,ISTMINA,27361021,PANAMACITO,2025,12,1.637,629.0,98824.0,viernes,2025-12-05 17:15:00,783.0
27,CHOCÓ,27361,ISTMINA,27361021,PANAMACITO,2026,1,1.665,607.0,104988.0,miércoles,2026-01-28 16:00:00,778.0
27,CHOCÓ,27372,JURADO,27372902,BUENAVISTA,2025,12,2.175,515.0,138048.0,lunes,2025-12-01 12:15:00,1.381
27,CHOCÓ,27372,JURADO,27372902,BUENAVISTA,2026,1,2.234,568.0,132384.0,lunes,2026-01-05 11:30:00,1.481
27,CHOCÓ,27372,JURADO,27372905,DICHARDI,2025,12,1.426,814.0,67196.0,viernes,2025-12-26 11:15:00,1.202
27,CHOCÓ,27372,JURADO,27372905,DICHARDI,2026,1,1.079,543.0,63624.0,domingo,2026-01-04 11:30:00,985.0
27,CHOCÓ,27372,JURADO,27372907,EYASAKE,2025,12,4.039,1.616,20188.0,miércoles,2025-12-31 11:15:00,874.0
27,CHOCÓ,27372,JURADO,27372907,EYASAKE,2026,1,2.031,448.0,14632.0,sábado,2026-01-16 19:15:00,703.0
27,CHOCÓ,27425,MEDIO ATRATO,27425008,SAN ROQUE,2026,1,2.937,1.392,25392.0,sábado,2026-01-02 19:30:00,576.0
27,CHOCÓ,27491,NOVITA,27491004,JUNTAS DE TAMANA,2025,12,1.472,626.0,153884.0,jueves,2025-12-31 19:45:00,449.0
27,CHOCÓ,27491,NOVITA,27491004,JUNTAS DE TAMANA,2026,1,1.928,675.0,195284.0,jueves,2026-01-07 19:15:00,485.0
27,CHOCÓ,27495,NUQUÍ,27495001,ARUSI,2025,12,31.994,6.505,792.0,jueves,2025-12-31 20:15:00,2.4
27,CHOCÓ,27495,NUQUÍ,27495001,ARUSI,2026,1,32.288,6.622,768.0,domingo,2026-01-17 19:30:00,2.383
27,CHOCÓ,27495,NUQUÍ,27495011,COMUNIDAD DE PUERTO JAGUA,2025,12,1.317,519.0,6264.0,miércoles,2025-12-30 20:45:00,910.0
27,CHOCÓ,27495,NUQUÍ,27495011,COMUNIDAD DE PUERTO JAGUA,2026,1,1.611,647.0,5976.0,miércoles,2026-01-13 19:00:00,1.148
27,CHOCÓ,27495,NUQUÍ,27495910,COMUNIDAD INDIG. DE RIO NUQUÍ,2025,12,1.001,290.0,53596.0,viernes,2025-12-25 19:45:00,945.0
27,CHOCÓ,27495,NUQUÍ,27495910,COMUNIDAD INDIG. DE RIO NUQUÍ,2026,1,832.0,197.0,50696.0,viernes,2026-01-01 19:30:00,837.0
27,CHOCÓ,27495,NUQUÍ,27495012,COMUNIDAD INDIG. PUERTO INDIO,2025,12,2.95,1.586,78632.0,lunes,2025-12-01 13:15:00,1.591
27,CHOCÓ,27495,NUQUÍ,27495012,COMUNIDAD INDIG. PUERTO INDIO,2026,1,2.729,1.426,798.0,martes,2026-01-13 18:45:00,1.611
27,CHOCÓ,27495,NUQUÍ,27495912,COMUNIDAD INDÍGENA DE PANGUI - EL YUCAL,2025,12,6.904,2.124,12144.0,miércoles,2025-12-10 17:30:00,2.093
27,CHOCÓ,27495,NUQUÍ,27495912,COMUNIDAD INDÍGENA DE PANGUI - EL YUCAL,2026,1,7.377,2.257,11656.0,viernes,2026-01-23 13:30:00,2.232
27,CHOCÓ,27495,NUQUÍ,27495902,COMUNIDAD INDÍGENA LA LOMA,2025,12,840.0,296.0,33856.0,sábado,2025-12-06 18:30:00,1.307
27,CHOCÓ,27495,NUQUÍ,27495902,COMUNIDAD INDÍGENA LA LOMA,2026,1,882.0,281.0,32632.0,viernes,2026-01-29 19:15:00,921.0
27,CHOCÓ,27495,NUQUÍ,27495002,COQUI,2025,12,6.347,1.422,17358.0,miércoles,2025-12-30 19:00:00,2.38
27,CHOCÓ,27495,NUQUÍ,27495002,COQUI,2026,1,6.218,1.458,15048.0,viernes,2026-01-02 18:45:00,2.28
27,CHOCÓ,27495,NUQUÍ,27495008,JOVI,2025,12,10.825,3.929,250404.0,domingo,2025-12-28 18:30:00,2.205
27,CHOCÓ,27495,NUQUÍ,27495008,JOVI,2026,1,10.446,3.623,265976.0,miércoles,2026-01-14 18:45:00,1.938
27,CHOCÓ,27495,NUQUÍ,27495003,JURUBIRA,2025,12,18.612,6.802,56572.0,jueves,2025-12-31 19:45:00,1.879
27,CHOCÓ,27495,NUQUÍ,27495003,JURUBIRA,2026,1,24.583,8.636,523808.0,viernes,2026-01-15 19:00:00,2.371
27,CHOCÓ,27495,NUQUÍ,27495000,NUQUÍ,2025,12,314.75,93.952,589248.0,miércoles,2025-12-30 20:00:00,2.392
27,CHOCÓ,27495,NUQUÍ,27495000,NUQUÍ,2026,1,317.111,91.238,55264.0,sábado,2026-01-09 19:30:00,2.39
27,CHOCÓ,27001,QUIBDÓ,27001029,TAGACHI,2025,12,9.857,4.861,44256.0,miércoles,2025-12-30 20:00:00,1.076
27,CHOCÓ,27001,QUIBDÓ,27001029,TAGACHI,2026,1,11.485,5.248,4692.0,viernes,2026-01-29 20:00:00,1.114
27,CHOCÓ,27800,UNGUÍA,27800001,BALBOA,2025,12,33.173,10.719,963576.0,jueves,2025-12-31 19:45:00,1.627
27,CHOCÓ,27800,UNGUÍA,27800001,BALBOA,2026,1,30.879,9.534,843856.0,domingo,2026-01-03 20:15:00,1.605
27,CHOCÓ,27800,UNGUÍA,27800005,TITUMATE,2025,12,19.426,4.3,66528.0,jueves,2025-12-24 20:45:00,1.315
27,CHOCÓ,27800,UNGUÍA,27800005,TITUMATE,2026,1,17.332,3.9,65912.0,domingo,2026-01-03 20:00:00,1.11
27,CHOCÓ,27800,UNGUÍA,27800000,UNGUÍA,2025,12,481.57,142.77,1055472.0,sábado,2025-12-13 18:45:00,2.206
27,CHOCÓ,27800,UNGUÍA,27800000,UNGUÍA,2026,1,460.398,136.429,908688.0,viernes,2026-01-08 19:45:00,2.247
94,GUAINÍA,94343,BARRANCO MINAS,94343000,BARRANCO MINAS,2026,1,109.817,24.279,244672.0,miércoles,2026-01-27 19:00:00,2.379
94,GUAINÍA,94343,BARRANCO MINAS,94343900,CARPINTERO,2025,12,2.911,1.685,79468.0,martes,2025-12-30 18:45:00,2.364
94,GUAINÍA,94343,BARRANCO MINAS,94343900,CARPINTERO,2026,1,2.74,1.478,81832.0,miércoles,2026-01-21 18:30:00,2.281
94,GUAINÍA,94343,BARRANCO MINAS,94343901,CHATARE,2025,12,312.0,18.0,46456.0,miércoles,2025-12-30 19:30:00,290.0
94,GUAINÍA,94343,BARRANCO MINAS,94343901,CHATARE,2026,1,414.0,15.0,46644.0,viernes,2026-01-01 19:45:00,384.0
94,GUAINÍA,94001,INÍRIDA,94001905,CHORRO BOCON,2025,12,6.477,782.0,210692.0,miércoles,2025-12-24 18:15:00,1.738
94,GUAINÍA,94001,INÍRIDA,94001905,CHORRO BOCON,2026,1,6.23,738.0,210636.0,lunes,2026-01-04 19:00:00,1.601
94,GUAINÍA,94001,INÍRIDA,94001000,INÍRIDA,2025,12,,644.466,49033599.0,martes,2025-12-23 14:45:00,2.4
94,GUAINÍA,94001,INÍRIDA,94001000,INÍRIDA,2026,1,,587.323,47458398.0,martes,2026-01-27 15:30:00,2.382
94,GUAINÍA,94001,INÍRIDA,94001966,LAGUNA COLORADA ALTA,2025,12,9.716,311.0,31502.0,martes,2025-12-23 18:30:00,1.645
94,GUAINÍA,94001,INÍRIDA,94001966,LAGUNA COLORADA ALTA,2026,1,8.924,168.0,301236.0,viernes,2026-01-02 18:30:00,1.535
94,GUAINÍA,94001,INÍRIDA,94001916,VENADO,2025,12,4.039,774.0,100608.0,jueves,2025-12-24 20:45:00,2.377
94,GUAINÍA,94001,INÍRIDA,94001916,VENADO,2026,1,3.408,693.0,102364.0,sábado,2026-01-24 18:45:00,2.352
95,GUAVIARE,95200,MIRAFLORES,95200000,MIRAFLORES,2025,12,134.362,18.974,256128.0,miércoles,2025-12-03 18:15:00,2.4
95,GUAVIARE,95200,MIRAFLORES,95200000,MIRAFLORES,2026,1,125.05,15.804,251712.0,miércoles,2026-01-21 18:30:00,2.4
95,GUAVIARE,95001,SAN JOSÉ DEL GUAVIARE,95001012,CACHICAMO,2025,12,14.074,6.085,566836.0,miércoles,2025-12-23 21:15:00,1.186
95,GUAVIARE,95001,SAN JOSÉ DEL GUAVIARE,95001012,CACHICAMO,2026,1,12.643,5.642,506772.0,sábado,2026-01-02 19:15:00,1.119
44,LA GUAJIRA,44847,URIBIA,44847003,CABO DE LA VELA,2025,12,0.0,0.0,59.975,No registra,2025-10-06 14:30:00,0.0
44,LA GUAJIRA,44847,URIBIA,44847003,CABO DE LA VELA,2026,1,1.006,0.0,399864.0,domingo,2026-01-31 19:00:00,105.0
47,MAGDALENA,47189,CIÉNAGA,47189018,PALMOR,2025,12,110.803,41.138,207616.0,martes,2025-12-09 18:15:00,2.337
47,MAGDALENA,47189,CIÉNAGA,47189018,PALMOR,2026,1,101.561,32.741,21248.0,domingo,2026-01-17 19:00:00,2.295
50,META,50325,MAPIRIPAN,50325000,MAPIRIPAN,2025,12,231.265,71.228,43032.0,sábado,2025-12-13 18:15:00,2.397
50,META,50325,MAPIRIPAN,50325000,MAPIRIPAN,2026,1,216.611,66.806,41536.0,miércoles,2026-01-27 19:15:00,2.393
52,NARIÑO,52250,EL CHARCO,52250005,LAS MERCEDES,2025,12,565.0,1.634,10432.0,jueves,2025-12-31 20:15:00,236.0
52,NARIÑO,52250,EL CHARCO,52250005,LAS MERCEDES,2026,1,1.276,4.046,11136.0,jueves,2026-01-14 20:15:00,482.0
52,NARIÑO,52250,EL CHARCO,52250007,SAN JOSE DEL TAPAJE,2025,12,3.518,740.0,56.0,domingo,2025-12-27 20:30:00,327.0
52,NARIÑO,52250,EL CHARCO,52250007,SAN JOSE DEL TAPAJE,2026,1,7.456,1.712,56.0,sábado,2026-01-02 19:30:00,669.0
52,NARIÑO,52390,LA TOLA,52390005,AGUACATAL,2025,12,3.209,1.17,14016.0,miércoles,2025-12-24 18:45:00,969.0
52,NARIÑO,52390,LA TOLA,52390005,AGUACATAL,2026,1,2.798,991.0,14288.0,martes,2026-01-05 19:00:00,870.0
52,NARIÑO,52390,LA TOLA,52390013,AMARALES,2025,12,3.458,1.463,44416.0,viernes,2025-12-18 19:30:00,362.0
52,NARIÑO,52390,LA TOLA,52390013,AMARALES,2026,1,9.447,3.902,45344.0,miércoles,2026-01-13 20:00:00,951.0
52,NARIÑO,52390,LA TOLA,52390003,LA VIGIA DE LA MAR,2025,12,6.699,3.142,304.0,miércoles,2025-12-31 18:45:00,1.023
52,NARIÑO,52390,LA TOLA,52390003,LA VIGIA DE LA MAR,2026,1,6.551,2.887,2904.0,domingo,2026-01-10 19:00:00,1.03
52,NARIÑO,52390,LA TOLA,52390009,MULATOS,2025,12,5.488,2.234,29088.0,lunes,2025-12-08 18:45:00,818.0
52,NARIÑO,52390,LA TOLA,52390009,MULATOS,2026,1,5.566,2.132,30368.0,viernes,2026-01-30 18:15:00,827.0
52,NARIÑO,52621,ROBERTO PAYAN,52621912,TAMAJE,2025,12,5.24,2.334,29688.0,lunes,2025-12-29 17:30:00,752.0
52,NARIÑO,52621,ROBERTO PAYAN,52621912,TAMAJE,2026,1,6.095,2.471,29904.0,jueves,2026-01-29 16:15:00,820.0
52,NARIÑO,52835,SAN ANDRÉS DE TUMACO,52835055,BOCAS DE CURAY,2025,12,8.411,2.801,528.0,jueves,2025-12-24 19:00:00,685.0
52,NARIÑO,52835,SAN ANDRÉS DE TUMACO,52835055,BOCAS DE CURAY,2026,1,8.831,2.971,528.0,jueves,2026-01-07 19:00:00,706.0
52,NARIÑO,52835,SAN ANDRÉS DE TUMACO,52835016,PITAL DE LA COSTA,2025,12,42.585,22.996,8863.0,jueves,2025-12-31 19:30:00,2.331
52,NARIÑO,52835,SAN ANDRÉS DE TUMACO,52835016,PITAL DE LA COSTA,2026,1,40.915,21.212,9324.0,jueves,2026-01-28 19:30:00,1.963
52,NARIÑO,52835,SAN ANDRÉS DE TUMACO,52835217,SAN JUAN DE LA COSTA,2025,12,18.049,6.125,91664.0,miércoles,2025-12-09 19:45:00,874.0
52,NARIÑO,52835,SAN ANDRÉS DE TUMACO,52835217,SAN JUAN DE LA COSTA,2026,1,8.017,2.723,86944.0,lunes,2026-01-05 18:30:00,394.0
52,NARIÑO,52696,SANTA BÁRBARA,52696014,LA ENSENADA,2025,12,2.926,2.122,22432.0,miércoles,2025-12-16 19:00:00,562.0
52,NARIÑO,52696,SANTA BÁRBARA,52696014,LA ENSENADA,2026,1,2.791,1.79,24448.0,martes,2026-01-26 19:00:00,498.0
86,PUTUMAYO,86573,PUERTO LEGUIZAMO,86573009,PIÑUÑA NEGRO,2025,12,4.529,2.093,352.0,martes,2025-12-22 19:30:00,593.0
86,PUTUMAYO,86573,PUERTO LEGUIZAMO,86573009,PIÑUÑA NEGRO,2026,1,4.324,1.979,352.0,lunes,2026-01-05 18:45:00,548.0
86,PUTUMAYO,86573,PUERTO LEGUIZAMO,86573000,PUERTO LEGUIZAMO,2025,12,,253.334,1990296.0,lunes,2025-12-01 15:15:00,2.4
86,PUTUMAYO,86573,PUERTO LEGUIZAMO,86573000,PUERTO LEGUIZAMO,2026,1,938.468,253.994,20913201.0,viernes,2026-01-23 15:45:00,2.4
76,VALLE DEL CAUCA,76109,BUENAVENTURA,76109018,CONCEPCION,2025,12,9.22,2.475,648.0,jueves,2025-12-10 19:00:00,688.0
76,VALLE DEL CAUCA,76109,BUENAVENTURA,76109018,CONCEPCION,2026,1,3.915,988.0,589216.0,domingo,2026-01-31 19:00:00,301.0
76,VALLE DEL CAUCA,76109,BUENAVENTURA,76109930,GALVEZ,2025,12,3.351,601.0,124148.0,lunes,2025-12-29 10:45:00,1.151
76,VALLE DEL CAUCA,76109,BUENAVENTURA,76109930,GALVEZ,2026,1,2.043,299.0,12154.0,sábado,2026-01-30 19:30:00,685.0
76,VALLE DEL CAUCA,76109,BUENAVENTURA,76109957,HUMANES MAR,2025,12,8.309,1.855,274836.0,domingo,2025-12-21 09:15:00,1.19
76,VALLE DEL CAUCA,76109,BUENAVENTURA,76109957,HUMANES MAR,2026,1,7.298,1.582,302588.0,martes,2026-01-12 19:00:00,1.026
76,VALLE DEL CAUCA,76109,BUENAVENTURA,76109913,MAYORQUIN,2025,12,4.123,1.353,287528.0,lunes,2025-12-01 13:15:00,979.0
76,VALLE DEL CAUCA,76109,BUENAVENTURA,76109913,MAYORQUIN,2026,1,3.296,969.0,276704.0,miércoles,2026-01-20 19:30:00,780.0
76,VALLE DEL CAUCA,76109,BUENAVENTURA,76109069,PAPAYAL 1,2025,12,4.789,1.039,184952.0,jueves,2025-12-10 19:15:00,1.123
76,VALLE DEL CAUCA,76109,BUENAVENTURA,76109069,PAPAYAL 1,2026,1,3.177,605.0,182548.0,lunes,2026-01-11 19:00:00,777.0
76,VALLE DEL CAUCA,76109,BUENAVENTURA,76109011,PASTICO,2025,12,3.719,1.454,166472.0,sábado,2025-12-05 19:15:00,944.0
76,VALLE DEL CAUCA,76109,BUENAVENTURA,76109011,PASTICO,2026,1,2.916,1.116,164436.0,martes,2026-01-27 12:15:00,703.0
76,VALLE DEL CAUCA,76109,BUENAVENTURA,76109105,PITAL,2025,12,3.008,821.0,145088.0,domingo,2025-12-14 18:00:00,837.0
76,VALLE DEL CAUCA,76109,BUENAVENTURA,76109105,PITAL,2026,1,1.547,432.0,141688.0,jueves,2026-01-08 18:45:00,426.0
76,VALLE DEL CAUCA,76109,BUENAVENTURA,76109028,PUERTO MERIZALDE,2025,12,110.435,42.87,22616.0,viernes,2025-12-26 13:30:00,2.252
76,VALLE DEL CAUCA,76109,BUENAVENTURA,76109028,PUERTO MERIZALDE,2026,1,113.438,38.965,228272.0,sábado,2026-01-23 20:15:00,2.328
76,VALLE DEL CAUCA,76109,BUENAVENTURA,76109081,PUNTA BONITA,2025,12,5.182,1.867,209708.0,viernes,2025-12-19 14:15:00,972.0
76,VALLE DEL CAUCA,76109,BUENAVENTURA,76109030,PUNTA SOLDADO,2025,12,3.548,1.475,284408.0,miércoles,2025-12-30 21:00:00,607.0
76,VALLE DEL CAUCA,76109,BUENAVENTURA,76109030,PUNTA SOLDADO,2026,1,2.661,894.0,29542.0,domingo,2026-01-24 20:00:00,393.0
76,VALLE DEL CAUCA,76109,BUENAVENTURA,76109032,SAN FRANCISCO NAYA,2025,12,7.273,2.424,36512.0,jueves,2025-12-31 21:45:00,859.0
76,VALLE DEL CAUCA,76109,BUENAVENTURA,76109032,SAN FRANCISCO NAYA,2026,1,5.932,2.034,36.0,miércoles,2026-01-20 19:45:00,631.0
76,VALLE DEL CAUCA,76109,BUENAVENTURA,76109034,SAN ISIDRO - CALIMA,2025,12,7.21,1.537,306696.0,miércoles,2025-12-31 18:30:00,935.0
76,VALLE DEL CAUCA,76109,BUENAVENTURA,76109034,SAN ISIDRO - CALIMA,2026,1,7.046,1.634,45546.0,jueves,2026-01-22 10:45:00,893.0
76,VALLE DEL CAUCA,76109,BUENAVENTURA,76109907,SAN PABLO( CAJAMBRE),2025,12,2.668,0.0,200668.0,miércoles,2025-12-03 17:45:00,656.0
76,VALLE DEL CAUCA,76109,BUENAVENTURA,76109907,SAN PABLO( CAJAMBRE),2026,1,1.003,0.0,195652.0,jueves,2026-01-29 16:00:00,292.0
76,VALLE DEL CAUCA,76109,BUENAVENTURA,76109817,SANTA MARIA 1 NAYA,2025,12,1.72,354.0,122328.0,sábado,2025-12-26 19:30:00,544.0
76,VALLE DEL CAUCA,76109,BUENAVENTURA,76109817,SANTA MARIA 1 NAYA,2026,1,1.643,282.0,232704.0,viernes,2026-01-08 19:45:00,505.0
76,VALLE DEL CAUCA,76109,BUENAVENTURA,76109038,SILVA,2025,12,5.49,1.416,204776.0,lunes,2025-12-28 19:30:00,1.067
76,VALLE DEL CAUCA,76109,BUENAVENTURA,76109038,SILVA,2026,1,4.561,1.069,211672.0,sábado,2026-01-10 18:30:00,881.0
76,VALLE DEL CAUCA,76109,BUENAVENTURA,76109040,VENERAL,2025,12,9.207,886.0,358992.0,domingo,2025-12-13 19:45:00,1.024
76,VALLE DEL CAUCA,76109,BUENAVENTURA,76109040,VENERAL,2026,1,4.599,485.0,361876.0,jueves,2026-01-07 19:30:00,527.0
97,VAUPÉS,97161,CARURÚ,97161000,CARURÚ,2025,12,42.001,8.083,10956.0,martes,2025-12-23 18:45:00,1.713
97,VAUPÉS,97161,CARURÚ,97161000,CARURÚ,2026,1,37.933,6.314,99616.0,miércoles,2026-01-21 16:30:00,1.694
97,VAUPÉS,97001,MITÚ,97001000,MITÚ,2025,12,,350.404,34555601.0,miércoles,2025-12-03 12:30:00,2.4
97,VAUPÉS,97001,MITÚ,97001000,MITÚ,2026,1,,303.046,3261448.0,lunes,2026-01-26 11:30:00,2.323
97,VAUPÉS,97666,TARAIRA,97666000,TARAIRA,2025,12,41.722,11.023,153472.0,viernes,2025-12-05 11:45:00,1.156
97,VAUPÉS,97666,TARAIRA,97666000,TARAIRA,2026,1,47.588,12.029,14784.0,lunes,2026-01-05 12:00:00,1.41
99,VICHADA,99773,CUMARIBO,99773000,CUMARIBO,2025,12,425.095,140.699,82754.0,miércoles,2025-12-03 17:45:00,2.383
99,VICHADA,99773,CUMARIBO,99773000,CUMARIBO,2026,1,399.154,134.223,771076.0,miércoles,2026-01-28 15:30:00,2.4
99,VICHADA,99001,PUERTO CARREÑO,99001002,CASUARITO,2025,12,17.392,8.779,768.0,viernes,2025-12-25 20:30:00,960.0
99,VICHADA,99001,PUERTO CARREÑO,99001002,CASUARITO,2026,1,14.401,6.824,8342.0,sábado,2026-01-16 20:45:00,755.0
99,VICHADA,99001,PUERTO CARREÑO,99001000,PUERTO CARREÑO,2025,12,,748.801,54788799.0,martes,2025-12-02 13:45:00,2.4
99,VICHADA,99001,PUERTO CARREÑO,99001000,PUERTO CARREÑO,2026,1,,753.682,50899199.0,martes,2026-01-06 15:15:00,2.4
